id,farm_id,name,category,unit_type,default_price,chef_notes,internal_notes,source,is_archived,sort_order,created_at,updated_at,image_url,season_status,season_note,days_to_maturity,sow_depth,plant_spacing,row_spacing,sun_requirement,soil_temp_min,growing_zone,sow_method,indoor_start_weeks,growing_notes,size,variety,color,unit_prices,is_event_item
2d7c5b8a-f3f9-462d-a7b0-06f5ac2dc976,5f7e9d0f-e91b-4a78-92f9-37505fa5aa3d,Allium Flower,flowers,"lg,sm,qt",15.0,,,,False,0,2026-04-07T10:22:16.976945+00:00,2026-05-01T04:55:40.167267+00:00,/items/farm-chives-common-lss-dsc-3298.jpg,available,,,,,,,,,,,,,,"White, purple","{'lg': 15, 'qt': 15, 'sm': 8}",True
3a05fc41-5bd0-49c1-8c7c-21a4a1c6fcf4,5f7e9d0f-e91b-4a78-92f9-37505fa5aa3d,Alyssum,flowers,"sm,lg",12.0,,,,False,0,2026-04-09T14:53:47.998208+00:00,2026-05-01T04:55:40.167267+00:00,/items/farm-01932-01-sweetalyssum.jpg,available,,60,surface,6-8 in,,full_sun,55,9b,both,6,Press lightly onto soil surface. Needs light to germinate.,,,"White, Purple","{'lg': 20, 'sm': 6}",True
b90584d8-fc78-420b-91e1-490117cd30cd,5f7e9d0f-e91b-4a78-92f9-37505fa5aa3d,Alyssum,herbs_leaves,sm,6.0,,,,False,10,2026-04-07T06:42:52.529292+00:00,2026-05-01T04:55:40.167267+00:00,/items/alyssum-flower.jpg,available,,60,surface,6-8 in,,full_sun,55,9b,both,6,Press lightly onto soil surface. Needs light to germinate.,,,,{},True
80715009-1569-4eb1-bc15-3f1b74e45280,5f7e9d0f-e91b-4a78-92f9-37505fa5aa3d,Amaranth,flowers,"lg,sm,qt",15.0,,,Bakers Creek,False,0,2026-04-07T10:22:17.66993+00:00,2026-05-01T04:55:40.167267+00:00,/items/farm-amaranth2-opopeo-lss-dsc-4989-1-.jpg,available,,,,,,,,,,,,large,,"Red, orange, yellow, green","{'lg': 15, 'qt': 15, 'sm': 7.5}",True
aa1f52af-a81a-43fc-84f2-8739dc579d52,5f7e9d0f-e91b-4a78-92f9-37505fa5aa3d,"Amaranth, Micro",micros_leaves,sm,15.0,,,,False,0,2026-04-07T10:22:17.887329+00:00,2026-05-01T04:55:40.167267+00:00,/items/amaranth-micro.jpg,available,,,,,,,,,,,,Micro,,,{},True
70434006-1d15-4b04-aa28-3d45dde2a641,5f7e9d0f-e91b-4a78-92f9-37505fa5aa3d,Angelica,herbs_leaves,lbs,15.0,,,,False,0,2026-04-09T14:53:54.106515+00:00,2026-05-01T04:55:40.167267+00:00,/items/farm-00901-01-angelica.jpg,available,,,,,,,,,,,,,,,{},True
62ef1b1f-0f0c-4ea8-ae97-8262c836aca4,5f7e9d0f-e91b-4a78-92f9-37505fa5aa3d,Anise Hyssop,flowers,"lg,sm,qt",15.0,,,,False,0,2026-04-07T10:22:18.34261+00:00,2026-05-01T04:55:40.167267+00:00,/items/aniseflower.jpg,available,,,,,,,,,,,,,,White,"{'lg': 15, 'qt': 15, 'sm': 8}",True
0abbd494-b25b-4f13-a55e-dcf6db986965,5f7e9d0f-e91b-4a78-92f9-37505fa5aa3d,Anise Hyssop,herbs_leaves,lg,15.0,,,,False,0,2026-04-07T10:22:18.142051+00:00,2026-05-01T04:55:40.167267+00:00,/items/anisehyssop.jpg,available,,,,,,,,,,,,,,,{},True
bcd7e7fd-91d0-47a4-a561-3327481cd9ed,5f7e9d0f-e91b-4a78-92f9-37505fa5aa3d,Anise Hyssop Tiny Leaf/Tip (50 ct),herbs_leaves,ea,12.0,,,,False,0,2026-04-09T14:53:57.556376+00:00,2026-05-01T04:55:40.167267+00:00,,available,,,,,,,,,,,,"Tiny, 50 ct",,,{},True
b7208d85-35b3-448f-8cbe-35500f1559dd,5f7e9d0f-e91b-4a78-92f9-37505fa5aa3d,"Apple, Green",herbs_leaves,ea,1.4,,,,False,0,2026-04-07T10:22:18.564418+00:00,2026-05-01T04:55:40.167267+00:00,,available,,,,,,,,,,,,,,Green,{},True
20a2301c-797c-4953-9efd-b28ccf27e775,5f7e9d0f-e91b-4a78-92f9-37505fa5aa3d,"Apple, Red",herbs_leaves,ea,1.4,,,,False,0,2026-04-07T10:22:18.775089+00:00,2026-05-01T04:55:40.167267+00:00,,available,,,,,,,,,,,,,,Red,{},True
40b5c780-6569-4806-8e95-e2c92eaa87c9,5f7e9d0f-e91b-4a78-92f9-37505fa5aa3d,Aptenia,herbs_leaves,lg,15.0,,,,False,0,2026-04-07T10:22:18.993693+00:00,2026-05-01T04:55:40.167267+00:00,/items/aptenia.jpg,available,,,,,,,,,,,,,,,{},True
4f62f2d1-3fe0-4f77-a6e4-747bc5e8c87e,5f7e9d0f-e91b-4a78-92f9-37505fa5aa3d,Arugula,flowers,"qt,lg,sm",15.0,,,,False,0,2026-04-09T14:53:48.227186+00:00,2026-05-01T04:55:40.167267+00:00,/items/wasabiarugulaflower.jpg,available,,40,1/4 in,4-6 in,,sun_part_shade,45,9b,direct_seed,,Cool-season. Fast growing. Succession sow every 2-3 weeks. Bolts in heat.,,,White,"{'lg': 15, 'qt': 15, 'sm': 8}",True
d78ec394-051b-4132-aa11-92a24197f565,5f7e9d0f-e91b-4a78-92f9-37505fa5aa3d,"Arugula, Wasabi",fruit_veg,lg,12.0,,,,False,0,2026-04-07T10:22:19.191228+00:00,2026-05-01T04:55:40.167267+00:00,,available,,40,1/4 in,4-6 in,,sun_part_shade,45,9b,direct_seed,,Cool-season. Fast growing. Succession sow every 2-3 weeks. Bolts in heat.,,Wasabi,,{},True
105a17f7-180a-4bb1-825c-6144eae25b9b,5f7e9d0f-e91b-4a78-92f9-37505fa5aa3d,Asparagus Shoots (50 ct),fruit_veg,ea,15.0,,,,False,0,2026-04-09T14:53:55.402685+00:00,2026-05-01T04:55:40.167267+00:00,,available,,,,,,,,,,,,50 ct,,,{},True
b56af66b-bf5b-40d8-9c9c-da4455afe5e3,5f7e9d0f-e91b-4a78-92f9-37505fa5aa3d,Baby Carrot,fruit_veg,lg,25.0,,,,False,0,2026-04-07T10:22:19.404077+00:00,2026-05-01T04:55:40.167267+00:00,,available,,65,1/4 in,2-3 in,12-18 in,full_sun,50,9b,direct_seed,,Direct sow. Thin to 2-3 inches. Loose soil essential. Keep moist until germination.,Baby,,,{},True
e61bb04a-6523-4f0a-b945-dae17b2ab3c6,5f7e9d0f-e91b-4a78-92f9-37505fa5aa3d,"Baby Carrot, Round",fruit_veg,lg,25.0,,,,False,0,2026-04-07T10:22:19.61433+00:00,2026-05-01T04:55:40.167267+00:00,,available,,65,1/4 in,2-3 in,12-18 in,full_sun,50,9b,direct_seed,,Direct sow. Thin to 2-3 inches. Loose soil essential. Keep moist until germination.,Baby,Round,,{},True
b8717778-400b-49a6-bbc6-bce3d5e29c48,5f7e9d0f-e91b-4a78-92f9-37505fa5aa3d,Baby Hakurei Turnip (50 ct),fruit_veg,ea,25.0,,,,True,0,2026-04-09T14:53:53.683006+00:00,2026-04-12T04:32:55.911007+00:00,,available,,35,1/4 in,4-6 in,,full_sun,50,9b,direct_seed,,Cool-season. Hakurei is fast (35 days). Edible roots and greens.,,,,{},False
1ef573f5-82a5-437f-b478-f09a7c3a3b06,5f7e9d0f-e91b-4a78-92f9-37505fa5aa3d,"Baby Radish, French Breakfast",fruit_veg,lg,25.0,,,,False,0,2026-04-07T10:22:20.036626+00:00,2026-05-01T04:55:40.167267+00:00,/items/fbbaby.jpg,available,,25,1/2 in,2-4 in,,full_sun,45,9b,direct_seed,,"Fastest vegetable. Succession sow. French Breakfast, Red Round varieties.",Baby,French Breakfast,,{},True
fc567f21-d1c4-4360-90b4-2837eaf9e2e8,5f7e9d0f-e91b-4a78-92f9-37505fa5aa3d,"Baby Radish, French Breakfast (50 ct)",fruit_veg,ea,25.0,,,,False,0,2026-04-09T14:53:53.836+00:00,2026-05-01T04:55:40.167267+00:00,,available,,25,1/2 in,2-4 in,,full_sun,45,9b,direct_seed,,"Fastest vegetable. Succession sow. French Breakfast, Red Round varieties.","Baby, 50 ct",French Breakfast (50 ct),,{},True
1fba7f38-e8ac-4d0a-a165-40681248749a,5f7e9d0f-e91b-4a78-92f9-37505fa5aa3d,"Baby Radish, Red Round",micros_leaves,lg,25.0,,,,False,0,2026-04-07T10:22:20.233153+00:00,2026-05-01T04:55:40.167267+00:00,/items/redroundbaby.jpg,available,,25,1/2 in,2-4 in,,full_sun,45,9b,direct_seed,,"Fastest vegetable. Succession sow. French Breakfast, Red Round varieties.",Baby,Round,Red,{},True
a2039f51-91f6-4381-a452-6b9f6c351a31,5f7e9d0f-e91b-4a78-92f9-37505fa5aa3d,"Baby Radish, Red Round (50 ct)",fruit_veg,ea,25.0,,,,False,0,2026-04-09T14:53:53.754777+00:00,2026-05-01T04:55:40.167267+00:00,,available,,25,1/2 in,2-4 in,,full_sun,45,9b,direct_seed,,"Fastest vegetable. Succession sow. French Breakfast, Red Round varieties.","Baby, 50 ct",Round (50 ct),Red,{},True
d4056769-a0cc-4a7e-9ca6-7a0f6d868df5,5f7e9d0f-e91b-4a78-92f9-37505fa5aa3d,Bachelor Button,flowers,"sm,lg",10.0,,,,False,0,2026-04-09T14:53:48.314898+00:00,2026-05-01T04:55:40.167267+00:00,/items/farm-bachelor-button-classic-artistic-lss-dsc-6041.jpg,available,,75,1/4 in,8-12 in,,full_sun,60,9b,direct_seed,,Direct sow in early spring. Deadhead for continued bloom.,Medium,,"Red, White, Blue, Pink, Purple, Black","{'lg': 30, 'sm': 15}",True
f14e1eaa-9677-4120-b8b5-37209f399915,5f7e9d0f-e91b-4a78-92f9-37505fa5aa3d,Bachelor Buttons,herbs_leaves,lg,30.0,,,,False,90,2026-04-07T06:42:52.529292+00:00,2026-05-01T04:55:40.167267+00:00,/items/bachelorbutton.jpg,available,,75,1/4 in,8-12 in,,full_sun,60,9b,direct_seed,,Direct sow in early spring. Deadhead for continued bloom.,,,,{},True
2c6f9099-8630-4310-9a1c-b81f5170e839,5f7e9d0f-e91b-4a78-92f9-37505fa5aa3d,"Basil, Buds, Mix",herbs_leaves,lg,12.0,,,,False,0,2026-04-07T10:22:20.63063+00:00,2026-05-01T04:55:40.167267+00:00,,available,,60,1/4 in,8-12 in,,full_sun,70,9b,both,6,Warm-season herb. Pinch flower buds to promote leaf growth. Min soil temp 70°F.,,,,{},True
772df8d5-6962-487a-99d2-78d6ef150e85,5f7e9d0f-e91b-4a78-92f9-37505fa5aa3d,"Basil, Large, Green",herbs_leaves,lg,24.0,,,,False,0,2026-04-07T10:22:20.830914+00:00,2026-05-01T04:55:40.167267+00:00,/items/basilaromatto.jpg,available,,60,1/4 in,8-12 in,,full_sun,70,9b,both,6,Warm-season herb. Pinch flower buds to promote leaf growth. Min soil temp 70°F.,Large,,Green,{},True
a02772eb-54d3-4b3f-97a6-223043efe589,5f7e9d0f-e91b-4a78-92f9-37505fa5aa3d,"Basil, Large, Purple",herbs_leaves,lg,24.0,,,,False,0,2026-04-07T10:22:21.029071+00:00,2026-05-01T04:55:40.167267+00:00,/items/basilpurplegreek.jpg,available,,60,1/4 in,8-12 in,,full_sun,70,9b,both,6,Warm-season herb. Pinch flower buds to promote leaf growth. Min soil temp 70°F.,Large,,Purple,{},True
1cd8cacb-9218-4990-9bbf-a2e7ce216f54,5f7e9d0f-e91b-4a78-92f9-37505fa5aa3d,"Basil, Micro, Green",micros_leaves,sm,12.0,,,,False,0,2026-04-07T10:22:21.227314+00:00,2026-05-01T04:55:40.167267+00:00,,available,,60,1/4 in,8-12 in,,full_sun,70,9b,both,6,Warm-season herb. Pinch flower buds to promote leaf growth. Min soil temp 70°F.,Micro,,Green,{},True
942cbf39-99e6-40cd-8034-2eacf88611f2,5f7e9d0f-e91b-4a78-92f9-37505fa5aa3d,"Basil, Micro, Purple",micros_leaves,sm,12.0,,,,False,0,2026-04-07T10:22:21.430302+00:00,2026-05-01T04:55:40.167267+00:00,,available,,60,1/4 in,8-12 in,,full_sun,70,9b,both,6,Warm-season herb. Pinch flower buds to promote leaf growth. Min soil temp 70°F.,Micro,,Purple,{},True
5d2be0b1-c8e4-4de7-becc-b24c8655215d,5f7e9d0f-e91b-4a78-92f9-37505fa5aa3d,Bay Leaf,herbs_leaves,lg,20.0,,,,False,0,2026-04-07T10:22:21.626118+00:00,2026-05-01T04:55:40.167267+00:00,/items/bayleaf.jpg,available,,,,,,,,,,,,,,,{},True
0ae60db8-9ea0-479d-aa4a-55755241cad5,5f7e9d0f-e91b-4a78-92f9-37505fa5aa3d,Bay Leaf California,herbs_leaves,lg,15.0,,,,False,150,2026-04-07T06:42:52.529292+00:00,2026-05-01T04:55:40.167267+00:00,,available,,,,,,,,,,,,,,,{},True
be637780-281f-4436-8c97-6efb129cfd2b,5f7e9d0f-e91b-4a78-92f9-37505fa5aa3d,Bay Leaf Traditional,herbs_leaves,lg,20.0,,,,False,160,2026-04-07T06:42:52.529292+00:00,2026-05-01T04:55:40.167267+00:00,,available,,,,,,,,,,,,,,,{},True
ff117f7e-e829-4c9b-94be-583211e2b8eb,5f7e9d0f-e91b-4a78-92f9-37505fa5aa3d,"Bean, Flower",flowers,sm,15.0,,,,False,0,2026-04-07T10:22:21.830819+00:00,2026-05-01T04:55:40.167267+00:00,/items/bean-flower.jpg,available,,,,,,,,,,,,,,"White, pink, yellow, purple, red",{},True
47a0a430-3e3c-4cb4-85c9-47cc22a0b918,5f7e9d0f-e91b-4a78-92f9-37505fa5aa3d,"Bean, Haricot Vert (Purple, Green, Yellow)",fruit_veg,sm,8.0,,,,False,0,2026-04-07T10:22:22.030121+00:00,2026-05-01T04:55:40.167267+00:00,,available,,,,,,,,,,,,,Haricot Vert (,"Green, Purple, Yellow",{},True
a5ac6324-2319-4372-a71b-2fcd580315da,5f7e9d0f-e91b-4a78-92f9-37505fa5aa3d,"Bean, Leaf",herbs_leaves,lg,12.0,,,,False,0,2026-04-07T10:22:22.236434+00:00,2026-05-01T04:55:40.167267+00:00,/items/bean-tendril.jpg,available,,,,,,,,,,,,,,,{},True
9da89b63-0331-4cc7-a3cd-61ca235b49f7,5f7e9d0f-e91b-4a78-92f9-37505fa5aa3d,"Bean, Romano (Yellow)",fruit_veg,lg,30.0,,,,False,0,2026-04-07T10:22:22.433421+00:00,2026-05-01T04:55:40.167267+00:00,,available,,,,,,,,,,,,,Romano (),Yellow,{},True
c6110ff1-93d1-471e-b0b1-bdb584068e25,5f7e9d0f-e91b-4a78-92f9-37505fa5aa3d,"Beans, Tiny",fruit_veg,sm,15.0,,,,False,0,2026-04-07T10:22:22.635173+00:00,2026-05-01T04:55:40.167267+00:00,,available,,,,,,,,,,,,Tiny,,,{},True
f64ae6e9-98b8-4d49-96ba-8d2b7cb99216,5f7e9d0f-e91b-4a78-92f9-37505fa5aa3d,Bergamot,herbs_leaves,ea,1.68,,,,False,0,2026-04-07T10:22:22.835945+00:00,2026-05-01T04:55:40.167267+00:00,,available,,,,,,,,,,,,,,,{},True
267a7ea2-953e-49dd-8b14-79e115a8efc7,5f7e9d0f-e91b-4a78-92f9-37505fa5aa3d,Black Eyed Susans,herbs_leaves,lg,15.0,,,,False,0,2026-04-07T10:22:23.037117+00:00,2026-05-01T04:55:40.167267+00:00,,available,,,,,,,,,,,,,,Black,{},True
1b643468-628a-4ec8-a769-b0ae8bc8af71,5f7e9d0f-e91b-4a78-92f9-37505fa5aa3d,Blackberries,herbs_leaves,lg,24.0,,,,False,0,2026-04-07T10:22:23.246611+00:00,2026-05-01T04:55:40.167267+00:00,,available,,365,,4-6 ft,,full_sun,,9b,transplant,,Perennial cane fruit. Train on wire. Prune spent canes after harvest.,,,,{},True
ba787ccf-f590-4338-a42d-06071e35b23c,5f7e9d0f-e91b-4a78-92f9-37505fa5aa3d,"Blackberries, Unripe",herbs_leaves,lg,30.0,,,,False,0,2026-04-07T10:22:23.469964+00:00,2026-05-01T04:55:40.167267+00:00,,available,,365,,4-6 ft,,full_sun,,9b,transplant,,Perennial cane fruit. Train on wire. Prune spent canes after harvest.,,Unripe,,{},True
fb11eb56-4d65-413d-8125-ae24b42ae442,5f7e9d0f-e91b-4a78-92f9-37505fa5aa3d,Borage,flowers,sm,15.0,,,,False,100,2026-04-07T06:42:52.529292+00:00,2026-05-01T04:55:40.167267+00:00,/items/borageflower.jpg,available,,55,1/2 in,12 in,,full_sun,60,9b,direct_seed,,Direct sow after last frost. Self-seeds readily. Edible flowers and leaves.,,,"Blue , white ",{},True
aa3c24a5-eb55-4d6d-98a6-1c461b8b808c,5f7e9d0f-e91b-4a78-92f9-37505fa5aa3d,Borage (Oyster/Cucumber flavor) (25 ct),micros_leaves,ea,8.0,,,,False,0,2026-04-09T14:53:50.57809+00:00,2026-05-01T04:55:40.167267+00:00,,available,,55,1/2 in,12 in,,full_sun,60,9b,direct_seed,,Direct sow after last frost. Self-seeds readily. Edible flowers and leaves.,25 ct,,,{},True
5ebd0006-3ba4-436b-ad38-65e63495b4d5,5f7e9d0f-e91b-4a78-92f9-37505fa5aa3d,Borage Flowers,flowers,ea,0.1,,,,False,0,2026-04-13T08:58:59.713638+00:00,2026-05-01T04:55:40.167267+00:00,,available,,,,,,,,,,,,,,,{},True
44bdbde8-576d-4d7f-b668-d2f2bf72fb2e,5f7e9d0f-e91b-4a78-92f9-37505fa5aa3d,"Brassica, Flowers",flowers,lg,15.0,,,,False,0,2026-04-07T10:22:23.866086+00:00,2026-05-01T04:55:40.167267+00:00,/items/brassica-flowers.jpg,available,,,,,,,,,,,,,,,{},True
5da6dc1f-43a1-4182-bea0-4d1036c97b6d,5f7e9d0f-e91b-4a78-92f9-37505fa5aa3d,"Brassica, Leaf",herbs_leaves,lg,20.0,,,,False,0,2026-04-07T10:22:24.061706+00:00,2026-05-01T04:55:40.167267+00:00,,available,,,,,,,,,,,,,,,{},True
49e1f495-eb85-494c-8013-2e0fdceeb50c,5f7e9d0f-e91b-4a78-92f9-37505fa5aa3d,Broccoli - White,flowers,qt,15.0,,,,False,0,2026-04-09T14:53:48.637759+00:00,2026-05-01T04:55:40.167267+00:00,,available,,60,1/4 in,18-24 in,,full_sun,60,9b,transplant,6,"Cool-season brassica. Harvest central head, side shoots continue producing.",,,White,{},True
3523ac42-08ca-43c3-97ae-7ecde7cdb297,5f7e9d0f-e91b-4a78-92f9-37505fa5aa3d,Broccoli - Yellow,flowers,qt,15.0,,,,False,0,2026-04-09T14:53:48.430536+00:00,2026-05-01T04:55:40.167267+00:00,,available,,60,1/4 in,18-24 in,,full_sun,60,9b,transplant,6,"Cool-season brassica. Harvest central head, side shoots continue producing.",,,Yellow,{},True
6a383d81-af24-4d74-a14e-ec5dd8b4653d,5f7e9d0f-e91b-4a78-92f9-37505fa5aa3d,"Broccoli, Flower",flowers,lg,15.0,,,,False,0,2026-04-07T10:22:24.255193+00:00,2026-05-01T04:55:40.167267+00:00,,available,,60,1/4 in,18-24 in,,full_sun,60,9b,transplant,6,"Cool-season brassica. Harvest central head, side shoots continue producing.",,,,{},True
21d117ac-f8fb-45fd-bf02-a0f11942e9a3,5f7e9d0f-e91b-4a78-92f9-37505fa5aa3d,"Broccoli, Rabe",herbs_leaves,lg,20.0,,,,False,0,2026-04-07T10:22:24.458022+00:00,2026-05-01T04:55:40.167267+00:00,/items/broccoliraab.jpg,available,,60,1/4 in,18-24 in,,full_sun,60,9b,transplant,6,"Cool-season brassica. Harvest central head, side shoots continue producing.",,Rabe,,{},True
5d480edd-15b4-4457-b01b-8b369f82cae4,5f7e9d0f-e91b-4a78-92f9-37505fa5aa3d,"Broccoli, Sprouting",herbs_leaves,lg,20.0,,,,False,0,2026-04-07T10:22:24.655191+00:00,2026-05-01T04:55:40.167267+00:00,/items/broccoli.jpg,available,,60,1/4 in,18-24 in,,full_sun,60,9b,transplant,6,"Cool-season brassica. Harvest central head, side shoots continue producing.",,Sprouting,,{},True
b0d98b9a-7524-48e8-89b3-d8a93d7340c8,5f7e9d0f-e91b-4a78-92f9-37505fa5aa3d,Buckwheat,herbs_leaves,sm,10.0,,,,False,0,2026-04-07T10:22:24.850431+00:00,2026-05-01T04:55:40.167267+00:00,/items/floweringbuckwheat.jpg,available,,,,,,,,,,,,,,,{},True
cafd9f72-ec03-41b9-9660-321eb178895e,5f7e9d0f-e91b-4a78-92f9-37505fa5aa3d,Bulls Blood Beet,micros_leaves,sm,12.0,,,,False,0,2026-04-09T14:53:50.651278+00:00,2026-05-01T04:55:40.167267+00:00,/items/tinybeets.jpg,available,,,,,,,,,,,,,,,{},True
09a16f0b-ece0-4ad2-918d-5fef33c1becd,5f7e9d0f-e91b-4a78-92f9-37505fa5aa3d,Butterhead Lettuce - Heart Leaf (50 ct),herbs_leaves,ea,20.0,,,,False,0,2026-04-09T14:53:56.670647+00:00,2026-05-01T04:55:40.167267+00:00,,available,,45,1/8-1/4 in,6-12 in,,sun_part_shade,45,9b,both,4,"Cool-season. Succession sow every 2 weeks. Bolts in heat. Many types: gem, butterhead, romaine.","50 ct, Heart Leaf",,,{},True
3094309a-9f88-431b-8e3e-a2c8dfade33d,5f7e9d0f-e91b-4a78-92f9-37505fa5aa3d,Butterhead Lettuce - Palm Size Leaf (50 ct),herbs_leaves,ea,20.0,,,,False,0,2026-04-09T14:53:56.764938+00:00,2026-05-01T04:55:40.167267+00:00,,available,,45,1/8-1/4 in,6-12 in,,sun_part_shade,45,9b,both,4,"Cool-season. Succession sow every 2 weeks. Bolts in heat. Many types: gem, butterhead, romaine.","50 ct, Palm Size",,,{},True
f928dfeb-fbe7-4518-a98a-0d77b37478dc,5f7e9d0f-e91b-4a78-92f9-37505fa5aa3d,"Cabbage, Chineese",herbs_leaves,lg,15.0,,,,False,0,2026-04-07T10:23:15.043114+00:00,2026-05-01T04:55:40.167267+00:00,/items/farm-00109-01-caraflex.jpg,available,,70,1/4 in,12-18 in,,full_sun,60,9b,transplant,6,Cool-season. Conical/Savoy types. Needs consistent moisture.,,Chineese,,{},True
e17fe9fd-652f-4542-8a29-65e80a791a00,5f7e9d0f-e91b-4a78-92f9-37505fa5aa3d,Calendula,flowers,lg,20.0,,,,False,80,2026-04-07T06:42:52.529292+00:00,2026-05-01T04:55:40.167267+00:00,/items/wildcalendulaflower.jpg,available,,50,1/4 in,8-12 in,,full_sun,55,9b,both,4,Cool-season flower. Tolerates light frost. Harvest flowers when fully open.,,,,{},True
4144c335-4abc-4fe0-8df8-52aaa5d42991,5f7e9d0f-e91b-4a78-92f9-37505fa5aa3d,Calendula - Cultivated,flowers,lg,20.0,,,,True,0,2026-04-09T14:53:48.810016+00:00,2026-04-11T07:56:48.239681+00:00,,available,,50,1/4 in,8-12 in,,full_sun,55,9b,both,4,Cool-season flower. Tolerates light frost. Harvest flowers when fully open.,,,,{},False
0299c9ab-abbe-49fa-a8ea-2f63027fb6f5,5f7e9d0f-e91b-4a78-92f9-37505fa5aa3d,California Bay Leaves,herbs_leaves,lg,15.0,,,,False,0,2026-04-07T10:22:25.25293+00:00,2026-05-01T04:55:40.167267+00:00,,available,,,,,,,,,,,,,,,{},True
bad52eee-5a53-493c-9760-b6beca52b9cb,5f7e9d0f-e91b-4a78-92f9-37505fa5aa3d,California Peppercorn Leaf,herbs_leaves,lg,12.0,,,,False,0,2026-04-09T14:53:52.731914+00:00,2026-05-01T04:55:40.167267+00:00,,available,,70,1/4 in,18-24 in,,full_sun,75,9b,transplant,8,"Warm-season. Start early indoors. Shishito, Corbachi are quick producers.",,,,{},True
7308a611-e53e-46be-bf03-8b6ba3d6776d,5f7e9d0f-e91b-4a78-92f9-37505fa5aa3d,California Pink Peppercorns,herbs_leaves,lg,12.0,,,,False,0,2026-04-09T14:53:52.658992+00:00,2026-05-01T04:55:40.167267+00:00,,available,,70,1/4 in,18-24 in,,full_sun,75,9b,transplant,8,"Warm-season. Start early indoors. Shishito, Corbachi are quick producers.",,,Pink,{},True
78352cbe-90e6-4e26-8e68-95ff4931e2a4,5f7e9d0f-e91b-4a78-92f9-37505fa5aa3d,Calimansi,herbs_leaves,lbs,4.95,,,,False,0,2026-04-07T10:22:25.458687+00:00,2026-05-01T04:55:40.167267+00:00,,available,,,,,,,,,,,,,,,{},True
02e3c03b-5da1-4900-9a00-7c22f8e54505,5f7e9d0f-e91b-4a78-92f9-37505fa5aa3d,Caraway,flowers,sm,12.0,,,,False,0,2026-04-09T14:53:48.89139+00:00,2026-05-01T04:55:40.167267+00:00,/items/tinycaraway.jpg,available,,,,,,,,,,,,,,,{},True
eca26cbb-d6eb-4cf3-bded-833d0c82c2cc,5f7e9d0f-e91b-4a78-92f9-37505fa5aa3d,Cardoon,herbs_leaves,ea,3.0,,,,False,0,2026-04-07T10:22:25.652294+00:00,2026-05-01T04:55:40.167267+00:00,,available,,,,,,,,,,,,,,,{},True
2f3c7437-50fb-4e17-a781-08f140fa8f77,5f7e9d0f-e91b-4a78-92f9-37505fa5aa3d,Carrot,micros_leaves,sm,12.0,,,,False,0,2026-04-09T14:53:50.721108+00:00,2026-05-01T04:55:40.167267+00:00,,available,,65,1/4 in,2-3 in,12-18 in,full_sun,50,9b,direct_seed,,Direct sow. Thin to 2-3 inches. Loose soil essential. Keep moist until germination.,,,,{},True
0a36520c-f191-437c-9745-c85a53861102,5f7e9d0f-e91b-4a78-92f9-37505fa5aa3d,"Carrot, Flower",flowers,lg,10.0,,,,False,0,2026-04-07T10:22:25.864122+00:00,2026-05-01T04:55:40.167267+00:00,/items/farm-4954-01-purple-kissed-flower.jpg,available,,65,1/4 in,2-3 in,12-18 in,full_sun,50,9b,direct_seed,,Direct sow. Thin to 2-3 inches. Loose soil essential. Keep moist until germination.,,,,{},True
feaad469-a829-41b2-988e-5efed6c64b6c,5f7e9d0f-e91b-4a78-92f9-37505fa5aa3d,"Carrot, Oxheart",fruit_veg,ea,3.0,,,,False,0,2026-04-07T10:22:26.284971+00:00,2026-05-01T04:55:40.167267+00:00,/items/oxheart-carrot.jpg,available,,65,1/4 in,2-3 in,12-18 in,full_sun,50,9b,direct_seed,,Direct sow. Thin to 2-3 inches. Loose soil essential. Keep moist until germination.,,Oxheart,,{},True
3cb29cc2-866b-4360-90a3-15d01db8714a,5f7e9d0f-e91b-4a78-92f9-37505fa5aa3d,"Carrot, Tops",fruit_veg,lg,12.0,,,,False,0,2026-04-07T10:22:26.490943+00:00,2026-05-01T04:55:40.167267+00:00,/items/carrottopmicro.jpg,available,,65,1/4 in,2-3 in,12-18 in,full_sun,50,9b,direct_seed,,Direct sow. Thin to 2-3 inches. Loose soil essential. Keep moist until germination.,,Tops,,{},True
89deecdc-4aaf-4b43-9716-bc54563a3e98,5f7e9d0f-e91b-4a78-92f9-37505fa5aa3d,"Cauliflower, Sprouting",flowers,lg,20.0,,,,False,0,2026-04-07T10:22:26.689706+00:00,2026-05-01T04:55:40.167267+00:00,/items/cauliflowersprouting.jpg,available,,55,1/4 in,18-24 in,,full_sun,60,9b,transplant,6,Cool-season. Sprouting cauliflower produces multiple small heads over time.,,Sprouting,,{},True
b11df9b7-4ce3-409d-9a00-1ccc44bf334f,5f7e9d0f-e91b-4a78-92f9-37505fa5aa3d,Celery,flowers,sm,10.0,,,,False,0,2026-04-09T14:53:48.975081+00:00,2026-05-01T04:55:40.167267+00:00,,available,,,,,,,,,,,,,,,{},True
47c5aed7-be06-44b8-8ca9-c898e5aeea76,5f7e9d0f-e91b-4a78-92f9-37505fa5aa3d,"Celery, Cutting (50 ct)",micros_leaves,ea,12.0,,,,False,0,2026-04-09T14:53:50.791755+00:00,2026-05-01T04:55:40.167267+00:00,,available,,,,,,,,,,,,50 ct,Cutting (50 ct),,{},True
66056ffe-bed5-4f29-9efc-b3451224d474,5f7e9d0f-e91b-4a78-92f9-37505fa5aa3d,"Celery, Micro",micros_leaves,sm,15.0,,,,False,0,2026-04-07T10:22:26.906436+00:00,2026-05-01T04:55:40.167267+00:00,/items/celeryleafcluster.jpg,available,,,,,,,,,,,,Micro,,,{},True
2c6d8e1e-5fca-4ef0-8171-db565a70bb02,5f7e9d0f-e91b-4a78-92f9-37505fa5aa3d,Chamomile,herbs_leaves,lg,36.0,,,,False,0,2026-04-07T10:22:27.11665+00:00,2026-05-01T04:55:40.167267+00:00,/items/chamomile.jpg,available,,60,surface,6-8 in,,full_sun,55,9b,both,6,Tiny seeds — surface sow. German chamomile is annual. Harvest flowers for tea.,,,,{},True
4cb1a70a-69ff-40a0-a510-294ba986d499,5f7e9d0f-e91b-4a78-92f9-37505fa5aa3d,Chervil,herbs_leaves,lg,10.0,,,,False,0,2026-04-07T10:22:27.314571+00:00,2026-05-01T04:55:40.167267+00:00,,available,,50,1/4 in,6-8 in,,part_shade,55,9b,direct_seed,,Cool-season. Bolts in heat. Direct sow in spring/fall. Parsley family.,,,,{},True
2f002bb7-6444-4ace-87ff-7c547b3f03bd,5f7e9d0f-e91b-4a78-92f9-37505fa5aa3d,Chickweed,herbs_leaves,lg,12.0,,,,False,200,2026-04-07T06:42:52.529292+00:00,2026-05-01T04:55:40.167267+00:00,/items/floweringchickweed.jpg,available,,30,,,,part_shade,,9b,direct_seed,,Cool-season weed. Self-seeds abundantly. Harvest tips. Mild flavor.,,,,{},True
51bd07e8-04c4-4564-af34-8d952def0f8d,5f7e9d0f-e91b-4a78-92f9-37505fa5aa3d,Chickweed Tips (50 ct),herbs_leaves,ea,12.0,,,,False,0,2026-04-09T14:53:52.809272+00:00,2026-05-01T04:55:40.167267+00:00,,available,,30,,,,part_shade,,9b,direct_seed,,Cool-season weed. Self-seeds abundantly. Harvest tips. Mild flavor.,50 ct,,,{},True
7de4b628-ab0b-4d70-96e8-d8b7f23fbfdd,5f7e9d0f-e91b-4a78-92f9-37505fa5aa3d,Chrysanthemum,micros_leaves,sm,10.0,,,,False,0,2026-04-09T14:53:50.942726+00:00,2026-05-01T04:55:40.167267+00:00,,available,,65,surface,12-18 in,,full_sun,65,9b,transplant,8,Edible leaves (shungiku) and flowers. Harvest young leaves for salads.,,,,{},True
abe101e7-ab70-43a7-bba2-e161bcd2b73e,5f7e9d0f-e91b-4a78-92f9-37505fa5aa3d,Chrysanthemum,herbs_leaves,lg,12.0,,,,False,0,2026-04-09T14:53:54.184209+00:00,2026-05-01T04:55:40.167267+00:00,,available,,65,surface,12-18 in,,full_sun,65,9b,transplant,8,Edible leaves (shungiku) and flowers. Harvest young leaves for salads.,,,,{},True
cde06dcc-2c7a-4476-8a23-469ecb9e3940,5f7e9d0f-e91b-4a78-92f9-37505fa5aa3d,Chrysanthemum Flower,flowers,lg,12.0,,,,False,30,2026-04-07T06:42:52.529292+00:00,2026-05-01T04:55:40.167267+00:00,/items/farm-chrysanthemum-snowland-seed-wm-700.jpg,available,,65,surface,12-18 in,,full_sun,65,9b,transplant,8,Edible leaves (shungiku) and flowers. Harvest young leaves for salads.,,Snowland,White,{},True
81c16996-0b85-475e-a250-65be09ccef20,5f7e9d0f-e91b-4a78-92f9-37505fa5aa3d,Chrysanthemum Leaf,micros_leaves,lg,18.0,,,,False,350,2026-04-07T06:42:52.529292+00:00,2026-05-01T04:55:40.167267+00:00,,available,,65,surface,12-18 in,,full_sun,65,9b,transplant,8,Edible leaves (shungiku) and flowers. Harvest young leaves for salads.,,,,{},True
45a1142b-7760-4e8c-a1af-989c15a5fdc4,5f7e9d0f-e91b-4a78-92f9-37505fa5aa3d,"Chrysanthemum, Flower",flowers,lg,12.0,,,,False,0,2026-04-07T10:22:27.712699+00:00,2026-05-01T04:55:40.167267+00:00,/items/tinychrysanthemum.jpg,available,,65,surface,12-18 in,,full_sun,65,9b,transplant,8,Edible leaves (shungiku) and flowers. Harvest young leaves for salads.,,,,{},True
5b3f4657-21b0-44a7-8f0a-3f0ecd43f712,5f7e9d0f-e91b-4a78-92f9-37505fa5aa3d,"Chrysanthemum, Leaf",herbs_leaves,lg,18.0,,,,False,0,2026-04-07T10:22:27.897082+00:00,2026-05-01T04:55:40.167267+00:00,,available,,65,surface,12-18 in,,full_sun,65,9b,transplant,8,Edible leaves (shungiku) and flowers. Harvest young leaves for salads.,,,,{},True
fc189420-99ea-4786-a143-2314e7653949,5f7e9d0f-e91b-4a78-92f9-37505fa5aa3d,"Chrysanthemum, Yellow",flowers,lg,15.0,,,,False,0,2026-04-09T14:53:49.137448+00:00,2026-05-01T04:55:40.167267+00:00,,available,,65,surface,12-18 in,,full_sun,65,9b,transplant,8,Edible leaves (shungiku) and flowers. Harvest young leaves for salads.,,,Yellow,{},True
9bc2c597-4686-47a2-bdce-22b9ce02d3dd,5f7e9d0f-e91b-4a78-92f9-37505fa5aa3d,Cilantro,micros_leaves,lg,18.0,,,,False,0,2026-04-09T14:53:51.011783+00:00,2026-05-01T04:55:40.167267+00:00,,available,,50,1/4 in,6-8 in,,sun_part_shade,55,9b,direct_seed,,Succession sow every 2-3 weeks. Bolts quickly in heat. Harvest young leaves.,,,,{},True
10c6b8e6-72c6-4198-8dbb-9afc48473d68,5f7e9d0f-e91b-4a78-92f9-37505fa5aa3d,"Cilantro, Flowers",flowers,lg,24.0,,,,False,0,2026-04-07T10:22:28.103474+00:00,2026-05-01T04:55:40.167267+00:00,,available,,50,1/4 in,6-8 in,,sun_part_shade,55,9b,direct_seed,,Succession sow every 2-3 weeks. Bolts quickly in heat. Harvest young leaves.,,,,{},True
c8b51b5d-7fe1-40db-ad18-7b79258828a1,5f7e9d0f-e91b-4a78-92f9-37505fa5aa3d,"Cilantro, Leaf, Med/Large",herbs_leaves,lg,24.0,,,,False,0,2026-04-07T10:22:28.305282+00:00,2026-05-01T04:55:40.167267+00:00,,available,,50,1/4 in,6-8 in,,sun_part_shade,55,9b,direct_seed,,Succession sow every 2-3 weeks. Bolts quickly in heat. Harvest young leaves.,Large,,,{},True
6f6dcd58-46f9-4796-8b12-f65aeb26ab1e,5f7e9d0f-e91b-4a78-92f9-37505fa5aa3d,"Cilantro, Micro",micros_leaves,sm,6.0,,,,False,0,2026-04-07T10:22:28.499283+00:00,2026-05-01T04:55:40.167267+00:00,/items/cilantro-micro.jpg,available,,50,1/4 in,6-8 in,,sun_part_shade,55,9b,direct_seed,,Succession sow every 2-3 weeks. Bolts quickly in heat. Harvest young leaves.,Micro,,,{},True
188cfea9-8ce2-4ee6-aa4a-8ace3bb24307,5f7e9d0f-e91b-4a78-92f9-37505fa5aa3d,Cippolini (50 ct),herbs_leaves,lg,15.0,,,,False,0,2026-04-07T10:22:28.711411+00:00,2026-05-01T04:55:40.167267+00:00,,available,,,,,,,,,,,,50 ct,,,{},True
bb521bcd-ab51-4458-86ef-2f2b3e9dd4d7,5f7e9d0f-e91b-4a78-92f9-37505fa5aa3d,Citrus Leaf,herbs_leaves,lg,10.0,,,,False,0,2026-04-09T14:53:54.267243+00:00,2026-05-01T04:55:40.167267+00:00,,available,,,,,,,,,,,,,,,{},True
28939fc7-49c1-4151-b66e-c707529eb24b,5f7e9d0f-e91b-4a78-92f9-37505fa5aa3d,Citrus Leaf Shoots (25 ct),herbs_leaves,ea,10.0,,,,False,0,2026-04-09T14:53:54.330485+00:00,2026-05-01T04:55:40.167267+00:00,,available,,,,,,,,,,,,25 ct,,,{},True
ecbae0c7-4bea-436b-9f87-b80c26ec150f,5f7e9d0f-e91b-4a78-92f9-37505fa5aa3d,"Citrus, Misc",herbs_leaves,cs,40.0,,,,False,0,2026-04-07T10:22:28.914512+00:00,2026-05-01T04:55:40.167267+00:00,,available,,,,,,,,,,,,,Misc,,{},True
4e678c0c-345b-4cad-8f84-08fb2e61cccd,5f7e9d0f-e91b-4a78-92f9-37505fa5aa3d,Collards - Heart Leaf (50 ct),herbs_leaves,ea,18.0,,,,False,0,2026-04-09T14:53:55.849294+00:00,2026-05-01T04:55:40.167267+00:00,,available,,,,,,,,,,,,"50 ct, Heart Leaf",,,{},True
acc2e31f-8c70-4ae8-82e0-30c047f6bc1f,5f7e9d0f-e91b-4a78-92f9-37505fa5aa3d,Columbine Flowers,flowers,ea,0.5,,,,False,0,2026-04-07T10:22:29.129988+00:00,2026-05-01T04:55:40.167267+00:00,,available,,,,,,,,,,,,,,,{},True
8e08ef07-dafc-46a6-8d05-a8ed0e1cb79c,5f7e9d0f-e91b-4a78-92f9-37505fa5aa3d,Coreopsis,herbs_leaves,lg,12.0,,,,False,0,2026-04-07T10:22:29.325645+00:00,2026-05-01T04:55:40.167267+00:00,,available,,,,,,,,,,,,,,,{},True
5faef9e7-1115-4fbf-a391-fc83e8635b70,5f7e9d0f-e91b-4a78-92f9-37505fa5aa3d,Coriander (green seeds),herbs_leaves,lg,15.0,,,,False,0,2026-04-07T10:22:29.526105+00:00,2026-05-01T04:55:40.167267+00:00,,available,,,,,,,,,,,,,,Green,{},True
53d4c1e2-c93c-4f45-8fb1-f0bd64ef921e,5f7e9d0f-e91b-4a78-92f9-37505fa5aa3d,"Coriander, Green",herbs_leaves,lg,25.0,,,,False,0,2026-04-07T10:22:29.708568+00:00,2026-05-01T04:55:40.167267+00:00,,available,,,,,,,,,,,,,,Green,{},True
f0c608fc-95ab-4c48-a3ba-877a7937f660,5f7e9d0f-e91b-4a78-92f9-37505fa5aa3d,Cosmos,herbs_leaves,lg,12.0,,,,False,130,2026-04-07T06:42:52.529292+00:00,2026-05-01T04:55:40.167267+00:00,,available,,60,1/4 in,12-18 in,,full_sun,65,9b,direct_seed,,Direct sow after last frost. Poor soil is fine — too much fertility reduces flowers.,,,,{},True
953a114e-45a0-47ca-8ac0-c0e188cd65c2,5f7e9d0f-e91b-4a78-92f9-37505fa5aa3d,Creeping Vine,herbs_leaves,lg,15.0,,,,False,0,2026-04-07T10:22:30.119693+00:00,2026-05-01T04:55:40.167267+00:00,,available,,,,,,,,,,,,,,,{},True
25149f32-ee59-48d7-a941-9f6c35ca2855,5f7e9d0f-e91b-4a78-92f9-37505fa5aa3d,"Cress, Wild",micros_leaves,lg,15.0,,,,False,0,2026-04-07T10:23:15.280101+00:00,2026-05-01T04:55:40.167267+00:00,/items/watercress.jpg,available,,,,,,,,,,,,,Wild,,{},True
a3d78333-79fb-4040-8a2f-6f43aa351556,5f7e9d0f-e91b-4a78-92f9-37505fa5aa3d,Crudite Carrot,fruit_veg,lg,25.0,,,,False,0,2026-04-07T10:22:30.319978+00:00,2026-05-01T04:55:40.167267+00:00,,available,,65,1/4 in,2-3 in,12-18 in,full_sun,50,9b,direct_seed,,Direct sow. Thin to 2-3 inches. Loose soil essential. Keep moist until germination.,Crudite,,,{},True
7190d607-72e8-48cb-96d6-9c43c2d930f3,5f7e9d0f-e91b-4a78-92f9-37505fa5aa3d,Crudite Hakurei Turnip,herbs_leaves,lg,25.0,,,,True,0,2026-04-07T10:22:30.518283+00:00,2026-04-12T04:31:39.716723+00:00,,available,,35,1/4 in,4-6 in,,full_sun,50,9b,direct_seed,,Cool-season. Hakurei is fast (35 days). Edible roots and greens.,,,,{},False
087cb89c-2477-4b80-ae61-2f6d3199d25c,5f7e9d0f-e91b-4a78-92f9-37505fa5aa3d,Crudite Hakurei Turnip (50 ct),fruit_veg,ea,25.0,,,,True,0,2026-04-09T14:53:54.037227+00:00,2026-04-12T04:32:59.906782+00:00,,available,,35,1/4 in,4-6 in,,full_sun,50,9b,direct_seed,,Cool-season. Hakurei is fast (35 days). Edible roots and greens.,,,,{},False
e466e1b5-0324-484f-be32-9f1e792d73e0,5f7e9d0f-e91b-4a78-92f9-37505fa5aa3d,"Crudite Radish, French Breakfast",micros_leaves,lg,25.0,,,,False,0,2026-04-07T10:22:30.706642+00:00,2026-05-01T04:55:40.167267+00:00,/items/fbcrudite.jpg,available,,25,1/2 in,2-4 in,,full_sun,45,9b,direct_seed,,"Fastest vegetable. Succession sow. French Breakfast, Red Round varieties.",Crudite,French Breakfast,,{},True
afb9bf7c-248b-4142-8e01-029b5cbbd4c5,5f7e9d0f-e91b-4a78-92f9-37505fa5aa3d,"Crudite Radish, French Breakfast (50 ct)",fruit_veg,ea,25.0,,,,False,0,2026-04-09T14:53:53.972076+00:00,2026-05-01T04:55:40.167267+00:00,,available,,25,1/2 in,2-4 in,,full_sun,45,9b,direct_seed,,"Fastest vegetable. Succession sow. French Breakfast, Red Round varieties.","Crudite, 50 ct",French Breakfast (50 ct),,{},True
dea0d41c-bb8b-4b5d-a829-28e07fff0010,5f7e9d0f-e91b-4a78-92f9-37505fa5aa3d,"Crudite Radish, Red Round",micros_leaves,lg,25.0,,,,False,0,2026-04-07T10:22:30.899484+00:00,2026-05-01T04:55:40.167267+00:00,/items/redroundcrudite.jpg,available,,25,1/2 in,2-4 in,,full_sun,45,9b,direct_seed,,"Fastest vegetable. Succession sow. French Breakfast, Red Round varieties.",Crudite,Round,Red,{},True
b67bd172-bbd0-48ef-9cda-9d458718bae0,5f7e9d0f-e91b-4a78-92f9-37505fa5aa3d,"Crudite Radish, Red Round (50 ct)",fruit_veg,ea,25.0,,,,False,0,2026-04-09T14:53:53.905589+00:00,2026-05-01T04:55:40.167267+00:00,,available,,25,1/2 in,2-4 in,,full_sun,45,9b,direct_seed,,"Fastest vegetable. Succession sow. French Breakfast, Red Round varieties.","Crudite, 50 ct",Round (50 ct),Red,{},True
31bb4896-e136-4f61-8c9a-44f45a24b9db,5f7e9d0f-e91b-4a78-92f9-37505fa5aa3d,Cucamelon Tendril (50 ct),micros_leaves,sm,15.0,,,,False,0,2026-04-07T10:22:31.08301+00:00,2026-05-01T04:55:40.167267+00:00,/items/cucamelontendril.jpg,available,,,,,,,,,,,,50 ct,,,{},True
e6c3b55d-0838-4760-b4e8-30ec6b724c69,5f7e9d0f-e91b-4a78-92f9-37505fa5aa3d,"Cucamelons, Baby (50 ct)",herbs_leaves,lg,12.0,,,,False,0,2026-04-07T10:22:31.279442+00:00,2026-05-01T04:55:40.167267+00:00,/items/baby-cucamelon.jpg,available,,,,,,,,,,,,"Baby, 50 ct",(50 ct),,{},True
b4e55d8f-e956-442f-a4ad-595da88885fb,5f7e9d0f-e91b-4a78-92f9-37505fa5aa3d,Cucumber,fruit_veg,lg,15.0,,,,False,0,2026-04-07T10:22:31.502788+00:00,2026-05-01T04:55:40.167267+00:00,/items/babycucumber.jpg,available,,55,1/2-1 in,12-18 in,,full_sun,65,9b,both,3,Warm-season. Train on trellis for straighter fruit. Harvest young for best quality.,,,,{},True
6058be35-369e-435d-8373-442cac7b65f8,5f7e9d0f-e91b-4a78-92f9-37505fa5aa3d,Cucumber Leaf (1 in) (50 ct),herbs_leaves,lg,15.0,,,,False,0,2026-04-07T10:22:31.701861+00:00,2026-05-01T04:55:40.167267+00:00,/items/cucumberleaftendril.jpg,available,,55,1/2-1 in,12-18 in,,full_sun,65,9b,both,3,Warm-season. Train on trellis for straighter fruit. Harvest young for best quality.,50 ct,,,{},True
9adeb556-ece2-498f-abb0-869e7ea01aa8,5f7e9d0f-e91b-4a78-92f9-37505fa5aa3d,Cucumber Tendril (50 ct),micros_leaves,ea,15.0,,,,False,0,2026-04-07T10:22:31.891817+00:00,2026-05-01T04:55:40.167267+00:00,,available,,55,1/2-1 in,12-18 in,,full_sun,65,9b,both,3,Warm-season. Train on trellis for straighter fruit. Harvest young for best quality.,50 ct,,,{},True
bfa7d4bd-6923-4d5f-9b63-2801c4cd92b2,5f7e9d0f-e91b-4a78-92f9-37505fa5aa3d,"Cucumber, Flowers",flowers,lg,15.0,,,,False,0,2026-04-07T10:22:32.092654+00:00,2026-05-01T04:55:40.167267+00:00,/items/babycucumber.jpg,available,,55,1/2-1 in,12-18 in,,full_sun,65,9b,both,3,Warm-season. Train on trellis for straighter fruit. Harvest young for best quality.,,,,{},True
bf479c71-9394-4a55-b9ac-c81c237fa309,5f7e9d0f-e91b-4a78-92f9-37505fa5aa3d,"Cucumber, Mixed (Persian, Striped Armenian, Salt n Pepper)",fruit_veg,lbs,4.0,,,,False,0,2026-04-07T10:22:32.289704+00:00,2026-05-01T04:55:40.167267+00:00,,available,,55,1/2-1 in,12-18 in,,full_sun,65,9b,both,3,Warm-season. Train on trellis for straighter fruit. Harvest young for best quality.,,(Persian,"Mixed, Striped",{},True
4d8341f1-1d5f-49e5-95e6-bda4f2816a28,5f7e9d0f-e91b-4a78-92f9-37505fa5aa3d,"Cucumber, Persian",fruit_veg,lbs,4.0,,,,False,0,2026-04-07T10:22:32.482061+00:00,2026-05-01T04:55:40.167267+00:00,/items/gerkins.jpg,available,,55,1/2-1 in,12-18 in,,full_sun,65,9b,both,3,Warm-season. Train on trellis for straighter fruit. Harvest young for best quality.,,Persian,,{},True
f6723b26-0b45-4a30-bfa8-1ee732565796,5f7e9d0f-e91b-4a78-92f9-37505fa5aa3d,"Cucumber, Salt n Pepper (White Pickling)",fruit_veg,lbs,4.0,,,,False,0,2026-04-07T10:22:32.676661+00:00,2026-05-01T04:55:40.167267+00:00,,available,,55,1/2-1 in,12-18 in,,full_sun,65,9b,both,3,Warm-season. Train on trellis for straighter fruit. Harvest young for best quality.,,Salt n Pepper ( Pickling),White,{},True
6d8db724-4152-43b2-bf1b-ca96881952e6,5f7e9d0f-e91b-4a78-92f9-37505fa5aa3d,"Cucumber, Stiped Armenian",fruit_veg,lbs,4.0,,,,False,0,2026-04-07T10:22:32.870818+00:00,2026-05-01T04:55:40.167267+00:00,,available,,55,1/2-1 in,12-18 in,,full_sun,65,9b,both,3,Warm-season. Train on trellis for straighter fruit. Harvest young for best quality.,,Stiped Armenian,,{},True
5aace772-3b44-4925-820b-042fba96ee1b,5f7e9d0f-e91b-4a78-92f9-37505fa5aa3d,"Cucumber, Tiny with Blossom (50 ct)",fruit_veg,lg,20.0,,,,False,0,2026-04-07T10:22:33.066418+00:00,2026-05-01T04:55:40.167267+00:00,,available,,55,1/2-1 in,12-18 in,,full_sun,65,9b,both,3,Warm-season. Train on trellis for straighter fruit. Harvest young for best quality.,"Tiny, 50 ct",with Blossom (50 ct),,{},True
c884d033-d490-4ccb-ba1f-646407b6ab42,5f7e9d0f-e91b-4a78-92f9-37505fa5aa3d,Curry Plant (Maple/Curry Flavor),herbs_leaves,lg,15.0,,,,False,0,2026-04-07T10:22:33.259921+00:00,2026-05-01T04:55:40.167267+00:00,,available,,,,,,,,,,,,,,,{},True
ddb4593f-6ae9-4e1d-b64b-9c0d989de317,5f7e9d0f-e91b-4a78-92f9-37505fa5aa3d,Cutting Celery (Pink/Green/White),herbs_leaves,lg,8.0,,,,False,0,2026-04-09T14:53:57.630511+00:00,2026-05-01T04:55:40.167267+00:00,,available,,,,,,,,,,,,,,"Green, White, Pink",{},True
7dde3a19-d1ad-4170-a663-7bd83ee8d3a2,5f7e9d0f-e91b-4a78-92f9-37505fa5aa3d,Dahlia Flowers,flowers,lg,15.0,,,,False,70,2026-04-07T06:42:52.529292+00:00,2026-05-01T04:55:40.167267+00:00,,available,,,,,,,,,,,,,,,{},True
1e313572-571e-46b4-b012-80449350cf3f,5f7e9d0f-e91b-4a78-92f9-37505fa5aa3d,Deadnettle,herbs_leaves,lg,15.0,,,,False,0,2026-04-07T10:22:33.44849+00:00,2026-05-01T04:55:40.167267+00:00,,available,,,,,,,,,,,,,,,{},True
95a59580-6440-4afa-95b7-90e438e0b33b,5f7e9d0f-e91b-4a78-92f9-37505fa5aa3d,Dianthus,herbs_leaves,lg,15.0,,,,False,0,2026-04-07T10:23:15.509218+00:00,2026-05-01T04:55:40.167267+00:00,,available,,75,surface,8-12 in,,full_sun,60,9b,transplant,8,Surface sow — needs light. Edible petals with clove-like flavor.,,,,{},True
1ce0b2b8-6262-4b17-98f9-60bed3365ecb,5f7e9d0f-e91b-4a78-92f9-37505fa5aa3d,Dill,herbs_leaves,lg,15.0,,,,False,0,2026-04-07T10:22:33.641606+00:00,2026-05-01T04:55:40.167267+00:00,/items/tinydill.jpg,available,,45,1/4 in,8-12 in,,full_sun,60,9b,direct_seed,,Direct sow. Doesn't transplant well. Succession plant for continuous supply.,,,,{},True
d9bf2e1e-2f9d-4952-97aa-c74fdd095b34,5f7e9d0f-e91b-4a78-92f9-37505fa5aa3d,Dwarf Choy,herbs_leaves,lg,24.0,,,,False,0,2026-04-07T10:22:33.862836+00:00,2026-05-01T04:55:40.167267+00:00,/items/dwarf-choy.jpg,available,,,,,,,,,,,,Tiny,,,{},True
4af25fcb-085b-4071-97d0-4af42e4a5f0b,5f7e9d0f-e91b-4a78-92f9-37505fa5aa3d,Dwarf Red Choy,herbs_leaves,lg,24.0,,,,False,0,2026-04-07T10:22:34.082642+00:00,2026-05-01T04:55:40.167267+00:00,/items/red-choy.jpg,available,,,,,,,,,,,,Tiny,,Red,{},True
d04984bc-eb16-411e-8c99-ba6beb94db3c,5f7e9d0f-e91b-4a78-92f9-37505fa5aa3d,"Eggplant, Fairy Tale, Purple/White",fruit_veg,lbs,8.0,,,,False,0,2026-04-07T10:22:34.278393+00:00,2026-05-01T04:55:40.167267+00:00,,available,,70,1/4 in,18-24 in,,full_sun,75,9b,transplant,8,Warm-season. Needs heat. Fairy Tale is compact. Harvest when skin is glossy.,,Fairy Tale,"Purple, White",{},True
dfcf3978-e149-42ff-90c3-5ee66fc11c77,5f7e9d0f-e91b-4a78-92f9-37505fa5aa3d,"Eggplant, Fairytale",fruit_veg,lbs,8.0,,,,False,0,2026-04-07T10:22:34.475855+00:00,2026-05-01T04:55:40.167267+00:00,,available,,70,1/4 in,18-24 in,,full_sun,75,9b,transplant,8,Warm-season. Needs heat. Fairy Tale is compact. Harvest when skin is glossy.,,Fairytale,,{},True
f0fe9b25-dd6c-40ca-b3a2-5ad353a1c66e,5f7e9d0f-e91b-4a78-92f9-37505fa5aa3d,"Eggplant, Italian Large",fruit_veg,ea,3.0,,,,False,0,2026-04-07T10:22:34.669338+00:00,2026-05-01T04:55:40.167267+00:00,,available,,70,1/4 in,18-24 in,,full_sun,75,9b,transplant,8,Warm-season. Needs heat. Fairy Tale is compact. Harvest when skin is glossy.,Large,Italian,,{},True
e0ac9138-c667-4899-b1a7-25684d83684c,5f7e9d0f-e91b-4a78-92f9-37505fa5aa3d,Egyptian Starflower,flowers,sm,12.0,,,,False,0,2026-04-07T10:22:34.858206+00:00,2026-05-01T04:55:40.167267+00:00,/items/farm-oip.jpg,available,,,,,,,,,,,,,,,{},True
aec9b1ec-e511-4850-bfc1-ca8d1f749687,5f7e9d0f-e91b-4a78-92f9-37505fa5aa3d,Epazote,herbs_leaves,lbs,8.0,,,,False,0,2026-04-07T10:22:35.070842+00:00,2026-05-01T04:55:40.167267+00:00,,available,,,,,,,,,,,,,,,{},True
03ac3e2a-cd94-4a27-a5eb-b34640786fae,5f7e9d0f-e91b-4a78-92f9-37505fa5aa3d,Evergreen Branches,herbs_leaves,bx,20.0,,,,False,0,2026-04-07T10:22:35.269272+00:00,2026-05-01T04:55:40.167267+00:00,,available,,,,,,,,,,,,,,,{},True
bb300ba6-5a75-45b4-b42b-46a42914a3e7,5f7e9d0f-e91b-4a78-92f9-37505fa5aa3d,Fava,micros_leaves,lg,12.0,,,,False,0,2026-04-09T14:53:51.171104+00:00,2026-05-01T04:55:40.167267+00:00,,available,,,,,,,,,,,,,,,{},True
86233651-f0cf-4660-9e65-f1bda5ed5e58,5f7e9d0f-e91b-4a78-92f9-37505fa5aa3d,Fava,flowers,lg,24.0,,,,False,0,2026-04-07T10:22:35.659408+00:00,2026-05-01T04:55:40.167267+00:00,/items/favaflower.jpg,available,,,,,,,,,,,,,,"White, Scarlet",{},True
bf4ecc4d-e755-4605-8ac6-63d67ad62287,5f7e9d0f-e91b-4a78-92f9-37505fa5aa3d,Fava (100 ct),flowers,ea,15.0,,,,True,0,2026-04-09T14:53:49.210489+00:00,2026-05-01T04:55:40.167267+00:00,/items/favaflower.jpg,available,,,,,,,,,,,,100 ct,,,{},True
13cd1ce2-5e86-451c-8f87-2b6f0842b010,5f7e9d0f-e91b-4a78-92f9-37505fa5aa3d,Fava Beans - Tiny (50 ct),fruit_veg,ea,20.0,,,,False,0,2026-04-09T14:53:55.696991+00:00,2026-05-01T04:55:40.167267+00:00,,available,,,,,,,,,,,,"Tiny, 50 ct",,,{},True
11848d52-fa67-4b56-8b9e-87239a753911,5f7e9d0f-e91b-4a78-92f9-37505fa5aa3d,Fava Flowers,flowers,lg,24.0,,,,False,50,2026-04-07T06:42:52.529292+00:00,2026-05-01T04:55:40.167267+00:00,,available,,,,,,,,,,,,,,,{},True
f3d61783-a8b2-4f4d-bdca-caa6f8e0e54a,5f7e9d0f-e91b-4a78-92f9-37505fa5aa3d,Fava Leaves,herbs_leaves,lg,24.0,,,,False,190,2026-04-07T06:42:52.529292+00:00,2026-05-01T04:55:40.167267+00:00,,available,,,,,,,,,,,,,,,{},True
f6df221f-4b0c-45c9-b354-4b58b1b21450,5f7e9d0f-e91b-4a78-92f9-37505fa5aa3d,Fava Sprout (50 ct),micros_leaves,ea,12.0,,,,False,0,2026-04-09T14:53:51.25298+00:00,2026-05-01T04:55:40.167267+00:00,,available,,12,1 in,dense,,sun_part_shade,,9b,direct_seed,,Microgreen. 10-12 day harvest. Soak seeds overnight. Harvest at first true leaf.,50 ct,,,{},True
0b7d02c5-cd25-487a-ae38-30cf2c3199bb,5f7e9d0f-e91b-4a78-92f9-37505fa5aa3d,Fava Tip - Field (50 ct),herbs_leaves,ea,20.0,,,,False,0,2026-04-09T14:53:57.78025+00:00,2026-05-01T04:55:40.167267+00:00,,available,,,,,,,,,,,,50 ct,,,{},True
f5639c9e-b6d3-4ba5-a804-c0b05b0eecad,5f7e9d0f-e91b-4a78-92f9-37505fa5aa3d,Fava Tips,herbs_leaves,lg,24.0,,,,False,370,2026-04-07T06:42:52.529292+00:00,2026-05-01T04:55:40.167267+00:00,/items/favatip.jpg,available,,,,,,,,,,,,,,,{},True
4f0ecc4f-9d09-4bab-9a9c-06ce5326a219,5f7e9d0f-e91b-4a78-92f9-37505fa5aa3d,"Fava, Leaves",herbs_leaves,lg,24.0,,,,False,0,2026-04-07T10:22:35.857187+00:00,2026-05-01T04:55:40.167267+00:00,,available,,,,,,,,,,,,,,,{},True
9f442f9e-040a-4c4a-bdd3-810ccf0019c2,5f7e9d0f-e91b-4a78-92f9-37505fa5aa3d,Fennel Fronds - tighter leaves,herbs_leaves,sm,12.0,,,,False,0,2026-04-09T14:53:54.540545+00:00,2026-05-01T04:55:40.167267+00:00,,available,,65,1/4 in,12-18 in,,full_sun,60,9b,direct_seed,,Direct sow in spring. Bronze fennel is perennial. Harvest fronds and flowers.,,,,{},True
e507c000-08c5-4d9e-8da4-975f0affa937,5f7e9d0f-e91b-4a78-92f9-37505fa5aa3d,Fennel Fronds (Green/Bronze),herbs_leaves,lg,10.0,,,,False,0,2026-04-09T14:53:54.46908+00:00,2026-05-01T04:55:40.167267+00:00,,available,,65,1/4 in,12-18 in,,full_sun,60,9b,direct_seed,,Direct sow in spring. Bronze fennel is perennial. Harvest fronds and flowers.,,,"Green, Bronze",{},True
5920adcc-3687-45b2-a0ad-50b17f24faef,5f7e9d0f-e91b-4a78-92f9-37505fa5aa3d,"Fennel, Flower",flowers,lg,15.0,,,,False,0,2026-04-07T10:22:36.045544+00:00,2026-05-01T04:55:40.167267+00:00,/items/fennelflower.jpg,available,,65,1/4 in,12-18 in,,full_sun,60,9b,direct_seed,,Direct sow in spring. Bronze fennel is perennial. Harvest fronds and flowers.,,,,{},True
19508c8b-5f9f-4cda-bffa-d36ef4c07bc2,5f7e9d0f-e91b-4a78-92f9-37505fa5aa3d,"Fennel, Leaf",herbs_leaves,lg,10.0,,,,False,0,2026-04-07T10:22:36.236236+00:00,2026-05-01T04:55:40.167267+00:00,/items/fennel.jpg,available,,65,1/4 in,12-18 in,,full_sun,60,9b,direct_seed,,Direct sow in spring. Bronze fennel is perennial. Harvest fronds and flowers.,,,,{},True
3b390b60-bc5f-4a6c-8366-90501656ce20,5f7e9d0f-e91b-4a78-92f9-37505fa5aa3d,"Fennel, Leaf, Bronze",herbs_leaves,lg,15.0,,,,False,0,2026-04-07T10:22:36.454164+00:00,2026-05-01T04:55:40.167267+00:00,/items/tinybronzefennel.jpg,available,,65,1/4 in,12-18 in,,full_sun,60,9b,direct_seed,,Direct sow in spring. Bronze fennel is perennial. Harvest fronds and flowers.,,,Bronze,{},True
f30e6ede-1de9-4e46-a56d-384b77d3780e,5f7e9d0f-e91b-4a78-92f9-37505fa5aa3d,Field Pea Tendrils,herbs_leaves,lg,12.0,,,,False,180,2026-04-07T06:42:52.529292+00:00,2026-05-01T04:55:40.167267+00:00,,available,,60,1-2 in,2-4 in,,full_sun,45,9b,direct_seed,,"Cool-season. Direct sow early spring. Provide trellis. Edible flowers, tendrils, pods.",,,,{},True
1312210e-9cd8-4bac-96a8-11da91414ca2,5f7e9d0f-e91b-4a78-92f9-37505fa5aa3d,"Fig, Leaf",herbs_leaves,lbs,25.0,,,,False,0,2026-04-07T10:22:36.645411+00:00,2026-05-01T04:55:40.167267+00:00,,available,,365,,10-15 ft,,full_sun,,9b,transplant,,Deciduous tree/shrub. Edible leaves and fruit. Green (unripe) figs are culinary ingredient.,,,,{},True
e3ec98c5-fd0d-4087-ae6f-8b84410a0199,5f7e9d0f-e91b-4a78-92f9-37505fa5aa3d,Figs,herbs_leaves,lbs,6.0,,,,False,0,2026-04-07T10:22:36.842032+00:00,2026-05-01T04:55:40.167267+00:00,,available,,365,,10-15 ft,,full_sun,,9b,transplant,,Deciduous tree/shrub. Edible leaves and fruit. Green (unripe) figs are culinary ingredient.,,,,{},True
3d082f2c-37ab-422a-bcad-71da0369d206,5f7e9d0f-e91b-4a78-92f9-37505fa5aa3d,"Figs, Green (Unripe)",herbs_leaves,lbs,8.0,,,,False,0,2026-04-07T10:22:37.046376+00:00,2026-05-01T04:55:40.167267+00:00,,available,,365,,10-15 ft,,full_sun,,9b,transplant,,Deciduous tree/shrub. Edible leaves and fruit. Green (unripe) figs are culinary ingredient.,,(Unripe),Green,{},True
e704a939-0821-4540-b342-fec5e79de79a,5f7e9d0f-e91b-4a78-92f9-37505fa5aa3d,Foliage,herbs_leaves,bx,20.0,,,,False,0,2026-04-07T10:22:37.237396+00:00,2026-05-01T04:55:40.167267+00:00,,available,,,,,,,,,,,,,,,{},True
e81c39b6-82fe-4505-b835-ed93e4220988,5f7e9d0f-e91b-4a78-92f9-37505fa5aa3d,Forget-Me-Nots,herbs_leaves,sm,12.0,,,,False,40,2026-04-07T06:42:52.529292+00:00,2026-05-01T04:55:40.167267+00:00,,available,,,,,,,,,,,,,,,{},True
cd527a80-68b8-45c9-b657-a2bb8e48c3b3,5f7e9d0f-e91b-4a78-92f9-37505fa5aa3d,French Sorrel,herbs_leaves,lg,15.0,,,,False,0,2026-04-07T10:22:37.620117+00:00,2026-05-01T04:55:40.167267+00:00,,available,,,,,,,,,,,,,,,{},True
bbf210fa-39a3-4ce0-9091-558f93309281,5f7e9d0f-e91b-4a78-92f9-37505fa5aa3d,French Sorrel Stems (25 ct),herbs_leaves,ea,15.0,,,,False,0,2026-04-09T14:53:54.690118+00:00,2026-05-01T04:55:40.167267+00:00,,available,,,,,,,,,,,,25 ct,,,{},True
c3916820-1dce-4d0e-a249-f47e95d54255,5f7e9d0f-e91b-4a78-92f9-37505fa5aa3d,Frilly Mustard Red/Green,herbs_leaves,lg,20.0,,,,False,170,2026-04-07T06:42:52.529292+00:00,2026-05-01T04:55:40.167267+00:00,,available,,35,1/4 in,6-8 in,,sun_part_shade,50,9b,direct_seed,,"Very fast. Succession sow. Dragons Tongue, Red Garnet, Frills varieties.",,,"Red, Green",{},True
20c89eec-afeb-4600-8a4d-ad8deff1e6ff,5f7e9d0f-e91b-4a78-92f9-37505fa5aa3d,Frilly Red Mustard Leaf - Tiny (50 ct),herbs_leaves,ea,12.0,,,,False,0,2026-04-09T14:53:58.001676+00:00,2026-05-01T04:55:40.167267+00:00,,available,,35,1/4 in,6-8 in,,sun_part_shade,50,9b,direct_seed,,"Very fast. Succession sow. Dragons Tongue, Red Garnet, Frills varieties.","Tiny, 50 ct",,Red,{},True
472aebdc-b540-4f92-b4ca-98d5d526f416,5f7e9d0f-e91b-4a78-92f9-37505fa5aa3d,Frilly Red Mustard Leaf (50 ct),herbs_leaves,ea,12.0,,,,False,0,2026-04-09T14:53:58.095042+00:00,2026-05-01T04:55:40.167267+00:00,,available,,35,1/4 in,6-8 in,,sun_part_shade,50,9b,direct_seed,,"Very fast. Succession sow. Dragons Tongue, Red Garnet, Frills varieties.",50 ct,,Red,{},True
bf1dac2d-8dd9-4c40-8b2c-7aa56ffd633d,5f7e9d0f-e91b-4a78-92f9-37505fa5aa3d,Gem Marigold Leaf (50 ct),micros_leaves,ea,15.0,,,,False,0,2026-04-09T14:53:51.65001+00:00,2026-05-01T04:55:40.167267+00:00,,available,,50,1/4 in,8-12 in,,full_sun,65,9b,both,4,Gem marigolds are best for edible flowers. Citrusy flavor.,50 ct,,,{},True
75aeb2f5-22fa-47df-95a2-21976cfb1df9,5f7e9d0f-e91b-4a78-92f9-37505fa5aa3d,Gem Marigold Leaf (Micro) (50 ct),herbs_leaves,ea,15.0,,,,False,0,2026-04-09T14:53:54.828385+00:00,2026-05-01T04:55:40.167267+00:00,,available,,50,1/4 in,8-12 in,,full_sun,65,9b,both,4,Gem marigolds are best for edible flowers. Citrusy flavor.,"Micro, 50 ct",,,{},True
aba5c0fa-7f46-4f07-9ee2-f6e7bf39bc1d,5f7e9d0f-e91b-4a78-92f9-37505fa5aa3d,"Geranium, Rose",herbs_leaves,lg,12.0,,,,False,0,2026-04-09T14:53:54.757571+00:00,2026-05-01T04:55:40.167267+00:00,,available,,,,,,,,,,,,,Rose,,{},True
faa337de-416b-4c93-bc16-3b37c4f24049,5f7e9d0f-e91b-4a78-92f9-37505fa5aa3d,Grape Leaf,herbs_leaves,lg,10.0,,,,False,0,2026-04-07T10:22:37.824166+00:00,2026-05-01T04:55:40.167267+00:00,/items/tinygrapeleaves.jpg,available,,,,,,,,,,,,,,,{},True
6b4c8cc4-4376-4ab6-9ee6-c624b72485a6,5f7e9d0f-e91b-4a78-92f9-37505fa5aa3d,"Grapefruit, Oro",herbs_leaves,lbs,4.95,,,,False,0,2026-04-07T10:22:38.035449+00:00,2026-05-01T04:55:40.167267+00:00,,available,,,,,,,,,,,,,Oro,,{},True
bfdd8bbb-5373-4e16-9c52-492471349f90,5f7e9d0f-e91b-4a78-92f9-37505fa5aa3d,"Grapes, Green",herbs_leaves,lbs,5.0,,,,False,0,2026-04-07T10:22:38.234165+00:00,2026-05-01T04:55:40.167267+00:00,,available,,,,,,,,,,,,,,Green,{},True
ffa03313-d46c-46fc-a98c-fc495db887c8,5f7e9d0f-e91b-4a78-92f9-37505fa5aa3d,"Grapes, Purple",herbs_leaves,lbs,5.0,,,,False,0,2026-04-07T10:22:38.425074+00:00,2026-05-01T04:55:40.167267+00:00,,available,,,,,,,,,,,,,,Purple,{},True
254f04b8-24d1-4501-82ab-3de9aa297e4a,5f7e9d0f-e91b-4a78-92f9-37505fa5aa3d,Green Corriander,herbs_leaves,lg,25.0,,,,False,0,2026-04-07T10:22:38.632923+00:00,2026-05-01T04:55:40.167267+00:00,,available,,,,,,,,,,,,,,Green,{},True
668f76c5-00fa-45e0-a391-ada8940fe179,5f7e9d0f-e91b-4a78-92f9-37505fa5aa3d,Green Gem - Heart Leaf (50 ct),herbs_leaves,ea,20.0,,,,False,0,2026-04-09T14:53:56.057094+00:00,2026-05-01T04:55:40.167267+00:00,,available,,,,,,,,,,,,"50 ct, Heart Leaf",,Green,{},True
cc36fcf7-866b-4539-8745-9f9cde9890bc,5f7e9d0f-e91b-4a78-92f9-37505fa5aa3d,Green Gem - Palm Size Leaf (50 ct),herbs_leaves,ea,20.0,,,,False,0,2026-04-09T14:53:56.134276+00:00,2026-05-01T04:55:40.167267+00:00,,available,,,,,,,,,,,,"50 ct, Palm Size",,Green,{},True
3748ead8-de3e-4936-a66d-9d0b2b545b70,5f7e9d0f-e91b-4a78-92f9-37505fa5aa3d,Green Romaine - Heart Leaf (50 ct),herbs_leaves,ea,20.0,,,,False,0,2026-04-09T14:53:56.211718+00:00,2026-05-01T04:55:40.167267+00:00,,available,,,,,,,,,,,,"50 ct, Heart Leaf",,Green,{},True
d738fe6a-8aae-4f9b-a997-d67179944468,5f7e9d0f-e91b-4a78-92f9-37505fa5aa3d,Green Romaine - Palm Size Leaf (50 ct),herbs_leaves,ea,20.0,,,,False,0,2026-04-09T14:53:56.291764+00:00,2026-05-01T04:55:40.167267+00:00,,available,,,,,,,,,,,,"50 ct, Palm Size",,Green,{},True
da3fa041-df6e-4d09-8877-2f105c12936c,5f7e9d0f-e91b-4a78-92f9-37505fa5aa3d,Green Walnuts,herbs_leaves,lbs,10.0,,,,False,0,2026-04-07T10:22:38.823837+00:00,2026-05-01T04:55:40.167267+00:00,/items/green-walnuts.jpg,available,,,,,,,,,,,,,,Green,{},True
c2a76342-b6cd-4037-89e3-ebfa887bbb51,5f7e9d0f-e91b-4a78-92f9-37505fa5aa3d,Ground Cherries,herbs_leaves,lg,25.0,,,,False,0,2026-04-07T10:22:39.032966+00:00,2026-05-01T04:55:40.167267+00:00,/items/farm-00773-01-goldiehusk.jpg,available,,,,,,,,,,,,,,,{},True
9e04d666-3178-44da-a5ad-75ca73a39c2b,5f7e9d0f-e91b-4a78-92f9-37505fa5aa3d,Hairy Vetch,herbs_leaves,lg,15.0,,,,False,0,2026-04-07T10:22:39.234979+00:00,2026-05-01T04:55:40.167267+00:00,,available,,,,,,,,,,,,,,,{},True
9111d6fd-f6d3-4ade-9915-bbfde0232f4b,5f7e9d0f-e91b-4a78-92f9-37505fa5aa3d,"Hairy Vetch, Flowering",flowers,lg,12.0,,,,False,0,2026-04-07T10:22:39.444248+00:00,2026-05-01T04:55:40.167267+00:00,,available,,,,,,,,,,,,,Flowering,,{},True
b8e32f9a-56c0-4915-9d71-413234d11bff,5f7e9d0f-e91b-4a78-92f9-37505fa5aa3d,Hakurei Turnip,fruit_veg,lg,25.0,,,,False,0,2026-04-07T10:22:19.840718+00:00,2026-05-01T04:55:40.167267+00:00,/items/hakureibaby.jpg,available,,35,1/4 in,4-6 in,,full_sun,50,9b,direct_seed,,Cool-season. Hakurei is fast (35 days). Edible roots and greens.,,,,{},True
1319b9ad-0c60-4137-9117-9f6bcd77f1ac,5f7e9d0f-e91b-4a78-92f9-37505fa5aa3d,Hakuri Turnips,fruit_veg,ea,1.0,,,,False,0,2026-04-13T08:59:00.504283+00:00,2026-05-01T04:55:40.167267+00:00,,available,,,,,,,,,,,,,,,{},True
c19c0355-5119-46a4-956d-310776ade079,5f7e9d0f-e91b-4a78-92f9-37505fa5aa3d,"Hibiscus, Bulbs",herbs_leaves,lg,15.0,,,,False,0,2026-04-07T10:22:39.658395+00:00,2026-05-01T04:55:40.167267+00:00,,available,,,,,,,,,,,,,Bulbs,,{},True
fffc7b60-42d2-4f14-831e-1a4e4d71e26d,5f7e9d0f-e91b-4a78-92f9-37505fa5aa3d,"Hisbiscus Leaf, Red - 1 inch (50 ct)",herbs_leaves,ea,15.0,,,,False,0,2026-04-07T10:22:39.853983+00:00,2026-05-01T04:55:40.167267+00:00,,available,,,,,,,,,,,,"50 ct, 1 inch",- 1 inch (50 ct),Red,{},True
5f1621cc-8a4c-4563-88bf-daffe78af0ff,5f7e9d0f-e91b-4a78-92f9-37505fa5aa3d,"Hisbiscus Leaf, Red - 2 inch (50 ct)",herbs_leaves,lg,15.0,,,,False,0,2026-04-07T10:22:40.05799+00:00,2026-05-01T04:55:40.167267+00:00,/items/hibiscusleaves.jpg,available,,,,,,,,,,,,"50 ct, 2 inch",- 2 inch (50 ct),Red,{},True
148e5b83-9381-443e-9afd-b6991092c090,5f7e9d0f-e91b-4a78-92f9-37505fa5aa3d,Huacatay (Peruvian Black Mint),herbs_leaves,lg,15.0,,,,False,0,2026-04-07T10:22:40.262822+00:00,2026-05-01T04:55:40.167267+00:00,/items/huacatay.jpg,available,,60,surface,18-24 in,,sun_part_shade,60,9b,transplant,,Perennial. Very invasive — grow in containers. Harvest tips regularly.,,,Black,{},True
b2d63f78-299d-4331-911f-a96c4941df55,5f7e9d0f-e91b-4a78-92f9-37505fa5aa3d,Ice Plant,herbs_leaves,lg,15.0,,,,False,0,2026-04-07T10:22:40.453244+00:00,2026-05-01T04:55:40.167267+00:00,/items/iceplant.jpg,available,,,,,,,,,,,,,,,{},True
06f3c06f-0fee-48b6-af1d-2f1e6d9ac65e,5f7e9d0f-e91b-4a78-92f9-37505fa5aa3d,Iceplant (50 ct),herbs_leaves,lg,15.0,,,,False,0,2026-04-07T10:22:40.761407+00:00,2026-05-01T04:55:40.167267+00:00,/items/iceplant-capers.jpg,available,,,,,,,,,,,,50 ct,,,{},True
25992891-0940-467e-8aa4-4a02bb64c2f8,5f7e9d0f-e91b-4a78-92f9-37505fa5aa3d,Jewels of Opar,herbs_leaves,lg,15.0,,,,False,0,2026-04-07T10:22:40.948824+00:00,2026-05-01T04:55:40.167267+00:00,,available,,,,,,,,,,,,,,,{},True
0e124df5-de3e-4013-a192-423ea8975de4,5f7e9d0f-e91b-4a78-92f9-37505fa5aa3d,Kale Ethiopian,herbs_leaves,lg,20.0,,,,False,210,2026-04-07T06:42:52.529292+00:00,2026-05-01T04:55:40.167267+00:00,,available,,55,1/4-1/2 in,12-18 in,,full_sun,55,9b,both,4,Cool-season brassica. Harvest outer leaves. Flavor improves after frost.,,,,{},True
04912bb8-8ae3-47d1-b26e-21cc9c673432,5f7e9d0f-e91b-4a78-92f9-37505fa5aa3d,Kale Flowering,herbs_leaves,lg,20.0,,,,False,220,2026-04-07T06:42:52.529292+00:00,2026-05-01T04:55:40.167267+00:00,,available,,55,1/4-1/2 in,12-18 in,,full_sun,55,9b,both,4,Cool-season brassica. Harvest outer leaves. Flavor improves after frost.,,,,{},True
71b1d585-5919-4a6a-9676-9869a51fec0e,5f7e9d0f-e91b-4a78-92f9-37505fa5aa3d,Kale Mix - Heart Leaf (50 ct),herbs_leaves,ea,18.0,,,,False,0,2026-04-09T14:53:55.91729+00:00,2026-05-01T04:55:40.167267+00:00,,available,,55,1/4-1/2 in,12-18 in,,full_sun,55,9b,both,4,Cool-season brassica. Harvest outer leaves. Flavor improves after frost.,"50 ct, Heart Leaf",,,{},True
2ce5e1a4-8597-4d64-addc-651953a7a868,5f7e9d0f-e91b-4a78-92f9-37505fa5aa3d,Kale Red/Green,kits,lg,20.0,,,,False,400,2026-04-07T06:42:52.529292+00:00,2026-05-01T04:55:40.167267+00:00,,available,,55,1/4-1/2 in,12-18 in,,full_sun,55,9b,both,4,Cool-season brassica. Harvest outer leaves. Flavor improves after frost.,,,"Red, Green",{},True
07facaef-e20c-417b-9419-6486f1ac9071,5f7e9d0f-e91b-4a78-92f9-37505fa5aa3d,"Kale, Ethiopian",fruit_veg,lg,20.0,,,,False,0,2026-04-07T10:22:41.154397+00:00,2026-05-01T04:55:40.167267+00:00,,available,,55,1/4-1/2 in,12-18 in,,full_sun,55,9b,both,4,Cool-season brassica. Harvest outer leaves. Flavor improves after frost.,,Ethiopian,,{},True
27133740-8739-4086-b026-370f41fedf92,5f7e9d0f-e91b-4a78-92f9-37505fa5aa3d,"Kale, Flowering",flowers,lg,20.0,,,,False,0,2026-04-07T10:22:41.357496+00:00,2026-05-01T04:55:40.167267+00:00,/items/ornamental-kalemix.jpg,available,,55,1/4-1/2 in,12-18 in,,full_sun,55,9b,both,4,Cool-season brassica. Harvest outer leaves. Flavor improves after frost.,,Flowering,,{},True
60ee9721-045f-41c3-91e8-d4c34e5d7175,5f7e9d0f-e91b-4a78-92f9-37505fa5aa3d,"Kale, Mix",fruit_veg,lg,20.0,,,,False,0,2026-04-07T10:22:41.56463+00:00,2026-05-01T04:55:40.167267+00:00,/items/kale.jpg,available,,55,1/4-1/2 in,12-18 in,,full_sun,55,9b,both,4,Cool-season brassica. Harvest outer leaves. Flavor improves after frost.,,,,{},True
2d181b74-593a-452f-8b74-3505e6766893,5f7e9d0f-e91b-4a78-92f9-37505fa5aa3d,"Kale, Ornamental Leaf, Mixed (50 ct)",herbs_leaves,ea,20.0,,,,False,0,2026-04-09T14:53:55.989795+00:00,2026-05-01T04:55:40.167267+00:00,,available,,55,1/4-1/2 in,12-18 in,,full_sun,55,9b,both,4,Cool-season brassica. Harvest outer leaves. Flavor improves after frost.,50 ct,Ornamental Leaf,Mixed,{},True
b026bfc6-eef8-4751-abbe-82fd7c107473,5f7e9d0f-e91b-4a78-92f9-37505fa5aa3d,"Kale, Ornamental Leaf, Mixed Colors (50 ct)",herbs_leaves,ea,20.0,,,,False,0,2026-04-09T14:53:57.420183+00:00,2026-05-01T04:55:40.167267+00:00,,available,,55,1/4-1/2 in,12-18 in,,full_sun,55,9b,both,4,Cool-season brassica. Harvest outer leaves. Flavor improves after frost.,50 ct,Ornamental Leaf,Mixed,{},True
f466852a-ef7b-4013-ac24-d40b4c4cf55b,5f7e9d0f-e91b-4a78-92f9-37505fa5aa3d,"Kale, Ornamental Raab, Mixed Colors (50 ct)",herbs_leaves,ea,20.0,,,,False,0,2026-04-09T14:53:57.345697+00:00,2026-05-01T04:55:40.167267+00:00,,available,,55,1/4-1/2 in,12-18 in,,full_sun,55,9b,both,4,Cool-season brassica. Harvest outer leaves. Flavor improves after frost.,50 ct,Ornamental Raab,Mixed,{},True
7f6dd06a-83e0-4750-b802-b1f90cefa97f,5f7e9d0f-e91b-4a78-92f9-37505fa5aa3d,"Kale, Red",fruit_veg,lg,20.0,,,,False,0,2026-04-07T10:22:41.764919+00:00,2026-05-01T04:55:40.167267+00:00,,available,,55,1/4-1/2 in,12-18 in,,full_sun,55,9b,both,4,Cool-season brassica. Harvest outer leaves. Flavor improves after frost.,,,Red,{},True
ad7462a1-5295-4da0-81b8-fad9eb82b0e0,5f7e9d0f-e91b-4a78-92f9-37505fa5aa3d,"Kale, Tuscan",micros_leaves,lg,15.0,,,,False,0,2026-04-09T14:53:51.486235+00:00,2026-05-01T04:55:40.167267+00:00,,available,,55,1/4-1/2 in,12-18 in,,full_sun,55,9b,both,4,Cool-season brassica. Harvest outer leaves. Flavor improves after frost.,,Tuscan,,{},True
e2ab0523-b78f-41b9-a50b-d55445e1c544,5f7e9d0f-e91b-4a78-92f9-37505fa5aa3d,"Kalettes, Ornamental, Mixed Colors (50 ct)",herbs_leaves,ea,20.0,,,,False,0,2026-04-09T14:53:57.489948+00:00,2026-05-01T04:55:40.167267+00:00,,available,,55,1/4-1/2 in,12-18 in,,full_sun,55,9b,both,4,Cool-season brassica. Harvest outer leaves. Flavor improves after frost.,50 ct,Ornamental,Mixed,{},True
05f66656-45df-4cb0-bf70-229ad1938df6,5f7e9d0f-e91b-4a78-92f9-37505fa5aa3d,Kumquat Branches,herbs_leaves,lg,20.0,,,,False,0,2026-04-07T10:22:41.958392+00:00,2026-05-01T04:55:40.167267+00:00,,available,,,,,,,,,,,,,,,{},True
ae35edf7-0f5f-42cb-b1da-7ab6b187d19d,5f7e9d0f-e91b-4a78-92f9-37505fa5aa3d,"Kumquat, Leaves",herbs_leaves,lg,15.0,,,,False,0,2026-04-07T10:22:42.147093+00:00,2026-05-01T04:55:40.167267+00:00,,available,,,,,,,,,,,,,,,{},True
c1a8700d-9fe7-4842-97e2-84acd9d975b3,5f7e9d0f-e91b-4a78-92f9-37505fa5aa3d,"Lavender, Purple",herbs_leaves,ea,0.1,,,,False,0,2026-04-07T10:22:42.34251+00:00,2026-05-01T04:55:40.167267+00:00,,available,,,,,,,,,,,,,,Purple,{},True
d2d10fe8-69a3-4554-89d2-dedf9ea06203,5f7e9d0f-e91b-4a78-92f9-37505fa5aa3d,Lemon Balm,herbs_leaves,lg,10.0,,,,False,0,2026-04-07T10:22:42.542034+00:00,2026-05-01T04:55:40.167267+00:00,,available,,70,surface,12-18 in,,sun_part_shade,60,9b,transplant,6,Perennial. Spreads vigorously. Harvest before flowering for best flavor.,,,,{},True
c57fbfb5-1ed2-4e98-9b48-c9b6b97c44bd,5f7e9d0f-e91b-4a78-92f9-37505fa5aa3d,"Lettuce, Little Gem, Green",herbs_leaves,ea,2.0,,,,False,0,2026-04-09T14:53:56.908664+00:00,2026-05-01T04:55:40.167267+00:00,,available,,45,1/8-1/4 in,6-12 in,,sun_part_shade,45,9b,both,4,"Cool-season. Succession sow every 2 weeks. Bolts in heat. Many types: gem, butterhead, romaine.",,Little Gem,Green,{},True
1c0ec68f-ce08-4e5e-b4ed-3ce89f333f42,5f7e9d0f-e91b-4a78-92f9-37505fa5aa3d,"Lettuce, Little Gem, Red",herbs_leaves,ea,2.0,,,,False,0,2026-04-09T14:53:56.978864+00:00,2026-05-01T04:55:40.167267+00:00,,available,,45,1/8-1/4 in,6-12 in,,sun_part_shade,45,9b,both,4,"Cool-season. Succession sow every 2 weeks. Bolts in heat. Many types: gem, butterhead, romaine.",,Little Gem,Red,{},True
d08761e2-5788-4a05-b0c0-5cb25f8a6403,5f7e9d0f-e91b-4a78-92f9-37505fa5aa3d,"Lettuce, Mini Butterhead, Green",herbs_leaves,ea,2.0,,,,False,0,2026-04-09T14:53:57.053557+00:00,2026-05-01T04:55:40.167267+00:00,,available,,45,1/8-1/4 in,6-12 in,,sun_part_shade,45,9b,both,4,"Cool-season. Succession sow every 2 weeks. Bolts in heat. Many types: gem, butterhead, romaine.",Mini,Butterhead,Green,{},True
4f4e920c-2cf6-4d2e-bd9b-e81927d9a495,5f7e9d0f-e91b-4a78-92f9-37505fa5aa3d,"Lettuce, Salanova",fruit_veg,ea,5.0,,,,False,0,2026-04-07T10:22:42.741745+00:00,2026-05-01T04:55:40.167267+00:00,/items/frisee.jpg,available,,45,1/8-1/4 in,6-12 in,,sun_part_shade,45,9b,both,4,"Cool-season. Succession sow every 2 weeks. Bolts in heat. Many types: gem, butterhead, romaine.",,Salanova,,{},True
834fd3ad-e3e0-411e-92e5-79b1e68a34d9,5f7e9d0f-e91b-4a78-92f9-37505fa5aa3d,Lovage (50 ct),micros_leaves,ea,12.0,,,,False,0,2026-04-09T14:53:51.566811+00:00,2026-05-01T04:55:40.167267+00:00,,available,,,,,,,,,,,,50 ct,,,{},True
fe837eeb-c43f-4324-9484-e363c26f5829,5f7e9d0f-e91b-4a78-92f9-37505fa5aa3d,Malabar Flower,flowers,ea,15.0,,,,False,0,2026-04-07T10:22:42.944367+00:00,2026-05-01T04:55:40.167267+00:00,,available,,,,,,,,,,,,,,,{},True
5e50859d-1508-4fb1-84a9-adeef4b333ff,5f7e9d0f-e91b-4a78-92f9-37505fa5aa3d,Malabar Tendril (50 ct),micros_leaves,sm,15.0,,,,False,0,2026-04-07T10:22:43.145919+00:00,2026-05-01T04:55:40.167267+00:00,/items/malabar-tendril.jpg,available,,,,,,,,,,,,50 ct,,,{},True
cb8885fa-21df-4a06-9dcc-911e9c6c474d,5f7e9d0f-e91b-4a78-92f9-37505fa5aa3d,"Marigold, Flower",flowers,sm,15.0,,,,False,0,2026-04-07T10:22:43.353612+00:00,2026-05-01T04:55:40.167267+00:00,,available,,50,1/4 in,8-12 in,,full_sun,65,9b,both,4,Gem marigolds are best for edible flowers. Citrusy flavor.,,,,{},True
90df21cf-925e-4fb0-85eb-9ee42c1a1449,5f7e9d0f-e91b-4a78-92f9-37505fa5aa3d,"Marigold, French",flowers,sm,10.0,,,,False,0,2026-04-07T10:22:43.545553+00:00,2026-05-01T04:55:40.167267+00:00,/items/french-marigold.jpg,available,,50,1/4 in,8-12 in,,full_sun,65,9b,both,4,Gem marigolds are best for edible flowers. Citrusy flavor.,,French,,{},True
09dd43ee-5456-4692-9016-433d77d3b6cb,5f7e9d0f-e91b-4a78-92f9-37505fa5aa3d,"Marigold, Gem",flowers,sm,15.0,,,,False,0,2026-04-07T10:22:43.75082+00:00,2026-05-01T04:55:40.167267+00:00,/items/gemmarigold.jpg,available,,50,1/4 in,8-12 in,,full_sun,65,9b,both,4,Gem marigolds are best for edible flowers. Citrusy flavor.,,Gem,,{},True
e617222f-90ba-4246-b04a-f3c5e9fe0529,5f7e9d0f-e91b-4a78-92f9-37505fa5aa3d,"Marigold, Gem (50 ct)",flowers,ea,12.0,,,,False,0,2026-04-09T14:53:49.297617+00:00,2026-05-01T04:55:40.167267+00:00,,available,,50,1/4 in,8-12 in,,full_sun,65,9b,both,4,Gem marigolds are best for edible flowers. Citrusy flavor.,50 ct,Gem (50 ct),,{},True
c34f7e2a-f610-4e56-847b-495bf4739360,5f7e9d0f-e91b-4a78-92f9-37505fa5aa3d,"Marigold, Leaf",flowers,sm,12.0,,,,False,0,2026-04-07T10:22:43.94694+00:00,2026-05-01T04:55:40.167267+00:00,/items/gemmarigoldleaf.jpg,available,,50,1/4 in,8-12 in,,full_sun,65,9b,both,4,Gem marigolds are best for edible flowers. Citrusy flavor.,,,,{},True
07a79088-9fa0-477d-b4e2-42c943951872,5f7e9d0f-e91b-4a78-92f9-37505fa5aa3d,"Marigold, Mexican Mint",flowers,sm,10.0,,,,False,0,2026-04-07T10:22:44.152981+00:00,2026-05-01T04:55:40.167267+00:00,/items/farm-marigold-sweet-mace-or-mexican-mint-lss-dsc-4872-850x850.jpg,available,,50,1/4 in,8-12 in,,full_sun,65,9b,both,4,Gem marigolds are best for edible flowers. Citrusy flavor.,,Mexican Mint,,{},True
f95b7a6f-37f8-4de1-9fdc-7ac2ef7d7af4,5f7e9d0f-e91b-4a78-92f9-37505fa5aa3d,"Marigold, Puffball",flowers,lg,12.0,,,,False,0,2026-04-07T10:22:44.356944+00:00,2026-05-01T04:55:40.167267+00:00,/items/farm-01821-01-durangooutback.jpg,available,,50,1/4 in,8-12 in,,full_sun,65,9b,both,4,Gem marigolds are best for edible flowers. Citrusy flavor.,,Puffball,,{},True
4e67157b-7aca-400e-b55c-0bc10087721c,5f7e9d0f-e91b-4a78-92f9-37505fa5aa3d,Marjoram (Purple),herbs_leaves,sm,10.0,,,,False,0,2026-04-07T10:22:44.561847+00:00,2026-05-01T04:55:40.167267+00:00,/items/marjoramflower.jpg,available,,,,,,,,,,,,,,Purple,{},True
4261d2fb-71d3-4a3f-a3a2-ae6a3306afd6,5f7e9d0f-e91b-4a78-92f9-37505fa5aa3d,Milkweed,herbs_leaves,ea,1.0,,,,False,0,2026-04-07T10:22:44.759641+00:00,2026-05-01T04:55:40.167267+00:00,,available,,,,,,,,,,,,,,,{},True
cce17ece-976b-4312-8212-c63feb877194,5f7e9d0f-e91b-4a78-92f9-37505fa5aa3d,Miner's Lettuce,micros_leaves,ea,0.1,,,,False,0,2026-04-13T08:58:58.808601+00:00,2026-05-01T04:55:40.167267+00:00,,available,,,,,,,,,,,,,,,{},True
4ced9319-ef22-4afb-8131-15662b65ef52,5f7e9d0f-e91b-4a78-92f9-37505fa5aa3d,Miners Lettuce,fruit_veg,lg,10.0,,,,False,230,2026-04-07T06:42:52.529292+00:00,2026-05-01T04:55:40.167267+00:00,/items/minerscups.jpg,available,,45,1/8-1/4 in,6-12 in,,sun_part_shade,45,9b,both,4,"Cool-season. Succession sow every 2 weeks. Bolts in heat. Many types: gem, butterhead, romaine.",,,,{},True
7fd3cd92-6b83-4888-b0b5-3474f3e21904,5f7e9d0f-e91b-4a78-92f9-37505fa5aa3d,"Miners Lettuce Cups, Large (50 ct)",herbs_leaves,ea,20.0,,,,False,0,2026-04-09T14:53:53.100323+00:00,2026-05-01T04:55:40.167267+00:00,,available,,45,1/8-1/4 in,6-12 in,,sun_part_shade,45,9b,both,4,"Cool-season. Succession sow every 2 weeks. Bolts in heat. Many types: gem, butterhead, romaine.","Large, 50 ct",(50 ct),,{},True
5141ea5f-0740-4a1c-a517-c21f73bd6986,5f7e9d0f-e91b-4a78-92f9-37505fa5aa3d,"Miners Lettuce Cups, Small (50 ct)",herbs_leaves,ea,20.0,,,,False,0,2026-04-09T14:53:53.019999+00:00,2026-05-01T04:55:40.167267+00:00,,available,,45,1/8-1/4 in,6-12 in,,sun_part_shade,45,9b,both,4,"Cool-season. Succession sow every 2 weeks. Bolts in heat. Many types: gem, butterhead, romaine.","Small, 50 ct",(50 ct),,{},True
8db30369-f76c-4629-a6d6-a2a50959835a,5f7e9d0f-e91b-4a78-92f9-37505fa5aa3d,"Miners Lettuce Spades, Tiny (50 ct)",herbs_leaves,ea,15.0,,,,False,0,2026-04-09T14:53:52.9522+00:00,2026-05-01T04:55:40.167267+00:00,,available,,45,1/8-1/4 in,6-12 in,,sun_part_shade,45,9b,both,4,"Cool-season. Succession sow every 2 weeks. Bolts in heat. Many types: gem, butterhead, romaine.","Tiny, 50 ct",(50 ct),,{},True
e24c0340-b8f8-40e6-8346-fedd8d255826,5f7e9d0f-e91b-4a78-92f9-37505fa5aa3d,Miners Lettuce Spades/Cups (50 ct),herbs_leaves,ea,15.0,,,,False,0,2026-04-09T14:53:52.881223+00:00,2026-05-01T04:55:40.167267+00:00,,available,,45,1/8-1/4 in,6-12 in,,sun_part_shade,45,9b,both,4,"Cool-season. Succession sow every 2 weeks. Bolts in heat. Many types: gem, butterhead, romaine.",50 ct,,,{},True
e4368078-2f9e-44f5-bafe-48f8b1fa741f,5f7e9d0f-e91b-4a78-92f9-37505fa5aa3d,Mint Chocolate,herbs_leaves,lg,15.0,,,,False,250,2026-04-07T06:42:52.529292+00:00,2026-05-01T04:55:40.167267+00:00,,available,,60,surface,18-24 in,,sun_part_shade,60,9b,transplant,,Perennial. Very invasive — grow in containers. Harvest tips regularly.,,,,{},True
405a5d42-18bf-4fed-9975-efc1f85edb15,5f7e9d0f-e91b-4a78-92f9-37505fa5aa3d,Mint Japanese,herbs_leaves,lg,10.0,,,,False,290,2026-04-07T06:42:52.529292+00:00,2026-05-01T04:55:40.167267+00:00,,available,,60,surface,18-24 in,,sun_part_shade,60,9b,transplant,,Perennial. Very invasive — grow in containers. Harvest tips regularly.,,,,{},True
f6145d14-6ea4-47b8-b171-5485403ce4a8,5f7e9d0f-e91b-4a78-92f9-37505fa5aa3d,Mint Pineapple,herbs_leaves,lg,10.0,,,,False,270,2026-04-07T06:42:52.529292+00:00,2026-05-01T04:55:40.167267+00:00,,available,,60,surface,18-24 in,,sun_part_shade,60,9b,transplant,,Perennial. Very invasive — grow in containers. Harvest tips regularly.,,,,{},True
6176833b-8baf-4d60-84c7-6e2546e070c0,5f7e9d0f-e91b-4a78-92f9-37505fa5aa3d,Mint Spearmint,herbs_leaves,lg,10.0,,,,False,260,2026-04-07T06:42:52.529292+00:00,2026-05-01T04:55:40.167267+00:00,,available,,60,surface,18-24 in,,sun_part_shade,60,9b,transplant,,Perennial. Very invasive — grow in containers. Harvest tips regularly.,,,,{},True
d37629f0-f0aa-401f-931d-d6af6da3b86c,5f7e9d0f-e91b-4a78-92f9-37505fa5aa3d,Mint Strawberry,herbs_leaves,lg,15.0,,,,False,280,2026-04-07T06:42:52.529292+00:00,2026-05-01T04:55:40.167267+00:00,,available,,60,surface,18-24 in,,sun_part_shade,60,9b,transplant,,Perennial. Very invasive — grow in containers. Harvest tips regularly.,,,,{},True
b9b71f11-fb3e-4476-8b78-7404bdae5973,5f7e9d0f-e91b-4a78-92f9-37505fa5aa3d,"Mint Tips, Mixed (50 ct)",herbs_leaves,ea,10.0,,,,False,0,2026-04-09T14:53:55.031482+00:00,2026-05-01T04:55:40.167267+00:00,,available,,60,surface,18-24 in,,sun_part_shade,60,9b,transplant,,Perennial. Very invasive — grow in containers. Harvest tips regularly.,50 ct,(50 ct),Mixed,{},True
269969e8-9b32-48b2-ad34-e9eb10892aa0,5f7e9d0f-e91b-4a78-92f9-37505fa5aa3d,"Mint Tips, Strawberry (50 ct)",herbs_leaves,ea,10.0,,,,False,0,2026-04-09T14:53:54.966507+00:00,2026-05-01T04:55:40.167267+00:00,,available,,60,surface,18-24 in,,sun_part_shade,60,9b,transplant,,Perennial. Very invasive — grow in containers. Harvest tips regularly.,50 ct,Strawberry (50 ct),,{},True
05bf9d69-e5d2-48cb-9592-6325e9b0cb39,5f7e9d0f-e91b-4a78-92f9-37505fa5aa3d,"Mint, Chocolate",herbs_leaves,lg,15.0,,,,False,0,2026-04-07T10:22:45.157515+00:00,2026-05-01T04:55:40.167267+00:00,,available,,60,surface,18-24 in,,sun_part_shade,60,9b,transplant,,Perennial. Very invasive — grow in containers. Harvest tips regularly.,,Chocolate,,{},True
932a215a-a3c9-4327-8839-53e7802676c2,5f7e9d0f-e91b-4a78-92f9-37505fa5aa3d,"Mint, Japanese",herbs_leaves,lg,10.0,,,,False,0,2026-04-07T10:22:45.34873+00:00,2026-05-01T04:55:40.167267+00:00,,available,,60,surface,18-24 in,,sun_part_shade,60,9b,transplant,,Perennial. Very invasive — grow in containers. Harvest tips regularly.,,Japanese,,{},True
11be587c-f07a-4b41-94bc-757516dda887,5f7e9d0f-e91b-4a78-92f9-37505fa5aa3d,"Mint, Peruvian",herbs_leaves,lg,10.0,,,,False,0,2026-04-07T10:22:45.580245+00:00,2026-05-01T04:55:40.167267+00:00,,available,,60,surface,18-24 in,,sun_part_shade,60,9b,transplant,,Perennial. Very invasive — grow in containers. Harvest tips regularly.,,Peruvian,,{},True
8ee929fd-00ee-4ed8-9cc5-1bac874eb3d3,5f7e9d0f-e91b-4a78-92f9-37505fa5aa3d,"Mint, Pineapple",herbs_leaves,lg,10.0,,,,False,0,2026-04-07T10:22:45.79314+00:00,2026-05-01T04:55:40.167267+00:00,,available,,60,surface,18-24 in,,sun_part_shade,60,9b,transplant,,Perennial. Very invasive — grow in containers. Harvest tips regularly.,,Pineapple,,{},True
3c8b8fbc-4f9e-4953-a4bd-37799b337807,5f7e9d0f-e91b-4a78-92f9-37505fa5aa3d,"Mint, Spearmint",herbs_leaves,lg,10.0,,,,False,0,2026-04-07T10:22:46.005242+00:00,2026-05-01T04:55:40.167267+00:00,,available,,60,surface,18-24 in,,sun_part_shade,60,9b,transplant,,Perennial. Very invasive — grow in containers. Harvest tips regularly.,,Spearmint,,{},True
28a2c4c0-22bf-4592-a7e7-88fd299fd33c,5f7e9d0f-e91b-4a78-92f9-37505fa5aa3d,"Mint, Strawberry",herbs_leaves,lg,15.0,,,,False,0,2026-04-07T10:22:46.199033+00:00,2026-05-01T04:55:40.167267+00:00,,available,,60,surface,18-24 in,,sun_part_shade,60,9b,transplant,,Perennial. Very invasive — grow in containers. Harvest tips regularly.,,Strawberry,,{},True
a65f4504-ba08-4da1-82ee-339201545673,5f7e9d0f-e91b-4a78-92f9-37505fa5aa3d,"Mint, Tips",herbs_leaves,sm,10.0,,,,False,0,2026-04-07T10:22:46.412147+00:00,2026-05-01T04:55:40.167267+00:00,,available,,60,surface,18-24 in,,sun_part_shade,60,9b,transplant,,Perennial. Very invasive — grow in containers. Harvest tips regularly.,,,,{},True
3827a1e9-8eb7-4bcc-8fe4-a96d02378b92,5f7e9d0f-e91b-4a78-92f9-37505fa5aa3d,Mixed Raabs (50 ct),herbs_leaves,ea,20.0,,,,False,0,2026-04-09T14:53:57.129141+00:00,2026-05-01T04:55:40.167267+00:00,,available,,,,,,,,,,,,50 ct,,Mixed,{},True
7ccef569-6034-454f-bc79-4368995ec492,5f7e9d0f-e91b-4a78-92f9-37505fa5aa3d,Mizuna,herbs_leaves,lg,15.0,,,,False,0,2026-04-07T10:22:46.61338+00:00,2026-05-01T04:55:40.167267+00:00,,available,,40,1/4 in,6-8 in,,sun_part_shade,50,9b,direct_seed,,Japanese mustard green. Fast growing. Mild peppery flavor. Cut-and-come-again.,,,,{},True
bc40e179-aea5-4151-92b0-fe927c84fba3,5f7e9d0f-e91b-4a78-92f9-37505fa5aa3d,"Mulberries, All Stages",herbs_leaves,lg,40.0,,,,False,0,2026-04-07T10:22:46.803177+00:00,2026-05-01T04:55:40.167267+00:00,/items/mulberriesallstages.jpg,available,,,,,,,,,,,,,All Stages,,{},True
f78aa6c9-4936-4695-8e1f-26ab48dbab93,5f7e9d0f-e91b-4a78-92f9-37505fa5aa3d,"Mulberries, Ripe",herbs_leaves,sm,10.0,,,,False,0,2026-04-07T10:22:46.990389+00:00,2026-05-01T04:55:40.167267+00:00,/items/mulberry.jpg,available,,,,,,,,,,,,,Ripe,,{},True
96989aa8-bb4c-456d-8bb4-605939db7a97,5f7e9d0f-e91b-4a78-92f9-37505fa5aa3d,"Mulberries, Unripe",herbs_leaves,sm,10.0,,,,False,0,2026-04-07T10:22:47.187101+00:00,2026-05-01T04:55:40.167267+00:00,,available,,,,,,,,,,,,,Unripe,,{},True
99c52faa-b4fb-4403-a8c5-4880bc5d3691,5f7e9d0f-e91b-4a78-92f9-37505fa5aa3d,Mulberry Leaf (25 ct),herbs_leaves,ea,10.0,,,,False,0,2026-04-09T14:53:54.40052+00:00,2026-05-01T04:55:40.167267+00:00,,available,,,,,,,,,,,,25 ct,,,{},True
dff21156-fd38-405e-a857-e7ad8bffa7f5,5f7e9d0f-e91b-4a78-92f9-37505fa5aa3d,Mustard Flower,flowers,lg,20.0,,,,False,20,2026-04-07T06:42:52.529292+00:00,2026-05-01T04:55:40.167267+00:00,,available,,35,1/4 in,6-8 in,,sun_part_shade,50,9b,direct_seed,,"Very fast. Succession sow. Dragons Tongue, Red Garnet, Frills varieties.",,,,{},True
6e9d3e1b-8ead-4256-9d06-c0324b42f5ab,5f7e9d0f-e91b-4a78-92f9-37505fa5aa3d,Mustard Flower - Limited,flowers,qt,15.0,,,,False,0,2026-04-09T14:53:49.373755+00:00,2026-05-01T04:55:40.167267+00:00,,available,,35,1/4 in,6-8 in,,sun_part_shade,50,9b,direct_seed,,"Very fast. Succession sow. Dragons Tongue, Red Garnet, Frills varieties.",,,,{},True
111ca1c2-8e31-471a-bae3-0da35ce73b81,5f7e9d0f-e91b-4a78-92f9-37505fa5aa3d,Mustard Greens,herbs_leaves,lg,12.0,,,,False,240,2026-04-07T06:42:52.529292+00:00,2026-05-01T04:55:40.167267+00:00,,available,,35,1/4 in,6-8 in,,sun_part_shade,50,9b,direct_seed,,"Very fast. Succession sow. Dragons Tongue, Red Garnet, Frills varieties.",,,,{},True
d4827392-69e6-4ecd-838d-fc9e8ce847cf,5f7e9d0f-e91b-4a78-92f9-37505fa5aa3d,Mustard Mix,herbs_leaves,lg,12.0,,,,False,0,2026-04-07T10:22:47.389183+00:00,2026-05-01T04:55:40.167267+00:00,/items/mustardmixmicro.jpg,available,,35,1/4 in,6-8 in,,sun_part_shade,50,9b,direct_seed,,"Very fast. Succession sow. Dragons Tongue, Red Garnet, Frills varieties.",,,,{},True
69393448-7532-4c5c-afd9-f21c8a87c021,5f7e9d0f-e91b-4a78-92f9-37505fa5aa3d,Mustard Red Tatsoi,kits,lg,20.0,,,,False,410,2026-04-07T06:42:52.529292+00:00,2026-05-01T04:55:40.167267+00:00,/items/red-choy.jpg,available,,35,1/4 in,6-8 in,,sun_part_shade,50,9b,direct_seed,,"Very fast. Succession sow. Dragons Tongue, Red Garnet, Frills varieties.",,,Red,{},True
38fcc94f-ba33-46f6-a1bb-3204823e9cb8,5f7e9d0f-e91b-4a78-92f9-37505fa5aa3d,"Mustard, Dragons Tongue",micros_leaves,lg,12.0,,,,False,0,2026-04-09T14:53:51.727192+00:00,2026-05-01T04:55:40.167267+00:00,,available,,35,1/4 in,6-8 in,,sun_part_shade,50,9b,direct_seed,,"Very fast. Succession sow. Dragons Tongue, Red Garnet, Frills varieties.",,Dragons Tongue,,{},True
04cc3ab8-f1fa-4e6c-a4aa-9a4d53f1dc53,5f7e9d0f-e91b-4a78-92f9-37505fa5aa3d,"Mustard, Flower",flowers,lg,20.0,,,,False,0,2026-04-07T10:22:47.583462+00:00,2026-05-01T04:55:40.167267+00:00,/items/mustardflower.jpg,available,,35,1/4 in,6-8 in,,sun_part_shade,50,9b,direct_seed,,"Very fast. Succession sow. Dragons Tongue, Red Garnet, Frills varieties.",,,,{},True
56f75098-ef8d-4fde-86e8-fbfa21bd8964,5f7e9d0f-e91b-4a78-92f9-37505fa5aa3d,"Mustard, Frills, Red/Green",herbs_leaves,lg,20.0,,,,False,0,2026-04-07T10:22:47.787813+00:00,2026-05-01T04:55:40.167267+00:00,,available,,35,1/4 in,6-8 in,,sun_part_shade,50,9b,direct_seed,,"Very fast. Succession sow. Dragons Tongue, Red Garnet, Frills varieties.",,Frills,"Red, Green",{},True
b0c6ac67-3d61-415c-8d9a-8683b6ea618d,5f7e9d0f-e91b-4a78-92f9-37505fa5aa3d,"Mustard, Leaves, Large",herbs_leaves,lbs,8.0,,,,False,0,2026-04-07T10:22:47.986239+00:00,2026-05-01T04:55:40.167267+00:00,,available,,35,1/4 in,6-8 in,,sun_part_shade,50,9b,direct_seed,,"Very fast. Succession sow. Dragons Tongue, Red Garnet, Frills varieties.",Large,,,{},True
1112445f-aba5-4629-b399-08d2c0baf4f8,5f7e9d0f-e91b-4a78-92f9-37505fa5aa3d,"Mustard, Small, Red Garnet",herbs_leaves,lg,20.0,,,,False,0,2026-04-07T10:22:48.196259+00:00,2026-05-01T04:55:40.167267+00:00,,available,,35,1/4 in,6-8 in,,sun_part_shade,50,9b,direct_seed,,"Very fast. Succession sow. Dragons Tongue, Red Garnet, Frills varieties.",Small,,Red,{},True
9b9060f3-6432-46c9-a091-a3d8e9560bb2,5f7e9d0f-e91b-4a78-92f9-37505fa5aa3d,"Mustard, Small, Red Tatsoi",herbs_leaves,lg,20.0,,,,False,0,2026-04-07T10:22:48.389911+00:00,2026-05-01T04:55:40.167267+00:00,,available,,35,1/4 in,6-8 in,,sun_part_shade,50,9b,direct_seed,,"Very fast. Succession sow. Dragons Tongue, Red Garnet, Frills varieties.",Small,,Red,{},True
af7f71ef-2b78-4595-ac2c-0a38c88a3ec9,5f7e9d0f-e91b-4a78-92f9-37505fa5aa3d,Nasturtium - Closed Buds (25 ct),flowers,sm,15.0,,,,False,0,2026-04-09T14:53:49.454404+00:00,2026-05-01T04:55:40.167267+00:00,,available,,55,1/2-1 in,8-12 in,,sun_part_shade,60,9b,direct_seed,,"Direct sow. Seeds need darkness. Poor soil = more flowers. Edible flowers, leaves, pods.",25 ct,,,{},True
264f35ff-4ff6-4417-91d3-f5d170297d71,5f7e9d0f-e91b-4a78-92f9-37505fa5aa3d,Nasturtium (Dime-Nickel) (50 ct),herbs_leaves,ea,15.0,,,,False,0,2026-04-09T14:53:58.164975+00:00,2026-05-01T04:55:40.167267+00:00,,available,,55,1/2-1 in,8-12 in,,sun_part_shade,60,9b,direct_seed,,"Direct sow. Seeds need darkness. Poor soil = more flowers. Edible flowers, leaves, pods.","50 ct, Dime - Nickel",,,{},True
3b3371ba-d791-4f27-acd1-c9be0931ac67,5f7e9d0f-e91b-4a78-92f9-37505fa5aa3d,Nasturtium (Palm) (50 ct),herbs_leaves,ea,15.0,,,,False,0,2026-04-09T14:53:58.32259+00:00,2026-05-01T04:55:40.167267+00:00,,available,,55,1/2-1 in,8-12 in,,sun_part_shade,60,9b,direct_seed,,"Direct sow. Seeds need darkness. Poor soil = more flowers. Edible flowers, leaves, pods.",50 ct,,,{},True
6a8c2c77-2947-4263-b6a0-3ad7a26dd66c,5f7e9d0f-e91b-4a78-92f9-37505fa5aa3d,Nasturtium (Quarter-Silver Dollar) (50 ct),herbs_leaves,ea,15.0,,,,False,0,2026-04-09T14:53:58.237789+00:00,2026-05-01T04:55:40.167267+00:00,,available,,55,1/2-1 in,8-12 in,,sun_part_shade,60,9b,direct_seed,,"Direct sow. Seeds need darkness. Poor soil = more flowers. Edible flowers, leaves, pods.","50 ct, Quarter, Silver Dollar",,,{},True
048e8a46-b58e-4c8d-9cd8-f93ec8ad107a,5f7e9d0f-e91b-4a78-92f9-37505fa5aa3d,Nasturtium Dime-Nickel,micros_leaves,ea,0.35,,,,False,330,2026-04-07T06:42:52.529292+00:00,2026-05-01T04:55:40.167267+00:00,,available,,55,1/2-1 in,8-12 in,,sun_part_shade,60,9b,direct_seed,,"Direct sow. Seeds need darkness. Poor soil = more flowers. Edible flowers, leaves, pods.",Dime - Nickel,,,{},True
336fc578-e349-4e59-bcd2-e1c2b1beadb3,5f7e9d0f-e91b-4a78-92f9-37505fa5aa3d,Nasturtium Flower,flowers,lg,25.0,,,,False,120,2026-04-07T06:42:52.529292+00:00,2026-05-01T04:55:40.167267+00:00,/items/farm-01882g-01-kaleidoscope.jpg,available,,55,1/2-1 in,8-12 in,,sun_part_shade,60,9b,direct_seed,,"Direct sow. Seeds need darkness. Poor soil = more flowers. Edible flowers, leaves, pods.",,,,{},True
1fcf3901-e345-4476-b740-0d01c2592627,5f7e9d0f-e91b-4a78-92f9-37505fa5aa3d,Nasturtium Quarter-Silver Dollar,micros_leaves,ea,0.35,,,,False,340,2026-04-07T06:42:52.529292+00:00,2026-05-01T04:55:40.167267+00:00,,available,,55,1/2-1 in,8-12 in,,sun_part_shade,60,9b,direct_seed,,"Direct sow. Seeds need darkness. Poor soil = more flowers. Edible flowers, leaves, pods.","Quarter, Silver Dollar",,,{},True
f0b42ce6-df17-407c-aba5-2abb389e2662,5f7e9d0f-e91b-4a78-92f9-37505fa5aa3d,"Nasturtium, Flower",flowers,lg,15.0,,,,True,0,2026-04-07T10:22:48.572778+00:00,2026-04-11T07:56:39.139242+00:00,/items/nasturtiumflower.jpg,available,,55,1/2-1 in,8-12 in,,sun_part_shade,60,9b,direct_seed,,"Direct sow. Seeds need darkness. Poor soil = more flowers. Edible flowers, leaves, pods.",,,,{},False
d45982d6-a597-419b-8f2e-7321660ab99a,5f7e9d0f-e91b-4a78-92f9-37505fa5aa3d,"Nasturtium, Large",flowers,ea,0.15,,,,False,0,2026-04-13T08:58:58.542376+00:00,2026-05-01T04:55:40.167267+00:00,,available,,,,,,,,,,,,,,,{},True
e662ef45-6aed-4a2e-ab16-cead317ac5b0,5f7e9d0f-e91b-4a78-92f9-37505fa5aa3d,"Nasturtium, Leaf",flowers,ea,0.35,,,,False,0,2026-04-07T10:22:48.781927+00:00,2026-05-01T04:55:40.167267+00:00,/items/farm-01905s-01-nasturtiumshoots.jpg,available,,55,1/2-1 in,8-12 in,,sun_part_shade,60,9b,direct_seed,,"Direct sow. Seeds need darkness. Poor soil = more flowers. Edible flowers, leaves, pods.","Quarter, Dime - Nickel, Dollar, Palm",,,{},True
79baadf2-9252-4ed8-bc44-5f183e823ed6,5f7e9d0f-e91b-4a78-92f9-37505fa5aa3d,Nectarines,herbs_leaves,lbs,6.0,,,,False,0,2026-04-07T10:22:48.997935+00:00,2026-05-01T04:55:40.167267+00:00,,available,,,,,,,,,,,,,,,{},True
7761e060-b17e-4cdf-811a-ddb5846d266e,5f7e9d0f-e91b-4a78-92f9-37505fa5aa3d,New Potatoes,fruit_veg,lbs,5.0,,,,False,0,2026-04-07T10:22:49.203925+00:00,2026-05-01T04:55:40.167267+00:00,/items/new-potato.jpg,available,,,,,,,,,,,,,,,{},True
0b56583d-f70a-49bd-a226-d86b7983ad6c,5f7e9d0f-e91b-4a78-92f9-37505fa5aa3d,New Zealand Spinach,fruit_veg,lg,15.0,,,,False,0,2026-04-07T10:22:49.401833+00:00,2026-05-01T04:55:40.167267+00:00,,available,,40,1/2 in,4-6 in,,sun_part_shade,45,9b,direct_seed,,Cool-season. Bolts in heat/long days. Direct sow fall and early spring.,,,,{},True
1e6a3cbe-88f7-4cf8-b0d8-b5c6d24cc7b5,5f7e9d0f-e91b-4a78-92f9-37505fa5aa3d,"Oat, Greens",herbs_leaves,lg,12.0,,,,False,0,2026-04-07T10:22:49.612772+00:00,2026-05-01T04:55:40.167267+00:00,,available,,,,,,,,,,,,,Greens,,{},True
fea7d0a4-a2d7-4f78-8c00-7a0890303058,5f7e9d0f-e91b-4a78-92f9-37505fa5aa3d,Okra,herbs_leaves,lg,20.0,,,,False,0,2026-04-07T10:22:49.817356+00:00,2026-05-01T04:55:40.167267+00:00,/items/okraflower.jpg,available,,55,1/2-1 in,12-18 in,,full_sun,75,9b,direct_seed,,Warm-season. Soak seeds overnight before planting. Harvest pods young (2-3 in).,,,,{},True
c3573a8c-ee80-4e96-90b2-faedf186756a,5f7e9d0f-e91b-4a78-92f9-37505fa5aa3d,"Olive, Branches",herbs_leaves,bx,20.0,,,,False,0,2026-04-07T10:22:50.010597+00:00,2026-05-01T04:55:40.167267+00:00,,available,,,,,,,,,,,,,Branches,,{},True
324152b2-0646-40d1-be88-877c753f6ef2,5f7e9d0f-e91b-4a78-92f9-37505fa5aa3d,"Olives, Green",herbs_leaves,lbs,4.0,,,,False,0,2026-04-07T10:22:50.20724+00:00,2026-05-01T04:55:40.167267+00:00,,available,,,,,,,,,,,,,,Green,{},True
7c8d4998-c5bb-4845-a3e4-444d47ebc795,5f7e9d0f-e91b-4a78-92f9-37505fa5aa3d,Onion Blossoms,flowers,sm,12.0,,,,False,0,2026-04-13T08:59:00.029928+00:00,2026-05-01T04:55:40.167267+00:00,,available,,,,,,,,,,,,,,,{},True
3ddd0c43-44b1-49d6-92f3-047dbc5407c2,5f7e9d0f-e91b-4a78-92f9-37505fa5aa3d,Orach Leaf - Tiny Purple (50 ct),herbs_leaves,ea,12.0,,,,False,0,2026-04-09T14:53:58.397553+00:00,2026-05-01T04:55:40.167267+00:00,,available,,,,,,,,,,,,"Tiny, 50 ct",,Purple,{},True
dfd11754-81a7-4667-9c5e-f72a6f06c6a1,5f7e9d0f-e91b-4a78-92f9-37505fa5aa3d,"Orach, Purple",micros_leaves,lg,20.0,,,,False,0,2026-04-09T14:53:51.812512+00:00,2026-05-01T04:55:40.167267+00:00,,available,,,,,,,,,,,,,,Purple,{},True
76a7e596-d654-4fa0-b7ab-4d60ee3da1cb,5f7e9d0f-e91b-4a78-92f9-37505fa5aa3d,Orange Bergamot,herbs_leaves,lg,20.0,,,,False,0,2026-04-07T10:22:50.396996+00:00,2026-05-01T04:55:40.167267+00:00,,available,,,,,,,,,,,,,,Orange,{},True
38af6777-f227-4692-8704-1fe94901ac9f,5f7e9d0f-e91b-4a78-92f9-37505fa5aa3d,Oregano,herbs_leaves,lg,10.0,,,,False,0,2026-04-07T10:22:50.59409+00:00,2026-05-01T04:55:40.167267+00:00,/items/sunkissedherbs.jpg,available,,80,surface,12-18 in,,full_sun,65,9b,transplant,8,Perennial. Surface sow tiny seeds. Best flavor from flowering plants.,,,,{},True
258b9b82-338f-4fef-a2ec-fd339af13b9a,5f7e9d0f-e91b-4a78-92f9-37505fa5aa3d,"Oregano, Flowering",flowers,lg,10.0,,,,False,0,2026-04-07T10:22:50.78512+00:00,2026-05-01T04:55:40.167267+00:00,/items/oreganoflower.jpg,available,,80,surface,12-18 in,,full_sun,65,9b,transplant,8,Perennial. Surface sow tiny seeds. Best flavor from flowering plants.,,Flowering,,{},True
2eaadb66-8823-4457-a67a-eaed6282bc1f,5f7e9d0f-e91b-4a78-92f9-37505fa5aa3d,Oxalis / Lucky Sorrel,herbs_leaves,sm,6.0,,,,False,0,2026-04-07T10:22:50.972964+00:00,2026-05-01T04:55:40.167267+00:00,/items/oxalis-leaf.jpg,available,,,,,,part_shade,,9b,,,Wild/foraged. Wood sorrel family. Tart lemony flavor. Self-propagating ground cover.,,,,{},True
ad048662-fccc-44a6-b61e-5b92abe57761,5f7e9d0f-e91b-4a78-92f9-37505fa5aa3d,Oxalis Flowers,flowers,lg,15.0,,,,False,0,2026-04-13T08:58:59.437817+00:00,2026-05-01T04:55:40.167267+00:00,,available,,,,,,,,,,,,,,,{},True
1a420063-ba38-4d7b-9dad-82b18a3fb04e,5f7e9d0f-e91b-4a78-92f9-37505fa5aa3d,"Oxalis, Wild - on stem (50 ct)",flowers,qt,12.0,,,,False,0,2026-04-09T14:53:49.714566+00:00,2026-05-01T04:55:40.167267+00:00,/items/oxalis---wild.jpg,available,,,,,,part_shade,,9b,,,Wild/foraged. Wood sorrel family. Tart lemony flavor. Self-propagating ground cover.,50 ct,Wild - on stem (50 ct),,{},True
5ccbb607-f815-4a7f-b90c-feddcc6be27e,5f7e9d0f-e91b-4a78-92f9-37505fa5aa3d,"Oxalis, Wild - outgoing",flowers,sm,10.0,,,,False,0,2026-04-09T14:53:49.63432+00:00,2026-05-01T04:55:40.167267+00:00,,available,,,,,,part_shade,,9b,,,Wild/foraged. Wood sorrel family. Tart lemony flavor. Self-propagating ground cover.,,Wild - outgoing,,{},True
25317688-27ec-456d-8b73-c00ff0ad3284,5f7e9d0f-e91b-4a78-92f9-37505fa5aa3d,Oxalis/Lucky Sorrel,herbs_leaves,sm,6.0,,,,False,320,2026-04-07T06:42:52.529292+00:00,2026-05-01T04:55:40.167267+00:00,,available,,,,,,part_shade,,9b,,,Wild/foraged. Wood sorrel family. Tart lemony flavor. Self-propagating ground cover.,,,,{},True
4e61147f-1e4a-4c78-9aad-365a3a25406b,5f7e9d0f-e91b-4a78-92f9-37505fa5aa3d,Papalo,herbs_leaves,lg,10.0,,,,False,0,2026-04-07T10:22:51.171179+00:00,2026-05-01T04:55:40.167267+00:00,/items/papalo.jpg,available,,,,,,,,,,,,,,,{},True
de69bc0d-febf-4b24-8450-eb1dd74bd7d8,5f7e9d0f-e91b-4a78-92f9-37505fa5aa3d,"Passion Fruit, Branches",herbs_leaves,lg,12.0,,,,False,0,2026-04-07T10:23:15.742104+00:00,2026-05-01T04:55:40.167267+00:00,,available,,,,,,,,,,,,,Branches,,{},True
511d5694-6147-4322-960a-eb6e5cd1e291,5f7e9d0f-e91b-4a78-92f9-37505fa5aa3d,Passionfruit,herbs_leaves,lbs,4.0,,,,False,0,2026-04-07T10:22:51.362401+00:00,2026-05-01T04:55:40.167267+00:00,,available,,,,,,,,,,,,,,,{},True
ffbc1a44-8403-4ff8-98d1-fa7a17336156,5f7e9d0f-e91b-4a78-92f9-37505fa5aa3d,Pea - Frilly,micros_leaves,lg,15.0,,,,False,0,2026-04-09T14:53:51.883304+00:00,2026-05-01T04:55:40.167267+00:00,,available,,60,1-2 in,2-4 in,,full_sun,45,9b,direct_seed,,"Cool-season. Direct sow early spring. Provide trellis. Edible flowers, tendrils, pods.",,,,{},True
cbdadcf6-1004-4020-87e2-c3b5be4fd2dd,5f7e9d0f-e91b-4a78-92f9-37505fa5aa3d,Pea - Regular,micros_leaves,lg,12.0,,,,False,0,2026-04-09T14:53:51.958271+00:00,2026-05-01T04:55:40.167267+00:00,,available,,60,1-2 in,2-4 in,,full_sun,45,9b,direct_seed,,"Cool-season. Direct sow early spring. Provide trellis. Edible flowers, tendrils, pods.",,,,{},True
69606083-2432-4ab8-9738-516864868879,5f7e9d0f-e91b-4a78-92f9-37505fa5aa3d,Pea (Pink/Purple) (50 ct),flowers,ea,12.0,,,,False,0,2026-04-09T14:53:49.784438+00:00,2026-05-01T04:55:40.167267+00:00,,available,,60,1-2 in,2-4 in,,full_sun,45,9b,direct_seed,,"Cool-season. Direct sow early spring. Provide trellis. Edible flowers, tendrils, pods.",50 ct,,"Purple, Pink",{},True
c9f1257a-9015-4783-86de-82819569ea0a,5f7e9d0f-e91b-4a78-92f9-37505fa5aa3d,Pea Flowers,flowers,lg,12.0,,,,False,110,2026-04-07T06:42:52.529292+00:00,2026-05-01T04:55:40.167267+00:00,,available,,60,1-2 in,2-4 in,,full_sun,45,9b,direct_seed,,"Cool-season. Direct sow early spring. Provide trellis. Edible flowers, tendrils, pods.",,,,{},True
00bbde0b-08ee-4abd-8ede-4072e5a9b7ef,5f7e9d0f-e91b-4a78-92f9-37505fa5aa3d,Pea Tip/Tendril - Field (50 ct),herbs_leaves,ea,20.0,,,,False,0,2026-04-09T14:53:58.537921+00:00,2026-05-01T04:55:40.167267+00:00,,available,,60,1-2 in,2-4 in,,full_sun,45,9b,direct_seed,,"Cool-season. Direct sow early spring. Provide trellis. Edible flowers, tendrils, pods.",50 ct,,,{},True
cd22ecb1-9eea-4ce8-ac14-289d2e8f5e9c,5f7e9d0f-e91b-4a78-92f9-37505fa5aa3d,"Pea, Flowers",flowers,lg,12.0,,,,False,0,2026-04-07T10:22:51.54998+00:00,2026-05-01T04:55:40.167267+00:00,/items/pea-flowers.jpg,available,,60,1-2 in,2-4 in,,full_sun,45,9b,direct_seed,,"Cool-season. Direct sow early spring. Provide trellis. Edible flowers, tendrils, pods.",,,,{},True
2f04860a-b177-4a1c-8af1-08b2ac1ad567,5f7e9d0f-e91b-4a78-92f9-37505fa5aa3d,"Pea, Tendrils, Calvin",micros_leaves,lg,12.0,,,,False,0,2026-04-07T10:22:51.741247+00:00,2026-05-01T04:55:40.167267+00:00,/items/peatendrils.jpg,available,,60,1-2 in,2-4 in,,full_sun,45,9b,direct_seed,,"Cool-season. Direct sow early spring. Provide trellis. Edible flowers, tendrils, pods.",,Tendrils,,{},True
cbf76c50-2ebd-4fee-a8a3-0eab9d8366ee,5f7e9d0f-e91b-4a78-92f9-37505fa5aa3d,"Pea, Tendrils, Frilley",micros_leaves,lg,12.0,,,,False,0,2026-04-07T10:22:51.948825+00:00,2026-05-01T04:55:40.167267+00:00,,available,,60,1-2 in,2-4 in,,full_sun,45,9b,direct_seed,,"Cool-season. Direct sow early spring. Provide trellis. Edible flowers, tendrils, pods.",,Tendrils,,{},True
1029d612-5e08-4acb-a939-a54b768987fd,5f7e9d0f-e91b-4a78-92f9-37505fa5aa3d,Pea/Fava Greens - Field,herbs_leaves,lbs,15.0,,,,False,0,2026-04-09T14:53:56.83819+00:00,2026-05-01T04:55:40.167267+00:00,,available,,60,1-2 in,2-4 in,,full_sun,45,9b,direct_seed,,"Cool-season. Direct sow early spring. Provide trellis. Edible flowers, tendrils, pods.",,,,{},True
cb2f08e7-057b-4cb0-a9f0-b041a5b2e8dc,5f7e9d0f-e91b-4a78-92f9-37505fa5aa3d,"Peach, Flowers",flowers,lg,30.0,,,,False,0,2026-04-07T10:22:52.150247+00:00,2026-05-01T04:55:40.167267+00:00,/items/rosepeach.jpg,available,,60,1-2 in,2-4 in,,full_sun,45,9b,direct_seed,,"Cool-season. Direct sow early spring. Provide trellis. Edible flowers, tendrils, pods.",,,,{},True
d00c8ebc-9fbe-4581-9e90-068368dde389,5f7e9d0f-e91b-4a78-92f9-37505fa5aa3d,Peaches,fruit_veg,lbs,5.0,,,,False,0,2026-04-07T10:22:52.346354+00:00,2026-05-01T04:55:40.167267+00:00,,available,,60,1-2 in,2-4 in,,full_sun,45,9b,direct_seed,,"Cool-season. Direct sow early spring. Provide trellis. Edible flowers, tendrils, pods.",,,,{},True
df88a062-1568-4a88-ac22-499b4effa2db,5f7e9d0f-e91b-4a78-92f9-37505fa5aa3d,Peanut Leaf (50 ct),herbs_leaves,lg,15.0,,,,False,0,2026-04-07T10:22:52.543352+00:00,2026-05-01T04:55:40.167267+00:00,/items/peanutleaf.jpg,available,,60,1-2 in,2-4 in,,full_sun,45,9b,direct_seed,,"Cool-season. Direct sow early spring. Provide trellis. Edible flowers, tendrils, pods.",50 ct,,,{},True
8fe53475-a2ce-4dd6-802b-19151fab1430,5f7e9d0f-e91b-4a78-92f9-37505fa5aa3d,Pears,fruit_veg,lbs,1.25,,,,False,0,2026-04-07T10:22:52.727051+00:00,2026-05-01T04:55:40.167267+00:00,,available,,60,1-2 in,2-4 in,,full_sun,45,9b,direct_seed,,"Cool-season. Direct sow early spring. Provide trellis. Edible flowers, tendrils, pods.",,,,{},True
f43cda55-dd93-4947-ae92-1129a86c1d82,5f7e9d0f-e91b-4a78-92f9-37505fa5aa3d,"Pepper, Corbachi",fruit_veg,lbs,5.0,,,,False,0,2026-04-07T10:22:52.917378+00:00,2026-05-01T04:55:40.167267+00:00,,available,,70,1/4 in,18-24 in,,full_sun,75,9b,transplant,8,"Warm-season. Start early indoors. Shishito, Corbachi are quick producers.",,Corbachi,,{},True
d7c99f48-1aa3-45ea-a247-2d7262cc3929,5f7e9d0f-e91b-4a78-92f9-37505fa5aa3d,Peppercorn Leaf,herbs_leaves,lg,12.0,,,,False,0,2026-04-07T10:22:53.120865+00:00,2026-05-01T04:55:40.167267+00:00,,available,,70,1/4 in,18-24 in,,full_sun,75,9b,transplant,8,"Warm-season. Start early indoors. Shishito, Corbachi are quick producers.",,,,{},True
0c7cb9cf-e1ea-4476-ae2c-972475824bcb,5f7e9d0f-e91b-4a78-92f9-37505fa5aa3d,Peppercress,micros_leaves,lg,12.0,,,,False,0,2026-04-07T10:22:53.319089+00:00,2026-05-01T04:55:40.167267+00:00,/items/tinypeppercress.jpg,available,,70,1/4 in,18-24 in,,full_sun,75,9b,transplant,8,"Warm-season. Start early indoors. Shishito, Corbachi are quick producers.",,,,{},True
3a6f4115-4ec8-4772-abf6-144d0e48214b,5f7e9d0f-e91b-4a78-92f9-37505fa5aa3d,Peppercress (50 ct),flowers,ea,12.0,,,,False,0,2026-04-09T14:53:49.859915+00:00,2026-05-01T04:55:40.167267+00:00,,available,,70,1/4 in,18-24 in,,full_sun,75,9b,transplant,8,"Warm-season. Start early indoors. Shishito, Corbachi are quick producers.",50 ct,,,{},True
de38634a-5fba-4125-835d-f248ee29f830,5f7e9d0f-e91b-4a78-92f9-37505fa5aa3d,Peppers,fruit_veg,lbs,10.0,,,,False,0,2026-04-07T10:22:53.528635+00:00,2026-05-01T04:55:40.167267+00:00,,available,,70,1/4 in,18-24 in,,full_sun,75,9b,transplant,8,"Warm-season. Start early indoors. Shishito, Corbachi are quick producers.",,,,{},True
947e461d-8872-41ee-b7de-9b7ecce25287,5f7e9d0f-e91b-4a78-92f9-37505fa5aa3d,"Peppers, Shishito",fruit_veg,lbs,12.0,,,,False,0,2026-04-07T10:22:53.735772+00:00,2026-05-01T04:55:40.167267+00:00,,available,,70,1/4 in,18-24 in,,full_sun,75,9b,transplant,8,"Warm-season. Start early indoors. Shishito, Corbachi are quick producers.",,Shishito,,{},True
c314664e-d9e7-4d46-aa69-64a1ca26f59b,5f7e9d0f-e91b-4a78-92f9-37505fa5aa3d,Persimmon,herbs_leaves,ea,3.75,,,,False,0,2026-04-07T10:22:53.941592+00:00,2026-05-01T04:55:40.167267+00:00,,available,,,,,,,,,,,,,,,{},True
86f5e406-a161-4e7a-b8e6-f0db8a178694,5f7e9d0f-e91b-4a78-92f9-37505fa5aa3d,Phalaenopsis Leaves,herbs_leaves,lg,15.0,,,,False,0,2026-04-13T08:58:59.045462+00:00,2026-05-01T04:55:40.167267+00:00,,available,,,,,,,,,,,,,,,{},True
abbb81a1-4121-4a72-b684-74c6430b7051,5f7e9d0f-e91b-4a78-92f9-37505fa5aa3d,Phlox Flowers,flowers,lg,15.0,,,,False,0,2026-04-13T08:59:00.334822+00:00,2026-05-01T04:55:40.167267+00:00,,available,,,,,,,,,,,,,,,{},True
da0edabf-c611-4f36-ab53-1fd0188e5464,5f7e9d0f-e91b-4a78-92f9-37505fa5aa3d,Plums,herbs_leaves,lbs,5.0,,,,False,0,2026-04-07T10:22:54.170266+00:00,2026-05-01T04:55:40.167267+00:00,,available,,,,,,,,,,,,,,,{},True
a8bb4cea-3aad-45ff-96c4-a5af02335e12,5f7e9d0f-e91b-4a78-92f9-37505fa5aa3d,"Poppy, Flower",flowers,lg,12.0,,,,False,0,2026-04-07T10:22:54.379226+00:00,2026-05-01T04:55:40.167267+00:00,,available,,,,,,,,,,,,,,,{},True
4e6a0de1-43b6-4120-a6cd-ef1457e85a6e,5f7e9d0f-e91b-4a78-92f9-37505fa5aa3d,Pumpkin,herbs_leaves,lbs,4.0,,,,False,0,2026-04-07T10:22:54.59062+00:00,2026-05-01T04:55:40.167267+00:00,,available,,,,,,,,,,,,,,,{},True
76881990-2ec7-40b9-8ea1-579a5e1192ad,5f7e9d0f-e91b-4a78-92f9-37505fa5aa3d,Purple Stardust (50 ct),herbs_leaves,ea,15.0,,,,False,0,2026-04-07T10:22:54.781686+00:00,2026-05-01T04:55:40.167267+00:00,/items/purplestar.jpg,available,,,,,,,,,,,,50 ct,,Purple,{},True
cfb3d243-a1fd-4330-bfce-7e9f169f8277,5f7e9d0f-e91b-4a78-92f9-37505fa5aa3d,Purslane Tips (50 ct),herbs_leaves,ea,15.0,,,,False,0,2026-04-07T10:22:54.988646+00:00,2026-05-01T04:55:40.167267+00:00,/items/purslanetips.jpg,available,,,,,,,,,,,,50 ct,,,{},True
0415b9aa-5c61-4f79-9479-7dce2c76d1a8,5f7e9d0f-e91b-4a78-92f9-37505fa5aa3d,Quince,herbs_leaves,ea,6.4,,,,False,0,2026-04-07T10:22:55.195358+00:00,2026-05-01T04:55:40.167267+00:00,,available,,,,,,,,,,,,,,,{},True
13ac7479-762b-4fc2-b36c-b94223caf3d5,5f7e9d0f-e91b-4a78-92f9-37505fa5aa3d,Radish,flowers,qt,15.0,,,,False,0,2026-04-09T14:53:49.930511+00:00,2026-05-01T04:55:40.167267+00:00,/items/radish-flower.jpg,available,,25,1/2 in,2-4 in,,full_sun,45,9b,direct_seed,,"Fastest vegetable. Succession sow. French Breakfast, Red Round varieties.",,,,{},True
daddf87a-52e4-4130-bcfb-6c57d484bf4f,5f7e9d0f-e91b-4a78-92f9-37505fa5aa3d,Radish Cherry Belle,fruit_veg,lg,25.0,,,,False,360,2026-04-07T06:42:52.529292+00:00,2026-05-01T04:55:40.167267+00:00,,available,,25,1/2 in,2-4 in,,full_sun,45,9b,direct_seed,,"Fastest vegetable. Succession sow. French Breakfast, Red Round varieties.",,,,{},True
ea4552f9-565d-4bdb-98c5-539a307ea325,5f7e9d0f-e91b-4a78-92f9-37505fa5aa3d,Radish Flower,flowers,sm,10.0,,,,True,60,2026-04-07T06:42:52.529292+00:00,2026-04-11T19:55:34.106965+00:00,,available,,25,1/2 in,2-4 in,,full_sun,45,9b,direct_seed,,"Fastest vegetable. Succession sow. French Breakfast, Red Round varieties.",,,,{},False
41197272-bc0f-47b6-8d09-56f414d3035b,5f7e9d0f-e91b-4a78-92f9-37505fa5aa3d,Radish Pods - Mixed Sizes,fruit_veg,sm,15.0,,,,False,0,2026-04-09T14:53:55.550065+00:00,2026-05-01T04:55:40.167267+00:00,,available,,25,1/2 in,2-4 in,,full_sun,45,9b,direct_seed,,"Fastest vegetable. Succession sow. French Breakfast, Red Round varieties.",,,Mixed,{},True
c451e667-831d-4237-9b09-79123b641d17,5f7e9d0f-e91b-4a78-92f9-37505fa5aa3d,"Radish, Breakfast",micros_leaves,lg,25.0,,,,False,0,2026-04-07T10:22:55.384634+00:00,2026-05-01T04:55:40.167267+00:00,,available,,25,1/2 in,2-4 in,,full_sun,45,9b,direct_seed,,"Fastest vegetable. Succession sow. French Breakfast, Red Round varieties.",,Breakfast,,{},True
0f564608-78ba-405b-bd40-8d80a71c196e,5f7e9d0f-e91b-4a78-92f9-37505fa5aa3d,"Radish, Flower",flowers,sm,10.0,,,,False,0,2026-04-07T10:22:55.59301+00:00,2026-05-01T04:55:40.167267+00:00,/items/radishflower.jpg,available,,25,1/2 in,2-4 in,,full_sun,45,9b,direct_seed,,"Fastest vegetable. Succession sow. French Breakfast, Red Round varieties.",,,,{},True
ead59b1d-eeed-486b-8bf7-a3aaf55caa2b,5f7e9d0f-e91b-4a78-92f9-37505fa5aa3d,"Radish, French Breakfast - Tiny Root (50 ct)",fruit_veg,ea,25.0,,,,False,0,2026-04-09T14:53:53.607673+00:00,2026-05-01T04:55:40.167267+00:00,,available,,25,1/2 in,2-4 in,,full_sun,45,9b,direct_seed,,"Fastest vegetable. Succession sow. French Breakfast, Red Round varieties.","Tiny, 50 ct",French Breakfast -  Root (50 ct),,{},True
27e7c46d-f7dd-4593-9578-85a9c38acf4e,5f7e9d0f-e91b-4a78-92f9-37505fa5aa3d,"Radish, Misc",micros_leaves,lg,25.0,,,,False,0,2026-04-07T10:22:55.7967+00:00,2026-05-01T04:55:40.167267+00:00,/items/farm-00617-01-easteregg.jpg,available,,25,1/2 in,2-4 in,,full_sun,45,9b,direct_seed,,"Fastest vegetable. Succession sow. French Breakfast, Red Round varieties.",,Misc,,{},True
aef966a7-cec2-4f64-a7c5-f461033d608a,5f7e9d0f-e91b-4a78-92f9-37505fa5aa3d,"Radish, Rat Tail",micros_leaves,lg,25.0,,,,False,0,2026-04-07T10:22:55.998521+00:00,2026-05-01T04:55:40.167267+00:00,/items/rattailradishpod.jpg,available,,25,1/2 in,2-4 in,,full_sun,45,9b,direct_seed,,"Fastest vegetable. Succession sow. French Breakfast, Red Round varieties.",,Rat Tail,,{},True
8bbedffc-40e5-4f97-9e56-962bea1c24a4,5f7e9d0f-e91b-4a78-92f9-37505fa5aa3d,"Radish, Red Round - Tiny Root (50 ct)",fruit_veg,ea,25.0,,,,False,0,2026-04-09T14:53:53.538609+00:00,2026-05-01T04:55:40.167267+00:00,,available,,25,1/2 in,2-4 in,,full_sun,45,9b,direct_seed,,"Fastest vegetable. Succession sow. French Breakfast, Red Round varieties.","Tiny, 50 ct",Round -  Root (50 ct),Red,{},True
4cab8fc9-fc23-4a60-9cf8-8a1b08ef6e04,5f7e9d0f-e91b-4a78-92f9-37505fa5aa3d,Rangpor Lime,herbs_leaves,lbs,4.0,,,,False,0,2026-04-07T10:22:56.200177+00:00,2026-05-01T04:55:40.167267+00:00,,available,,,,,,,,,,,,,,,{},True
7aab3ed9-e8d8-4bf0-877b-d0e9722a850b,5f7e9d0f-e91b-4a78-92f9-37505fa5aa3d,Rangpor Limes,herbs_leaves,ea,1.0,,,,False,0,2026-04-07T10:22:56.408044+00:00,2026-05-01T04:55:40.167267+00:00,,available,,,,,,,,,,,,,,,{},True
a976be5b-40c5-4152-9f0d-5b4ef48dd44b,5f7e9d0f-e91b-4a78-92f9-37505fa5aa3d,"Raspberries, Golden Ripe",herbs_leaves,lg,24.0,,,,False,0,2026-04-07T10:22:56.605803+00:00,2026-05-01T04:55:40.167267+00:00,/items/golden-raspberries.jpg,available,,365,,2-3 ft,,full_sun,,9b,transplant,,Perennial cane fruit. Golden varieties. Everbearing types fruit on first-year canes.,,Ripe,Golden,{},True
fd29e7ff-5086-468d-85a1-7f73829dd930,5f7e9d0f-e91b-4a78-92f9-37505fa5aa3d,"Raspberries, Green",herbs_leaves,lg,24.0,,,,False,0,2026-04-07T10:22:56.796101+00:00,2026-05-01T04:55:40.167267+00:00,/items/greenrasp.jpg,available,,365,,2-3 ft,,full_sun,,9b,transplant,,Perennial cane fruit. Golden varieties. Everbearing types fruit on first-year canes.,,,Green,{},True
1d0c7241-19a1-401d-a709-4f16ed53f990,5f7e9d0f-e91b-4a78-92f9-37505fa5aa3d,Red Gem - Heart Leaf (50 ct),herbs_leaves,ea,20.0,,,,False,0,2026-04-09T14:53:56.515756+00:00,2026-05-01T04:55:40.167267+00:00,,available,,,,,,,,,,,,"50 ct, Heart Leaf",,Red,{},True
4013f053-8031-4c99-852b-aa0682793bca,5f7e9d0f-e91b-4a78-92f9-37505fa5aa3d,Red Gem - Palm Size Leaf (50 ct),herbs_leaves,ea,20.0,,,,False,0,2026-04-09T14:53:56.595706+00:00,2026-05-01T04:55:40.167267+00:00,,available,,,,,,,,,,,,"50 ct, Palm Size",,Red,{},True
90570ad5-2c58-4ab5-a1bd-a7dc59a50222,5f7e9d0f-e91b-4a78-92f9-37505fa5aa3d,Red Mizuna,herbs_leaves,lg,12.0,,,,False,0,2026-04-07T10:22:57.008097+00:00,2026-05-01T04:55:40.167267+00:00,/items/redmizuna.jpg,available,,40,1/4 in,6-8 in,,sun_part_shade,50,9b,direct_seed,,Japanese mustard green. Fast growing. Mild peppery flavor. Cut-and-come-again.,,,Red,{},True
c8bbe30a-a177-430d-86c5-6616a6f62a0d,5f7e9d0f-e91b-4a78-92f9-37505fa5aa3d,Red Vein Sorrel,herbs_leaves,lg,30.0,,,,False,0,2026-04-07T10:22:57.212275+00:00,2026-05-01T04:55:40.167267+00:00,,available,,,,,,,,,,,,,,Red,{},True
332f1a66-feeb-4e51-8c9f-db3ac84453f3,5f7e9d0f-e91b-4a78-92f9-37505fa5aa3d,Red Wood Foliage,herbs_leaves,lg,12.0,,,,False,0,2026-04-07T10:22:57.411553+00:00,2026-05-01T04:55:40.167267+00:00,,available,,,,,,,,,,,,,,Red,{},True
7a452ff1-9cab-4d77-8e7f-81ab30889099,5f7e9d0f-e91b-4a78-92f9-37505fa5aa3d,"Rhubarb, Green (Ideal for juicing)",herbs_leaves,lbs,7.0,,,,False,0,2026-04-07T10:22:57.628143+00:00,2026-05-01T04:55:40.167267+00:00,,available,,,,,,,,,,,,,(Ideal for juicing),Green,{},True
309781c4-ed69-40dc-860a-712d7414d66e,5f7e9d0f-e91b-4a78-92f9-37505fa5aa3d,Rose Geranium,herbs_leaves,lg,16.0,,,,False,300,2026-04-07T06:42:52.529292+00:00,2026-05-01T04:55:40.167267+00:00,,available,,,,,,,,,,,,,,,{},True
cd0f66ef-f670-46a5-983a-60066c8c2825,5f7e9d0f-e91b-4a78-92f9-37505fa5aa3d,"Rose Geranium, Flower",flowers,lg,16.0,,,,False,0,2026-04-07T10:22:58.030183+00:00,2026-05-01T04:55:40.167267+00:00,/items/roses.jpg,available,,,,,,,,,,,,,,,{},True
b0017451-3a96-49f3-9e48-ea4ef19383bf,5f7e9d0f-e91b-4a78-92f9-37505fa5aa3d,Rosemary,herbs_leaves,ea,10.0,,,,False,310,2026-04-07T06:42:52.529292+00:00,2026-05-01T04:55:40.167267+00:00,,available,,90,surface,24-36 in,,full_sun,65,9b,transplant,,Perennial shrub. Start from cuttings or transplants. Well-drained soil essential.,,,,{},True
185693e3-9895-45d7-ab62-3562a30a27e7,5f7e9d0f-e91b-4a78-92f9-37505fa5aa3d,"Rosemary, Flowering",flowers,lg,12.0,,,,False,0,2026-04-07T10:22:58.416184+00:00,2026-05-01T04:55:40.167267+00:00,,available,,90,surface,24-36 in,,full_sun,65,9b,transplant,,Perennial shrub. Start from cuttings or transplants. Well-drained soil essential.,,Flowering,,{},True
5d9fdebd-7dde-4fd3-9c41-021a59a373a0,5f7e9d0f-e91b-4a78-92f9-37505fa5aa3d,"Rubarb, Green",herbs_leaves,lbs,7.0,,,,False,0,2026-04-07T10:22:58.61817+00:00,2026-05-01T04:55:40.167267+00:00,,available,,,,,,,,,,,,,,Green,{},True
89c1246f-c6d6-48c1-b253-ac897aeb1d11,5f7e9d0f-e91b-4a78-92f9-37505fa5aa3d,"Sage, Baby, Blue",herbs_leaves,lg,12.0,,,,False,0,2026-04-07T10:22:58.811186+00:00,2026-05-01T04:55:40.167267+00:00,,available,,75,1/4 in,18-24 in,,full_sun,60,9b,transplant,6,Perennial. Harvest before flowering. Prune to maintain shape.,Baby,,Blue,{},True
9c203b49-8a07-4319-aae9-fcfd68b34579,5f7e9d0f-e91b-4a78-92f9-37505fa5aa3d,"Sage, Baby, Pink",herbs_leaves,lg,12.0,,,,False,0,2026-04-07T10:22:59.029983+00:00,2026-05-01T04:55:40.167267+00:00,,available,,75,1/4 in,18-24 in,,full_sun,60,9b,transplant,6,Perennial. Harvest before flowering. Prune to maintain shape.,Baby,,Pink,{},True
d2d14373-69ff-4301-81a2-ba77a96b56cd,5f7e9d0f-e91b-4a78-92f9-37505fa5aa3d,"Sage, Golden Pineapple",herbs_leaves,lg,12.0,,,,False,0,2026-04-07T10:22:59.231533+00:00,2026-05-01T04:55:40.167267+00:00,,available,,75,1/4 in,18-24 in,,full_sun,60,9b,transplant,6,Perennial. Harvest before flowering. Prune to maintain shape.,,Pineapple,Golden,{},True
7387900d-0b1d-4fe5-b9e6-7c968c2003b3,5f7e9d0f-e91b-4a78-92f9-37505fa5aa3d,Salad Burnett,herbs_leaves,lg,15.0,,,,False,0,2026-04-07T10:22:59.432531+00:00,2026-05-01T04:55:40.167267+00:00,/items/tinysaladburnet.jpg,available,,,,,,,,,,,,,,,{},True
22370f93-2d06-4891-841e-4cf159e301ca,5f7e9d0f-e91b-4a78-92f9-37505fa5aa3d,Salad Mix - Large Leaf,herbs_leaves,lg,12.0,,,,False,0,2026-04-07T10:23:15.976984+00:00,2026-05-01T04:55:40.167267+00:00,/items/farm-00650-01-premiummix.jpg,available,,,,,,,,,,,,Large,,,{},True
0ca63d24-8e2c-4cb8-af36-ceb8ced7f103,5f7e9d0f-e91b-4a78-92f9-37505fa5aa3d,Salad Mix - Small Leaf,herbs_leaves,lg,15.0,,,,False,0,2026-04-07T10:22:59.623612+00:00,2026-05-01T04:55:40.167267+00:00,/items/farm-01016-01-choicemix.jpg,available,,,,,,,,,,,,Small,,,{},True
c4880391-d815-4553-ad03-34066e1f1145,5f7e9d0f-e91b-4a78-92f9-37505fa5aa3d,Salad Mix Large Leaf,kits,lg,12.0,,,,False,390,2026-04-07T06:42:52.529292+00:00,2026-05-01T04:55:40.167267+00:00,,available,,,,,,,,,,,,Large,,,{},True
b8f48312-5ce2-436f-974e-3f41913ee188,5f7e9d0f-e91b-4a78-92f9-37505fa5aa3d,Salad Mix Small Leaf,kits,lg,15.0,,,,False,380,2026-04-07T06:42:52.529292+00:00,2026-05-01T04:55:40.167267+00:00,,available,,,,,,,,,,,,Small,,,{},True
924c513c-c422-4c24-9515-e4544f493394,5f7e9d0f-e91b-4a78-92f9-37505fa5aa3d,Salt Bush,herbs_leaves,lg,15.0,,,,False,0,2026-04-07T10:22:59.817195+00:00,2026-05-01T04:55:40.167267+00:00,,available,,,,,,,,,,,,,,,{},True
79bea6a3-4268-4ae7-8665-deb6b1cf1a9a,5f7e9d0f-e91b-4a78-92f9-37505fa5aa3d,Salt Bush Tips (50 ct),herbs_leaves,lg,15.0,,,,False,0,2026-04-07T10:23:00.023117+00:00,2026-05-01T04:55:40.167267+00:00,,available,,,,,,,,,,,,50 ct,,,{},True
e0562212-cda5-4a74-ac19-db857f843dbd,5f7e9d0f-e91b-4a78-92f9-37505fa5aa3d,"Samples, Misc",herbs_leaves,lg,12.0,,,,False,0,2026-04-07T10:23:00.234503+00:00,2026-05-01T04:55:40.167267+00:00,,available,,,,,,,,,,,,,Misc,,{},True
35f4a879-0b57-4581-9e91-c47200a23c78,5f7e9d0f-e91b-4a78-92f9-37505fa5aa3d,Sharp-leaved Fluellen,herbs_leaves,lg,12.0,,,,False,0,2026-04-07T10:23:00.436992+00:00,2026-05-01T04:55:40.167267+00:00,,available,,,,,,,,,,,,,,,{},True
c0b5e2df-b927-4ac5-99f5-4368965722ab,5f7e9d0f-e91b-4a78-92f9-37505fa5aa3d,"Shiso, Britton",micros_leaves,sm,15.0,,,,False,0,2026-04-09T14:53:52.203098+00:00,2026-05-01T04:55:40.167267+00:00,,available,,70,1/4 in,12-18 in,,sun_part_shade,65,9b,both,6,Japanese perilla. Self-seeds. Green and purple varieties. Tips and wrapping leaves.,,Britton,,{},True
b66e80d0-7f23-44ac-a6d3-5db4212284e6,5f7e9d0f-e91b-4a78-92f9-37505fa5aa3d,"Shiso, Green",herbs_leaves,lg,15.0,,,,False,0,2026-04-07T10:23:00.643097+00:00,2026-05-01T04:55:40.167267+00:00,/items/shisotips.jpg,available,,70,1/4 in,12-18 in,,sun_part_shade,65,9b,both,6,Japanese perilla. Self-seeds. Green and purple varieties. Tips and wrapping leaves.,,,Green,{},True
4acd4dc2-eb69-48a4-8f0d-dc509f93beb4,5f7e9d0f-e91b-4a78-92f9-37505fa5aa3d,"Shiso, Micro",micros_leaves,sm,12.0,,,,False,0,2026-04-07T10:23:00.851472+00:00,2026-05-01T04:55:40.167267+00:00,,available,,70,1/4 in,12-18 in,,sun_part_shade,65,9b,both,6,Japanese perilla. Self-seeds. Green and purple varieties. Tips and wrapping leaves.,Micro,,,{},True
604ea0ee-856f-4bd8-90a3-a067244e31db,5f7e9d0f-e91b-4a78-92f9-37505fa5aa3d,"Shiso, Purple",herbs_leaves,lg,15.0,,,,False,0,2026-04-07T10:23:01.041467+00:00,2026-05-01T04:55:40.167267+00:00,/items/shisowrapping.jpg,available,,70,1/4 in,12-18 in,,sun_part_shade,65,9b,both,6,Japanese perilla. Self-seeds. Green and purple varieties. Tips and wrapping leaves.,,,Purple,{},True
3c972950-a216-468e-b719-d3430d265c36,5f7e9d0f-e91b-4a78-92f9-37505fa5aa3d,Snow/Snap Pea Mix,fruit_veg,lg,15.0,,,,False,0,2026-04-09T14:53:55.76877+00:00,2026-05-01T04:55:40.167267+00:00,,available,,60,1-2 in,2-4 in,,full_sun,45,9b,direct_seed,,"Cool-season. Direct sow early spring. Provide trellis. Edible flowers, tendrils, pods.",,,,{},True
2ec9bf07-c28b-4a11-809e-a7be42c4db76,5f7e9d0f-e91b-4a78-92f9-37505fa5aa3d,Society Garlic,fruit_veg,lg,20.0,,,,False,0,2026-04-07T10:23:01.234723+00:00,2026-05-01T04:55:40.167267+00:00,/items/chive-blossoms.jpg,available,,,,,,,,,,,,,,,{},True
1d6856d9-51da-4f3d-9167-2140aa6f8eba,5f7e9d0f-e91b-4a78-92f9-37505fa5aa3d,"Sorrel, Butterfly",herbs_leaves,lg,15.0,,,,False,0,2026-04-09T14:53:58.889945+00:00,2026-05-01T04:55:40.167267+00:00,,available,,,,,,,,,,,,,Butterfly,,{},True
4f7e4826-6de8-458d-9fc7-dc135acf8c1e,5f7e9d0f-e91b-4a78-92f9-37505fa5aa3d,"Sorrel, French (50 ct)",micros_leaves,ea,12.0,,,,False,0,2026-04-09T14:53:52.275278+00:00,2026-05-01T04:55:40.167267+00:00,,available,,,,,,,,,,,,50 ct,French (50 ct),,{},True
c60051a9-4d42-4198-bd08-b24181a2481d,5f7e9d0f-e91b-4a78-92f9-37505fa5aa3d,"Sorrel, Greenleaf",herbs_leaves,sm,6.0,,,,False,0,2026-04-07T10:23:01.446101+00:00,2026-05-01T04:55:40.167267+00:00,/items/sorrelclusters.jpg,available,,,,,,,,,,,,,Greenleaf,,{},True
39f683dd-6e80-43b8-9c10-8f9505093d6e,5f7e9d0f-e91b-4a78-92f9-37505fa5aa3d,"Sorrel, Purple (100 ct)",flowers,ea,15.0,,,,False,0,2026-04-09T14:53:50.127808+00:00,2026-05-01T04:55:40.167267+00:00,,available,,,,,,,,,,,,100 ct,(100 ct),Purple,{},True
2e754b98-4d62-4dde-abae-8fad7eb099d3,5f7e9d0f-e91b-4a78-92f9-37505fa5aa3d,"Sorrel, Red Vein",micros_leaves,sm,15.0,,,,False,0,2026-04-09T14:53:52.349762+00:00,2026-05-01T04:55:40.167267+00:00,,available,,,,,,,,,,,,,Vein,Red,{},True
b3abbd6a-b26d-4a7e-aa1a-d44346bf21b3,5f7e9d0f-e91b-4a78-92f9-37505fa5aa3d,"Sorrel, Small Yellow (100 ct)",flowers,ea,15.0,,,,False,0,2026-04-09T14:53:50.006064+00:00,2026-05-01T04:55:40.167267+00:00,,available,,,,,,,,,,,,"Small, 100 ct",(100 ct),Yellow,{},True
d87652f1-bb0b-444f-ad23-97c5c4d8b7de,5f7e9d0f-e91b-4a78-92f9-37505fa5aa3d,Sorrel. Red Veined,herbs_leaves,sm,6.0,,,,False,0,2026-04-07T10:23:01.646183+00:00,2026-05-01T04:55:40.167267+00:00,/items/burgundysorrel.jpg,available,,,,,,,,,,,,,,Red,{},True
09d6b27b-cbab-4ce2-b97b-cd849d5588b2,5f7e9d0f-e91b-4a78-92f9-37505fa5aa3d,Sorrels - Butterfly,herbs_leaves,lg,20.0,,,,False,0,2026-04-07T10:23:01.844322+00:00,2026-05-01T04:55:40.167267+00:00,/items/butterflysorrel.jpg,available,,,,,,,,,,,,,,,{},True
d17e62b0-3615-4ac3-8fb3-f9b22955600f,5f7e9d0f-e91b-4a78-92f9-37505fa5aa3d,Sorrels - mixed colors,herbs_leaves,sm,15.0,,,,False,0,2026-04-07T10:23:02.074027+00:00,2026-05-01T04:55:40.167267+00:00,/items/mixedsorrels.jpg,available,,,,,,,,,,,,,,Mixed,{},True
27d10606-8e7f-4afa-8c12-ce177d2f7e31,5f7e9d0f-e91b-4a78-92f9-37505fa5aa3d,Spearmint,herbs_leaves,lg,10.0,,,,False,0,2026-04-09T14:53:55.106104+00:00,2026-05-01T04:55:40.167267+00:00,,available,,60,surface,18-24 in,,sun_part_shade,60,9b,transplant,,Perennial. Very invasive — grow in containers. Harvest tips regularly.,,,,{},True
e9697f64-3351-4f0c-80a2-97693a2ea2e5,5f7e9d0f-e91b-4a78-92f9-37505fa5aa3d,Speckled Romaine - Heart Leaf (50 ct),herbs_leaves,ea,20.0,,,,False,0,2026-04-09T14:53:56.362075+00:00,2026-05-01T04:55:40.167267+00:00,,available,,,,,,,,,,,,"50 ct, Heart Leaf",,Speckled,{},True
a252243e-ee4b-4544-8a0f-5f1fdfc8cf78,5f7e9d0f-e91b-4a78-92f9-37505fa5aa3d,Speckled Romaine - Palm Size Leaf (50 ct),herbs_leaves,ea,20.0,,,,False,0,2026-04-09T14:53:56.443601+00:00,2026-05-01T04:55:40.167267+00:00,,available,,,,,,,,,,,,"50 ct, Palm Size",,Speckled,{},True
ec0e87bd-f105-4509-a148-beb9bf6eae42,5f7e9d0f-e91b-4a78-92f9-37505fa5aa3d,Spicebush,herbs_leaves,lg,20.0,,,,False,0,2026-04-07T10:23:02.267503+00:00,2026-05-01T04:55:40.167267+00:00,/items/spicebush-buds.jpg,available,,,,,,part_shade,,9b,,,Native shrub. Aromatic leaves and berries. Allspice-like flavor. Great for syrups.,,,,{},True
9ba79172-9ab7-433c-a656-4b584d3eab1e,5f7e9d0f-e91b-4a78-92f9-37505fa5aa3d,Spicebush Leaf - Hand Size,herbs_leaves,lg,12.0,,,,False,0,2026-04-07T10:23:02.468682+00:00,2026-05-01T04:55:40.167267+00:00,/items/spicebushleafflower.jpg,available,,,,,,part_shade,,9b,,,Native shrub. Aromatic leaves and berries. Allspice-like flavor. Great for syrups.,,,,{},True
6c3dfe2a-d412-409f-a2b0-15345fbd2981,5f7e9d0f-e91b-4a78-92f9-37505fa5aa3d,Spring Garlic,fruit_veg,ea,0.5,,,,False,0,2026-04-07T10:23:02.66252+00:00,2026-05-01T04:55:40.167267+00:00,,available,,,,,,,,,,,,,,,{},True
98073499-8a1a-4ca5-99ad-0486e2769c76,5f7e9d0f-e91b-4a78-92f9-37505fa5aa3d,Spring Onion,fruit_veg,lg,25.0,,,,False,0,2026-04-07T10:23:02.862314+00:00,2026-05-01T04:55:40.167267+00:00,,available,,,,,,,,,,,,,,,{},True
80e8b99d-e4fa-4b8d-b897-b9a26e96d8d3,5f7e9d0f-e91b-4a78-92f9-37505fa5aa3d,"Sprouting Broccoli, Green (50 ct)",herbs_leaves,ea,18.0,,,,False,0,2026-04-09T14:53:57.202072+00:00,2026-05-01T04:55:40.167267+00:00,,available,,60,1/4 in,18-24 in,,full_sun,60,9b,transplant,6,"Cool-season brassica. Harvest central head, side shoots continue producing.",50 ct,(50 ct),Green,{},True
4be9d559-4c73-4ac4-90bf-cb2939b339f6,5f7e9d0f-e91b-4a78-92f9-37505fa5aa3d,"Sprouting Broccoli, Purple (50 ct)",herbs_leaves,ea,18.0,,,,False,0,2026-04-09T14:53:57.271575+00:00,2026-05-01T04:55:40.167267+00:00,,available,,60,1/4 in,18-24 in,,full_sun,60,9b,transplant,6,"Cool-season brassica. Harvest central head, side shoots continue producing.",50 ct,(50 ct),Purple,{},True
9f56c78e-827c-4cbe-bb50-b014f03485d7,5f7e9d0f-e91b-4a78-92f9-37505fa5aa3d,Squash Leaf (1-1.5 in),herbs_leaves,lg,15.0,,,,False,0,2026-04-07T10:23:03.05128+00:00,2026-05-01T04:55:40.167267+00:00,,available,,50,1 in,24-36 in,,full_sun,70,9b,both,3,"Warm-season. Summer squash harvest young. Edible blossoms, tendrils, leaves.",,,,{},True
b7693f65-7b87-4620-a292-f9e60fd3cfa9,5f7e9d0f-e91b-4a78-92f9-37505fa5aa3d,Squash Tendril (50 ct),micros_leaves,lg,15.0,,,,False,0,2026-04-07T10:23:03.240384+00:00,2026-05-01T04:55:40.167267+00:00,/items/squashtendril.jpg,available,,50,1 in,24-36 in,,full_sun,70,9b,both,3,"Warm-season. Summer squash harvest young. Edible blossoms, tendrils, leaves.",50 ct,,,{},True
34ab878d-5fc3-40ab-8fb7-7c1496accbf0,5f7e9d0f-e91b-4a78-92f9-37505fa5aa3d,Squash Tip (25 ct),fruit_veg,lg,12.0,,,,False,0,2026-04-07T10:23:03.441362+00:00,2026-05-01T04:55:40.167267+00:00,/items/squashtip.jpg,available,,50,1 in,24-36 in,,full_sun,70,9b,both,3,"Warm-season. Summer squash harvest young. Edible blossoms, tendrils, leaves.",25 ct,,,{},True
f74886a6-2688-4903-92e2-b277ac3871b9,5f7e9d0f-e91b-4a78-92f9-37505fa5aa3d,"Squash, Blossoms",fruit_veg,bx,48.0,,,,False,0,2026-04-07T10:23:03.649659+00:00,2026-05-01T04:55:40.167267+00:00,/items/squash-bud.jpg,available,,50,1 in,24-36 in,,full_sun,70,9b,both,3,"Warm-season. Summer squash harvest young. Edible blossoms, tendrils, leaves.",,Blossoms,,{},True
ede7731f-5bf6-4a39-95f4-5d3301c929b8,5f7e9d0f-e91b-4a78-92f9-37505fa5aa3d,"Squash, Crudite Thumbnail to Quarter",fruit_veg,lg,20.0,,,,False,0,2026-04-07T10:23:03.85073+00:00,2026-05-01T04:55:40.167267+00:00,/items/crudite-squash.jpg,available,,50,1 in,24-36 in,,full_sun,70,9b,both,3,"Warm-season. Summer squash harvest young. Edible blossoms, tendrils, leaves.","Crudite, Quarter, Thumbnail",Thumbnail to Quarter,,{},True
1b44a5a2-7c8e-4381-b545-3cecb689cce4,5f7e9d0f-e91b-4a78-92f9-37505fa5aa3d,"Squash, Green Acorn",fruit_veg,ea,1.0,,,,False,0,2026-04-07T10:23:04.064494+00:00,2026-05-01T04:55:40.167267+00:00,/items/greenacorn.jpg,available,,50,1 in,24-36 in,,full_sun,70,9b,both,3,"Warm-season. Summer squash harvest young. Edible blossoms, tendrils, leaves.",,Acorn,Green,{},True
19a5d381-d434-4482-aee6-9b44308ff7d3,5f7e9d0f-e91b-4a78-92f9-37505fa5aa3d,"Squash, Leaves",herbs_leaves,lg,15.0,,,,False,0,2026-04-07T10:23:04.280228+00:00,2026-05-01T04:55:40.167267+00:00,/items/squashshoot.jpg,available,,50,1 in,24-36 in,,full_sun,70,9b,both,3,"Warm-season. Summer squash harvest young. Edible blossoms, tendrils, leaves.",,,,{},True
d744e61c-c90f-4181-9247-ae706cf2295d,5f7e9d0f-e91b-4a78-92f9-37505fa5aa3d,"Squash, Misc",fruit_veg,lbs,4.0,,,,False,0,2026-04-07T10:23:04.494876+00:00,2026-05-01T04:55:40.167267+00:00,,available,,50,1 in,24-36 in,,full_sun,70,9b,both,3,"Warm-season. Summer squash harvest young. Edible blossoms, tendrils, leaves.",,Misc,,{},True
1b5e7f69-0650-4d5d-a6bf-e6d54d03f21e,5f7e9d0f-e91b-4a78-92f9-37505fa5aa3d,"Squash, Patty Pan - Silver Dollar",fruit_veg,lg,25.0,,,,False,0,2026-04-07T10:23:04.692695+00:00,2026-05-01T04:55:40.167267+00:00,,available,,50,1 in,24-36 in,,full_sun,70,9b,both,3,"Warm-season. Summer squash harvest young. Edible blossoms, tendrils, leaves.",Silver Dollar,Patty Pan - Silver Dollar,,{},True
aef96fc8-88ea-48ab-bc0f-0c812c919007,5f7e9d0f-e91b-4a78-92f9-37505fa5aa3d,"Squash, Patty Pan Yellow and Green",fruit_veg,lbs,4.0,,,,False,0,2026-04-07T10:23:04.892568+00:00,2026-05-01T04:55:40.167267+00:00,,available,,50,1 in,24-36 in,,full_sun,70,9b,both,3,"Warm-season. Summer squash harvest young. Edible blossoms, tendrils, leaves.",,Patty Pan  and,"Green, Yellow",{},True
a6a57270-840f-41ff-998e-0b1d3cefbe24,5f7e9d0f-e91b-4a78-92f9-37505fa5aa3d,"Squash, Sweet Dumpling",fruit_veg,ea,8.0,,,,False,0,2026-04-07T10:23:05.089363+00:00,2026-05-01T04:55:40.167267+00:00,,available,,50,1 in,24-36 in,,full_sun,70,9b,both,3,"Warm-season. Summer squash harvest young. Edible blossoms, tendrils, leaves.",,Sweet Dumpling,,{},True
b78ea1c0-57d8-4155-bc7e-f9178f5c5ee1,5f7e9d0f-e91b-4a78-92f9-37505fa5aa3d,"Squash, Tiny",fruit_veg,lg,25.0,,,,False,0,2026-04-07T10:23:05.290013+00:00,2026-05-01T04:55:40.167267+00:00,,available,,50,1 in,24-36 in,,full_sun,70,9b,both,3,"Warm-season. Summer squash harvest young. Edible blossoms, tendrils, leaves.",Tiny,,,{},True
7070a97e-2956-4082-b31e-c16321071149,5f7e9d0f-e91b-4a78-92f9-37505fa5aa3d,"Squash, Yellow & Green Zucchini",fruit_veg,lbs,4.0,,,,False,0,2026-04-07T10:23:05.483657+00:00,2026-05-01T04:55:40.167267+00:00,,available,,50,1 in,24-36 in,,full_sun,70,9b,both,3,"Warm-season. Summer squash harvest young. Edible blossoms, tendrils, leaves.",,&  Zucchini,"Green, Yellow",{},True
bbc3545a-c547-48c5-a757-735e33dc47ec,5f7e9d0f-e91b-4a78-92f9-37505fa5aa3d,"Squash, Yellow/Green",fruit_veg,lbs,4.0,,,,False,0,2026-04-07T10:23:05.682256+00:00,2026-05-01T04:55:40.167267+00:00,,available,,50,1 in,24-36 in,,full_sun,70,9b,both,3,"Warm-season. Summer squash harvest young. Edible blossoms, tendrils, leaves.",,,"Green, Yellow",{},True
2fc8d3e9-f161-405f-8246-6a15a6c237cb,5f7e9d0f-e91b-4a78-92f9-37505fa5aa3d,Stinging Nettle,herbs_leaves,lg,10.0,,,,False,0,2026-04-09T14:53:55.180241+00:00,2026-05-01T04:55:40.167267+00:00,,available,,,,,,,,,,,,,,,{},True
a2e7a71f-6efe-4d67-b41f-a1338754ff3b,5f7e9d0f-e91b-4a78-92f9-37505fa5aa3d,"Strawberries Ripe, Mara des Bois",herbs_leaves,lg,24.0,,,,False,0,2026-04-07T10:23:05.88476+00:00,2026-05-01T04:55:40.167267+00:00,/items/strawberries---mara-des-bois.jpg,available,,120,surface,12-18 in,,full_sun,60,9b,transplant,,Perennial. Mara des Bois is everbearing with exceptional flavor. Runners produce new plants.,,Mara des Bois,,{},True
407a2c77-9fc9-495a-ba00-749131cac905,5f7e9d0f-e91b-4a78-92f9-37505fa5aa3d,"Strawberries, Green",herbs_leaves,lg,6.0,,,,False,0,2026-04-07T10:23:06.096469+00:00,2026-05-01T04:55:40.167267+00:00,,available,,120,surface,12-18 in,,full_sun,60,9b,transplant,,Perennial. Mara des Bois is everbearing with exceptional flavor. Runners produce new plants.,,,Green,{},True
0dfe1789-64e1-4258-bf9b-f4b5deaa6bd9,5f7e9d0f-e91b-4a78-92f9-37505fa5aa3d,Succulent: Aptenia Leaf (50 ct),herbs_leaves,ea,15.0,,,,False,0,2026-04-09T14:53:59.115965+00:00,2026-05-01T04:55:40.167267+00:00,,available,,,,,,,,,,,,50 ct,,,{},True
682a4581-1f29-4cd9-ba52-2bf5deb40807,5f7e9d0f-e91b-4a78-92f9-37505fa5aa3d,Succulent: Aptenia Plouche (50 ct),herbs_leaves,ea,15.0,,,,False,0,2026-04-09T14:53:59.039573+00:00,2026-05-01T04:55:40.167267+00:00,,available,,,,,,,,,,,,50 ct,,,{},True
0330dca4-2e34-4ccd-9ea0-e2eccbcb3ed9,5f7e9d0f-e91b-4a78-92f9-37505fa5aa3d,Succulent: Iceplant (50 ct),herbs_leaves,ea,15.0,,,,False,0,2026-04-09T14:53:58.970186+00:00,2026-05-01T04:55:40.167267+00:00,,available,,,,,,,,,,,,50 ct,,,{},True
46d57a11-f9d2-47d0-9096-e6a7b9ed81ad,5f7e9d0f-e91b-4a78-92f9-37505fa5aa3d,Succulent: NZ Spinach - Leaf (50 ct),herbs_leaves,ea,15.0,,,,False,0,2026-04-09T14:53:59.257636+00:00,2026-05-01T04:55:40.167267+00:00,,available,,40,1/2 in,4-6 in,,sun_part_shade,45,9b,direct_seed,,Cool-season. Bolts in heat/long days. Direct sow fall and early spring.,50 ct,,,{},True
7c3b600c-73e8-4df6-993e-effdb29ce957,5f7e9d0f-e91b-4a78-92f9-37505fa5aa3d,Succulent: NZ Spinach - Plouche (50 ct),herbs_leaves,ea,15.0,,,,False,0,2026-04-09T14:53:59.182615+00:00,2026-05-01T04:55:40.167267+00:00,,available,,40,1/2 in,4-6 in,,sun_part_shade,45,9b,direct_seed,,Cool-season. Bolts in heat/long days. Direct sow fall and early spring.,50 ct,,,{},True
d7284556-1c31-49af-9565-909063b93cc9,5f7e9d0f-e91b-4a78-92f9-37505fa5aa3d,Succulent: Saltbush Tips (50 ct),herbs_leaves,ea,15.0,,,,False,0,2026-04-09T14:53:59.326052+00:00,2026-05-01T04:55:40.167267+00:00,,available,,,,,,,,,,,,50 ct,,,{},True
1f32ff5a-f9b7-440a-8285-ab2ad1ecaa05,5f7e9d0f-e91b-4a78-92f9-37505fa5aa3d,Sunflower,flowers,ea,1.0,,,,False,0,2026-04-07T10:23:06.309121+00:00,2026-05-01T04:55:40.167267+00:00,/items/sunflowerbuds.jpg,available,,70,1 in,12-24 in,,full_sun,65,9b,direct_seed,,Direct sow after last frost. Succession plant every 2 weeks for continuous cut flowers.,,,,{},True
304ed108-096d-4022-b673-87feae1b5a1a,5f7e9d0f-e91b-4a78-92f9-37505fa5aa3d,"Sunflower, Sprouts",flowers,lg,25.0,,,,False,0,2026-04-07T10:23:06.507583+00:00,2026-05-01T04:55:40.167267+00:00,,available,,70,1 in,12-24 in,,full_sun,65,9b,direct_seed,,Direct sow after last frost. Succession plant every 2 weeks for continuous cut flowers.,,,,{},True
61a1375c-3254-4fe0-a471-8b8b660f4135,5f7e9d0f-e91b-4a78-92f9-37505fa5aa3d,Sunflowers,flowers,ea,1.0,,,,False,0,2026-04-07T10:23:06.739308+00:00,2026-05-01T04:55:40.167267+00:00,,available,,70,1 in,12-24 in,,full_sun,65,9b,direct_seed,,Direct sow after last frost. Succession plant every 2 weeks for continuous cut flowers.,,,,{},True
41817459-03f8-4e71-8ba6-8fa63e5e1b4d,5f7e9d0f-e91b-4a78-92f9-37505fa5aa3d,Sunkissed Herbs Mix,herbs_leaves,sm,20.0,,,,False,0,2026-04-09T14:53:55.260549+00:00,2026-05-01T04:55:40.167267+00:00,,available,,,,,,,,,,,,,,,{},True
ad22aeeb-e301-4beb-9bf9-36b11a302944,5f7e9d0f-e91b-4a78-92f9-37505fa5aa3d,Sweet Bay,herbs_leaves,lg,10.0,,,,False,0,2026-04-07T10:23:06.962653+00:00,2026-05-01T04:55:40.167267+00:00,/items/sweetbay.jpg,available,,,,,,,,,,,,,,,{},True
5a9c3504-8fef-4b40-8129-d20f88fbe563,5f7e9d0f-e91b-4a78-92f9-37505fa5aa3d,Sweet Clover (50 ct),herbs_leaves,lg,12.0,,,,False,0,2026-04-07T10:23:07.178371+00:00,2026-05-01T04:55:40.167267+00:00,,available,,,,,,,,,,,,50 ct,,,{},True
72705d6f-ba9c-45cc-a890-c2c7baf086c7,5f7e9d0f-e91b-4a78-92f9-37505fa5aa3d,Swiss Chard,micros_leaves,sm,10.0,,,,False,0,2026-04-09T14:53:52.427989+00:00,2026-05-01T04:55:40.167267+00:00,,available,,,,,,,,,,,,,,,{},True
c6fdc2be-53bd-4c2a-8a6f-665e612aa3b5,5f7e9d0f-e91b-4a78-92f9-37505fa5aa3d,Tarragon,herbs_leaves,lg,12.0,,,,False,0,2026-04-07T10:23:07.414993+00:00,2026-05-01T04:55:40.167267+00:00,,available,,90,surface,18-24 in,,full_sun,60,9b,transplant,,French tarragon cannot be grown from seed — use divisions or cuttings.,,,,{},True
080205a7-44fc-49aa-a1c9-072aa3859d8f,5f7e9d0f-e91b-4a78-92f9-37505fa5aa3d,Tatsoi,kits,lg,20.0,,,,False,420,2026-04-07T06:42:52.529292+00:00,2026-05-01T04:55:40.167267+00:00,/items/dwarf-choy.jpg,available,,,,,,,,,,,,,,,{},True
3d50b41b-54e3-4ea7-b559-e40d8a1ea7e3,5f7e9d0f-e91b-4a78-92f9-37505fa5aa3d,"Thyme, Flowering",flowers,lg,12.0,,,,False,0,2026-04-07T10:23:07.646789+00:00,2026-05-01T04:55:40.167267+00:00,/items/farm-00940-01-germanthyme.jpg,available,,85,surface,8-12 in,,full_sun,60,9b,transplant,8,Perennial. Tiny seeds surface sow. Well-drained soil. Harvest flowering stems.,,Flowering,,{},True
508960cd-999c-44de-8e17-218b5cfa40d9,5f7e9d0f-e91b-4a78-92f9-37505fa5aa3d,Tiny Dill,micros_leaves,sm,15.0,,,,False,0,2026-04-09T14:53:51.100588+00:00,2026-05-01T04:55:40.167267+00:00,,available,,45,1/4 in,8-12 in,,full_sun,60,9b,direct_seed,,Direct sow. Doesn't transplant well. Succession plant for continuous supply.,Tiny,,,{},True
6014e544-f4ea-4903-a691-9e2915ee2d07,5f7e9d0f-e91b-4a78-92f9-37505fa5aa3d,"Tiny Fennel, Bronze",micros_leaves,sm,15.0,,,,False,0,2026-04-09T14:53:51.32593+00:00,2026-05-01T04:55:40.167267+00:00,,available,,65,1/4 in,12-18 in,,full_sun,60,9b,direct_seed,,Direct sow in spring. Bronze fennel is perennial. Harvest fronds and flowers.,Tiny,,Bronze,{},True
31738451-481f-400e-aba1-42b2a7452949,5f7e9d0f-e91b-4a78-92f9-37505fa5aa3d,"Tiny Fennel, Green",micros_leaves,sm,15.0,,,,False,0,2026-04-09T14:53:51.411623+00:00,2026-05-01T04:55:40.167267+00:00,,available,,65,1/4 in,12-18 in,,full_sun,60,9b,direct_seed,,Direct sow in spring. Bronze fennel is perennial. Harvest fronds and flowers.,Tiny,,Green,{},True
0acf89be-de62-4a14-9502-aab639d34f04,5f7e9d0f-e91b-4a78-92f9-37505fa5aa3d,Tiny Onion (50 ct),fruit_veg,ea,25.0,,,,False,0,2026-04-09T14:53:53.387659+00:00,2026-05-01T04:55:40.167267+00:00,,available,,,,,,,,,,,,"Tiny, 50 ct",,,{},True
ab073af1-5ce8-4acb-b07f-4fa41d2a8a9d,5f7e9d0f-e91b-4a78-92f9-37505fa5aa3d,Tiny Pea Tendrils (Lamborn) (50 ct),herbs_leaves,ea,12.0,,,,False,0,2026-04-09T14:53:58.465726+00:00,2026-05-01T04:55:40.167267+00:00,,available,,60,1-2 in,2-4 in,,full_sun,45,9b,direct_seed,,"Cool-season. Direct sow early spring. Provide trellis. Edible flowers, tendrils, pods.","Tiny, 50 ct",,,{},True
8627c1a1-62d7-49e3-9176-f295969b3c6d,5f7e9d0f-e91b-4a78-92f9-37505fa5aa3d,Tiny Peas - Yellow/Green (50 ct),fruit_veg,ea,25.0,,,,False,0,2026-04-09T14:53:55.621736+00:00,2026-05-01T04:55:40.167267+00:00,,available,,60,1-2 in,2-4 in,,full_sun,45,9b,direct_seed,,"Cool-season. Direct sow early spring. Provide trellis. Edible flowers, tendrils, pods.","Tiny, 50 ct",,"Green, Yellow",{},True
aad00f76-4fe1-44ac-882a-9ad2eb664a5c,5f7e9d0f-e91b-4a78-92f9-37505fa5aa3d,Tiny Radish Pods (50 ct),fruit_veg,ea,15.0,,,,False,0,2026-04-09T14:53:55.476146+00:00,2026-05-01T04:55:40.167267+00:00,,available,,25,1/2 in,2-4 in,,full_sun,45,9b,direct_seed,,"Fastest vegetable. Succession sow. French Breakfast, Red Round varieties.","Tiny, 50 ct",,,{},True
759e7b56-07aa-4866-bfaa-46efdb0afe58,5f7e9d0f-e91b-4a78-92f9-37505fa5aa3d,Tiny Sorrels - Burgundy (50 ct),herbs_leaves,ea,12.0,,,,False,0,2026-04-09T14:53:58.680248+00:00,2026-05-01T04:55:40.167267+00:00,,available,,,,,,,,,,,,"Tiny, 50 ct",,Burgundy,{},True
38a11035-66a5-48ca-825b-8124f66d4478,5f7e9d0f-e91b-4a78-92f9-37505fa5aa3d,Tiny Sorrels - Mixed (50 ct),herbs_leaves,ea,12.0,,,,False,0,2026-04-09T14:53:58.607886+00:00,2026-05-01T04:55:40.167267+00:00,,available,,,,,,,,,,,,"Tiny, 50 ct",,Mixed,{},True
4898a864-3303-44d8-8c83-8f8996a19fa3,5f7e9d0f-e91b-4a78-92f9-37505fa5aa3d,Tiny Sorrels - Yellow (50 ct),herbs_leaves,ea,12.0,,,,False,0,2026-04-09T14:53:58.747409+00:00,2026-05-01T04:55:40.167267+00:00,,available,,,,,,,,,,,,"Tiny, 50 ct",,Yellow,{},True
97ee9b66-2711-4df2-99bd-ed1a32f40eb4,5f7e9d0f-e91b-4a78-92f9-37505fa5aa3d,"Tomatillo, Amarylla (Yellow)",herbs_leaves,lg,5.0,,,,False,0,2026-04-07T10:23:07.87878+00:00,2026-05-01T04:55:40.167267+00:00,,available,,70,1/4 in,24-36 in,,full_sun,70,9b,transplant,6,Warm-season. Plant 2+ for pollination. Harvest when husk splits.,,Amarylla (),Yellow,{},True
4fd2406d-0cce-4013-9585-72c23407ceae,5f7e9d0f-e91b-4a78-92f9-37505fa5aa3d,"Tomatillo, Med/Large",herbs_leaves,lbs,4.99,,,,False,0,2026-04-07T10:23:08.11854+00:00,2026-05-01T04:55:40.167267+00:00,,available,,70,1/4 in,24-36 in,,full_sun,70,9b,transplant,6,Warm-season. Plant 2+ for pollination. Harvest when husk splits.,Large,Med/,,{},True
334edaad-9be5-43ff-a28a-6a165d97d13e,5f7e9d0f-e91b-4a78-92f9-37505fa5aa3d,"Tomatillo, Small",herbs_leaves,lbs,4.99,,,,False,0,2026-04-07T10:23:08.345391+00:00,2026-05-01T04:55:40.167267+00:00,,available,,70,1/4 in,24-36 in,,full_sun,70,9b,transplant,6,Warm-season. Plant 2+ for pollination. Harvest when husk splits.,Small,,,{},True
ad8151cf-0a93-4205-9f92-19b1bc595a8f,5f7e9d0f-e91b-4a78-92f9-37505fa5aa3d,"Tomato, Cherry",fruit_veg,lbs,6.0,,,,False,0,2026-04-07T10:23:08.577455+00:00,2026-05-01T04:55:40.167267+00:00,,available,,75,1/4 in,24-36 in,,full_sun,70,9b,transplant,6,"Warm-season. Start indoors 6-8 weeks early. Stake/cage. Sungold, Cherry, Heirloom.",,Cherry,,{},True
9c2ebb31-687b-428e-a2c5-a5e552f7b5cc,5f7e9d0f-e91b-4a78-92f9-37505fa5aa3d,"Tomato, Green, Large",fruit_veg,lbs,4.5,,,,False,0,2026-04-07T10:23:08.807776+00:00,2026-05-01T04:55:40.167267+00:00,,available,,75,1/4 in,24-36 in,,full_sun,70,9b,transplant,6,"Warm-season. Start indoors 6-8 weeks early. Stake/cage. Sungold, Cherry, Heirloom.",Large,,Green,{},True
0516781f-0290-44a1-9f8f-adbf8db38425,5f7e9d0f-e91b-4a78-92f9-37505fa5aa3d,"Tomato, Green, Medium",fruit_veg,lbs,4.5,,,,False,0,2026-04-07T10:23:09.058188+00:00,2026-05-01T04:55:40.167267+00:00,,available,,75,1/4 in,24-36 in,,full_sun,70,9b,transplant,6,"Warm-season. Start indoors 6-8 weeks early. Stake/cage. Sungold, Cherry, Heirloom.",Medium,,Green,{},True
3f899f50-df5f-4364-ba3f-3ef814961309,5f7e9d0f-e91b-4a78-92f9-37505fa5aa3d,"Tomato, Green, Small",fruit_veg,lbs,4.5,,,,False,0,2026-04-07T10:23:09.288418+00:00,2026-05-01T04:55:40.167267+00:00,,available,,75,1/4 in,24-36 in,,full_sun,70,9b,transplant,6,"Warm-season. Start indoors 6-8 weeks early. Stake/cage. Sungold, Cherry, Heirloom.",Small,,Green,{},True
96c9c583-6be1-473c-8531-e58107199fa6,5f7e9d0f-e91b-4a78-92f9-37505fa5aa3d,"Tomato, Red, Large",fruit_veg,lbs,4.5,,,,False,0,2026-04-07T10:23:09.544811+00:00,2026-05-01T04:55:40.167267+00:00,,available,,75,1/4 in,24-36 in,,full_sun,70,9b,transplant,6,"Warm-season. Start indoors 6-8 weeks early. Stake/cage. Sungold, Cherry, Heirloom.",Large,,Red,{},True
949a9839-c640-4bf7-a7b6-59e93d5e927e,5f7e9d0f-e91b-4a78-92f9-37505fa5aa3d,"Tomato, Red, Medium",fruit_veg,lbs,4.5,,,,False,0,2026-04-07T10:23:09.817077+00:00,2026-05-01T04:55:40.167267+00:00,,available,,75,1/4 in,24-36 in,,full_sun,70,9b,transplant,6,"Warm-season. Start indoors 6-8 weeks early. Stake/cage. Sungold, Cherry, Heirloom.",Medium,,Red,{},True
1188873c-8be1-42d3-a242-da6f15bf5e4a,5f7e9d0f-e91b-4a78-92f9-37505fa5aa3d,"Tomato, Red, Small",fruit_veg,lbs,4.5,,,,False,0,2026-04-07T10:23:10.059214+00:00,2026-05-01T04:55:40.167267+00:00,,available,,75,1/4 in,24-36 in,,full_sun,70,9b,transplant,6,"Warm-season. Start indoors 6-8 weeks early. Stake/cage. Sungold, Cherry, Heirloom.",Small,,Red,{},True
2d018036-1224-40a3-82ac-e3644690ab0a,5f7e9d0f-e91b-4a78-92f9-37505fa5aa3d,Tomatoe,fruit_veg,lbs,4.5,,,,False,0,2026-04-07T10:23:11.527797+00:00,2026-05-01T04:55:40.167267+00:00,/items/farm-tomato-paul-robeson-lss-dsc-4526.jpg,available,,75,1/4 in,24-36 in,,full_sun,70,9b,transplant,6,"Warm-season. Start indoors 6-8 weeks early. Stake/cage. Sungold, Cherry, Heirloom.","small, medium, large","Heirloom Mix- Black Prince, Black Krim, Brown Sugar, Paul Robeson",,{},True
924984fd-6cab-4b4a-8b62-1fc6860ad5a5,5f7e9d0f-e91b-4a78-92f9-37505fa5aa3d,"Tomatoes, Cherry (Mixed)",fruit_veg,lg,10.0,,,,False,0,2026-04-07T10:23:10.308652+00:00,2026-05-01T04:55:40.167267+00:00,,available,,75,1/4 in,24-36 in,,full_sun,70,9b,transplant,6,"Warm-season. Start indoors 6-8 weeks early. Stake/cage. Sungold, Cherry, Heirloom.",,Cherry (),Mixed,{},True
3c2f77cd-57af-4557-93a8-25f866c7ef0a,5f7e9d0f-e91b-4a78-92f9-37505fa5aa3d,"Tomatoes, Currant",fruit_veg,lg,20.0,,,,False,0,2026-04-07T10:23:10.545506+00:00,2026-05-01T04:55:40.167267+00:00,/items/currant-tomatoes.jpg,available,,75,1/4 in,24-36 in,,full_sun,70,9b,transplant,6,"Warm-season. Start indoors 6-8 weeks early. Stake/cage. Sungold, Cherry, Heirloom.",,Currant,,{},True
20af3438-94f4-44dd-a150-079cf139a7a5,5f7e9d0f-e91b-4a78-92f9-37505fa5aa3d,"Tomatoes, Green (Cherries)",fruit_veg,lg,10.0,,,,False,0,2026-04-07T10:23:10.77985+00:00,2026-05-01T04:55:40.167267+00:00,,available,,75,1/4 in,24-36 in,,full_sun,70,9b,transplant,6,"Warm-season. Start indoors 6-8 weeks early. Stake/cage. Sungold, Cherry, Heirloom.",,(Cherries),Green,{},True
4e30357c-cab4-454a-8698-3f7413a38b2c,5f7e9d0f-e91b-4a78-92f9-37505fa5aa3d,"Tomatoes, Green (Small Heirloom Mix)",fruit_veg,lbs,4.5,,,,False,0,2026-04-07T10:23:11.038752+00:00,2026-05-01T04:55:40.167267+00:00,,available,,75,1/4 in,24-36 in,,full_sun,70,9b,transplant,6,"Warm-season. Start indoors 6-8 weeks early. Stake/cage. Sungold, Cherry, Heirloom.",Small,( Heirloom Mix),Green,{},True
a3d8e08f-8e02-46e5-af59-a2895bf61e63,5f7e9d0f-e91b-4a78-92f9-37505fa5aa3d,"Tomatoes, Large Heirloom Mix",fruit_veg,lbs,4.5,,,,False,0,2026-04-07T10:23:11.299975+00:00,2026-05-01T04:55:40.167267+00:00,,available,,75,1/4 in,24-36 in,,full_sun,70,9b,transplant,6,"Warm-season. Start indoors 6-8 weeks early. Stake/cage. Sungold, Cherry, Heirloom.",Large,Heirloom Mix,,{},True
fd5f8362-52f1-410c-97dc-bbe084c2c8e4,5f7e9d0f-e91b-4a78-92f9-37505fa5aa3d,"Tomatoes, Sungold",fruit_veg,lg,10.0,,,,False,0,2026-04-07T10:23:11.764941+00:00,2026-05-01T04:55:40.167267+00:00,/items/farm-00770-01-sungold.jpg,available,,75,1/4 in,24-36 in,,full_sun,70,9b,transplant,6,"Warm-season. Start indoors 6-8 weeks early. Stake/cage. Sungold, Cherry, Heirloom.",,Sungold,,{},True
5d083c30-fb85-4d4f-9757-9cda19fc2821,5f7e9d0f-e91b-4a78-92f9-37505fa5aa3d,Tri Point Leek,fruit_veg,lg,15.0,,,,False,0,2026-04-07T10:23:12.005554+00:00,2026-05-01T04:55:40.167267+00:00,/items/farm-00416-03-kingrichard.jpg,available,,,,,,,,,,,,,,,{},True
e63f9153-d195-48fa-b7e7-19ad412c36da,5f7e9d0f-e91b-4a78-92f9-37505fa5aa3d,"Tri-Point leek, Flowers",flowers,lg,15.0,,,,False,0,2026-04-07T10:23:12.244991+00:00,2026-05-01T04:55:40.167267+00:00,/items/wildonionflower.jpg,available,,,,,,,,,,,,,,,{},True
314d5849-c300-477e-93a4-bc99aa664c23,5f7e9d0f-e91b-4a78-92f9-37505fa5aa3d,Turnip Leaf - Tiny (1-2 inches),herbs_leaves,ea,12.0,,,,False,0,2026-04-09T14:53:58.819377+00:00,2026-05-01T04:55:40.167267+00:00,,available,,35,1/4 in,4-6 in,,full_sun,50,9b,direct_seed,,Cool-season. Hakurei is fast (35 days). Edible roots and greens.,"Tiny, 1-2 inch",,,{},True
afb8cdfd-4cc1-40f7-9f70-df7cbbb78d06,5f7e9d0f-e91b-4a78-92f9-37505fa5aa3d,"Turnip, Goldball",herbs_leaves,lg,25.0,,,,False,0,2026-04-07T10:23:12.478171+00:00,2026-05-01T04:55:40.167267+00:00,,available,,35,1/4 in,4-6 in,,full_sun,50,9b,direct_seed,,Cool-season. Hakurei is fast (35 days). Edible roots and greens.,,Goldball,,{},True
39a1fabb-bf9a-4ccf-8241-a141fdc85bbc,5f7e9d0f-e91b-4a78-92f9-37505fa5aa3d,"Turnip, Hakurei - Tiny Root (50 ct)",fruit_veg,ea,25.0,,,,True,0,2026-04-09T14:53:53.459427+00:00,2026-04-12T04:33:03.063621+00:00,,available,,35,1/4 in,4-6 in,,full_sun,50,9b,direct_seed,,Cool-season. Hakurei is fast (35 days). Edible roots and greens.,,,,{},False
66732b90-15ff-4bb5-a9d8-b84ac997d183,5f7e9d0f-e91b-4a78-92f9-37505fa5aa3d,"Turnip, Hurkari",herbs_leaves,lg,25.0,,,,False,0,2026-04-07T10:23:12.695978+00:00,2026-05-01T04:55:40.167267+00:00,,available,,35,1/4 in,4-6 in,,full_sun,50,9b,direct_seed,,Cool-season. Hakurei is fast (35 days). Edible roots and greens.,,Hurkari,,{},True
29686763-0ead-43f0-9d3a-59f2ccfb2477,5f7e9d0f-e91b-4a78-92f9-37505fa5aa3d,"Turnip, Leaves",herbs_leaves,lbs,6.0,,,,False,0,2026-04-07T10:23:12.928806+00:00,2026-05-01T04:55:40.167267+00:00,,available,,35,1/4 in,4-6 in,,full_sun,50,9b,direct_seed,,Cool-season. Hakurei is fast (35 days). Edible roots and greens.,,,,{},True
0a960158-e3fa-4ee6-aabd-55578dfe8faa,5f7e9d0f-e91b-4a78-92f9-37505fa5aa3d,"Verbena, Lemon",herbs_leaves,lg,15.0,,,,False,0,2026-04-07T10:23:13.142026+00:00,2026-05-01T04:55:40.167267+00:00,/items/lemonverbenatips.jpg,available,,,,,,,,,,,,,Lemon,,{},True
1dbf367f-4514-48e7-8853-81551967c94d,5f7e9d0f-e91b-4a78-92f9-37505fa5aa3d,Vetch Tendril (50 ct),herbs_leaves,ea,15.0,,,,False,0,2026-04-09T14:53:59.479758+00:00,2026-05-01T04:55:40.167267+00:00,,available,,,,,,,,,,,,50 ct,,,{},True
52ecfb86-603a-49a2-bed5-ff0ced64f464,5f7e9d0f-e91b-4a78-92f9-37505fa5aa3d,Viola - Larger (Sunset),flowers,sm,12.0,,,,False,0,2026-04-09T14:53:50.281083+00:00,2026-05-01T04:55:40.167267+00:00,,available,,65,1/8 in,6-8 in,,sun_part_shade,55,9b,transplant,8,Cool-season. Needs darkness to germinate. Edible flowers.,Large,,Sunset,{},True
de3020b4-e754-4b71-a352-c99160240de4,5f7e9d0f-e91b-4a78-92f9-37505fa5aa3d,Viola - Small (Purple/Yellow),flowers,sm,15.0,,,,False,0,2026-04-09T14:53:50.204214+00:00,2026-05-01T04:55:40.167267+00:00,,available,,65,1/8 in,6-8 in,,sun_part_shade,55,9b,transplant,8,Cool-season. Needs darkness to germinate. Edible flowers.,Small,,"Purple, Yellow",{},True
d675726f-44a7-475c-9b4b-9ba2bf13996d,5f7e9d0f-e91b-4a78-92f9-37505fa5aa3d,Viola (larger - mixed),flowers,lg,15.0,,,,False,0,2026-04-07T10:23:13.396051+00:00,2026-05-01T04:55:40.167267+00:00,/items/yellowviola.jpg,available,,65,1/8 in,6-8 in,,sun_part_shade,55,9b,transplant,8,Cool-season. Needs darkness to germinate. Edible flowers.,Large,,Mixed,{},True
07c6eec6-46c9-4e7c-8cab-a524795d38b7,5f7e9d0f-e91b-4a78-92f9-37505fa5aa3d,Viola (smaller - purple),flowers,lg,10.0,,,,False,0,2026-04-07T10:23:13.622484+00:00,2026-05-01T04:55:40.167267+00:00,/items/viola.jpg,available,,65,1/8 in,6-8 in,,sun_part_shade,55,9b,transplant,8,Cool-season. Needs darkness to germinate. Edible flowers.,Small,,Purple,{},True
10a1cffa-f6d9-4692-8d99-cec08f07ef0d,5f7e9d0f-e91b-4a78-92f9-37505fa5aa3d,Viola larger mixed,flowers,lg,15.0,,,,False,140,2026-04-07T06:42:52.529292+00:00,2026-05-01T04:55:40.167267+00:00,,available,,65,1/8 in,6-8 in,,sun_part_shade,55,9b,transplant,8,Cool-season. Needs darkness to germinate. Edible flowers.,Large,,Mixed,{},True
94301ae3-f29e-44c7-a4e4-94add65ee641,5f7e9d0f-e91b-4a78-92f9-37505fa5aa3d,Wasabi Arugula (50 ct),flowers,ea,12.0,,,,False,0,2026-04-09T14:53:50.352389+00:00,2026-05-01T04:55:40.167267+00:00,,available,,40,1/4 in,4-6 in,,sun_part_shade,45,9b,direct_seed,,Cool-season. Fast growing. Succession sow every 2-3 weeks. Bolts in heat.,50 ct,,,{},True
f3c9bbbe-aef1-46f3-8e9c-83d1d05109d0,5f7e9d0f-e91b-4a78-92f9-37505fa5aa3d,Wasabi Arugula Leaf - 1-2 inches,herbs_leaves,ea,12.0,,,,False,0,2026-04-09T14:53:59.408972+00:00,2026-05-01T04:55:40.167267+00:00,,available,,40,1/4 in,4-6 in,,sun_part_shade,45,9b,direct_seed,,Cool-season. Fast growing. Succession sow every 2-3 weeks. Bolts in heat.,1-2 inch,,,{},True
60615a17-1ed6-46d4-9ea7-5733ae4770d1,5f7e9d0f-e91b-4a78-92f9-37505fa5aa3d,Wasabi Arugula Leaf (1-2 inches),micros_leaves,ea,12.0,,,,False,0,2026-04-09T14:53:52.512939+00:00,2026-05-01T04:55:40.167267+00:00,,available,,40,1/4 in,4-6 in,,sun_part_shade,45,9b,direct_seed,,Cool-season. Fast growing. Succession sow every 2-3 weeks. Bolts in heat.,1-2 inch,,,{},True
dcb732ae-01fa-47ac-8c1d-20b1a9d0b47f,5f7e9d0f-e91b-4a78-92f9-37505fa5aa3d,Watercress,micros_leaves,sm,10.0,,,,False,0,2026-04-09T14:53:52.580017+00:00,2026-05-01T04:55:40.167267+00:00,,available,,,,,,,,,,,,,,,{},True
44c4bb44-4ddb-4aee-a539-54b238955833,5f7e9d0f-e91b-4a78-92f9-37505fa5aa3d,Weld Cress,herbs_leaves,lg,12.0,,,,False,0,2026-04-13T08:58:59.239622+00:00,2026-05-01T04:55:40.167267+00:00,,available,,,,,,,,,,,,,,,{},True
1231a2f3-61ad-405a-a710-a84a46c2ac8f,5f7e9d0f-e91b-4a78-92f9-37505fa5aa3d,Wild Calendula,flowers,sm,15.0,,,,False,0,2026-04-09T14:53:50.432362+00:00,2026-05-01T04:55:40.167267+00:00,,available,,50,1/4 in,8-12 in,,full_sun,55,9b,both,4,Cool-season flower. Tolerates light frost. Harvest flowers when fully open.,,,,{},True
84c40ee2-5337-4ad7-9f94-14b23375badb,5f7e9d0f-e91b-4a78-92f9-37505fa5aa3d,Wild Onion Flower,flowers,lg,30.0,,,,False,0,2026-04-09T14:53:50.509435+00:00,2026-05-01T04:55:40.167267+00:00,,available,,,,,,,,,,,,,,,{},True
d366129f-9ec9-4f9d-a4d9-dd76408778d2,5f7e9d0f-e91b-4a78-92f9-37505fa5aa3d,Wild Oxalis,herbs_leaves,lg,15.0,,,,False,0,2026-04-09T14:53:53.185266+00:00,2026-05-01T04:55:40.167267+00:00,,available,,,,,,part_shade,,9b,,,Wild/foraged. Wood sorrel family. Tart lemony flavor. Self-propagating ground cover.,,,,{},True
c2cbd94e-49da-4aa5-b4b5-070bb2aae1de,5f7e9d0f-e91b-4a78-92f9-37505fa5aa3d,Wild Oxalis Stems (flowering) (50 ct),herbs_leaves,ea,12.0,,,,False,0,2026-04-09T14:53:53.252668+00:00,2026-05-01T04:55:40.167267+00:00,,available,,,,,,part_shade,,9b,,,Wild/foraged. Wood sorrel family. Tart lemony flavor. Self-propagating ground cover.,50 ct,,,{},True
2070ea5c-435b-4080-9a08-46095b69baca,5f7e9d0f-e91b-4a78-92f9-37505fa5aa3d,Wormwood,herbs_leaves,lg,40.0,,,,False,0,2026-04-07T10:23:13.860558+00:00,2026-05-01T04:55:40.167267+00:00,,available,,,,,,,,,,,,,,,{},True
d399f7cb-cd56-4360-9e60-ccab8382fb61,5f7e9d0f-e91b-4a78-92f9-37505fa5aa3d,"Yarrow, Flower",flowers,lg,15.0,,,,False,0,2026-04-07T10:23:14.10211+00:00,2026-05-01T04:55:40.167267+00:00,,available,,,,,,,,,,,,,,,{},True
e29757bb-c15b-4791-8b7e-c0e26dbc2d4c,5f7e9d0f-e91b-4a78-92f9-37505fa5aa3d,"Yarrow, Leaf",herbs_leaves,lg,15.0,,,,False,0,2026-04-07T10:23:14.349005+00:00,2026-05-01T04:55:40.167267+00:00,,available,,,,,,,,,,,,,,,{},True
72322dd6-8045-401b-aa0e-67ed58ebe0ff,5f7e9d0f-e91b-4a78-92f9-37505fa5aa3d,Yuzu,herbs_leaves,ea,4.95,,,,False,0,2026-04-07T10:23:14.573176+00:00,2026-05-01T04:55:40.167267+00:00,,available,,,,,,,,,,,,,,,{},True
ad510ff3-14e5-40fa-b454-26ebc4bf299c,5f7e9d0f-e91b-4a78-92f9-37505fa5aa3d,Zinnas,herbs_leaves,lg,15.0,,,,False,0,2026-04-07T10:23:14.807657+00:00,2026-05-01T04:55:40.167267+00:00,,available,,,,,,,,,,,,,,,{},True
