id,item_id,restaurant_id,delivery_date,status,limited_qty,cycle_notes,created_at,updated_at,available_sizes,available_colors,available_units
31a3dad4-b1ea-44fa-a34c-79b9fcec8e6f,2d7c5b8a-f3f9-462d-a7b0-06f5ac2dc976,fbb296de-dba2-4b23-9c3b-5c1285997b41,2026-04-09,available,,,2026-04-07T21:21:50.492815+00:00,2026-04-07T21:21:50.05+00:00,,,
6e8c7f91-bc96-416d-b7ed-989e07077e3c,80715009-1569-4eb1-bc15-3f1b74e45280,fbb296de-dba2-4b23-9c3b-5c1285997b41,2026-04-09,unavailable,,,2026-04-07T21:21:50.492815+00:00,2026-04-07T21:21:50.05+00:00,,,
e8d79cb4-96ac-4c34-9e59-ec157682bc7f,aa1f52af-a81a-43fc-84f2-8739dc579d52,fbb296de-dba2-4b23-9c3b-5c1285997b41,2026-04-09,unavailable,,,2026-04-07T21:21:50.492815+00:00,2026-04-07T21:21:50.05+00:00,,,
212ff5f2-8bcc-44d6-8fe9-33965578bf6b,0abbd494-b25b-4f13-a55e-dcf6db986965,fbb296de-dba2-4b23-9c3b-5c1285997b41,2026-04-09,unavailable,,,2026-04-07T21:21:50.492815+00:00,2026-04-07T21:21:50.05+00:00,,,
1f35d3b4-a733-4568-b150-15bbceec2e3d,62ef1b1f-0f0c-4ea8-ae97-8262c836aca4,fbb296de-dba2-4b23-9c3b-5c1285997b41,2026-04-09,unavailable,,,2026-04-07T21:21:50.492815+00:00,2026-04-07T21:21:50.05+00:00,,,
80efd583-0229-48e1-adf3-ee7965e2e94f,b7208d85-35b3-448f-8cbe-35500f1559dd,fbb296de-dba2-4b23-9c3b-5c1285997b41,2026-04-09,unavailable,,,2026-04-07T21:21:50.492815+00:00,2026-04-07T21:21:50.05+00:00,,,
9a590c63-12dc-4b7b-975d-95548c3d57bd,20a2301c-797c-4953-9efd-b28ccf27e775,fbb296de-dba2-4b23-9c3b-5c1285997b41,2026-04-09,unavailable,,,2026-04-07T21:21:50.492815+00:00,2026-04-07T21:21:50.05+00:00,,,
d37b2b55-b51e-4008-98d6-0935deb9ac30,40b5c780-6569-4806-8e95-e2c92eaa87c9,fbb296de-dba2-4b23-9c3b-5c1285997b41,2026-04-09,unavailable,,,2026-04-07T21:21:50.492815+00:00,2026-04-07T21:21:50.05+00:00,,,
431ab785-5704-411f-bf0c-3c4112c10e7d,d78ec394-051b-4132-aa11-92a24197f565,fbb296de-dba2-4b23-9c3b-5c1285997b41,2026-04-09,unavailable,,,2026-04-07T21:21:50.492815+00:00,2026-04-07T21:21:50.05+00:00,,,
b2a0e5c8-9231-4d0f-96ae-f25ba6fdb03e,b56af66b-bf5b-40d8-9c9c-da4455afe5e3,fbb296de-dba2-4b23-9c3b-5c1285997b41,2026-04-09,unavailable,,,2026-04-07T21:21:50.492815+00:00,2026-04-07T21:21:50.05+00:00,,,
2dbc0985-acf7-424e-bf3a-4122d018283a,e61bb04a-6523-4f0a-b945-dae17b2ab3c6,fbb296de-dba2-4b23-9c3b-5c1285997b41,2026-04-09,unavailable,,,2026-04-07T21:21:50.492815+00:00,2026-04-07T21:21:50.05+00:00,,,
c4a1f533-852f-4d94-b095-2921efe58a20,b8e32f9a-56c0-4915-9d71-413234d11bff,fbb296de-dba2-4b23-9c3b-5c1285997b41,2026-04-09,unavailable,,,2026-04-07T21:21:50.492815+00:00,2026-04-07T21:21:50.05+00:00,,,
d3f8529f-8d57-4f5b-b84f-87364b464f68,1ef573f5-82a5-437f-b478-f09a7c3a3b06,fbb296de-dba2-4b23-9c3b-5c1285997b41,2026-04-09,unavailable,,,2026-04-07T21:21:50.492815+00:00,2026-04-07T21:21:50.05+00:00,,,
507689a7-ccab-4705-9f60-53feaa729afb,1fba7f38-e8ac-4d0a-a165-40681248749a,fbb296de-dba2-4b23-9c3b-5c1285997b41,2026-04-09,unavailable,,,2026-04-07T21:21:50.492815+00:00,2026-04-07T21:21:50.05+00:00,,,
b7a664e6-750a-4868-b0cd-2fafe8d32c44,2c6f9099-8630-4310-9a1c-b81f5170e839,fbb296de-dba2-4b23-9c3b-5c1285997b41,2026-04-09,unavailable,,,2026-04-07T21:21:50.492815+00:00,2026-04-07T21:21:50.05+00:00,,,
f919b94d-7401-4675-83e4-7372c8198c82,772df8d5-6962-487a-99d2-78d6ef150e85,fbb296de-dba2-4b23-9c3b-5c1285997b41,2026-04-09,unavailable,,,2026-04-07T21:21:50.492815+00:00,2026-04-07T21:21:50.05+00:00,,,
e278b010-1246-462f-af04-6b3423d77676,a02772eb-54d3-4b3f-97a6-223043efe589,fbb296de-dba2-4b23-9c3b-5c1285997b41,2026-04-09,unavailable,,,2026-04-07T21:21:50.492815+00:00,2026-04-07T21:21:50.05+00:00,,,
99248f4d-ba81-4203-b31e-807aa00920dd,1cd8cacb-9218-4990-9bbf-a2e7ce216f54,fbb296de-dba2-4b23-9c3b-5c1285997b41,2026-04-09,unavailable,,,2026-04-07T21:21:50.492815+00:00,2026-04-07T21:21:50.05+00:00,,,
5427c160-05a0-4d70-84d3-35a6952a2ba3,942cbf39-99e6-40cd-8034-2eacf88611f2,fbb296de-dba2-4b23-9c3b-5c1285997b41,2026-04-09,unavailable,,,2026-04-07T21:21:50.492815+00:00,2026-04-07T21:21:50.05+00:00,,,
172dff24-040b-422f-ac42-1705d7a08de2,5d2be0b1-c8e4-4de7-becc-b24c8655215d,fbb296de-dba2-4b23-9c3b-5c1285997b41,2026-04-09,unavailable,,,2026-04-07T21:21:50.492815+00:00,2026-04-07T21:21:50.05+00:00,,,
725295cf-c437-48ae-acb7-9fa4e6a76287,ff117f7e-e829-4c9b-94be-583211e2b8eb,fbb296de-dba2-4b23-9c3b-5c1285997b41,2026-04-09,available,,,2026-04-07T21:21:50.492815+00:00,2026-04-07T21:21:50.05+00:00,,,
7fe45a90-e3af-448e-8c54-86c4983a036f,47a0a430-3e3c-4cb4-85c9-47cc22a0b918,fbb296de-dba2-4b23-9c3b-5c1285997b41,2026-04-09,unavailable,,,2026-04-07T21:21:50.492815+00:00,2026-04-07T21:21:50.05+00:00,,,
3670efb7-456f-49e5-8c56-041a482134f8,a5ac6324-2319-4372-a71b-2fcd580315da,fbb296de-dba2-4b23-9c3b-5c1285997b41,2026-04-09,unavailable,,,2026-04-07T21:21:50.492815+00:00,2026-04-07T21:21:50.05+00:00,,,
45055a77-6e41-4010-be1a-6be90381f959,9da89b63-0331-4cc7-a3cd-61ca235b49f7,fbb296de-dba2-4b23-9c3b-5c1285997b41,2026-04-09,unavailable,,,2026-04-07T21:21:50.492815+00:00,2026-04-07T21:21:50.05+00:00,,,
1e4254c0-fe4e-4ced-9240-96d784009c33,c6110ff1-93d1-471e-b0b1-bdb584068e25,fbb296de-dba2-4b23-9c3b-5c1285997b41,2026-04-09,unavailable,,,2026-04-07T21:21:50.492815+00:00,2026-04-07T21:21:50.05+00:00,,,
3b717993-d3f6-497c-8694-b0ddd2643c56,f64ae6e9-98b8-4d49-96ba-8d2b7cb99216,fbb296de-dba2-4b23-9c3b-5c1285997b41,2026-04-09,unavailable,,,2026-04-07T21:21:50.492815+00:00,2026-04-07T21:21:50.05+00:00,,,
837cfbd6-20f3-405a-b0ec-aaf00d7203c0,267a7ea2-953e-49dd-8b14-79e115a8efc7,fbb296de-dba2-4b23-9c3b-5c1285997b41,2026-04-09,unavailable,,,2026-04-07T21:21:50.492815+00:00,2026-04-07T21:21:50.05+00:00,,,
31634e16-82f5-4e7c-8903-7f1ec9429418,1b643468-628a-4ec8-a769-b0ae8bc8af71,fbb296de-dba2-4b23-9c3b-5c1285997b41,2026-04-09,unavailable,,,2026-04-07T21:21:50.492815+00:00,2026-04-07T21:21:50.05+00:00,,,
b37908f6-031b-4f18-9a6d-bd50913fcb29,ba787ccf-f590-4338-a42d-06071e35b23c,fbb296de-dba2-4b23-9c3b-5c1285997b41,2026-04-09,unavailable,,,2026-04-07T21:21:50.492815+00:00,2026-04-07T21:21:50.05+00:00,,,
708cfbd2-70b7-4789-bdce-eeb46ebd7345,44bdbde8-576d-4d7f-b668-d2f2bf72fb2e,fbb296de-dba2-4b23-9c3b-5c1285997b41,2026-04-09,available,,,2026-04-07T21:21:50.492815+00:00,2026-04-07T21:21:50.05+00:00,,,
f2d5f5b5-6139-4b48-b7b8-ebf03bb96d65,5da6dc1f-43a1-4182-bea0-4d1036c97b6d,fbb296de-dba2-4b23-9c3b-5c1285997b41,2026-04-09,unavailable,,,2026-04-07T21:21:50.492815+00:00,2026-04-07T21:21:50.05+00:00,,,
8a7ab979-76e5-4788-a27b-8bdb4cfce5b7,6a383d81-af24-4d74-a14e-ec5dd8b4653d,fbb296de-dba2-4b23-9c3b-5c1285997b41,2026-04-09,available,,,2026-04-07T21:21:50.492815+00:00,2026-04-07T21:21:50.05+00:00,,,
fae52043-8846-402f-8d2b-7f870fa92dac,21d117ac-f8fb-45fd-bf02-a0f11942e9a3,fbb296de-dba2-4b23-9c3b-5c1285997b41,2026-04-09,unavailable,,,2026-04-07T21:21:50.492815+00:00,2026-04-07T21:21:50.05+00:00,,,
30afe9a1-3d41-472c-a5ce-2cf90a24d659,5d480edd-15b4-4457-b01b-8b369f82cae4,fbb296de-dba2-4b23-9c3b-5c1285997b41,2026-04-09,unavailable,,,2026-04-07T21:21:50.492815+00:00,2026-04-07T21:21:50.05+00:00,,,
2ea7f19e-47ad-44d0-bf8b-60207d146d35,b0d98b9a-7524-48e8-89b3-d8a93d7340c8,fbb296de-dba2-4b23-9c3b-5c1285997b41,2026-04-09,unavailable,,,2026-04-07T21:21:50.492815+00:00,2026-04-07T21:21:50.05+00:00,,,
fef028c2-7136-46a8-ac1a-c6874432267b,f928dfeb-fbe7-4518-a98a-0d77b37478dc,fbb296de-dba2-4b23-9c3b-5c1285997b41,2026-04-09,unavailable,,,2026-04-07T21:21:50.492815+00:00,2026-04-07T21:21:50.05+00:00,,,
699e306b-edf5-4e3e-8c6b-08d218e69b35,0299c9ab-abbe-49fa-a8ea-2f63027fb6f5,fbb296de-dba2-4b23-9c3b-5c1285997b41,2026-04-09,unavailable,,,2026-04-07T21:21:50.492815+00:00,2026-04-07T21:21:50.05+00:00,,,
57c1fa51-326d-4efe-8712-18cd1bd1c79a,78352cbe-90e6-4e26-8e68-95ff4931e2a4,fbb296de-dba2-4b23-9c3b-5c1285997b41,2026-04-09,unavailable,,,2026-04-07T21:21:50.492815+00:00,2026-04-07T21:21:50.05+00:00,,,
2133f46c-2ed8-4ad8-900d-e879f1ce847b,eca26cbb-d6eb-4cf3-bded-833d0c82c2cc,fbb296de-dba2-4b23-9c3b-5c1285997b41,2026-04-09,unavailable,,,2026-04-07T21:21:50.492815+00:00,2026-04-07T21:21:50.05+00:00,,,
e6407f55-d226-4328-9ea8-8423143d76d3,0a36520c-f191-437c-9745-c85a53861102,fbb296de-dba2-4b23-9c3b-5c1285997b41,2026-04-09,unavailable,,,2026-04-07T21:21:50.492815+00:00,2026-04-07T21:21:50.05+00:00,,,
c57ba2d6-4a80-4e9a-bbf2-10016d975743,feaad469-a829-41b2-988e-5efed6c64b6c,fbb296de-dba2-4b23-9c3b-5c1285997b41,2026-04-09,unavailable,,,2026-04-07T21:21:50.492815+00:00,2026-04-07T21:21:50.05+00:00,,,
646d176c-8416-40a2-a766-518b6419f307,3cb29cc2-866b-4360-90a3-15d01db8714a,fbb296de-dba2-4b23-9c3b-5c1285997b41,2026-04-09,unavailable,,,2026-04-07T21:21:50.492815+00:00,2026-04-07T21:21:50.05+00:00,,,
1fd7b867-8335-469e-8a71-fc36504afc66,89deecdc-4aaf-4b43-9716-bc54563a3e98,fbb296de-dba2-4b23-9c3b-5c1285997b41,2026-04-09,available,,,2026-04-07T21:21:50.492815+00:00,2026-04-07T21:21:50.05+00:00,,,
95ca77f4-eb1c-4cfe-94ab-0f8a45ce749c,66056ffe-bed5-4f29-9efc-b3451224d474,fbb296de-dba2-4b23-9c3b-5c1285997b41,2026-04-09,unavailable,,,2026-04-07T21:21:50.492815+00:00,2026-04-07T21:21:50.05+00:00,,,
5698681b-dd29-4442-bf7d-176035468827,2c6d8e1e-5fca-4ef0-8171-db565a70bb02,fbb296de-dba2-4b23-9c3b-5c1285997b41,2026-04-09,unavailable,,,2026-04-07T21:21:50.492815+00:00,2026-04-07T21:21:50.05+00:00,,,
22332e31-6f56-4887-a993-592cc2aebd77,4cb1a70a-69ff-40a0-a510-294ba986d499,fbb296de-dba2-4b23-9c3b-5c1285997b41,2026-04-09,unavailable,,,2026-04-07T21:21:50.492815+00:00,2026-04-07T21:21:50.05+00:00,,,
4ea545f4-8d64-4a0a-8c8d-455fce3a437e,45a1142b-7760-4e8c-a1af-989c15a5fdc4,fbb296de-dba2-4b23-9c3b-5c1285997b41,2026-04-09,unavailable,,,2026-04-07T21:21:50.492815+00:00,2026-04-07T21:21:50.05+00:00,,,
52d9adb4-4d22-435c-8637-840e3aeec70c,5b3f4657-21b0-44a7-8f0a-3f0ecd43f712,fbb296de-dba2-4b23-9c3b-5c1285997b41,2026-04-09,unavailable,,,2026-04-07T21:21:50.492815+00:00,2026-04-07T21:21:50.05+00:00,,,
8351f09a-c045-4b00-911c-0f9a441cc6b3,10c6b8e6-72c6-4198-8dbb-9afc48473d68,fbb296de-dba2-4b23-9c3b-5c1285997b41,2026-04-09,unavailable,,,2026-04-07T21:21:50.492815+00:00,2026-04-07T21:21:50.05+00:00,,,
c78957e3-d687-4acb-ba2d-41bdadc5c084,c8b51b5d-7fe1-40db-ad18-7b79258828a1,fbb296de-dba2-4b23-9c3b-5c1285997b41,2026-04-09,unavailable,,,2026-04-07T21:21:50.492815+00:00,2026-04-07T21:21:50.05+00:00,,,
c8e9d9f1-1530-4d3e-86b6-b65281edc396,6f6dcd58-46f9-4796-8b12-f65aeb26ab1e,fbb296de-dba2-4b23-9c3b-5c1285997b41,2026-04-09,unavailable,,,2026-04-07T21:21:50.492815+00:00,2026-04-07T21:21:50.05+00:00,,,
6d288634-4a45-47e3-b692-dde00d5dffe3,188cfea9-8ce2-4ee6-aa4a-8ace3bb24307,fbb296de-dba2-4b23-9c3b-5c1285997b41,2026-04-09,unavailable,,,2026-04-07T21:21:50.492815+00:00,2026-04-07T21:21:50.05+00:00,,,
de04d3c2-101b-4dcc-b90f-7ffadd25bc98,ecbae0c7-4bea-436b-9f87-b80c26ec150f,fbb296de-dba2-4b23-9c3b-5c1285997b41,2026-04-09,unavailable,,,2026-04-07T21:21:50.492815+00:00,2026-04-07T21:21:50.05+00:00,,,
4e319a8a-ccc6-401b-b456-8027822c33d6,acc2e31f-8c70-4ae8-82e0-30c047f6bc1f,fbb296de-dba2-4b23-9c3b-5c1285997b41,2026-04-09,unavailable,,,2026-04-07T21:21:50.492815+00:00,2026-04-07T21:21:50.05+00:00,,,
e88d2219-da18-42c0-896b-47586dd3c0de,8e08ef07-dafc-46a6-8d05-a8ed0e1cb79c,fbb296de-dba2-4b23-9c3b-5c1285997b41,2026-04-09,unavailable,,,2026-04-07T21:21:50.492815+00:00,2026-04-07T21:21:50.05+00:00,,,
d9e1fc32-0d76-4b4d-be1f-0e3b247d07ad,5faef9e7-1115-4fbf-a391-fc83e8635b70,fbb296de-dba2-4b23-9c3b-5c1285997b41,2026-04-09,unavailable,,,2026-04-07T21:21:50.492815+00:00,2026-04-07T21:21:50.05+00:00,,,
080f7246-748c-4495-b2a5-f8eb26ad6f8c,53d4c1e2-c93c-4f45-8fb1-f0bd64ef921e,fbb296de-dba2-4b23-9c3b-5c1285997b41,2026-04-09,unavailable,,,2026-04-07T21:21:50.492815+00:00,2026-04-07T21:21:50.05+00:00,,,
25dff0d2-3999-4ddc-931b-81a7428786f8,953a114e-45a0-47ca-8ac0-c0e188cd65c2,fbb296de-dba2-4b23-9c3b-5c1285997b41,2026-04-09,unavailable,,,2026-04-07T21:21:50.492815+00:00,2026-04-07T21:21:50.05+00:00,,,
3fb776f7-3460-4322-b1c3-8c27d7fbcfcf,25149f32-ee59-48d7-a941-9f6c35ca2855,fbb296de-dba2-4b23-9c3b-5c1285997b41,2026-04-09,unavailable,,,2026-04-07T21:21:50.492815+00:00,2026-04-07T21:21:50.05+00:00,,,
c826a542-3fdf-46aa-8337-0ba462578e62,a3d78333-79fb-4040-8a2f-6f43aa351556,fbb296de-dba2-4b23-9c3b-5c1285997b41,2026-04-09,unavailable,,,2026-04-07T21:21:50.492815+00:00,2026-04-07T21:21:50.05+00:00,,,
bff4a014-a9a4-47a2-8fda-a213e8328d23,7190d607-72e8-48cb-96d6-9c43c2d930f3,fbb296de-dba2-4b23-9c3b-5c1285997b41,2026-04-09,unavailable,,,2026-04-07T21:21:50.492815+00:00,2026-04-07T21:21:50.05+00:00,,,
16547ff5-0faa-44dd-8b91-65956f80ddb7,e466e1b5-0324-484f-be32-9f1e792d73e0,fbb296de-dba2-4b23-9c3b-5c1285997b41,2026-04-09,unavailable,,,2026-04-07T21:21:50.492815+00:00,2026-04-07T21:21:50.05+00:00,,,
1acb7018-f454-4008-8b06-fcb910c3bfab,dea0d41c-bb8b-4b5d-a829-28e07fff0010,fbb296de-dba2-4b23-9c3b-5c1285997b41,2026-04-09,unavailable,,,2026-04-07T21:21:50.492815+00:00,2026-04-07T21:21:50.05+00:00,,,
9187c1ee-fd67-4d8a-b34c-38eed8ec538e,31bb4896-e136-4f61-8c9a-44f45a24b9db,fbb296de-dba2-4b23-9c3b-5c1285997b41,2026-04-09,unavailable,,,2026-04-07T21:21:50.492815+00:00,2026-04-07T21:21:50.05+00:00,,,
79fd58a7-8bf9-41f9-8813-271520b870fd,e6c3b55d-0838-4760-b4e8-30ec6b724c69,fbb296de-dba2-4b23-9c3b-5c1285997b41,2026-04-09,unavailable,,,2026-04-07T21:21:50.492815+00:00,2026-04-07T21:21:50.05+00:00,,,
5b0c7a2e-008e-4f19-9485-ee9f65d472e1,b4e55d8f-e956-442f-a4ad-595da88885fb,fbb296de-dba2-4b23-9c3b-5c1285997b41,2026-04-09,unavailable,,,2026-04-07T21:21:50.492815+00:00,2026-04-07T21:21:50.05+00:00,,,
4965e356-e049-4070-8d2f-6cb6b84a9467,6058be35-369e-435d-8373-442cac7b65f8,fbb296de-dba2-4b23-9c3b-5c1285997b41,2026-04-09,unavailable,,,2026-04-07T21:21:50.492815+00:00,2026-04-07T21:21:50.05+00:00,,,
9bf11854-c3d0-44da-a50f-a1521b1a901a,9adeb556-ece2-498f-abb0-869e7ea01aa8,fbb296de-dba2-4b23-9c3b-5c1285997b41,2026-04-09,unavailable,,,2026-04-07T21:21:50.492815+00:00,2026-04-07T21:21:50.05+00:00,,,
8cc62759-f076-4ec6-aa73-c9c2464cbad9,bfa7d4bd-6923-4d5f-9b63-2801c4cd92b2,fbb296de-dba2-4b23-9c3b-5c1285997b41,2026-04-09,unavailable,,,2026-04-07T21:21:50.492815+00:00,2026-04-07T21:21:50.05+00:00,,,
e94c190e-9522-4119-b453-c8568b6cf0d9,bf479c71-9394-4a55-b9ac-c81c237fa309,fbb296de-dba2-4b23-9c3b-5c1285997b41,2026-04-09,unavailable,,,2026-04-07T21:21:50.492815+00:00,2026-04-07T21:21:50.05+00:00,,,
25cab77e-aa7c-43f4-aec6-d0d66be9da72,4d8341f1-1d5f-49e5-95e6-bda4f2816a28,fbb296de-dba2-4b23-9c3b-5c1285997b41,2026-04-09,unavailable,,,2026-04-07T21:21:50.492815+00:00,2026-04-07T21:21:50.05+00:00,,,
10b7dc98-cd02-4ee1-81ec-00c8925c0439,f6723b26-0b45-4a30-bfa8-1ee732565796,fbb296de-dba2-4b23-9c3b-5c1285997b41,2026-04-09,unavailable,,,2026-04-07T21:21:50.492815+00:00,2026-04-07T21:21:50.05+00:00,,,
4bd211cd-f6cd-4d33-a929-cd617286ae4d,6d8db724-4152-43b2-bf1b-ca96881952e6,fbb296de-dba2-4b23-9c3b-5c1285997b41,2026-04-09,unavailable,,,2026-04-07T21:21:50.492815+00:00,2026-04-07T21:21:50.05+00:00,,,
30173f39-8d38-4b96-81e8-7e1077566930,5aace772-3b44-4925-820b-042fba96ee1b,fbb296de-dba2-4b23-9c3b-5c1285997b41,2026-04-09,unavailable,,,2026-04-07T21:21:50.492815+00:00,2026-04-07T21:21:50.05+00:00,,,
da9ae8e0-604f-43e6-8166-1afe11ad0253,c884d033-d490-4ccb-ba1f-646407b6ab42,fbb296de-dba2-4b23-9c3b-5c1285997b41,2026-04-09,unavailable,,,2026-04-07T21:21:50.492815+00:00,2026-04-07T21:21:50.05+00:00,,,
fa10a8bf-feda-41e6-8ace-e8514842fdb9,1e313572-571e-46b4-b012-80449350cf3f,fbb296de-dba2-4b23-9c3b-5c1285997b41,2026-04-09,unavailable,,,2026-04-07T21:21:50.492815+00:00,2026-04-07T21:21:50.05+00:00,,,
20ca2cf7-1c4e-4a7c-800e-7d5a27f96387,95a59580-6440-4afa-95b7-90e438e0b33b,fbb296de-dba2-4b23-9c3b-5c1285997b41,2026-04-09,unavailable,,,2026-04-07T21:21:50.492815+00:00,2026-04-07T21:21:50.05+00:00,,,
8d628ffb-a9e5-4271-a159-28a118dfa20c,1ce0b2b8-6262-4b17-98f9-60bed3365ecb,fbb296de-dba2-4b23-9c3b-5c1285997b41,2026-04-09,unavailable,,,2026-04-07T21:21:50.492815+00:00,2026-04-07T21:21:50.05+00:00,,,
acf60777-667d-4198-b655-9b67753a4f24,d9bf2e1e-2f9d-4952-97aa-c74fdd095b34,fbb296de-dba2-4b23-9c3b-5c1285997b41,2026-04-09,unavailable,,,2026-04-07T21:21:50.492815+00:00,2026-04-07T21:21:50.05+00:00,,,
b631b280-56d7-4101-8c33-a748fbf80e33,4af25fcb-085b-4071-97d0-4af42e4a5f0b,fbb296de-dba2-4b23-9c3b-5c1285997b41,2026-04-09,unavailable,,,2026-04-07T21:21:50.492815+00:00,2026-04-07T21:21:50.05+00:00,,,
043fb689-d3eb-4c71-844b-db8827aed303,d04984bc-eb16-411e-8c99-ba6beb94db3c,fbb296de-dba2-4b23-9c3b-5c1285997b41,2026-04-09,unavailable,,,2026-04-07T21:21:50.492815+00:00,2026-04-07T21:21:50.05+00:00,,,
10914a6b-2244-487b-844d-f80132995be8,dfcf3978-e149-42ff-90c3-5ee66fc11c77,fbb296de-dba2-4b23-9c3b-5c1285997b41,2026-04-09,unavailable,,,2026-04-07T21:21:50.492815+00:00,2026-04-07T21:21:50.05+00:00,,,
19091d87-ea36-4bea-bc8b-3d0d6cc4064b,f0fe9b25-dd6c-40ca-b3a2-5ad353a1c66e,fbb296de-dba2-4b23-9c3b-5c1285997b41,2026-04-09,unavailable,,,2026-04-07T21:21:50.492815+00:00,2026-04-07T21:21:50.05+00:00,,,
dff6a4c3-1fda-464f-898c-bfd1028a277b,e0ac9138-c667-4899-b1a7-25684d83684c,fbb296de-dba2-4b23-9c3b-5c1285997b41,2026-04-09,unavailable,,,2026-04-07T21:21:50.492815+00:00,2026-04-07T21:21:50.05+00:00,,,
ef5b597e-1248-4f5f-8470-d3b506a422b6,aec9b1ec-e511-4850-bfc1-ca8d1f749687,fbb296de-dba2-4b23-9c3b-5c1285997b41,2026-04-09,unavailable,,,2026-04-07T21:21:50.492815+00:00,2026-04-07T21:21:50.05+00:00,,,
4853cd01-dd35-45fe-9d27-c3bf5ede79b7,03ac3e2a-cd94-4a27-a5eb-b34640786fae,fbb296de-dba2-4b23-9c3b-5c1285997b41,2026-04-09,unavailable,,,2026-04-07T21:21:50.492815+00:00,2026-04-07T21:21:50.05+00:00,,,
88a165f7-4cf5-4750-8536-ea81bffc8173,86233651-f0cf-4660-9e65-f1bda5ed5e58,fbb296de-dba2-4b23-9c3b-5c1285997b41,2026-04-09,unavailable,,,2026-04-07T21:21:50.492815+00:00,2026-04-07T21:21:50.05+00:00,,,
92887258-01f7-4e78-b5b5-653e3048e78a,4f0ecc4f-9d09-4bab-9a9c-06ce5326a219,fbb296de-dba2-4b23-9c3b-5c1285997b41,2026-04-09,unavailable,,,2026-04-07T21:21:50.492815+00:00,2026-04-07T21:21:50.05+00:00,,,
3b273eec-2235-4ab2-a298-95043be3f997,5920adcc-3687-45b2-a0ad-50b17f24faef,fbb296de-dba2-4b23-9c3b-5c1285997b41,2026-04-09,unavailable,,,2026-04-07T21:21:50.492815+00:00,2026-04-07T21:21:50.05+00:00,,,
dcecde71-13de-4e67-ad19-095a792d556f,19508c8b-5f9f-4cda-bffa-d36ef4c07bc2,fbb296de-dba2-4b23-9c3b-5c1285997b41,2026-04-09,unavailable,,,2026-04-07T21:21:50.492815+00:00,2026-04-07T21:21:50.05+00:00,,,
b35286d2-5b0d-4118-b2ff-d4c1d76e2550,3b390b60-bc5f-4a6c-8366-90501656ce20,fbb296de-dba2-4b23-9c3b-5c1285997b41,2026-04-09,unavailable,,,2026-04-07T21:21:50.492815+00:00,2026-04-07T21:21:50.05+00:00,,,
8167a777-172d-4844-8ba4-58a93fc63fc4,1312210e-9cd8-4bac-96a8-11da91414ca2,fbb296de-dba2-4b23-9c3b-5c1285997b41,2026-04-09,unavailable,,,2026-04-07T21:21:50.492815+00:00,2026-04-07T21:21:50.05+00:00,,,
26101ffe-e19b-4ad5-bd3c-ff3b3fff2561,e3ec98c5-fd0d-4087-ae6f-8b84410a0199,fbb296de-dba2-4b23-9c3b-5c1285997b41,2026-04-09,unavailable,,,2026-04-07T21:21:50.492815+00:00,2026-04-07T21:21:50.05+00:00,,,
c9b3d11c-90de-495c-9f1d-d101c870085d,3d082f2c-37ab-422a-bcad-71da0369d206,fbb296de-dba2-4b23-9c3b-5c1285997b41,2026-04-09,unavailable,,,2026-04-07T21:21:50.492815+00:00,2026-04-07T21:21:50.05+00:00,,,
a8285cf1-2e8e-419f-bf69-9b1bc670e937,e704a939-0821-4540-b342-fec5e79de79a,fbb296de-dba2-4b23-9c3b-5c1285997b41,2026-04-09,unavailable,,,2026-04-07T21:21:50.492815+00:00,2026-04-07T21:21:50.05+00:00,,,
4b96f879-6ad1-4ed6-a9da-d99a7dfa8199,cd527a80-68b8-45c9-b657-a2bb8e48c3b3,fbb296de-dba2-4b23-9c3b-5c1285997b41,2026-04-09,unavailable,,,2026-04-07T21:21:50.492815+00:00,2026-04-07T21:21:50.05+00:00,,,
03c0fa29-f4b5-4a9e-bc3b-ac981cb82435,faa337de-416b-4c93-bc16-3b37c4f24049,fbb296de-dba2-4b23-9c3b-5c1285997b41,2026-04-09,unavailable,,,2026-04-07T21:21:50.492815+00:00,2026-04-07T21:21:50.05+00:00,,,
aa854434-09d7-4b40-b1af-a5400d5beb0c,6b4c8cc4-4376-4ab6-9ee6-c624b72485a6,fbb296de-dba2-4b23-9c3b-5c1285997b41,2026-04-09,unavailable,,,2026-04-07T21:21:50.492815+00:00,2026-04-07T21:21:50.05+00:00,,,
81137dab-d002-4b4c-b6dd-7b3248751245,bfdd8bbb-5373-4e16-9c52-492471349f90,fbb296de-dba2-4b23-9c3b-5c1285997b41,2026-04-09,unavailable,,,2026-04-07T21:21:50.492815+00:00,2026-04-07T21:21:50.05+00:00,,,
9b4ed935-0a2c-423c-b68f-0eb3a296d552,ffa03313-d46c-46fc-a98c-fc495db887c8,fbb296de-dba2-4b23-9c3b-5c1285997b41,2026-04-09,unavailable,,,2026-04-07T21:21:50.492815+00:00,2026-04-07T21:21:50.05+00:00,,,
0e1002c6-1532-4af3-8782-cb9e7f9474ca,254f04b8-24d1-4501-82ab-3de9aa297e4a,fbb296de-dba2-4b23-9c3b-5c1285997b41,2026-04-09,unavailable,,,2026-04-07T21:21:50.492815+00:00,2026-04-07T21:21:50.05+00:00,,,
d0159487-9377-4bbf-9052-dd344e8db4cf,da3fa041-df6e-4d09-8877-2f105c12936c,fbb296de-dba2-4b23-9c3b-5c1285997b41,2026-04-09,unavailable,,,2026-04-07T21:21:50.492815+00:00,2026-04-07T21:21:50.05+00:00,,,
4a220f9c-3636-411e-88cc-39fc8d0f1ef6,c2a76342-b6cd-4037-89e3-ebfa887bbb51,fbb296de-dba2-4b23-9c3b-5c1285997b41,2026-04-09,unavailable,,,2026-04-07T21:21:50.492815+00:00,2026-04-07T21:21:50.05+00:00,,,
efd5ad96-a982-465e-9a71-16505c32f2f1,9e04d666-3178-44da-a5ad-75ca73a39c2b,fbb296de-dba2-4b23-9c3b-5c1285997b41,2026-04-09,unavailable,,,2026-04-07T21:21:50.492815+00:00,2026-04-07T21:21:50.05+00:00,,,
b2477dd9-feea-4fab-8b93-1db755046d7b,9111d6fd-f6d3-4ade-9915-bbfde0232f4b,fbb296de-dba2-4b23-9c3b-5c1285997b41,2026-04-09,available,,,2026-04-07T21:21:50.492815+00:00,2026-04-07T21:21:50.05+00:00,,,
ef846300-c5d2-42a0-8d7e-dcd4b87278d2,c19c0355-5119-46a4-956d-310776ade079,fbb296de-dba2-4b23-9c3b-5c1285997b41,2026-04-09,unavailable,,,2026-04-07T21:21:50.492815+00:00,2026-04-07T21:21:50.05+00:00,,,
d0a11bbf-6794-4846-8235-be1bcfd83a6a,fffc7b60-42d2-4f14-831e-1a4e4d71e26d,fbb296de-dba2-4b23-9c3b-5c1285997b41,2026-04-09,unavailable,,,2026-04-07T21:21:50.492815+00:00,2026-04-07T21:21:50.05+00:00,,,
868d9753-ede1-4ae0-a949-13558898332b,5f1621cc-8a4c-4563-88bf-daffe78af0ff,fbb296de-dba2-4b23-9c3b-5c1285997b41,2026-04-09,unavailable,,,2026-04-07T21:21:50.492815+00:00,2026-04-07T21:21:50.05+00:00,,,
5d98b885-e810-4770-98a2-7149a15c5d0e,148e5b83-9381-443e-9afd-b6991092c090,fbb296de-dba2-4b23-9c3b-5c1285997b41,2026-04-09,unavailable,,,2026-04-07T21:21:50.492815+00:00,2026-04-07T21:21:50.05+00:00,,,
927444e3-9766-4890-a455-e1e74a1be0d9,b2d63f78-299d-4331-911f-a96c4941df55,fbb296de-dba2-4b23-9c3b-5c1285997b41,2026-04-09,unavailable,,,2026-04-07T21:21:50.492815+00:00,2026-04-07T21:21:50.05+00:00,,,
1283513f-c2b8-44f3-a58d-ab9c206cc3b3,06f3c06f-0fee-48b6-af1d-2f1e6d9ac65e,fbb296de-dba2-4b23-9c3b-5c1285997b41,2026-04-09,unavailable,,,2026-04-07T21:21:50.492815+00:00,2026-04-07T21:21:50.05+00:00,,,
3c793d8b-55c5-491e-bc82-fe72a4b9efa3,25992891-0940-467e-8aa4-4a02bb64c2f8,fbb296de-dba2-4b23-9c3b-5c1285997b41,2026-04-09,unavailable,,,2026-04-07T21:21:50.492815+00:00,2026-04-07T21:21:50.05+00:00,,,
6bb93d5a-4ac9-4817-8426-c18d3a9de092,07facaef-e20c-417b-9419-6486f1ac9071,fbb296de-dba2-4b23-9c3b-5c1285997b41,2026-04-09,unavailable,,,2026-04-07T21:21:50.492815+00:00,2026-04-07T21:21:50.05+00:00,,,
f860ff89-daed-43ed-aa91-45e573ffaa24,27133740-8739-4086-b026-370f41fedf92,fbb296de-dba2-4b23-9c3b-5c1285997b41,2026-04-09,available,,,2026-04-07T21:21:50.492815+00:00,2026-04-07T21:21:50.05+00:00,,,
a099e12d-a298-473c-9aaf-e3ea909945d3,60ee9721-045f-41c3-91e8-d4c34e5d7175,fbb296de-dba2-4b23-9c3b-5c1285997b41,2026-04-09,unavailable,,,2026-04-07T21:21:50.492815+00:00,2026-04-07T21:21:50.05+00:00,,,
a744e2e6-7bfe-4692-bae3-a84c9c302b7f,7f6dd06a-83e0-4750-b802-b1f90cefa97f,fbb296de-dba2-4b23-9c3b-5c1285997b41,2026-04-09,unavailable,,,2026-04-07T21:21:50.492815+00:00,2026-04-07T21:21:50.05+00:00,,,
511a16d9-7c75-41eb-8c32-d4e06af9cda8,05f66656-45df-4cb0-bf70-229ad1938df6,fbb296de-dba2-4b23-9c3b-5c1285997b41,2026-04-09,unavailable,,,2026-04-07T21:21:50.492815+00:00,2026-04-07T21:21:50.05+00:00,,,
5e9d0986-7aad-4340-9171-db3da68095da,ae35edf7-0f5f-42cb-b1da-7ab6b187d19d,fbb296de-dba2-4b23-9c3b-5c1285997b41,2026-04-09,unavailable,,,2026-04-07T21:21:50.492815+00:00,2026-04-07T21:21:50.05+00:00,,,
20e0b662-8cc7-4a2a-8527-ed77ac4625fb,c1a8700d-9fe7-4842-97e2-84acd9d975b3,fbb296de-dba2-4b23-9c3b-5c1285997b41,2026-04-09,unavailable,,,2026-04-07T21:21:50.492815+00:00,2026-04-07T21:21:50.05+00:00,,,
c5da47f6-24e2-4399-b9ab-348f47d4bd39,d2d10fe8-69a3-4554-89d2-dedf9ea06203,fbb296de-dba2-4b23-9c3b-5c1285997b41,2026-04-09,unavailable,,,2026-04-07T21:21:50.492815+00:00,2026-04-07T21:21:50.05+00:00,,,
bcba665e-5713-4b58-b2ee-c5124d9e7a6c,4f4e920c-2cf6-4d2e-bd9b-e81927d9a495,fbb296de-dba2-4b23-9c3b-5c1285997b41,2026-04-09,unavailable,,,2026-04-07T21:21:50.492815+00:00,2026-04-07T21:21:50.05+00:00,,,
bad15861-955b-4f12-a534-4fb73fdd6eb6,fe837eeb-c43f-4324-9484-e363c26f5829,fbb296de-dba2-4b23-9c3b-5c1285997b41,2026-04-09,unavailable,,,2026-04-07T21:21:50.492815+00:00,2026-04-07T21:21:50.05+00:00,,,
38b1049c-f6f9-4833-8cfc-152b89bd590b,5e50859d-1508-4fb1-84a9-adeef4b333ff,fbb296de-dba2-4b23-9c3b-5c1285997b41,2026-04-09,unavailable,,,2026-04-07T21:21:50.492815+00:00,2026-04-07T21:21:50.05+00:00,,,
af622db9-f3eb-4a5a-bf99-8a358d6c0adf,cb8885fa-21df-4a06-9dcc-911e9c6c474d,fbb296de-dba2-4b23-9c3b-5c1285997b41,2026-04-09,unavailable,,,2026-04-07T21:21:50.492815+00:00,2026-04-07T21:21:50.05+00:00,,,
f2e8cf97-af38-424d-87c1-61abd876cbff,90df21cf-925e-4fb0-85eb-9ee42c1a1449,fbb296de-dba2-4b23-9c3b-5c1285997b41,2026-04-09,unavailable,,,2026-04-07T21:21:50.492815+00:00,2026-04-07T21:21:50.05+00:00,,,
f542cf86-17fe-437b-8f45-bb73348b2cd2,09dd43ee-5456-4692-9016-433d77d3b6cb,fbb296de-dba2-4b23-9c3b-5c1285997b41,2026-04-09,unavailable,,,2026-04-07T21:21:50.492815+00:00,2026-04-07T21:21:50.05+00:00,,,
52e42dbd-e5a5-47f4-8ae0-09e99c06ffa3,c34f7e2a-f610-4e56-847b-495bf4739360,fbb296de-dba2-4b23-9c3b-5c1285997b41,2026-04-09,unavailable,,,2026-04-07T21:21:50.492815+00:00,2026-04-07T21:21:50.05+00:00,,,
9913847a-4978-4d95-869f-940e6e3bd996,07a79088-9fa0-477d-b4e2-42c943951872,fbb296de-dba2-4b23-9c3b-5c1285997b41,2026-04-09,unavailable,,,2026-04-07T21:21:50.492815+00:00,2026-04-07T21:21:50.05+00:00,,,
67c817d7-1127-4294-b497-f95953a0d349,f95b7a6f-37f8-4de1-9fdc-7ac2ef7d7af4,fbb296de-dba2-4b23-9c3b-5c1285997b41,2026-04-09,unavailable,,,2026-04-07T21:21:50.492815+00:00,2026-04-07T21:21:50.05+00:00,,,
bc0f2e8c-3fb8-4f5a-9887-eb5248eb4b05,4e67157b-7aca-400e-b55c-0bc10087721c,fbb296de-dba2-4b23-9c3b-5c1285997b41,2026-04-09,unavailable,,,2026-04-07T21:21:50.492815+00:00,2026-04-07T21:21:50.05+00:00,,,
58eaa8d9-faf8-4eb7-9225-3bef21354c21,4261d2fb-71d3-4a3f-a3a2-ae6a3306afd6,fbb296de-dba2-4b23-9c3b-5c1285997b41,2026-04-09,unavailable,,,2026-04-07T21:21:50.492815+00:00,2026-04-07T21:21:50.05+00:00,,,
5b67e435-8114-409a-83ae-dd10b937c554,05bf9d69-e5d2-48cb-9592-6325e9b0cb39,fbb296de-dba2-4b23-9c3b-5c1285997b41,2026-04-09,unavailable,,,2026-04-07T21:21:50.492815+00:00,2026-04-07T21:21:50.05+00:00,,,
f1d1c124-f4e9-4253-a45c-81dd16121e72,932a215a-a3c9-4327-8839-53e7802676c2,fbb296de-dba2-4b23-9c3b-5c1285997b41,2026-04-09,unavailable,,,2026-04-07T21:21:50.492815+00:00,2026-04-07T21:21:50.05+00:00,,,
e4662901-691b-415e-afdb-3b31dabd7dba,11be587c-f07a-4b41-94bc-757516dda887,fbb296de-dba2-4b23-9c3b-5c1285997b41,2026-04-09,unavailable,,,2026-04-07T21:21:50.492815+00:00,2026-04-07T21:21:50.05+00:00,,,
44313089-ee10-433a-baa8-2b1d8e50b32f,8ee929fd-00ee-4ed8-9cc5-1bac874eb3d3,fbb296de-dba2-4b23-9c3b-5c1285997b41,2026-04-09,unavailable,,,2026-04-07T21:21:50.492815+00:00,2026-04-07T21:21:50.05+00:00,,,
e1284940-23d1-4b15-a94c-0df5aa112273,3c8b8fbc-4f9e-4953-a4bd-37799b337807,fbb296de-dba2-4b23-9c3b-5c1285997b41,2026-04-09,unavailable,,,2026-04-07T21:21:50.492815+00:00,2026-04-07T21:21:50.05+00:00,,,
e6e049f4-4029-4b32-9e8d-b657e13ae088,28a2c4c0-22bf-4592-a7e7-88fd299fd33c,fbb296de-dba2-4b23-9c3b-5c1285997b41,2026-04-09,unavailable,,,2026-04-07T21:21:50.492815+00:00,2026-04-07T21:21:50.05+00:00,,,
70dbd7c8-5f5f-4f69-ad8e-f10dd56cb35d,a65f4504-ba08-4da1-82ee-339201545673,fbb296de-dba2-4b23-9c3b-5c1285997b41,2026-04-09,unavailable,,,2026-04-07T21:21:50.492815+00:00,2026-04-07T21:21:50.05+00:00,,,
3d289293-216e-4ba1-9680-1e4360ad658b,7ccef569-6034-454f-bc79-4368995ec492,fbb296de-dba2-4b23-9c3b-5c1285997b41,2026-04-09,unavailable,,,2026-04-07T21:21:50.492815+00:00,2026-04-07T21:21:50.05+00:00,,,
208ca4ba-7d27-4d33-9c44-feb0c59cc1cb,bc40e179-aea5-4151-92b0-fe927c84fba3,fbb296de-dba2-4b23-9c3b-5c1285997b41,2026-04-09,unavailable,,,2026-04-07T21:21:50.492815+00:00,2026-04-07T21:21:50.05+00:00,,,
e28906f2-bbda-47a1-8d6f-9510607599f3,f78aa6c9-4936-4695-8e1f-26ab48dbab93,fbb296de-dba2-4b23-9c3b-5c1285997b41,2026-04-09,unavailable,,,2026-04-07T21:21:50.492815+00:00,2026-04-07T21:21:50.05+00:00,,,
57c41ad1-1e10-43ea-ac5a-73ee16963590,96989aa8-bb4c-456d-8bb4-605939db7a97,fbb296de-dba2-4b23-9c3b-5c1285997b41,2026-04-09,unavailable,,,2026-04-07T21:21:50.492815+00:00,2026-04-07T21:21:50.05+00:00,,,
f8279638-cb59-460f-94a1-0e2567bab47f,d4827392-69e6-4ecd-838d-fc9e8ce847cf,fbb296de-dba2-4b23-9c3b-5c1285997b41,2026-04-09,unavailable,,,2026-04-07T21:21:50.492815+00:00,2026-04-07T21:21:50.05+00:00,,,
691a4f28-ce5e-4e4e-ae9b-9261ba819753,04cc3ab8-f1fa-4e6c-a4aa-9a4d53f1dc53,fbb296de-dba2-4b23-9c3b-5c1285997b41,2026-04-09,unavailable,,,2026-04-07T21:21:50.492815+00:00,2026-04-07T21:21:50.05+00:00,,,
02edc509-a65e-4186-9a9c-28bfcd803915,56f75098-ef8d-4fde-86e8-fbfa21bd8964,fbb296de-dba2-4b23-9c3b-5c1285997b41,2026-04-09,unavailable,,,2026-04-07T21:21:50.492815+00:00,2026-04-07T21:21:50.05+00:00,,,
ec16237d-0fc7-42e9-b981-2d71a2486409,b0c6ac67-3d61-415c-8d9a-8683b6ea618d,fbb296de-dba2-4b23-9c3b-5c1285997b41,2026-04-09,unavailable,,,2026-04-07T21:21:50.492815+00:00,2026-04-07T21:21:50.05+00:00,,,
2e359187-00fd-485b-b939-4fc4afb56e7c,1112445f-aba5-4629-b399-08d2c0baf4f8,fbb296de-dba2-4b23-9c3b-5c1285997b41,2026-04-09,unavailable,,,2026-04-07T21:21:50.492815+00:00,2026-04-07T21:21:50.05+00:00,,,
422d58f0-6bb5-48b0-92bc-9e29d734cd11,9b9060f3-6432-46c9-a091-a3d8e9560bb2,fbb296de-dba2-4b23-9c3b-5c1285997b41,2026-04-09,unavailable,,,2026-04-07T21:21:50.492815+00:00,2026-04-07T21:21:50.05+00:00,,,
517ba77a-6ab9-4822-b505-2970c78c7a7f,e662ef45-6aed-4a2e-ab16-cead317ac5b0,fbb296de-dba2-4b23-9c3b-5c1285997b41,2026-04-09,unavailable,,,2026-04-07T21:21:50.492815+00:00,2026-04-07T21:21:50.05+00:00,,,
01103066-82b3-4d1a-8e9e-34be9499a927,79baadf2-9252-4ed8-bc44-5f183e823ed6,fbb296de-dba2-4b23-9c3b-5c1285997b41,2026-04-09,unavailable,,,2026-04-07T21:21:50.492815+00:00,2026-04-07T21:21:50.05+00:00,,,
949c80fd-302d-4206-ac20-efd50fa05dd4,7761e060-b17e-4cdf-811a-ddb5846d266e,fbb296de-dba2-4b23-9c3b-5c1285997b41,2026-04-09,unavailable,,,2026-04-07T21:21:50.492815+00:00,2026-04-07T21:21:50.05+00:00,,,
10420f60-6d97-4d14-9816-1a16b2cfa559,0b56583d-f70a-49bd-a226-d86b7983ad6c,fbb296de-dba2-4b23-9c3b-5c1285997b41,2026-04-09,unavailable,,,2026-04-07T21:21:50.492815+00:00,2026-04-07T21:21:50.05+00:00,,,
101bacbe-d60e-44af-9709-6184d5e6dd58,1e6a3cbe-88f7-4cf8-b0d8-b5c6d24cc7b5,fbb296de-dba2-4b23-9c3b-5c1285997b41,2026-04-09,unavailable,,,2026-04-07T21:21:50.492815+00:00,2026-04-07T21:21:50.05+00:00,,,
9859c524-ee8c-4486-9734-60ac48380644,fea7d0a4-a2d7-4f78-8c00-7a0890303058,fbb296de-dba2-4b23-9c3b-5c1285997b41,2026-04-09,unavailable,,,2026-04-07T21:21:50.492815+00:00,2026-04-07T21:21:50.05+00:00,,,
c0c7487d-55db-486d-a85e-a13936804cba,c3573a8c-ee80-4e96-90b2-faedf186756a,fbb296de-dba2-4b23-9c3b-5c1285997b41,2026-04-09,unavailable,,,2026-04-07T21:21:50.492815+00:00,2026-04-07T21:21:50.05+00:00,,,
69e1f807-1423-4414-b384-c2436a534596,324152b2-0646-40d1-be88-877c753f6ef2,fbb296de-dba2-4b23-9c3b-5c1285997b41,2026-04-09,unavailable,,,2026-04-07T21:21:50.492815+00:00,2026-04-07T21:21:50.05+00:00,,,
f15e96f3-fd1a-457e-9c65-fad76f9a620b,76a7e596-d654-4fa0-b7ab-4d60ee3da1cb,fbb296de-dba2-4b23-9c3b-5c1285997b41,2026-04-09,unavailable,,,2026-04-07T21:21:50.492815+00:00,2026-04-07T21:21:50.05+00:00,,,
343da15e-9bca-4218-b2b8-2e943995a97b,38af6777-f227-4692-8704-1fe94901ac9f,fbb296de-dba2-4b23-9c3b-5c1285997b41,2026-04-09,unavailable,,,2026-04-07T21:21:50.492815+00:00,2026-04-07T21:21:50.05+00:00,,,
a2e3a487-87df-4d78-9d59-627c96053c18,258b9b82-338f-4fef-a2ec-fd339af13b9a,fbb296de-dba2-4b23-9c3b-5c1285997b41,2026-04-09,unavailable,,,2026-04-07T21:21:50.492815+00:00,2026-04-07T21:21:50.05+00:00,,,
d35c9838-8939-41cd-b544-eda9d6b055d6,2eaadb66-8823-4457-a67a-eaed6282bc1f,fbb296de-dba2-4b23-9c3b-5c1285997b41,2026-04-09,unavailable,,,2026-04-07T21:21:50.492815+00:00,2026-04-07T21:21:50.05+00:00,,,
fdcfb306-e943-4524-99c9-b22b1d5c6d02,4e61147f-1e4a-4c78-9aad-365a3a25406b,fbb296de-dba2-4b23-9c3b-5c1285997b41,2026-04-09,unavailable,,,2026-04-07T21:21:50.492815+00:00,2026-04-07T21:21:50.05+00:00,,,
6b445574-a946-41b7-8048-1b04ca7a6b57,de69bc0d-febf-4b24-8450-eb1dd74bd7d8,fbb296de-dba2-4b23-9c3b-5c1285997b41,2026-04-09,unavailable,,,2026-04-07T21:21:50.492815+00:00,2026-04-07T21:21:50.05+00:00,,,
e74357ee-d157-4b3e-83d1-f656b31e71e3,511d5694-6147-4322-960a-eb6e5cd1e291,fbb296de-dba2-4b23-9c3b-5c1285997b41,2026-04-09,unavailable,,,2026-04-07T21:21:50.492815+00:00,2026-04-07T21:21:50.05+00:00,,,
8547bc7f-f003-4499-baa6-052845fd9ba6,cd22ecb1-9eea-4ce8-ac14-289d2e8f5e9c,fbb296de-dba2-4b23-9c3b-5c1285997b41,2026-04-09,unavailable,,,2026-04-07T21:21:50.492815+00:00,2026-04-07T21:21:50.05+00:00,,,
301979bf-de10-472a-818d-0fefe7bd40e9,2f04860a-b177-4a1c-8af1-08b2ac1ad567,fbb296de-dba2-4b23-9c3b-5c1285997b41,2026-04-09,unavailable,,,2026-04-07T21:21:50.492815+00:00,2026-04-07T21:21:50.05+00:00,,,
f6c42c5c-694c-4b7e-b367-24e76c2e6665,cbf76c50-2ebd-4fee-a8a3-0eab9d8366ee,fbb296de-dba2-4b23-9c3b-5c1285997b41,2026-04-09,unavailable,,,2026-04-07T21:21:50.492815+00:00,2026-04-07T21:21:50.05+00:00,,,
f464a876-8cdf-4838-9939-182afb9c3ea0,cb2f08e7-057b-4cb0-a9f0-b041a5b2e8dc,fbb296de-dba2-4b23-9c3b-5c1285997b41,2026-04-09,unavailable,,,2026-04-07T21:21:50.492815+00:00,2026-04-07T21:21:50.05+00:00,,,
c0aa5b3f-8eaa-4562-85f3-e26a23d05aa5,d00c8ebc-9fbe-4581-9e90-068368dde389,fbb296de-dba2-4b23-9c3b-5c1285997b41,2026-04-09,unavailable,,,2026-04-07T21:21:50.492815+00:00,2026-04-07T21:21:50.05+00:00,,,
30c300a0-a23e-4f28-ba50-c490601aea0d,df88a062-1568-4a88-ac22-499b4effa2db,fbb296de-dba2-4b23-9c3b-5c1285997b41,2026-04-09,unavailable,,,2026-04-07T21:21:50.492815+00:00,2026-04-07T21:21:50.05+00:00,,,
80ab5a2a-0789-409f-9006-6e504cbbece0,8fe53475-a2ce-4dd6-802b-19151fab1430,fbb296de-dba2-4b23-9c3b-5c1285997b41,2026-04-09,unavailable,,,2026-04-07T21:21:50.492815+00:00,2026-04-07T21:21:50.05+00:00,,,
0c986c15-fd1f-4ea2-b8fc-71c6e07ac37a,f43cda55-dd93-4947-ae92-1129a86c1d82,fbb296de-dba2-4b23-9c3b-5c1285997b41,2026-04-09,unavailable,,,2026-04-07T21:21:50.492815+00:00,2026-04-07T21:21:50.05+00:00,,,
6bbfa190-9992-414f-8f8f-8319021b40dc,d7c99f48-1aa3-45ea-a247-2d7262cc3929,fbb296de-dba2-4b23-9c3b-5c1285997b41,2026-04-09,unavailable,,,2026-04-07T21:21:50.492815+00:00,2026-04-07T21:21:50.05+00:00,,,
aef10aac-c2d4-4ad1-a995-3a12a8d400f9,0c7cb9cf-e1ea-4476-ae2c-972475824bcb,fbb296de-dba2-4b23-9c3b-5c1285997b41,2026-04-09,unavailable,,,2026-04-07T21:21:50.492815+00:00,2026-04-07T21:21:50.05+00:00,,,
eeb472af-0137-41ee-8277-97d041d8d707,de38634a-5fba-4125-835d-f248ee29f830,fbb296de-dba2-4b23-9c3b-5c1285997b41,2026-04-09,unavailable,,,2026-04-07T21:21:50.492815+00:00,2026-04-07T21:21:50.05+00:00,,,
cbc6640f-c8e0-4205-9959-2c7109a80048,947e461d-8872-41ee-b7de-9b7ecce25287,fbb296de-dba2-4b23-9c3b-5c1285997b41,2026-04-09,unavailable,,,2026-04-07T21:21:50.492815+00:00,2026-04-07T21:21:50.05+00:00,,,
c216df99-56e4-4dd6-91ab-6c0ffc410270,c314664e-d9e7-4d46-aa69-64a1ca26f59b,fbb296de-dba2-4b23-9c3b-5c1285997b41,2026-04-09,unavailable,,,2026-04-07T21:21:50.492815+00:00,2026-04-07T21:21:50.05+00:00,,,
c709fd9f-eba7-40d5-ba7b-4c05d18a390d,da0edabf-c611-4f36-ab53-1fd0188e5464,fbb296de-dba2-4b23-9c3b-5c1285997b41,2026-04-09,unavailable,,,2026-04-07T21:21:50.492815+00:00,2026-04-07T21:21:50.05+00:00,,,
7c412e67-6daf-4415-843a-63b58b92d210,a8bb4cea-3aad-45ff-96c4-a5af02335e12,fbb296de-dba2-4b23-9c3b-5c1285997b41,2026-04-09,unavailable,,,2026-04-07T21:21:50.492815+00:00,2026-04-07T21:21:50.05+00:00,,,
3309f628-142f-4529-917f-a42b9817bc8c,4e6a0de1-43b6-4120-a6cd-ef1457e85a6e,fbb296de-dba2-4b23-9c3b-5c1285997b41,2026-04-09,unavailable,,,2026-04-07T21:21:50.492815+00:00,2026-04-07T21:21:50.05+00:00,,,
3b4b21c9-549d-4cd6-9e50-428bb73d3573,76881990-2ec7-40b9-8ea1-579a5e1192ad,fbb296de-dba2-4b23-9c3b-5c1285997b41,2026-04-09,unavailable,,,2026-04-07T21:21:50.492815+00:00,2026-04-07T21:21:50.05+00:00,,,
e3da9a40-19f8-4416-a50d-225ea7a118ad,cfb3d243-a1fd-4330-bfce-7e9f169f8277,fbb296de-dba2-4b23-9c3b-5c1285997b41,2026-04-09,unavailable,,,2026-04-07T21:21:50.492815+00:00,2026-04-07T21:21:50.05+00:00,,,
1c7f9e6e-9064-42c6-8049-175ae6b0a6d1,0415b9aa-5c61-4f79-9479-7dce2c76d1a8,fbb296de-dba2-4b23-9c3b-5c1285997b41,2026-04-09,unavailable,,,2026-04-07T21:21:50.492815+00:00,2026-04-07T21:21:50.05+00:00,,,
79aa371a-3dd8-499d-aa6b-d37f98f0392a,c451e667-831d-4237-9b09-79123b641d17,fbb296de-dba2-4b23-9c3b-5c1285997b41,2026-04-09,unavailable,,,2026-04-07T21:21:50.492815+00:00,2026-04-07T21:21:50.05+00:00,,,
bc324043-b8a8-4303-9c42-b0f49f28b869,0f564608-78ba-405b-bd40-8d80a71c196e,fbb296de-dba2-4b23-9c3b-5c1285997b41,2026-04-09,unavailable,,,2026-04-07T21:21:50.492815+00:00,2026-04-07T21:21:50.05+00:00,,,
6dd82b0a-d2dd-48f7-a8c6-319794a0fe63,27e7c46d-f7dd-4593-9578-85a9c38acf4e,fbb296de-dba2-4b23-9c3b-5c1285997b41,2026-04-09,unavailable,,,2026-04-07T21:21:50.492815+00:00,2026-04-07T21:21:50.05+00:00,,,
126de578-b08d-4831-966a-c12c608fb63f,aef966a7-cec2-4f64-a7c5-f461033d608a,fbb296de-dba2-4b23-9c3b-5c1285997b41,2026-04-09,unavailable,,,2026-04-07T21:21:50.492815+00:00,2026-04-07T21:21:50.05+00:00,,,
e681738c-12d8-43d4-bd47-afa7042e1d4e,4cab8fc9-fc23-4a60-9cf8-8a1b08ef6e04,fbb296de-dba2-4b23-9c3b-5c1285997b41,2026-04-09,unavailable,,,2026-04-07T21:21:50.492815+00:00,2026-04-07T21:21:50.05+00:00,,,
267f6eea-4525-4eb9-9cf4-6f97259d6443,7aab3ed9-e8d8-4bf0-877b-d0e9722a850b,fbb296de-dba2-4b23-9c3b-5c1285997b41,2026-04-09,unavailable,,,2026-04-07T21:21:50.492815+00:00,2026-04-07T21:21:50.05+00:00,,,
912f8784-dbb9-4816-a56a-2d34cd420c76,a976be5b-40c5-4152-9f0d-5b4ef48dd44b,fbb296de-dba2-4b23-9c3b-5c1285997b41,2026-04-09,unavailable,,,2026-04-07T21:21:50.492815+00:00,2026-04-07T21:21:50.05+00:00,,,
5ad52253-20c3-4abe-ac56-7889d140fbc9,fd29e7ff-5086-468d-85a1-7f73829dd930,fbb296de-dba2-4b23-9c3b-5c1285997b41,2026-04-09,unavailable,,,2026-04-07T21:21:50.492815+00:00,2026-04-07T21:21:50.05+00:00,,,
82fbbedb-8554-433f-9ab4-8bb9196b2f93,90570ad5-2c58-4ab5-a1bd-a7dc59a50222,fbb296de-dba2-4b23-9c3b-5c1285997b41,2026-04-09,unavailable,,,2026-04-07T21:21:50.492815+00:00,2026-04-07T21:21:50.05+00:00,,,
0eee898e-de3e-49b6-9f5e-206bb9876da7,c8bbe30a-a177-430d-86c5-6616a6f62a0d,fbb296de-dba2-4b23-9c3b-5c1285997b41,2026-04-09,unavailable,,,2026-04-07T21:21:50.492815+00:00,2026-04-07T21:21:50.05+00:00,,,
e7e5df2b-c113-4fe8-a9ba-1bb6531f0810,332f1a66-feeb-4e51-8c9f-db3ac84453f3,fbb296de-dba2-4b23-9c3b-5c1285997b41,2026-04-09,unavailable,,,2026-04-07T21:21:50.492815+00:00,2026-04-07T21:21:50.05+00:00,,,
136c9b3c-d9d4-444b-82cd-bb6955c195d6,7a452ff1-9cab-4d77-8e7f-81ab30889099,fbb296de-dba2-4b23-9c3b-5c1285997b41,2026-04-09,unavailable,,,2026-04-07T21:21:50.492815+00:00,2026-04-07T21:21:50.05+00:00,,,
cddadbd3-b043-4e92-87e6-4b16191ef3f2,cd0f66ef-f670-46a5-983a-60066c8c2825,fbb296de-dba2-4b23-9c3b-5c1285997b41,2026-04-09,unavailable,,,2026-04-07T21:21:50.492815+00:00,2026-04-07T21:21:50.05+00:00,,,
d879c6e2-9f25-44b0-bcc9-4edd66a7f56e,185693e3-9895-45d7-ab62-3562a30a27e7,fbb296de-dba2-4b23-9c3b-5c1285997b41,2026-04-09,unavailable,,,2026-04-07T21:21:50.492815+00:00,2026-04-07T21:21:50.05+00:00,,,
b58bf3ef-1fbf-4e68-8abe-082805ab9b6a,5d9fdebd-7dde-4fd3-9c41-021a59a373a0,fbb296de-dba2-4b23-9c3b-5c1285997b41,2026-04-09,unavailable,,,2026-04-07T21:21:50.492815+00:00,2026-04-07T21:21:50.05+00:00,,,
e0c95401-517f-4a94-8fe1-08a5c6a53ca8,89c1246f-c6d6-48c1-b253-ac897aeb1d11,fbb296de-dba2-4b23-9c3b-5c1285997b41,2026-04-09,unavailable,,,2026-04-07T21:21:50.492815+00:00,2026-04-07T21:21:50.05+00:00,,,
ca31a8a4-4691-4529-ad79-491368c27038,9c203b49-8a07-4319-aae9-fcfd68b34579,fbb296de-dba2-4b23-9c3b-5c1285997b41,2026-04-09,unavailable,,,2026-04-07T21:21:50.492815+00:00,2026-04-07T21:21:50.05+00:00,,,
f85c4cad-dbeb-4ee4-99c3-32ce9c850e8b,d2d14373-69ff-4301-81a2-ba77a96b56cd,fbb296de-dba2-4b23-9c3b-5c1285997b41,2026-04-09,unavailable,,,2026-04-07T21:21:50.492815+00:00,2026-04-07T21:21:50.05+00:00,,,
ed333a15-86c2-41a3-a196-3a0f5aa2441c,7387900d-0b1d-4fe5-b9e6-7c968c2003b3,fbb296de-dba2-4b23-9c3b-5c1285997b41,2026-04-09,unavailable,,,2026-04-07T21:21:50.492815+00:00,2026-04-07T21:21:50.05+00:00,,,
3b2dd45e-86f5-4158-ae4b-b1150b661f6a,22370f93-2d06-4891-841e-4cf159e301ca,fbb296de-dba2-4b23-9c3b-5c1285997b41,2026-04-09,unavailable,,,2026-04-07T21:21:50.492815+00:00,2026-04-07T21:21:50.05+00:00,,,
71149fb9-691e-4923-9059-f0a707a5f9e0,0ca63d24-8e2c-4cb8-af36-ceb8ced7f103,fbb296de-dba2-4b23-9c3b-5c1285997b41,2026-04-09,unavailable,,,2026-04-07T21:21:50.492815+00:00,2026-04-07T21:21:50.05+00:00,,,
ed9e53e9-08a4-4545-ba90-ac5cc768ab9c,924c513c-c422-4c24-9515-e4544f493394,fbb296de-dba2-4b23-9c3b-5c1285997b41,2026-04-09,unavailable,,,2026-04-07T21:21:50.492815+00:00,2026-04-07T21:21:50.05+00:00,,,
51ef4127-1b58-49ad-99b3-4a2d47021374,79bea6a3-4268-4ae7-8665-deb6b1cf1a9a,fbb296de-dba2-4b23-9c3b-5c1285997b41,2026-04-09,unavailable,,,2026-04-07T21:21:50.492815+00:00,2026-04-07T21:21:50.05+00:00,,,
30d9921e-cddf-4416-901e-ae25703cd8d9,e0562212-cda5-4a74-ac19-db857f843dbd,fbb296de-dba2-4b23-9c3b-5c1285997b41,2026-04-09,unavailable,,,2026-04-07T21:21:50.492815+00:00,2026-04-07T21:21:50.05+00:00,,,
d678007a-86c4-40db-b42e-b19bc7f2b2f5,35f4a879-0b57-4581-9e91-c47200a23c78,fbb296de-dba2-4b23-9c3b-5c1285997b41,2026-04-09,unavailable,,,2026-04-07T21:21:50.492815+00:00,2026-04-07T21:21:50.05+00:00,,,
9d5b4980-1665-4ce7-b8c8-d739c61d5f58,b66e80d0-7f23-44ac-a6d3-5db4212284e6,fbb296de-dba2-4b23-9c3b-5c1285997b41,2026-04-09,unavailable,,,2026-04-07T21:21:50.492815+00:00,2026-04-07T21:21:50.05+00:00,,,
3e5dc41b-bb9c-496e-8d28-88b4989437f7,4acd4dc2-eb69-48a4-8f0d-dc509f93beb4,fbb296de-dba2-4b23-9c3b-5c1285997b41,2026-04-09,unavailable,,,2026-04-07T21:21:50.492815+00:00,2026-04-07T21:21:50.05+00:00,,,
7a57dfb5-c75b-4c94-9f72-3f392d1e5e6e,604ea0ee-856f-4bd8-90a3-a067244e31db,fbb296de-dba2-4b23-9c3b-5c1285997b41,2026-04-09,unavailable,,,2026-04-07T21:21:50.492815+00:00,2026-04-07T21:21:50.05+00:00,,,
a659b0ca-8dcc-46f1-bd53-3f06d068f611,2ec9bf07-c28b-4a11-809e-a7be42c4db76,fbb296de-dba2-4b23-9c3b-5c1285997b41,2026-04-09,unavailable,,,2026-04-07T21:21:50.492815+00:00,2026-04-07T21:21:50.05+00:00,,,
35d42def-532f-46e5-9aea-6c6f4d5ed2b7,c60051a9-4d42-4198-bd08-b24181a2481d,fbb296de-dba2-4b23-9c3b-5c1285997b41,2026-04-09,unavailable,,,2026-04-07T21:21:50.492815+00:00,2026-04-07T21:21:50.05+00:00,,,
c8e24ac0-5e13-48e2-b5c6-70a7863c9a4c,d87652f1-bb0b-444f-ad23-97c5c4d8b7de,fbb296de-dba2-4b23-9c3b-5c1285997b41,2026-04-09,unavailable,,,2026-04-07T21:21:50.492815+00:00,2026-04-07T21:21:50.05+00:00,,,
1f0519ea-6634-46cb-9efe-a9aed5af6d8c,09d6b27b-cbab-4ce2-b97b-cd849d5588b2,fbb296de-dba2-4b23-9c3b-5c1285997b41,2026-04-09,unavailable,,,2026-04-07T21:21:50.492815+00:00,2026-04-07T21:21:50.05+00:00,,,
92c7457b-b235-4151-b00d-db9cfeacd29d,d17e62b0-3615-4ac3-8fb3-f9b22955600f,fbb296de-dba2-4b23-9c3b-5c1285997b41,2026-04-09,unavailable,,,2026-04-07T21:21:50.492815+00:00,2026-04-07T21:21:50.05+00:00,,,
4944198e-248d-4ee7-9d56-47fe496458a7,ec0e87bd-f105-4509-a148-beb9bf6eae42,fbb296de-dba2-4b23-9c3b-5c1285997b41,2026-04-09,unavailable,,,2026-04-07T21:21:50.492815+00:00,2026-04-07T21:21:50.05+00:00,,,
64964b20-a3ce-4a94-8ae3-643e364b5ec0,9ba79172-9ab7-433c-a656-4b584d3eab1e,fbb296de-dba2-4b23-9c3b-5c1285997b41,2026-04-09,unavailable,,,2026-04-07T21:21:50.492815+00:00,2026-04-07T21:21:50.05+00:00,,,
6d04e85f-d0e2-4de9-b158-159be1b2ea4d,6c3dfe2a-d412-409f-a2b0-15345fbd2981,fbb296de-dba2-4b23-9c3b-5c1285997b41,2026-04-09,unavailable,,,2026-04-07T21:21:50.492815+00:00,2026-04-07T21:21:50.05+00:00,,,
204cdf17-fc00-43a2-8050-ed78e22c98a9,98073499-8a1a-4ca5-99ad-0486e2769c76,fbb296de-dba2-4b23-9c3b-5c1285997b41,2026-04-09,unavailable,,,2026-04-07T21:21:50.492815+00:00,2026-04-07T21:21:50.05+00:00,,,
1eb60e3a-6a20-422a-b2af-d59abfd9604c,9f56c78e-827c-4cbe-bb50-b014f03485d7,fbb296de-dba2-4b23-9c3b-5c1285997b41,2026-04-09,unavailable,,,2026-04-07T21:21:50.492815+00:00,2026-04-07T21:21:50.05+00:00,,,
5f59e8fa-90d7-4b06-a3ce-c4943ef30cda,b7693f65-7b87-4620-a292-f9e60fd3cfa9,fbb296de-dba2-4b23-9c3b-5c1285997b41,2026-04-09,unavailable,,,2026-04-07T21:21:50.492815+00:00,2026-04-07T21:21:50.05+00:00,,,
30ccd098-4a90-4a0d-b18f-4435c5238b02,34ab878d-5fc3-40ab-8fb7-7c1496accbf0,fbb296de-dba2-4b23-9c3b-5c1285997b41,2026-04-09,unavailable,,,2026-04-07T21:21:50.492815+00:00,2026-04-07T21:21:50.05+00:00,,,
49cdbe15-4625-47ef-8c61-6a594a781e69,f74886a6-2688-4903-92e2-b277ac3871b9,fbb296de-dba2-4b23-9c3b-5c1285997b41,2026-04-09,unavailable,,,2026-04-07T21:21:50.492815+00:00,2026-04-07T21:21:50.05+00:00,,,
8e6db332-acb9-46c7-aa27-0518502ba1f6,ede7731f-5bf6-4a39-95f4-5d3301c929b8,fbb296de-dba2-4b23-9c3b-5c1285997b41,2026-04-09,unavailable,,,2026-04-07T21:21:50.492815+00:00,2026-04-07T21:21:50.05+00:00,,,
04e15677-012f-442b-a35d-6d3c598e56e8,1b44a5a2-7c8e-4381-b545-3cecb689cce4,fbb296de-dba2-4b23-9c3b-5c1285997b41,2026-04-09,unavailable,,,2026-04-07T21:21:50.492815+00:00,2026-04-07T21:21:50.05+00:00,,,
c5de1c08-a837-47f1-b2de-e57996921611,19a5d381-d434-4482-aee6-9b44308ff7d3,fbb296de-dba2-4b23-9c3b-5c1285997b41,2026-04-09,unavailable,,,2026-04-07T21:21:50.492815+00:00,2026-04-07T21:21:50.05+00:00,,,
c4af74c1-1822-4864-97ba-9ec8812f90b3,d744e61c-c90f-4181-9247-ae706cf2295d,fbb296de-dba2-4b23-9c3b-5c1285997b41,2026-04-09,unavailable,,,2026-04-07T21:21:50.492815+00:00,2026-04-07T21:21:50.05+00:00,,,
21a39e82-eac2-4e9f-b18e-e693185523f9,1b5e7f69-0650-4d5d-a6bf-e6d54d03f21e,fbb296de-dba2-4b23-9c3b-5c1285997b41,2026-04-09,unavailable,,,2026-04-07T21:21:50.492815+00:00,2026-04-07T21:21:50.05+00:00,,,
c0d7a3eb-6980-4513-aa1b-95269ded1518,aef96fc8-88ea-48ab-bc0f-0c812c919007,fbb296de-dba2-4b23-9c3b-5c1285997b41,2026-04-09,unavailable,,,2026-04-07T21:21:50.492815+00:00,2026-04-07T21:21:50.05+00:00,,,
6b3f523e-0a9b-4a25-a02b-7550fe0a4ad9,a6a57270-840f-41ff-998e-0b1d3cefbe24,fbb296de-dba2-4b23-9c3b-5c1285997b41,2026-04-09,unavailable,,,2026-04-07T21:21:50.492815+00:00,2026-04-07T21:21:50.05+00:00,,,
dbc2f879-e2b2-410f-9ebd-69145d18e8a1,b78ea1c0-57d8-4155-bc7e-f9178f5c5ee1,fbb296de-dba2-4b23-9c3b-5c1285997b41,2026-04-09,unavailable,,,2026-04-07T21:21:50.492815+00:00,2026-04-07T21:21:50.05+00:00,,,
3da82dfd-3949-4e62-9bcb-34a3c16d51cf,7070a97e-2956-4082-b31e-c16321071149,fbb296de-dba2-4b23-9c3b-5c1285997b41,2026-04-09,unavailable,,,2026-04-07T21:21:50.492815+00:00,2026-04-07T21:21:50.05+00:00,,,
15d2c86e-af6c-490b-b690-1a97dc365943,bbc3545a-c547-48c5-a757-735e33dc47ec,fbb296de-dba2-4b23-9c3b-5c1285997b41,2026-04-09,unavailable,,,2026-04-07T21:21:50.492815+00:00,2026-04-07T21:21:50.05+00:00,,,
a984c71f-b92a-4a8c-9635-4b4e4686baa2,a2e7a71f-6efe-4d67-b41f-a1338754ff3b,fbb296de-dba2-4b23-9c3b-5c1285997b41,2026-04-09,unavailable,,,2026-04-07T21:21:50.492815+00:00,2026-04-07T21:21:50.05+00:00,,,
332fdfbd-bddb-4da0-bcba-019eb7575fb4,407a2c77-9fc9-495a-ba00-749131cac905,fbb296de-dba2-4b23-9c3b-5c1285997b41,2026-04-09,unavailable,,,2026-04-07T21:21:50.492815+00:00,2026-04-07T21:21:50.05+00:00,,,
b7330d9c-85d5-4f2d-af69-beecb65b34ab,1f32ff5a-f9b7-440a-8285-ab2ad1ecaa05,fbb296de-dba2-4b23-9c3b-5c1285997b41,2026-04-09,unavailable,,,2026-04-07T21:21:50.492815+00:00,2026-04-07T21:21:50.05+00:00,,,
7bf10cd3-f11f-4a94-91ba-1eb1deea59ba,304ed108-096d-4022-b673-87feae1b5a1a,fbb296de-dba2-4b23-9c3b-5c1285997b41,2026-04-09,unavailable,,,2026-04-07T21:21:50.492815+00:00,2026-04-07T21:21:50.05+00:00,,,
51457bf9-312e-458d-b04a-b1758f224e30,61a1375c-3254-4fe0-a471-8b8b660f4135,fbb296de-dba2-4b23-9c3b-5c1285997b41,2026-04-09,unavailable,,,2026-04-07T21:21:50.492815+00:00,2026-04-07T21:21:50.05+00:00,,,
c0e49225-9f76-49ae-a3fb-6a91cf9870fe,ad22aeeb-e301-4beb-9bf9-36b11a302944,fbb296de-dba2-4b23-9c3b-5c1285997b41,2026-04-09,unavailable,,,2026-04-07T21:21:50.492815+00:00,2026-04-07T21:21:50.05+00:00,,,
bfc56457-490c-4009-aaca-c034f93bb308,5a9c3504-8fef-4b40-8129-d20f88fbe563,fbb296de-dba2-4b23-9c3b-5c1285997b41,2026-04-09,unavailable,,,2026-04-07T21:21:50.492815+00:00,2026-04-07T21:21:50.05+00:00,,,
0d448199-ac5d-4134-a4a4-93cc2e2231f2,c6fdc2be-53bd-4c2a-8a6f-665e612aa3b5,fbb296de-dba2-4b23-9c3b-5c1285997b41,2026-04-09,unavailable,,,2026-04-07T21:21:50.492815+00:00,2026-04-07T21:21:50.05+00:00,,,
a288d636-00b3-466d-ad0c-38f3af4a3a98,3d50b41b-54e3-4ea7-b559-e40d8a1ea7e3,fbb296de-dba2-4b23-9c3b-5c1285997b41,2026-04-09,unavailable,,,2026-04-07T21:21:50.492815+00:00,2026-04-07T21:21:50.05+00:00,,,
e02fae8a-7a87-461e-93ea-2035a4d035ff,97ee9b66-2711-4df2-99bd-ed1a32f40eb4,fbb296de-dba2-4b23-9c3b-5c1285997b41,2026-04-09,unavailable,,,2026-04-07T21:21:50.492815+00:00,2026-04-07T21:21:50.05+00:00,,,
dd0f8ee8-e737-4f59-a453-d6fdb1d824cd,4fd2406d-0cce-4013-9585-72c23407ceae,fbb296de-dba2-4b23-9c3b-5c1285997b41,2026-04-09,unavailable,,,2026-04-07T21:21:50.492815+00:00,2026-04-07T21:21:50.05+00:00,,,
9899d02e-f9a7-45f0-ab2c-6387770a037a,334edaad-9be5-43ff-a28a-6a165d97d13e,fbb296de-dba2-4b23-9c3b-5c1285997b41,2026-04-09,unavailable,,,2026-04-07T21:21:50.492815+00:00,2026-04-07T21:21:50.05+00:00,,,
47d0c370-20fc-4cd3-84b5-e05df9d403fa,ad8151cf-0a93-4205-9f92-19b1bc595a8f,fbb296de-dba2-4b23-9c3b-5c1285997b41,2026-04-09,unavailable,,,2026-04-07T21:21:50.492815+00:00,2026-04-07T21:21:50.05+00:00,,,
12cc0868-b43b-4658-aa5f-4c217f096827,9c2ebb31-687b-428e-a2c5-a5e552f7b5cc,fbb296de-dba2-4b23-9c3b-5c1285997b41,2026-04-09,unavailable,,,2026-04-07T21:21:50.492815+00:00,2026-04-07T21:21:50.05+00:00,,,
4c768278-ed92-415a-b5fd-944dfa581fb4,0516781f-0290-44a1-9f8f-adbf8db38425,fbb296de-dba2-4b23-9c3b-5c1285997b41,2026-04-09,unavailable,,,2026-04-07T21:21:50.492815+00:00,2026-04-07T21:21:50.05+00:00,,,
88dca0e6-4efe-4865-9e84-dbffb0485bfe,3f899f50-df5f-4364-ba3f-3ef814961309,fbb296de-dba2-4b23-9c3b-5c1285997b41,2026-04-09,unavailable,,,2026-04-07T21:21:50.492815+00:00,2026-04-07T21:21:50.05+00:00,,,
d94a1627-df14-4614-a94c-0d47a2b6a746,96c9c583-6be1-473c-8531-e58107199fa6,fbb296de-dba2-4b23-9c3b-5c1285997b41,2026-04-09,unavailable,,,2026-04-07T21:21:50.492815+00:00,2026-04-07T21:21:50.05+00:00,,,
45a6e847-5697-4923-a426-83ecfbf39de4,949a9839-c640-4bf7-a7b6-59e93d5e927e,fbb296de-dba2-4b23-9c3b-5c1285997b41,2026-04-09,unavailable,,,2026-04-07T21:21:50.492815+00:00,2026-04-07T21:21:50.05+00:00,,,
f249ed39-b0ef-432e-97e9-33f8f70ad6fd,1188873c-8be1-42d3-a242-da6f15bf5e4a,fbb296de-dba2-4b23-9c3b-5c1285997b41,2026-04-09,unavailable,,,2026-04-07T21:21:50.492815+00:00,2026-04-07T21:21:50.05+00:00,,,
e98b09c3-ca4c-4e28-85f7-44fa57f2a3f0,924984fd-6cab-4b4a-8b62-1fc6860ad5a5,fbb296de-dba2-4b23-9c3b-5c1285997b41,2026-04-09,unavailable,,,2026-04-07T21:21:50.492815+00:00,2026-04-07T21:21:50.05+00:00,,,
3cd442df-e976-4a83-9a0d-09501646282d,3c2f77cd-57af-4557-93a8-25f866c7ef0a,fbb296de-dba2-4b23-9c3b-5c1285997b41,2026-04-09,unavailable,,,2026-04-07T21:21:50.492815+00:00,2026-04-07T21:21:50.05+00:00,,,
815a9f89-36ba-4bfa-8620-be11426cc446,20af3438-94f4-44dd-a150-079cf139a7a5,fbb296de-dba2-4b23-9c3b-5c1285997b41,2026-04-09,unavailable,,,2026-04-07T21:21:50.492815+00:00,2026-04-07T21:21:50.05+00:00,,,
f445d496-3643-42db-bc41-c7f5c50123d3,4e30357c-cab4-454a-8698-3f7413a38b2c,fbb296de-dba2-4b23-9c3b-5c1285997b41,2026-04-09,unavailable,,,2026-04-07T21:21:50.492815+00:00,2026-04-07T21:21:50.05+00:00,,,
33b68430-ebc2-4643-96b9-bc452f1a7be9,a3d8e08f-8e02-46e5-af59-a2895bf61e63,fbb296de-dba2-4b23-9c3b-5c1285997b41,2026-04-09,unavailable,,,2026-04-07T21:21:50.492815+00:00,2026-04-07T21:21:50.05+00:00,,,
f7fc36b2-a60a-44c8-add3-ca5e75ce8c47,2d018036-1224-40a3-82ac-e3644690ab0a,fbb296de-dba2-4b23-9c3b-5c1285997b41,2026-04-09,unavailable,,,2026-04-07T21:21:50.492815+00:00,2026-04-07T21:21:50.05+00:00,,,
6626e718-34aa-4e7e-a793-02154d2e9196,fd5f8362-52f1-410c-97dc-bbe084c2c8e4,fbb296de-dba2-4b23-9c3b-5c1285997b41,2026-04-09,unavailable,,,2026-04-07T21:21:50.492815+00:00,2026-04-07T21:21:50.05+00:00,,,
88a2a315-c323-47e2-8aa9-82cf54a9baf0,5d083c30-fb85-4d4f-9757-9cda19fc2821,fbb296de-dba2-4b23-9c3b-5c1285997b41,2026-04-09,unavailable,,,2026-04-07T21:21:50.492815+00:00,2026-04-07T21:21:50.05+00:00,,,
6052978f-5e3b-4d84-b0d8-7ba2fbe1d67b,e63f9153-d195-48fa-b7e7-19ad412c36da,fbb296de-dba2-4b23-9c3b-5c1285997b41,2026-04-09,unavailable,,,2026-04-07T21:21:50.492815+00:00,2026-04-07T21:21:50.05+00:00,,,
b9b1a938-7cca-4a7a-bb79-d673e5f73e85,afb8cdfd-4cc1-40f7-9f70-df7cbbb78d06,fbb296de-dba2-4b23-9c3b-5c1285997b41,2026-04-09,unavailable,,,2026-04-07T21:21:50.492815+00:00,2026-04-07T21:21:50.05+00:00,,,
b335ef14-e36e-4bef-99e7-f217a89f2376,66732b90-15ff-4bb5-a9d8-b84ac997d183,fbb296de-dba2-4b23-9c3b-5c1285997b41,2026-04-09,unavailable,,,2026-04-07T21:21:50.492815+00:00,2026-04-07T21:21:50.05+00:00,,,
e597763e-2c9c-4b45-8c09-e30aad82419b,29686763-0ead-43f0-9d3a-59f2ccfb2477,fbb296de-dba2-4b23-9c3b-5c1285997b41,2026-04-09,unavailable,,,2026-04-07T21:21:50.492815+00:00,2026-04-07T21:21:50.05+00:00,,,
e673e383-c4ce-475f-a761-578b3282509c,0a960158-e3fa-4ee6-aabd-55578dfe8faa,fbb296de-dba2-4b23-9c3b-5c1285997b41,2026-04-09,unavailable,,,2026-04-07T21:21:50.492815+00:00,2026-04-07T21:21:50.05+00:00,,,
315978e5-cc17-4f81-87f5-a778cc5d6f36,d675726f-44a7-475c-9b4b-9ba2bf13996d,fbb296de-dba2-4b23-9c3b-5c1285997b41,2026-04-09,unavailable,,,2026-04-07T21:21:50.492815+00:00,2026-04-07T21:21:50.05+00:00,,,
a5bdfcaa-18d2-42ac-8e5a-5274a01e28aa,07c6eec6-46c9-4e7c-8cab-a524795d38b7,fbb296de-dba2-4b23-9c3b-5c1285997b41,2026-04-09,unavailable,,,2026-04-07T21:21:50.492815+00:00,2026-04-07T21:21:50.05+00:00,,,
11243a10-65cc-44eb-a758-8682b17b9e9d,2070ea5c-435b-4080-9a08-46095b69baca,fbb296de-dba2-4b23-9c3b-5c1285997b41,2026-04-09,unavailable,,,2026-04-07T21:21:50.492815+00:00,2026-04-07T21:21:50.05+00:00,,,
e96e09ad-b83c-416f-9a35-c8ce2b861154,d399f7cb-cd56-4360-9e60-ccab8382fb61,fbb296de-dba2-4b23-9c3b-5c1285997b41,2026-04-09,unavailable,,,2026-04-07T21:21:50.492815+00:00,2026-04-07T21:21:50.05+00:00,,,
222ad0c4-de90-482c-9e56-b0a0bfcf07e5,e29757bb-c15b-4791-8b7e-c0e26dbc2d4c,fbb296de-dba2-4b23-9c3b-5c1285997b41,2026-04-09,unavailable,,,2026-04-07T21:21:50.492815+00:00,2026-04-07T21:21:50.05+00:00,,,
15de5a46-43f2-4846-aaad-d56982cbb812,72322dd6-8045-401b-aa0e-67ed58ebe0ff,fbb296de-dba2-4b23-9c3b-5c1285997b41,2026-04-09,unavailable,,,2026-04-07T21:21:50.492815+00:00,2026-04-07T21:21:50.05+00:00,,,
d22a25ce-91ed-4fa1-a21f-2f618c25bc07,ad510ff3-14e5-40fa-b454-26ebc4bf299c,fbb296de-dba2-4b23-9c3b-5c1285997b41,2026-04-09,unavailable,,,2026-04-07T21:21:50.492815+00:00,2026-04-07T21:21:50.05+00:00,,,
5ba4cf0b-5c0b-4c23-a6cf-9bb22a1e7a37,b90584d8-fc78-420b-91e1-490117cd30cd,fbb296de-dba2-4b23-9c3b-5c1285997b41,2026-04-09,unavailable,,,2026-04-07T21:21:50.492815+00:00,2026-04-07T21:21:50.05+00:00,,,
f90c9b57-582b-461c-9cdb-2e39dd018c94,dff21156-fd38-405e-a857-e7ad8bffa7f5,fbb296de-dba2-4b23-9c3b-5c1285997b41,2026-04-09,unavailable,,,2026-04-07T21:21:50.492815+00:00,2026-04-07T21:21:50.05+00:00,,,
b71ebaf5-435e-488b-82e9-fbaead29cc56,cde06dcc-2c7a-4476-8a23-469ecb9e3940,fbb296de-dba2-4b23-9c3b-5c1285997b41,2026-04-09,unavailable,,,2026-04-07T21:21:50.492815+00:00,2026-04-07T21:21:50.05+00:00,,,
786d7ef3-0596-4fce-887d-5be8ac32991f,e81c39b6-82fe-4505-b835-ed93e4220988,fbb296de-dba2-4b23-9c3b-5c1285997b41,2026-04-09,unavailable,,,2026-04-07T21:21:50.492815+00:00,2026-04-07T21:21:50.05+00:00,,,
2f1a7fc7-a872-43c4-990a-0868d08795f3,11848d52-fa67-4b56-8b9e-87239a753911,fbb296de-dba2-4b23-9c3b-5c1285997b41,2026-04-09,unavailable,,,2026-04-07T21:21:50.492815+00:00,2026-04-07T21:21:50.05+00:00,,,
c0bab3ec-8b20-4024-bfbb-5a7b934e8615,ea4552f9-565d-4bdb-98c5-539a307ea325,fbb296de-dba2-4b23-9c3b-5c1285997b41,2026-04-09,unavailable,,,2026-04-07T21:21:50.492815+00:00,2026-04-07T21:21:50.05+00:00,,,
f051ebf9-f96d-4d78-8041-850bfb454ff3,7dde3a19-d1ad-4170-a663-7bd83ee8d3a2,fbb296de-dba2-4b23-9c3b-5c1285997b41,2026-04-09,unavailable,,,2026-04-07T21:21:50.492815+00:00,2026-04-07T21:21:50.05+00:00,,,
d0aec255-1346-4931-a2b5-a5bfd983c418,e17fe9fd-652f-4542-8a29-65e80a791a00,fbb296de-dba2-4b23-9c3b-5c1285997b41,2026-04-09,unavailable,,,2026-04-07T21:21:50.492815+00:00,2026-04-07T21:21:50.05+00:00,,,
19f52e29-1ad4-4fc8-bef1-4ff3203fe7c2,f14e1eaa-9677-4120-b8b5-37209f399915,fbb296de-dba2-4b23-9c3b-5c1285997b41,2026-04-09,unavailable,,,2026-04-07T21:21:50.492815+00:00,2026-04-07T21:21:50.05+00:00,,,
1d760ba1-ee16-45bd-801c-5c5499cb36b8,fb11eb56-4d65-413d-8125-ae24b42ae442,fbb296de-dba2-4b23-9c3b-5c1285997b41,2026-04-09,unavailable,,,2026-04-07T21:21:50.492815+00:00,2026-04-07T21:21:50.05+00:00,,,
7dc1a9cf-b832-4b99-9a57-763416c2bce9,c9f1257a-9015-4783-86de-82819569ea0a,fbb296de-dba2-4b23-9c3b-5c1285997b41,2026-04-09,unavailable,,,2026-04-07T21:21:50.492815+00:00,2026-04-07T21:21:50.05+00:00,,,
a29e16e4-34b4-44ab-b27d-679acbe358e9,336fc578-e349-4e59-bcd2-e1c2b1beadb3,fbb296de-dba2-4b23-9c3b-5c1285997b41,2026-04-09,unavailable,,,2026-04-07T21:21:50.492815+00:00,2026-04-07T21:21:50.05+00:00,,,
3121452d-185f-4071-915d-df8a63966fd5,f0c608fc-95ab-4c48-a3ba-877a7937f660,fbb296de-dba2-4b23-9c3b-5c1285997b41,2026-04-09,unavailable,,,2026-04-07T21:21:50.492815+00:00,2026-04-07T21:21:50.05+00:00,,,
a785ef98-351c-4e64-82ff-183a20050e61,10a1cffa-f6d9-4692-8d99-cec08f07ef0d,fbb296de-dba2-4b23-9c3b-5c1285997b41,2026-04-09,unavailable,,,2026-04-07T21:21:50.492815+00:00,2026-04-07T21:21:50.05+00:00,,,
4d2db19b-94db-49ba-a747-4dc89edc1bda,0ae60db8-9ea0-479d-aa4a-55755241cad5,fbb296de-dba2-4b23-9c3b-5c1285997b41,2026-04-09,unavailable,,,2026-04-07T21:21:50.492815+00:00,2026-04-07T21:21:50.05+00:00,,,
cea49d75-d7c6-47d0-bebb-b0984f3b880f,be637780-281f-4436-8c97-6efb129cfd2b,fbb296de-dba2-4b23-9c3b-5c1285997b41,2026-04-09,unavailable,,,2026-04-07T21:21:50.492815+00:00,2026-04-07T21:21:50.05+00:00,,,
62d26e3a-62f7-4c55-9669-d341a21798af,c3916820-1dce-4d0e-a249-f47e95d54255,fbb296de-dba2-4b23-9c3b-5c1285997b41,2026-04-09,unavailable,,,2026-04-07T21:21:50.492815+00:00,2026-04-07T21:21:50.05+00:00,,,
8bcfdc8e-7869-4296-b9df-67bca80fd7c3,f30e6ede-1de9-4e46-a56d-384b77d3780e,fbb296de-dba2-4b23-9c3b-5c1285997b41,2026-04-09,unavailable,,,2026-04-07T21:21:50.492815+00:00,2026-04-07T21:21:50.05+00:00,,,
49fba641-fb61-41cf-81cc-e6e91d23cdc9,f3d61783-a8b2-4f4d-bdca-caa6f8e0e54a,fbb296de-dba2-4b23-9c3b-5c1285997b41,2026-04-09,unavailable,,,2026-04-07T21:21:50.492815+00:00,2026-04-07T21:21:50.05+00:00,,,
32c793ed-a6b0-40a1-b2ae-fc46fafeee24,2f002bb7-6444-4ace-87ff-7c547b3f03bd,fbb296de-dba2-4b23-9c3b-5c1285997b41,2026-04-09,unavailable,,,2026-04-07T21:21:50.492815+00:00,2026-04-07T21:21:50.05+00:00,,,
20706fa0-18fe-484b-b255-8b84bf23c1ae,0e124df5-de3e-4013-a192-423ea8975de4,fbb296de-dba2-4b23-9c3b-5c1285997b41,2026-04-09,unavailable,,,2026-04-07T21:21:50.492815+00:00,2026-04-07T21:21:50.05+00:00,,,
dd79dbe2-6ec2-496d-bbe1-a435970f102c,04912bb8-8ae3-47d1-b26e-21cc9c673432,fbb296de-dba2-4b23-9c3b-5c1285997b41,2026-04-09,unavailable,,,2026-04-07T21:21:50.492815+00:00,2026-04-07T21:21:50.05+00:00,,,
b5f3f8ae-c657-409f-b25a-922ffcab68ae,4ced9319-ef22-4afb-8131-15662b65ef52,fbb296de-dba2-4b23-9c3b-5c1285997b41,2026-04-09,unavailable,,,2026-04-07T21:21:50.492815+00:00,2026-04-07T21:21:50.05+00:00,,,
ae5cda09-376d-4080-aa63-893cb77819eb,111ca1c2-8e31-471a-bae3-0da35ce73b81,fbb296de-dba2-4b23-9c3b-5c1285997b41,2026-04-09,unavailable,,,2026-04-07T21:21:50.492815+00:00,2026-04-07T21:21:50.05+00:00,,,
8ae4e7c3-9bcd-46d2-9e28-fb8c67c5f14c,e4368078-2f9e-44f5-bafe-48f8b1fa741f,fbb296de-dba2-4b23-9c3b-5c1285997b41,2026-04-09,unavailable,,,2026-04-07T21:21:50.492815+00:00,2026-04-07T21:21:50.05+00:00,,,
1eae2e09-eb1d-4aa2-b896-a3d7df55f7ea,6176833b-8baf-4d60-84c7-6e2546e070c0,fbb296de-dba2-4b23-9c3b-5c1285997b41,2026-04-09,unavailable,,,2026-04-07T21:21:50.492815+00:00,2026-04-07T21:21:50.05+00:00,,,
ae714681-3543-4235-a0d6-e93decfca5ff,f6145d14-6ea4-47b8-b171-5485403ce4a8,fbb296de-dba2-4b23-9c3b-5c1285997b41,2026-04-09,unavailable,,,2026-04-07T21:21:50.492815+00:00,2026-04-07T21:21:50.05+00:00,,,
b0b0d42c-4ee8-4ff2-8ae8-8eb991504bdb,d37629f0-f0aa-401f-931d-d6af6da3b86c,fbb296de-dba2-4b23-9c3b-5c1285997b41,2026-04-09,unavailable,,,2026-04-07T21:21:50.492815+00:00,2026-04-07T21:21:50.05+00:00,,,
3c073f8c-e5ae-4964-8632-00828afd9246,405a5d42-18bf-4fed-9975-efc1f85edb15,fbb296de-dba2-4b23-9c3b-5c1285997b41,2026-04-09,unavailable,,,2026-04-07T21:21:50.492815+00:00,2026-04-07T21:21:50.05+00:00,,,
e56cd6b2-ed91-4ee7-8a54-66d8e37058e4,309781c4-ed69-40dc-860a-712d7414d66e,fbb296de-dba2-4b23-9c3b-5c1285997b41,2026-04-09,unavailable,,,2026-04-07T21:21:50.492815+00:00,2026-04-07T21:21:50.05+00:00,,,
8b7eaa36-43b4-44f2-bb6b-f05a27daad7c,b0017451-3a96-49f3-9e48-ea4ef19383bf,fbb296de-dba2-4b23-9c3b-5c1285997b41,2026-04-09,unavailable,,,2026-04-07T21:21:50.492815+00:00,2026-04-07T21:21:50.05+00:00,,,
930d7b8e-7c92-42ae-9788-422c6ab1c2b7,25317688-27ec-456d-8b73-c00ff0ad3284,fbb296de-dba2-4b23-9c3b-5c1285997b41,2026-04-09,unavailable,,,2026-04-07T21:21:50.492815+00:00,2026-04-07T21:21:50.05+00:00,,,
24c8e73d-3829-4e58-8850-e4badbfec424,048e8a46-b58e-4c8d-9cd8-f93ec8ad107a,fbb296de-dba2-4b23-9c3b-5c1285997b41,2026-04-09,unavailable,,,2026-04-07T21:21:50.492815+00:00,2026-04-07T21:21:50.05+00:00,,,
9446da47-a5c4-4f8e-98e1-2ef5cee737dc,1fcf3901-e345-4476-b740-0d01c2592627,fbb296de-dba2-4b23-9c3b-5c1285997b41,2026-04-09,unavailable,,,2026-04-07T21:21:50.492815+00:00,2026-04-07T21:21:50.05+00:00,,,
ccfd48bd-9a2d-4243-b172-645110cd4bc3,81c16996-0b85-475e-a250-65be09ccef20,fbb296de-dba2-4b23-9c3b-5c1285997b41,2026-04-09,unavailable,,,2026-04-07T21:21:50.492815+00:00,2026-04-07T21:21:50.05+00:00,,,
b4df9684-f0fb-48cc-b6a4-8321efa7f2e1,daddf87a-52e4-4130-bcfb-6c57d484bf4f,fbb296de-dba2-4b23-9c3b-5c1285997b41,2026-04-09,unavailable,,,2026-04-07T21:21:50.492815+00:00,2026-04-07T21:21:50.05+00:00,,,
a32a6e86-7d42-415e-841a-60fde2d36f56,f5639c9e-b6d3-4ba5-a804-c0b05b0eecad,fbb296de-dba2-4b23-9c3b-5c1285997b41,2026-04-09,unavailable,,,2026-04-07T21:21:50.492815+00:00,2026-04-07T21:21:50.05+00:00,,,
4a5b3c26-396a-4ac2-8b4c-4d4299776410,b8f48312-5ce2-436f-974e-3f41913ee188,fbb296de-dba2-4b23-9c3b-5c1285997b41,2026-04-09,unavailable,,,2026-04-07T21:21:50.492815+00:00,2026-04-07T21:21:50.05+00:00,,,
79f03300-e479-44fd-8630-ea911759ba95,c4880391-d815-4553-ad03-34066e1f1145,fbb296de-dba2-4b23-9c3b-5c1285997b41,2026-04-09,unavailable,,,2026-04-07T21:21:50.492815+00:00,2026-04-07T21:21:50.05+00:00,,,
a243d81e-5fa6-4c3a-9ea2-5555ecb8e370,2ce5e1a4-8597-4d64-addc-651953a7a868,fbb296de-dba2-4b23-9c3b-5c1285997b41,2026-04-09,unavailable,,,2026-04-07T21:21:50.492815+00:00,2026-04-07T21:21:50.05+00:00,,,
23bbbedd-75e2-4fae-bf42-7ad3f853adaa,69393448-7532-4c5c-afd9-f21c8a87c021,fbb296de-dba2-4b23-9c3b-5c1285997b41,2026-04-09,unavailable,,,2026-04-07T21:21:50.492815+00:00,2026-04-07T21:21:50.05+00:00,,,
507b8782-9996-4b2d-822d-7aed536cbf37,080205a7-44fc-49aa-a1c9-072aa3859d8f,fbb296de-dba2-4b23-9c3b-5c1285997b41,2026-04-09,unavailable,,,2026-04-07T21:21:50.492815+00:00,2026-04-07T21:21:50.05+00:00,,,
09709d58-59b1-4ad1-a3b6-d330038810a2,2d7c5b8a-f3f9-462d-a7b0-06f5ac2dc976,7a5fd02b-2248-4492-bae9-2ab1670894bc,2026-04-27,unavailable,,,2026-04-26T16:27:57.563089+00:00,2026-04-26T16:27:57.373+00:00,,,
884b77f6-7920-4ec3-94c0-29e5846edd88,3a05fc41-5bd0-49c1-8c7c-21a4a1c6fcf4,7a5fd02b-2248-4492-bae9-2ab1670894bc,2026-04-27,unavailable,,,2026-04-26T16:27:57.563089+00:00,2026-04-26T16:27:57.373+00:00,,,
414acd26-2fa4-4f70-9d9e-fdc535be3c03,80715009-1569-4eb1-bc15-3f1b74e45280,7a5fd02b-2248-4492-bae9-2ab1670894bc,2026-04-27,unavailable,,,2026-04-26T16:27:57.563089+00:00,2026-04-26T16:27:57.373+00:00,,,
f6dd1657-719d-46a8-93e9-370d331792b8,aa1f52af-a81a-43fc-84f2-8739dc579d52,7a5fd02b-2248-4492-bae9-2ab1670894bc,2026-04-27,unavailable,,,2026-04-26T16:27:57.563089+00:00,2026-04-26T16:27:57.373+00:00,,,
ad105dad-4475-49c9-8f9d-44cd72f76df4,70434006-1d15-4b04-aa28-3d45dde2a641,7a5fd02b-2248-4492-bae9-2ab1670894bc,2026-04-27,unavailable,,,2026-04-26T16:27:57.563089+00:00,2026-04-26T16:27:57.373+00:00,,,
9d377602-8887-492b-a609-bcaa2a1aa042,0abbd494-b25b-4f13-a55e-dcf6db986965,7a5fd02b-2248-4492-bae9-2ab1670894bc,2026-04-27,unavailable,,,2026-04-26T16:27:57.563089+00:00,2026-04-26T16:27:57.373+00:00,,,
0509b3ed-7111-425e-8a59-196c6554fed8,bcd7e7fd-91d0-47a4-a561-3327481cd9ed,7a5fd02b-2248-4492-bae9-2ab1670894bc,2026-04-27,unavailable,,,2026-04-26T16:27:57.563089+00:00,2026-04-26T16:27:57.373+00:00,,,
85bc4d7c-6cd1-43d2-8d71-8070cb345cb1,62ef1b1f-0f0c-4ea8-ae97-8262c836aca4,7a5fd02b-2248-4492-bae9-2ab1670894bc,2026-04-27,unavailable,,,2026-04-26T16:27:57.563089+00:00,2026-04-26T16:27:57.373+00:00,,,
6c88f9bc-7115-4928-aa0f-bb5725600d44,b7208d85-35b3-448f-8cbe-35500f1559dd,7a5fd02b-2248-4492-bae9-2ab1670894bc,2026-04-27,unavailable,,,2026-04-26T16:27:57.563089+00:00,2026-04-26T16:27:57.373+00:00,,,
2d469e23-427d-4258-8e6c-1f0c0672cc11,20a2301c-797c-4953-9efd-b28ccf27e775,7a5fd02b-2248-4492-bae9-2ab1670894bc,2026-04-27,unavailable,,,2026-04-26T16:27:57.563089+00:00,2026-04-26T16:27:57.373+00:00,,,
7fcf64ca-47d2-4fea-8092-70b25416b647,40b5c780-6569-4806-8e95-e2c92eaa87c9,7a5fd02b-2248-4492-bae9-2ab1670894bc,2026-04-27,unavailable,,,2026-04-26T16:27:57.563089+00:00,2026-04-26T16:27:57.373+00:00,,,
cbe3d5b1-d10c-4157-8350-a6102792383b,d78ec394-051b-4132-aa11-92a24197f565,7a5fd02b-2248-4492-bae9-2ab1670894bc,2026-04-27,unavailable,,,2026-04-26T16:27:57.563089+00:00,2026-04-26T16:27:57.373+00:00,,,
2c1e4572-0f9b-47a2-b993-36b9bc03d844,4f62f2d1-3fe0-4f77-a6e4-747bc5e8c87e,7a5fd02b-2248-4492-bae9-2ab1670894bc,2026-04-27,unavailable,,,2026-04-26T16:27:57.563089+00:00,2026-04-26T16:27:57.373+00:00,,,
06ec900d-1333-4616-b2c6-b2a76e2e35b6,105a17f7-180a-4bb1-825c-6144eae25b9b,7a5fd02b-2248-4492-bae9-2ab1670894bc,2026-04-27,unavailable,,,2026-04-26T16:27:57.563089+00:00,2026-04-26T16:27:57.373+00:00,,,
d061e721-06e6-499b-80fe-f42301ca3809,b56af66b-bf5b-40d8-9c9c-da4455afe5e3,7a5fd02b-2248-4492-bae9-2ab1670894bc,2026-04-27,unavailable,,,2026-04-26T16:27:57.563089+00:00,2026-04-26T16:27:57.373+00:00,,,
d2d6d3cb-efb5-4e68-afd0-10ab615a1ef6,e61bb04a-6523-4f0a-b945-dae17b2ab3c6,7a5fd02b-2248-4492-bae9-2ab1670894bc,2026-04-27,unavailable,,,2026-04-26T16:27:57.563089+00:00,2026-04-26T16:27:57.373+00:00,,,
04b5a7e4-d6f7-410b-89ef-4562ce84fc60,1ef573f5-82a5-437f-b478-f09a7c3a3b06,7a5fd02b-2248-4492-bae9-2ab1670894bc,2026-04-27,unavailable,,,2026-04-26T16:27:57.563089+00:00,2026-04-26T16:27:57.373+00:00,,,
850f28f0-cbec-4d91-9ea4-e7e732128acc,fc567f21-d1c4-4360-90b4-2837eaf9e2e8,7a5fd02b-2248-4492-bae9-2ab1670894bc,2026-04-27,unavailable,,,2026-04-26T16:27:57.563089+00:00,2026-04-26T16:27:57.373+00:00,,,
5547f81b-e94c-4b5b-920e-0195dc075eff,1fba7f38-e8ac-4d0a-a165-40681248749a,7a5fd02b-2248-4492-bae9-2ab1670894bc,2026-04-27,unavailable,,,2026-04-26T16:27:57.563089+00:00,2026-04-26T16:27:57.373+00:00,,,
68f91d41-ceb2-43a1-aea5-520c3590882e,a2039f51-91f6-4381-a452-6b9f6c351a31,7a5fd02b-2248-4492-bae9-2ab1670894bc,2026-04-27,unavailable,,,2026-04-26T16:27:57.563089+00:00,2026-04-26T16:27:57.373+00:00,,,
c9acd72d-a04f-4dd5-bc2e-1aa123d2fde9,d4056769-a0cc-4a7e-9ca6-7a0f6d868df5,7a5fd02b-2248-4492-bae9-2ab1670894bc,2026-04-27,unavailable,,,2026-04-26T16:27:57.563089+00:00,2026-04-26T16:27:57.373+00:00,,,
56da20fa-da66-4d93-a7cc-e389ad46ddab,2c6f9099-8630-4310-9a1c-b81f5170e839,7a5fd02b-2248-4492-bae9-2ab1670894bc,2026-04-27,unavailable,,,2026-04-26T16:27:57.563089+00:00,2026-04-26T16:27:57.373+00:00,,,
91d38dd8-4675-45b8-972b-5bc776b8b684,772df8d5-6962-487a-99d2-78d6ef150e85,7a5fd02b-2248-4492-bae9-2ab1670894bc,2026-04-27,unavailable,,,2026-04-26T16:27:57.563089+00:00,2026-04-26T16:27:57.373+00:00,,,
e906d233-2405-4cdc-a078-d9d42184b560,a02772eb-54d3-4b3f-97a6-223043efe589,7a5fd02b-2248-4492-bae9-2ab1670894bc,2026-04-27,unavailable,,,2026-04-26T16:27:57.563089+00:00,2026-04-26T16:27:57.373+00:00,,,
dd3e7862-c29d-4305-b7f6-f7ce369a8f0f,1cd8cacb-9218-4990-9bbf-a2e7ce216f54,7a5fd02b-2248-4492-bae9-2ab1670894bc,2026-04-27,unavailable,,,2026-04-26T16:27:57.563089+00:00,2026-04-26T16:27:57.373+00:00,,,
d08a8cf5-0071-487b-a8a9-d611e5eaa07a,942cbf39-99e6-40cd-8034-2eacf88611f2,7a5fd02b-2248-4492-bae9-2ab1670894bc,2026-04-27,unavailable,,,2026-04-26T16:27:57.563089+00:00,2026-04-26T16:27:57.373+00:00,,,
2df9904b-6500-48e6-a104-10cb5c936f31,5d2be0b1-c8e4-4de7-becc-b24c8655215d,7a5fd02b-2248-4492-bae9-2ab1670894bc,2026-04-27,unavailable,,,2026-04-26T16:27:57.563089+00:00,2026-04-26T16:27:57.373+00:00,,,
bd7a2bd4-876d-4d87-b58d-a2515037023b,ff117f7e-e829-4c9b-94be-583211e2b8eb,7a5fd02b-2248-4492-bae9-2ab1670894bc,2026-04-27,unavailable,,,2026-04-26T16:27:57.563089+00:00,2026-04-26T16:27:57.373+00:00,,,
47980c40-f3b7-4467-abdd-a147355438d1,47a0a430-3e3c-4cb4-85c9-47cc22a0b918,7a5fd02b-2248-4492-bae9-2ab1670894bc,2026-04-27,unavailable,,,2026-04-26T16:27:57.563089+00:00,2026-04-26T16:27:57.373+00:00,,,
0cefa026-bc08-4c3b-b668-0fa9a409b298,a5ac6324-2319-4372-a71b-2fcd580315da,7a5fd02b-2248-4492-bae9-2ab1670894bc,2026-04-27,unavailable,,,2026-04-26T16:27:57.563089+00:00,2026-04-26T16:27:57.373+00:00,,,
ae4aa713-8b07-4ae7-81af-8c2b5e453a4a,9da89b63-0331-4cc7-a3cd-61ca235b49f7,7a5fd02b-2248-4492-bae9-2ab1670894bc,2026-04-27,unavailable,,,2026-04-26T16:27:57.563089+00:00,2026-04-26T16:27:57.373+00:00,,,
803c3a97-9732-4686-b2b1-cedc72b8b0e5,c6110ff1-93d1-471e-b0b1-bdb584068e25,7a5fd02b-2248-4492-bae9-2ab1670894bc,2026-04-27,unavailable,,,2026-04-26T16:27:57.563089+00:00,2026-04-26T16:27:57.373+00:00,,,
b6f4fa65-ceca-4b0e-b5ab-13f0e5e5878a,f64ae6e9-98b8-4d49-96ba-8d2b7cb99216,7a5fd02b-2248-4492-bae9-2ab1670894bc,2026-04-27,unavailable,,,2026-04-26T16:27:57.563089+00:00,2026-04-26T16:27:57.373+00:00,,,
64c81636-dfac-421a-b200-91df1b0eb340,267a7ea2-953e-49dd-8b14-79e115a8efc7,7a5fd02b-2248-4492-bae9-2ab1670894bc,2026-04-27,unavailable,,,2026-04-26T16:27:57.563089+00:00,2026-04-26T16:27:57.373+00:00,,,
b0831c51-c832-485f-8a91-78601d54d54e,1b643468-628a-4ec8-a769-b0ae8bc8af71,7a5fd02b-2248-4492-bae9-2ab1670894bc,2026-04-27,unavailable,,,2026-04-26T16:27:57.563089+00:00,2026-04-26T16:27:57.373+00:00,,,
2882dad5-105e-4196-8f0e-c84287c8a8fd,ba787ccf-f590-4338-a42d-06071e35b23c,7a5fd02b-2248-4492-bae9-2ab1670894bc,2026-04-27,unavailable,,,2026-04-26T16:27:57.563089+00:00,2026-04-26T16:27:57.373+00:00,,,
b5a409ed-c6a3-419c-914c-8ca7f04df336,aa3c24a5-eb55-4d6d-98a6-1c461b8b808c,7a5fd02b-2248-4492-bae9-2ab1670894bc,2026-04-27,unavailable,,,2026-04-26T16:27:57.563089+00:00,2026-04-26T16:27:57.373+00:00,,,
9b7684f8-f8ad-4281-bce8-c1fbe216e65a,5ebd0006-3ba4-436b-ad38-65e63495b4d5,7a5fd02b-2248-4492-bae9-2ab1670894bc,2026-04-27,unavailable,,,2026-04-26T16:27:57.563089+00:00,2026-04-26T16:27:57.373+00:00,,,
093a7d42-6367-4084-b314-a05cccc2c083,44bdbde8-576d-4d7f-b668-d2f2bf72fb2e,7a5fd02b-2248-4492-bae9-2ab1670894bc,2026-04-27,unavailable,,,2026-04-26T16:27:57.563089+00:00,2026-04-26T16:27:57.373+00:00,,,
8943be75-2c24-431d-b7f7-5ffc1aa6cb17,5da6dc1f-43a1-4182-bea0-4d1036c97b6d,7a5fd02b-2248-4492-bae9-2ab1670894bc,2026-04-27,unavailable,,,2026-04-26T16:27:57.563089+00:00,2026-04-26T16:27:57.373+00:00,,,
cd8ac862-5c80-4f22-b099-d5b0d781d4e8,49e1f495-eb85-494c-8013-2e0fdceeb50c,7a5fd02b-2248-4492-bae9-2ab1670894bc,2026-04-27,unavailable,,,2026-04-26T16:27:57.563089+00:00,2026-04-26T16:27:57.373+00:00,,,
d8d60305-b2fe-40c9-aa6e-4f2196b75ffc,3523ac42-08ca-43c3-97ae-7ecde7cdb297,7a5fd02b-2248-4492-bae9-2ab1670894bc,2026-04-27,unavailable,,,2026-04-26T16:27:57.563089+00:00,2026-04-26T16:27:57.373+00:00,,,
318c2642-ab65-4306-af29-f5af0aa9bd81,6a383d81-af24-4d74-a14e-ec5dd8b4653d,7a5fd02b-2248-4492-bae9-2ab1670894bc,2026-04-27,unavailable,,,2026-04-26T16:27:57.563089+00:00,2026-04-26T16:27:57.373+00:00,,,
d328b669-7f23-4ced-b948-e1e1757a6b4b,21d117ac-f8fb-45fd-bf02-a0f11942e9a3,7a5fd02b-2248-4492-bae9-2ab1670894bc,2026-04-27,unavailable,,,2026-04-26T16:27:57.563089+00:00,2026-04-26T16:27:57.373+00:00,,,
d1cc14f8-bdd2-423f-9f41-c895abafa084,5d480edd-15b4-4457-b01b-8b369f82cae4,7a5fd02b-2248-4492-bae9-2ab1670894bc,2026-04-27,unavailable,,,2026-04-26T16:27:57.563089+00:00,2026-04-26T16:27:57.373+00:00,,,
ac00aa62-3f6e-40ab-ac1a-70245930cfa2,b0d98b9a-7524-48e8-89b3-d8a93d7340c8,7a5fd02b-2248-4492-bae9-2ab1670894bc,2026-04-27,unavailable,,,2026-04-26T16:27:57.563089+00:00,2026-04-26T16:27:57.373+00:00,,,
ec165270-a7d7-4402-930e-5ed0225dd4ec,cafd9f72-ec03-41b9-9660-321eb178895e,7a5fd02b-2248-4492-bae9-2ab1670894bc,2026-04-27,unavailable,,,2026-04-26T16:27:57.563089+00:00,2026-04-26T16:27:57.373+00:00,,,
f6ac6781-b5d2-42d1-b3d2-5a7d8b6e2a32,09a16f0b-ece0-4ad2-918d-5fef33c1becd,7a5fd02b-2248-4492-bae9-2ab1670894bc,2026-04-27,unavailable,,,2026-04-26T16:27:57.563089+00:00,2026-04-26T16:27:57.373+00:00,,,
7147c6b2-34ad-47b5-b858-19634b1b2095,3094309a-9f88-431b-8e3e-a2c8dfade33d,7a5fd02b-2248-4492-bae9-2ab1670894bc,2026-04-27,unavailable,,,2026-04-26T16:27:57.563089+00:00,2026-04-26T16:27:57.373+00:00,,,
063b3193-c09a-4de2-bf21-532f66113184,f928dfeb-fbe7-4518-a98a-0d77b37478dc,7a5fd02b-2248-4492-bae9-2ab1670894bc,2026-04-27,unavailable,,,2026-04-26T16:27:57.563089+00:00,2026-04-26T16:27:57.373+00:00,,,
fab9b454-1a70-475d-9002-eb149836b30d,0299c9ab-abbe-49fa-a8ea-2f63027fb6f5,7a5fd02b-2248-4492-bae9-2ab1670894bc,2026-04-27,unavailable,,,2026-04-26T16:27:57.563089+00:00,2026-04-26T16:27:57.373+00:00,,,
a805fdd6-55c0-4755-8b4a-4314b5d86b3e,bad52eee-5a53-493c-9760-b6beca52b9cb,7a5fd02b-2248-4492-bae9-2ab1670894bc,2026-04-27,unavailable,,,2026-04-26T16:27:57.563089+00:00,2026-04-26T16:27:57.373+00:00,,,
313d6580-5c5c-4f4e-bec6-96468e234773,7308a611-e53e-46be-bf03-8b6ba3d6776d,7a5fd02b-2248-4492-bae9-2ab1670894bc,2026-04-27,unavailable,,,2026-04-26T16:27:57.563089+00:00,2026-04-26T16:27:57.373+00:00,,,
5406b945-c11c-4912-89c6-f0be22895421,78352cbe-90e6-4e26-8e68-95ff4931e2a4,7a5fd02b-2248-4492-bae9-2ab1670894bc,2026-04-27,unavailable,,,2026-04-26T16:27:57.563089+00:00,2026-04-26T16:27:57.373+00:00,,,
92341d07-c38c-43cc-a0c6-376bdf3299da,02e3c03b-5da1-4900-9a00-7c22f8e54505,7a5fd02b-2248-4492-bae9-2ab1670894bc,2026-04-27,unavailable,,,2026-04-26T16:27:57.563089+00:00,2026-04-26T16:27:57.373+00:00,,,
2f63ef18-ad53-4ea5-8ce7-98967ee38f51,eca26cbb-d6eb-4cf3-bded-833d0c82c2cc,7a5fd02b-2248-4492-bae9-2ab1670894bc,2026-04-27,unavailable,,,2026-04-26T16:27:57.563089+00:00,2026-04-26T16:27:57.373+00:00,,,
36ab6a42-1119-42a0-bbbd-3e697b1a2551,2f3c7437-50fb-4e17-a781-08f140fa8f77,7a5fd02b-2248-4492-bae9-2ab1670894bc,2026-04-27,unavailable,,,2026-04-26T16:27:57.563089+00:00,2026-04-26T16:27:57.373+00:00,,,
75d6f945-4af1-478d-b3ef-af8d0a37cfc0,0a36520c-f191-437c-9745-c85a53861102,7a5fd02b-2248-4492-bae9-2ab1670894bc,2026-04-27,unavailable,,,2026-04-26T16:27:57.563089+00:00,2026-04-26T16:27:57.373+00:00,,,
be29fc36-8faf-450c-81e0-6a8f161057b9,feaad469-a829-41b2-988e-5efed6c64b6c,7a5fd02b-2248-4492-bae9-2ab1670894bc,2026-04-27,unavailable,,,2026-04-26T16:27:57.563089+00:00,2026-04-26T16:27:57.373+00:00,,,
83bc2df9-d3b6-4234-b6db-1920ed404efc,3cb29cc2-866b-4360-90a3-15d01db8714a,7a5fd02b-2248-4492-bae9-2ab1670894bc,2026-04-27,unavailable,,,2026-04-26T16:27:57.563089+00:00,2026-04-26T16:27:57.373+00:00,,,
96cb2c18-014c-4be1-ad1c-ebb98c1a9bcc,89deecdc-4aaf-4b43-9716-bc54563a3e98,7a5fd02b-2248-4492-bae9-2ab1670894bc,2026-04-27,unavailable,,,2026-04-26T16:27:57.563089+00:00,2026-04-26T16:27:57.373+00:00,,,
d732a894-7bc2-46b9-8c6c-925f12324a0b,b11df9b7-4ce3-409d-9a00-1ccc44bf334f,7a5fd02b-2248-4492-bae9-2ab1670894bc,2026-04-27,unavailable,,,2026-04-26T16:27:57.563089+00:00,2026-04-26T16:27:57.373+00:00,,,
b0dac94e-629a-450b-b44b-46844c245fdf,47c5aed7-be06-44b8-8ca9-c898e5aeea76,7a5fd02b-2248-4492-bae9-2ab1670894bc,2026-04-27,unavailable,,,2026-04-26T16:27:57.563089+00:00,2026-04-26T16:27:57.373+00:00,,,
26b31fa6-32f1-4bfe-9076-abee5895783f,66056ffe-bed5-4f29-9efc-b3451224d474,7a5fd02b-2248-4492-bae9-2ab1670894bc,2026-04-27,unavailable,,,2026-04-26T16:27:57.563089+00:00,2026-04-26T16:27:57.373+00:00,,,
c1e133ba-2476-400c-b02d-685bfdb34aa6,2c6d8e1e-5fca-4ef0-8171-db565a70bb02,7a5fd02b-2248-4492-bae9-2ab1670894bc,2026-04-27,unavailable,,,2026-04-26T16:27:57.563089+00:00,2026-04-26T16:27:57.373+00:00,,,
86e7b26d-e978-4ef8-8dbf-4b9941a28792,4cb1a70a-69ff-40a0-a510-294ba986d499,7a5fd02b-2248-4492-bae9-2ab1670894bc,2026-04-27,unavailable,,,2026-04-26T16:27:57.563089+00:00,2026-04-26T16:27:57.373+00:00,,,
565db8ed-ddee-43c8-baed-012b3a298044,51bd07e8-04c4-4564-af34-8d952def0f8d,7a5fd02b-2248-4492-bae9-2ab1670894bc,2026-04-27,unavailable,,,2026-04-26T16:27:57.563089+00:00,2026-04-26T16:27:57.373+00:00,,,
5117edb3-5d78-4e2a-9c84-76e072dd72db,7de4b628-ab0b-4d70-96e8-d8b7f23fbfdd,7a5fd02b-2248-4492-bae9-2ab1670894bc,2026-04-27,unavailable,,,2026-04-26T16:27:57.563089+00:00,2026-04-26T16:27:57.373+00:00,,,
3711438a-2dd7-4eaf-90fc-7bc5b8fd0eb0,abe101e7-ab70-43a7-bba2-e161bcd2b73e,7a5fd02b-2248-4492-bae9-2ab1670894bc,2026-04-27,unavailable,,,2026-04-26T16:27:57.563089+00:00,2026-04-26T16:27:57.373+00:00,,,
60facf49-7c13-4cdf-9218-20030c9db77e,45a1142b-7760-4e8c-a1af-989c15a5fdc4,7a5fd02b-2248-4492-bae9-2ab1670894bc,2026-04-27,unavailable,,,2026-04-26T16:27:57.563089+00:00,2026-04-26T16:27:57.373+00:00,,,
50754f11-6a28-4bc2-838d-8d7a62fcfdf4,5b3f4657-21b0-44a7-8f0a-3f0ecd43f712,7a5fd02b-2248-4492-bae9-2ab1670894bc,2026-04-27,unavailable,,,2026-04-26T16:27:57.563089+00:00,2026-04-26T16:27:57.373+00:00,,,
6768c0ff-9161-4f9b-a498-05b8b6636c33,fc189420-99ea-4786-a143-2314e7653949,7a5fd02b-2248-4492-bae9-2ab1670894bc,2026-04-27,unavailable,,,2026-04-26T16:27:57.563089+00:00,2026-04-26T16:27:57.373+00:00,,,
396dfcd0-d082-46ce-a46f-7f6d87befc1e,9bc2c597-4686-47a2-bdce-22b9ce02d3dd,7a5fd02b-2248-4492-bae9-2ab1670894bc,2026-04-27,unavailable,,,2026-04-26T16:27:57.563089+00:00,2026-04-26T16:27:57.373+00:00,,,
6be4781b-bd16-4d36-896e-bd7791ddf4ee,10c6b8e6-72c6-4198-8dbb-9afc48473d68,7a5fd02b-2248-4492-bae9-2ab1670894bc,2026-04-27,unavailable,,,2026-04-26T16:27:57.563089+00:00,2026-04-26T16:27:57.373+00:00,,,
e751bcfd-27fb-4dc8-a3ba-ac30ae187b9e,c8b51b5d-7fe1-40db-ad18-7b79258828a1,7a5fd02b-2248-4492-bae9-2ab1670894bc,2026-04-27,unavailable,,,2026-04-26T16:27:57.563089+00:00,2026-04-26T16:27:57.373+00:00,,,
2d214555-6a08-419e-bebc-400c054caa59,6f6dcd58-46f9-4796-8b12-f65aeb26ab1e,7a5fd02b-2248-4492-bae9-2ab1670894bc,2026-04-27,unavailable,,,2026-04-26T16:27:57.563089+00:00,2026-04-26T16:27:57.373+00:00,,,
da3b2f57-19d1-4efa-9a72-ebbdd0efb173,188cfea9-8ce2-4ee6-aa4a-8ace3bb24307,7a5fd02b-2248-4492-bae9-2ab1670894bc,2026-04-27,unavailable,,,2026-04-26T16:27:57.563089+00:00,2026-04-26T16:27:57.373+00:00,,,
f1e45eb1-582f-4d0a-bc66-fc2f31961e6d,bb521bcd-ab51-4458-86ef-2f2b3e9dd4d7,7a5fd02b-2248-4492-bae9-2ab1670894bc,2026-04-27,unavailable,,,2026-04-26T16:27:57.563089+00:00,2026-04-26T16:27:57.373+00:00,,,
ff575459-ef80-471c-b93d-a942ebec5f91,28939fc7-49c1-4151-b66e-c707529eb24b,7a5fd02b-2248-4492-bae9-2ab1670894bc,2026-04-27,unavailable,,,2026-04-26T16:27:57.563089+00:00,2026-04-26T16:27:57.373+00:00,,,
aae0f34c-1efb-42db-b97b-0d28b154d7eb,ecbae0c7-4bea-436b-9f87-b80c26ec150f,7a5fd02b-2248-4492-bae9-2ab1670894bc,2026-04-27,unavailable,,,2026-04-26T16:27:57.563089+00:00,2026-04-26T16:27:57.373+00:00,,,
a6b59796-ebc6-42d2-81f0-d96f1a2098b7,4e678c0c-345b-4cad-8f84-08fb2e61cccd,7a5fd02b-2248-4492-bae9-2ab1670894bc,2026-04-27,unavailable,,,2026-04-26T16:27:57.563089+00:00,2026-04-26T16:27:57.373+00:00,,,
a5560cf5-c24b-4756-9011-e3e3faf4e551,acc2e31f-8c70-4ae8-82e0-30c047f6bc1f,7a5fd02b-2248-4492-bae9-2ab1670894bc,2026-04-27,unavailable,,,2026-04-26T16:27:57.563089+00:00,2026-04-26T16:27:57.373+00:00,,,
03856c27-e6ca-460b-b554-b6e06dd0e101,8e08ef07-dafc-46a6-8d05-a8ed0e1cb79c,7a5fd02b-2248-4492-bae9-2ab1670894bc,2026-04-27,unavailable,,,2026-04-26T16:27:57.563089+00:00,2026-04-26T16:27:57.373+00:00,,,
e83f8147-7d45-4588-9517-935c31a04ba8,5faef9e7-1115-4fbf-a391-fc83e8635b70,7a5fd02b-2248-4492-bae9-2ab1670894bc,2026-04-27,unavailable,,,2026-04-26T16:27:57.563089+00:00,2026-04-26T16:27:57.373+00:00,,,
478251e8-ac93-48c9-a096-3d074ae34429,53d4c1e2-c93c-4f45-8fb1-f0bd64ef921e,7a5fd02b-2248-4492-bae9-2ab1670894bc,2026-04-27,unavailable,,,2026-04-26T16:27:57.563089+00:00,2026-04-26T16:27:57.373+00:00,,,
585005ff-83f2-4f6c-8eb2-8e67820d43c1,953a114e-45a0-47ca-8ac0-c0e188cd65c2,7a5fd02b-2248-4492-bae9-2ab1670894bc,2026-04-27,unavailable,,,2026-04-26T16:27:57.563089+00:00,2026-04-26T16:27:57.373+00:00,,,
07859cfc-5b45-4976-a4ef-af91ca6c7990,25149f32-ee59-48d7-a941-9f6c35ca2855,7a5fd02b-2248-4492-bae9-2ab1670894bc,2026-04-27,unavailable,,,2026-04-26T16:27:57.563089+00:00,2026-04-26T16:27:57.373+00:00,,,
1f635e3b-13f5-4f7c-9a6b-f6680972fe48,a3d78333-79fb-4040-8a2f-6f43aa351556,7a5fd02b-2248-4492-bae9-2ab1670894bc,2026-04-27,unavailable,,,2026-04-26T16:27:57.563089+00:00,2026-04-26T16:27:57.373+00:00,,,
02b84bc5-0ae2-4cba-add4-6c40583462d4,e466e1b5-0324-484f-be32-9f1e792d73e0,7a5fd02b-2248-4492-bae9-2ab1670894bc,2026-04-27,unavailable,,,2026-04-26T16:27:57.563089+00:00,2026-04-26T16:27:57.373+00:00,,,
22540103-6bb4-4338-97c3-02e70b30282d,afb9bf7c-248b-4142-8e01-029b5cbbd4c5,7a5fd02b-2248-4492-bae9-2ab1670894bc,2026-04-27,unavailable,,,2026-04-26T16:27:57.563089+00:00,2026-04-26T16:27:57.373+00:00,,,
c459c31b-d5af-4dc3-bafd-b455798d1afb,dea0d41c-bb8b-4b5d-a829-28e07fff0010,7a5fd02b-2248-4492-bae9-2ab1670894bc,2026-04-27,unavailable,,,2026-04-26T16:27:57.563089+00:00,2026-04-26T16:27:57.373+00:00,,,
e656c034-1708-48d0-8e13-8d896756d4b9,b67bd172-bbd0-48ef-9cda-9d458718bae0,7a5fd02b-2248-4492-bae9-2ab1670894bc,2026-04-27,unavailable,,,2026-04-26T16:27:57.563089+00:00,2026-04-26T16:27:57.373+00:00,,,
77bf459e-3925-4488-ae31-d19f39c69708,31bb4896-e136-4f61-8c9a-44f45a24b9db,7a5fd02b-2248-4492-bae9-2ab1670894bc,2026-04-27,unavailable,,,2026-04-26T16:27:57.563089+00:00,2026-04-26T16:27:57.373+00:00,,,
7a52f4fe-b887-4df7-bd7b-e0f93f6ff3ce,e6c3b55d-0838-4760-b4e8-30ec6b724c69,7a5fd02b-2248-4492-bae9-2ab1670894bc,2026-04-27,unavailable,,,2026-04-26T16:27:57.563089+00:00,2026-04-26T16:27:57.373+00:00,,,
742f2f19-2e2b-4dd3-92d2-e54e1e323d39,b4e55d8f-e956-442f-a4ad-595da88885fb,7a5fd02b-2248-4492-bae9-2ab1670894bc,2026-04-27,unavailable,,,2026-04-26T16:27:57.563089+00:00,2026-04-26T16:27:57.373+00:00,,,
3f366931-0f04-4d85-9115-724c613bd60a,6058be35-369e-435d-8373-442cac7b65f8,7a5fd02b-2248-4492-bae9-2ab1670894bc,2026-04-27,unavailable,,,2026-04-26T16:27:57.563089+00:00,2026-04-26T16:27:57.373+00:00,,,
cfa6435f-c575-4e73-aa5c-7d63f092b1af,9adeb556-ece2-498f-abb0-869e7ea01aa8,7a5fd02b-2248-4492-bae9-2ab1670894bc,2026-04-27,unavailable,,,2026-04-26T16:27:57.563089+00:00,2026-04-26T16:27:57.373+00:00,,,
ebcafb8e-d447-4a8c-85e2-00e40db8dd29,bfa7d4bd-6923-4d5f-9b63-2801c4cd92b2,7a5fd02b-2248-4492-bae9-2ab1670894bc,2026-04-27,unavailable,,,2026-04-26T16:27:57.563089+00:00,2026-04-26T16:27:57.373+00:00,,,
b48c60ef-6865-42a5-8dda-356dee03a99b,bf479c71-9394-4a55-b9ac-c81c237fa309,7a5fd02b-2248-4492-bae9-2ab1670894bc,2026-04-27,unavailable,,,2026-04-26T16:27:57.563089+00:00,2026-04-26T16:27:57.373+00:00,,,
94897738-5958-4a7c-995e-ef7c477b0d29,4d8341f1-1d5f-49e5-95e6-bda4f2816a28,7a5fd02b-2248-4492-bae9-2ab1670894bc,2026-04-27,unavailable,,,2026-04-26T16:27:57.563089+00:00,2026-04-26T16:27:57.373+00:00,,,
ca671035-75db-4eed-a5fc-dbd26b6008e1,f6723b26-0b45-4a30-bfa8-1ee732565796,7a5fd02b-2248-4492-bae9-2ab1670894bc,2026-04-27,unavailable,,,2026-04-26T16:27:57.563089+00:00,2026-04-26T16:27:57.373+00:00,,,
fe3dd99b-ced0-44a2-a5a7-18495d581d04,6d8db724-4152-43b2-bf1b-ca96881952e6,7a5fd02b-2248-4492-bae9-2ab1670894bc,2026-04-27,unavailable,,,2026-04-26T16:27:57.563089+00:00,2026-04-26T16:27:57.373+00:00,,,
370d6ffe-e8b1-4244-a031-c7d7e3a5345f,5aace772-3b44-4925-820b-042fba96ee1b,7a5fd02b-2248-4492-bae9-2ab1670894bc,2026-04-27,unavailable,,,2026-04-26T16:27:57.563089+00:00,2026-04-26T16:27:57.373+00:00,,,
3f928894-3d84-48e7-b8e9-dd74954a40f0,c884d033-d490-4ccb-ba1f-646407b6ab42,7a5fd02b-2248-4492-bae9-2ab1670894bc,2026-04-27,unavailable,,,2026-04-26T16:27:57.563089+00:00,2026-04-26T16:27:57.373+00:00,,,
0be1d08e-cc75-43d6-bd9b-57602f89fe01,ddb4593f-6ae9-4e1d-b64b-9c0d989de317,7a5fd02b-2248-4492-bae9-2ab1670894bc,2026-04-27,unavailable,,,2026-04-26T16:27:57.563089+00:00,2026-04-26T16:27:57.373+00:00,,,
1448e2a4-5c05-4522-8793-31b343aa394c,1e313572-571e-46b4-b012-80449350cf3f,7a5fd02b-2248-4492-bae9-2ab1670894bc,2026-04-27,unavailable,,,2026-04-26T16:27:57.563089+00:00,2026-04-26T16:27:57.373+00:00,,,
21ee6d71-49a5-4891-8b22-7a044e374517,95a59580-6440-4afa-95b7-90e438e0b33b,7a5fd02b-2248-4492-bae9-2ab1670894bc,2026-04-27,unavailable,,,2026-04-26T16:27:57.563089+00:00,2026-04-26T16:27:57.373+00:00,,,
907ed2a4-3d6f-4e2e-8cd6-57a7b050715b,1ce0b2b8-6262-4b17-98f9-60bed3365ecb,7a5fd02b-2248-4492-bae9-2ab1670894bc,2026-04-27,unavailable,,,2026-04-26T16:27:57.563089+00:00,2026-04-26T16:27:57.373+00:00,,,
dac65e3e-f786-4f2e-a148-da750ada23b1,d9bf2e1e-2f9d-4952-97aa-c74fdd095b34,7a5fd02b-2248-4492-bae9-2ab1670894bc,2026-04-27,unavailable,,,2026-04-26T16:27:57.563089+00:00,2026-04-26T16:27:57.373+00:00,,,
329fe7bd-ac35-4840-88aa-37a284c50c0c,4af25fcb-085b-4071-97d0-4af42e4a5f0b,7a5fd02b-2248-4492-bae9-2ab1670894bc,2026-04-27,unavailable,,,2026-04-26T16:27:57.563089+00:00,2026-04-26T16:27:57.373+00:00,,,
f133dc67-0c19-4765-8799-c414a0aac996,d04984bc-eb16-411e-8c99-ba6beb94db3c,7a5fd02b-2248-4492-bae9-2ab1670894bc,2026-04-27,unavailable,,,2026-04-26T16:27:57.563089+00:00,2026-04-26T16:27:57.373+00:00,,,
e1323158-f123-46d3-9742-e4eecbc436c6,dfcf3978-e149-42ff-90c3-5ee66fc11c77,7a5fd02b-2248-4492-bae9-2ab1670894bc,2026-04-27,unavailable,,,2026-04-26T16:27:57.563089+00:00,2026-04-26T16:27:57.373+00:00,,,
296a3cd0-e531-4462-9d84-3fbf5b51d01d,f0fe9b25-dd6c-40ca-b3a2-5ad353a1c66e,7a5fd02b-2248-4492-bae9-2ab1670894bc,2026-04-27,unavailable,,,2026-04-26T16:27:57.563089+00:00,2026-04-26T16:27:57.373+00:00,,,
efe51fa5-c858-4741-bd5a-4e01eb9702ef,e0ac9138-c667-4899-b1a7-25684d83684c,7a5fd02b-2248-4492-bae9-2ab1670894bc,2026-04-27,unavailable,,,2026-04-26T16:27:57.563089+00:00,2026-04-26T16:27:57.373+00:00,,,
f3f262c0-01fb-457f-8a21-e17efb707dae,aec9b1ec-e511-4850-bfc1-ca8d1f749687,7a5fd02b-2248-4492-bae9-2ab1670894bc,2026-04-27,unavailable,,,2026-04-26T16:27:57.563089+00:00,2026-04-26T16:27:57.373+00:00,,,
0fa8b8a6-d2e7-47f4-8e49-97953fdc3cc7,03ac3e2a-cd94-4a27-a5eb-b34640786fae,7a5fd02b-2248-4492-bae9-2ab1670894bc,2026-04-27,unavailable,,,2026-04-26T16:27:57.563089+00:00,2026-04-26T16:27:57.373+00:00,,,
490e468d-a016-423b-bbc3-4c32a037ccbe,bb300ba6-5a75-45b4-b42b-46a42914a3e7,7a5fd02b-2248-4492-bae9-2ab1670894bc,2026-04-27,unavailable,,,2026-04-26T16:27:57.563089+00:00,2026-04-26T16:27:57.373+00:00,,,
847b2aca-4560-4fe6-94c4-fd27df437379,86233651-f0cf-4660-9e65-f1bda5ed5e58,7a5fd02b-2248-4492-bae9-2ab1670894bc,2026-04-27,available,,,2026-04-26T16:27:57.563089+00:00,2026-04-26T16:27:57.373+00:00,,,
c8cad4b1-2494-428a-83e4-1c9b15025782,bf4ecc4d-e755-4605-8ac6-63d67ad62287,7a5fd02b-2248-4492-bae9-2ab1670894bc,2026-04-27,available,,,2026-04-26T16:27:57.563089+00:00,2026-04-26T16:27:57.373+00:00,,,
a73b57e4-46da-48d6-a58e-b6c16ad86e8f,13cd1ce2-5e86-451c-8f87-2b6f0842b010,7a5fd02b-2248-4492-bae9-2ab1670894bc,2026-04-27,unavailable,,,2026-04-26T16:27:57.563089+00:00,2026-04-26T16:27:57.373+00:00,,,
cc74bef4-c813-4b94-9ea9-2c2f1ecfd96a,f6df221f-4b0c-45c9-b354-4b58b1b21450,7a5fd02b-2248-4492-bae9-2ab1670894bc,2026-04-27,unavailable,,,2026-04-26T16:27:57.563089+00:00,2026-04-26T16:27:57.373+00:00,,,
e3e67ac8-2568-4312-b57c-d611cdcf67e1,0b7d02c5-cd25-487a-ae38-30cf2c3199bb,7a5fd02b-2248-4492-bae9-2ab1670894bc,2026-04-27,unavailable,,,2026-04-26T16:27:57.563089+00:00,2026-04-26T16:27:57.373+00:00,,,
a505c498-683b-40f7-9aed-bda5992bbe31,4f0ecc4f-9d09-4bab-9a9c-06ce5326a219,7a5fd02b-2248-4492-bae9-2ab1670894bc,2026-04-27,unavailable,,,2026-04-26T16:27:57.563089+00:00,2026-04-26T16:27:57.373+00:00,,,
08091a91-2849-45f5-b688-f316facf2580,9f442f9e-040a-4c4a-bdd3-810ccf0019c2,7a5fd02b-2248-4492-bae9-2ab1670894bc,2026-04-27,unavailable,,,2026-04-26T16:27:57.563089+00:00,2026-04-26T16:27:57.373+00:00,,,
2a89690a-be89-4405-a936-1aa719269266,e507c000-08c5-4d9e-8da4-975f0affa937,7a5fd02b-2248-4492-bae9-2ab1670894bc,2026-04-27,unavailable,,,2026-04-26T16:27:57.563089+00:00,2026-04-26T16:27:57.373+00:00,,,
afb200fb-473e-4f12-92a7-88f1c604669d,5920adcc-3687-45b2-a0ad-50b17f24faef,7a5fd02b-2248-4492-bae9-2ab1670894bc,2026-04-27,available,,,2026-04-26T16:27:57.563089+00:00,2026-04-26T16:27:57.373+00:00,,,
5e0efe94-3fd2-4539-aed2-c91e897f35ea,19508c8b-5f9f-4cda-bffa-d36ef4c07bc2,7a5fd02b-2248-4492-bae9-2ab1670894bc,2026-04-27,unavailable,,,2026-04-26T16:27:57.563089+00:00,2026-04-26T16:27:57.373+00:00,,,
40d33066-0e93-4dcc-a4bc-dbb456e2c8c4,3b390b60-bc5f-4a6c-8366-90501656ce20,7a5fd02b-2248-4492-bae9-2ab1670894bc,2026-04-27,unavailable,,,2026-04-26T16:27:57.563089+00:00,2026-04-26T16:27:57.373+00:00,,,
5c99e7d2-14be-4f6f-8b95-e9226438fc6d,1312210e-9cd8-4bac-96a8-11da91414ca2,7a5fd02b-2248-4492-bae9-2ab1670894bc,2026-04-27,unavailable,,,2026-04-26T16:27:57.563089+00:00,2026-04-26T16:27:57.373+00:00,,,
216e0d71-08f9-4cdb-b51e-c77cf9fea198,e3ec98c5-fd0d-4087-ae6f-8b84410a0199,7a5fd02b-2248-4492-bae9-2ab1670894bc,2026-04-27,unavailable,,,2026-04-26T16:27:57.563089+00:00,2026-04-26T16:27:57.373+00:00,,,
86318732-34bd-4587-b1ce-25048e011d9e,3d082f2c-37ab-422a-bcad-71da0369d206,7a5fd02b-2248-4492-bae9-2ab1670894bc,2026-04-27,unavailable,,,2026-04-26T16:27:57.563089+00:00,2026-04-26T16:27:57.373+00:00,,,
d2e6a550-f64e-46fb-8fc5-265a853778bf,e704a939-0821-4540-b342-fec5e79de79a,7a5fd02b-2248-4492-bae9-2ab1670894bc,2026-04-27,unavailable,,,2026-04-26T16:27:57.563089+00:00,2026-04-26T16:27:57.373+00:00,,,
49af1019-cd50-4063-82b2-273886b889d7,cd527a80-68b8-45c9-b657-a2bb8e48c3b3,7a5fd02b-2248-4492-bae9-2ab1670894bc,2026-04-27,unavailable,,,2026-04-26T16:27:57.563089+00:00,2026-04-26T16:27:57.373+00:00,,,
2251f576-8273-499a-a686-0d486573ebf5,bbf210fa-39a3-4ce0-9091-558f93309281,7a5fd02b-2248-4492-bae9-2ab1670894bc,2026-04-27,unavailable,,,2026-04-26T16:27:57.563089+00:00,2026-04-26T16:27:57.373+00:00,,,
099ad299-86e1-47d7-aa4c-af86ef4d6905,20c89eec-afeb-4600-8a4d-ad8deff1e6ff,7a5fd02b-2248-4492-bae9-2ab1670894bc,2026-04-27,unavailable,,,2026-04-26T16:27:57.563089+00:00,2026-04-26T16:27:57.373+00:00,,,
3dde7723-68a4-4734-9b41-150c49f36456,472aebdc-b540-4f92-b4ca-98d5d526f416,7a5fd02b-2248-4492-bae9-2ab1670894bc,2026-04-27,unavailable,,,2026-04-26T16:27:57.563089+00:00,2026-04-26T16:27:57.373+00:00,,,
d6462796-16c6-479f-868b-81dd7a8f4e40,bf1dac2d-8dd9-4c40-8b2c-7aa56ffd633d,7a5fd02b-2248-4492-bae9-2ab1670894bc,2026-04-27,unavailable,,,2026-04-26T16:27:57.563089+00:00,2026-04-26T16:27:57.373+00:00,,,
211c4828-fd89-49b7-9e9f-a40e572d4204,75aeb2f5-22fa-47df-95a2-21976cfb1df9,7a5fd02b-2248-4492-bae9-2ab1670894bc,2026-04-27,unavailable,,,2026-04-26T16:27:57.563089+00:00,2026-04-26T16:27:57.373+00:00,,,
e20482f4-b231-42cd-9ac5-f5adef770cf8,aba5c0fa-7f46-4f07-9ee2-f6e7bf39bc1d,7a5fd02b-2248-4492-bae9-2ab1670894bc,2026-04-27,unavailable,,,2026-04-26T16:27:57.563089+00:00,2026-04-26T16:27:57.373+00:00,,,
b752f075-8a3a-4708-a7ed-9868841cda2b,faa337de-416b-4c93-bc16-3b37c4f24049,7a5fd02b-2248-4492-bae9-2ab1670894bc,2026-04-27,unavailable,,,2026-04-26T16:27:57.563089+00:00,2026-04-26T16:27:57.373+00:00,,,
bf482cb4-51e6-49c7-97ee-9d9132b0b5d9,6b4c8cc4-4376-4ab6-9ee6-c624b72485a6,7a5fd02b-2248-4492-bae9-2ab1670894bc,2026-04-27,unavailable,,,2026-04-26T16:27:57.563089+00:00,2026-04-26T16:27:57.373+00:00,,,
62778c3c-9e66-4e73-99bc-072b7a79d24d,bfdd8bbb-5373-4e16-9c52-492471349f90,7a5fd02b-2248-4492-bae9-2ab1670894bc,2026-04-27,unavailable,,,2026-04-26T16:27:57.563089+00:00,2026-04-26T16:27:57.373+00:00,,,
b779b921-0c62-4e25-8f12-eb8a0056031c,ffa03313-d46c-46fc-a98c-fc495db887c8,7a5fd02b-2248-4492-bae9-2ab1670894bc,2026-04-27,unavailable,,,2026-04-26T16:27:57.563089+00:00,2026-04-26T16:27:57.373+00:00,,,
11eddaf4-6a81-4b73-8b48-157a791f5941,254f04b8-24d1-4501-82ab-3de9aa297e4a,7a5fd02b-2248-4492-bae9-2ab1670894bc,2026-04-27,unavailable,,,2026-04-26T16:27:57.563089+00:00,2026-04-26T16:27:57.373+00:00,,,
4a13da96-c39e-4c60-8736-e7e83f33fdd5,668f76c5-00fa-45e0-a391-ada8940fe179,7a5fd02b-2248-4492-bae9-2ab1670894bc,2026-04-27,unavailable,,,2026-04-26T16:27:57.563089+00:00,2026-04-26T16:27:57.373+00:00,,,
8a78854f-56e0-4594-9aec-957e1e687a74,cc36fcf7-866b-4539-8745-9f9cde9890bc,7a5fd02b-2248-4492-bae9-2ab1670894bc,2026-04-27,unavailable,,,2026-04-26T16:27:57.563089+00:00,2026-04-26T16:27:57.373+00:00,,,
a46d8f06-8f4c-4934-ac77-50ee093d7e6a,3748ead8-de3e-4936-a66d-9d0b2b545b70,7a5fd02b-2248-4492-bae9-2ab1670894bc,2026-04-27,unavailable,,,2026-04-26T16:27:57.563089+00:00,2026-04-26T16:27:57.373+00:00,,,
3a0b6ce4-f153-44a2-b957-1b0585b4e732,d738fe6a-8aae-4f9b-a997-d67179944468,7a5fd02b-2248-4492-bae9-2ab1670894bc,2026-04-27,unavailable,,,2026-04-26T16:27:57.563089+00:00,2026-04-26T16:27:57.373+00:00,,,
8276d85f-11c3-4926-bf5b-2d290ef33c5e,da3fa041-df6e-4d09-8877-2f105c12936c,7a5fd02b-2248-4492-bae9-2ab1670894bc,2026-04-27,unavailable,,,2026-04-26T16:27:57.563089+00:00,2026-04-26T16:27:57.373+00:00,,,
230817bb-0536-4c53-98fa-e7090be4a4a6,c2a76342-b6cd-4037-89e3-ebfa887bbb51,7a5fd02b-2248-4492-bae9-2ab1670894bc,2026-04-27,unavailable,,,2026-04-26T16:27:57.563089+00:00,2026-04-26T16:27:57.373+00:00,,,
1ae01190-cc06-4ccf-b94f-080ea5129ef4,9e04d666-3178-44da-a5ad-75ca73a39c2b,7a5fd02b-2248-4492-bae9-2ab1670894bc,2026-04-27,unavailable,,,2026-04-26T16:27:57.563089+00:00,2026-04-26T16:27:57.373+00:00,,,
f37aeea0-9977-4ab5-bee3-1537cb37a07a,9111d6fd-f6d3-4ade-9915-bbfde0232f4b,7a5fd02b-2248-4492-bae9-2ab1670894bc,2026-04-27,available,,,2026-04-26T16:27:57.563089+00:00,2026-04-26T16:27:57.373+00:00,,,
fbe63362-baf3-473e-b0bf-3dbbf90afb9c,b8e32f9a-56c0-4915-9d71-413234d11bff,7a5fd02b-2248-4492-bae9-2ab1670894bc,2026-04-27,unavailable,,,2026-04-26T16:27:57.563089+00:00,2026-04-26T16:27:57.373+00:00,,,
c586afa9-b7a2-4f82-820d-589384d7ef96,1319b9ad-0c60-4137-9117-9f6bcd77f1ac,7a5fd02b-2248-4492-bae9-2ab1670894bc,2026-04-27,unavailable,,,2026-04-26T16:27:57.563089+00:00,2026-04-26T16:27:57.373+00:00,,,
677ab392-1fb9-46af-9085-f03f9f66cd2f,c19c0355-5119-46a4-956d-310776ade079,7a5fd02b-2248-4492-bae9-2ab1670894bc,2026-04-27,unavailable,,,2026-04-26T16:27:57.563089+00:00,2026-04-26T16:27:57.373+00:00,,,
8a53efc6-b0fa-4111-a44f-002ca4ff15c9,fffc7b60-42d2-4f14-831e-1a4e4d71e26d,7a5fd02b-2248-4492-bae9-2ab1670894bc,2026-04-27,unavailable,,,2026-04-26T16:27:57.563089+00:00,2026-04-26T16:27:57.373+00:00,,,
59d806a1-8068-43ee-9459-a9811c6c87d9,5f1621cc-8a4c-4563-88bf-daffe78af0ff,7a5fd02b-2248-4492-bae9-2ab1670894bc,2026-04-27,unavailable,,,2026-04-26T16:27:57.563089+00:00,2026-04-26T16:27:57.373+00:00,,,
d0d4c98c-81f3-44ef-84e9-8fa8ae789ee7,148e5b83-9381-443e-9afd-b6991092c090,7a5fd02b-2248-4492-bae9-2ab1670894bc,2026-04-27,unavailable,,,2026-04-26T16:27:57.563089+00:00,2026-04-26T16:27:57.373+00:00,,,
395e8f9d-3a4b-4f84-8c8c-4054b698d290,b2d63f78-299d-4331-911f-a96c4941df55,7a5fd02b-2248-4492-bae9-2ab1670894bc,2026-04-27,unavailable,,,2026-04-26T16:27:57.563089+00:00,2026-04-26T16:27:57.373+00:00,,,
cb880535-82d1-451a-b90f-aae52913772c,06f3c06f-0fee-48b6-af1d-2f1e6d9ac65e,7a5fd02b-2248-4492-bae9-2ab1670894bc,2026-04-27,unavailable,,,2026-04-26T16:27:57.563089+00:00,2026-04-26T16:27:57.373+00:00,,,
e9b2927f-356c-445a-ba0e-02b646725ac2,25992891-0940-467e-8aa4-4a02bb64c2f8,7a5fd02b-2248-4492-bae9-2ab1670894bc,2026-04-27,unavailable,,,2026-04-26T16:27:57.563089+00:00,2026-04-26T16:27:57.373+00:00,,,
2cc94c24-9e66-4bcf-9fdc-3ae6fc54bc78,71b1d585-5919-4a6a-9676-9869a51fec0e,7a5fd02b-2248-4492-bae9-2ab1670894bc,2026-04-27,unavailable,,,2026-04-26T16:27:57.563089+00:00,2026-04-26T16:27:57.373+00:00,,,
9a8eb81c-4c3e-4db0-9bb2-ae48309d95f0,07facaef-e20c-417b-9419-6486f1ac9071,7a5fd02b-2248-4492-bae9-2ab1670894bc,2026-04-27,unavailable,,,2026-04-26T16:27:57.563089+00:00,2026-04-26T16:27:57.373+00:00,,,
16ea1a8d-e54b-4111-8335-5578db61a6e7,27133740-8739-4086-b026-370f41fedf92,7a5fd02b-2248-4492-bae9-2ab1670894bc,2026-04-27,available,,,2026-04-26T16:27:57.563089+00:00,2026-04-26T16:27:57.373+00:00,,,
a6007032-4c1f-4af7-aca2-034117b52330,60ee9721-045f-41c3-91e8-d4c34e5d7175,7a5fd02b-2248-4492-bae9-2ab1670894bc,2026-04-27,unavailable,,,2026-04-26T16:27:57.563089+00:00,2026-04-26T16:27:57.373+00:00,,,
f8a57437-f54b-4b61-8117-6ea62c082d5c,2d181b74-593a-452f-8b74-3505e6766893,7a5fd02b-2248-4492-bae9-2ab1670894bc,2026-04-27,unavailable,,,2026-04-26T16:27:57.563089+00:00,2026-04-26T16:27:57.373+00:00,,,
e1ac0115-9e1e-4159-befd-aac5b32a140d,b026bfc6-eef8-4751-abbe-82fd7c107473,7a5fd02b-2248-4492-bae9-2ab1670894bc,2026-04-27,unavailable,,,2026-04-26T16:27:57.563089+00:00,2026-04-26T16:27:57.373+00:00,,,
e7d5c4b6-0d01-4732-a9f2-187ebfef1651,f466852a-ef7b-4013-ac24-d40b4c4cf55b,7a5fd02b-2248-4492-bae9-2ab1670894bc,2026-04-27,unavailable,,,2026-04-26T16:27:57.563089+00:00,2026-04-26T16:27:57.373+00:00,,,
a665a601-a530-45f9-bfe1-7cf0c65f6852,7f6dd06a-83e0-4750-b802-b1f90cefa97f,7a5fd02b-2248-4492-bae9-2ab1670894bc,2026-04-27,unavailable,,,2026-04-26T16:27:57.563089+00:00,2026-04-26T16:27:57.373+00:00,,,
28e8c87d-c64f-4544-8e81-3bcfee5196cd,ad7462a1-5295-4da0-81b8-fad9eb82b0e0,7a5fd02b-2248-4492-bae9-2ab1670894bc,2026-04-27,unavailable,,,2026-04-26T16:27:57.563089+00:00,2026-04-26T16:27:57.373+00:00,,,
c2ec7569-96d5-438a-8cbe-c52e894b8740,e2ab0523-b78f-41b9-a50b-d55445e1c544,7a5fd02b-2248-4492-bae9-2ab1670894bc,2026-04-27,unavailable,,,2026-04-26T16:27:57.563089+00:00,2026-04-26T16:27:57.373+00:00,,,
342d9e62-ee42-4eb5-98a6-eb91e913944d,05f66656-45df-4cb0-bf70-229ad1938df6,7a5fd02b-2248-4492-bae9-2ab1670894bc,2026-04-27,unavailable,,,2026-04-26T16:27:57.563089+00:00,2026-04-26T16:27:57.373+00:00,,,
20db2a7e-d4f5-4f94-833e-7aec2ef8fd97,ae35edf7-0f5f-42cb-b1da-7ab6b187d19d,7a5fd02b-2248-4492-bae9-2ab1670894bc,2026-04-27,unavailable,,,2026-04-26T16:27:57.563089+00:00,2026-04-26T16:27:57.373+00:00,,,
1edfeb50-6235-4c80-8c5e-1bb141865d52,c1a8700d-9fe7-4842-97e2-84acd9d975b3,7a5fd02b-2248-4492-bae9-2ab1670894bc,2026-04-27,unavailable,,,2026-04-26T16:27:57.563089+00:00,2026-04-26T16:27:57.373+00:00,,,
54d80402-00f6-47df-97ea-430c35fc3ead,d2d10fe8-69a3-4554-89d2-dedf9ea06203,7a5fd02b-2248-4492-bae9-2ab1670894bc,2026-04-27,unavailable,,,2026-04-26T16:27:57.563089+00:00,2026-04-26T16:27:57.373+00:00,,,
e5f7e73c-9247-47ec-a092-981a03be5518,c57fbfb5-1ed2-4e98-9b48-c9b6b97c44bd,7a5fd02b-2248-4492-bae9-2ab1670894bc,2026-04-27,unavailable,,,2026-04-26T16:27:57.563089+00:00,2026-04-26T16:27:57.373+00:00,,,
70574898-bf91-4ebb-a906-583e8d746218,1c0ec68f-ce08-4e5e-b4ed-3ce89f333f42,7a5fd02b-2248-4492-bae9-2ab1670894bc,2026-04-27,unavailable,,,2026-04-26T16:27:57.563089+00:00,2026-04-26T16:27:57.373+00:00,,,
07c3e391-1099-4506-b89c-5b5e41092914,d08761e2-5788-4a05-b0c0-5cb25f8a6403,7a5fd02b-2248-4492-bae9-2ab1670894bc,2026-04-27,unavailable,,,2026-04-26T16:27:57.563089+00:00,2026-04-26T16:27:57.373+00:00,,,
6d8c9632-9630-4060-a491-12177006f937,4f4e920c-2cf6-4d2e-bd9b-e81927d9a495,7a5fd02b-2248-4492-bae9-2ab1670894bc,2026-04-27,unavailable,,,2026-04-26T16:27:57.563089+00:00,2026-04-26T16:27:57.373+00:00,,,
c34bbea8-d3d1-4aab-afe1-9796d034672a,834fd3ad-e3e0-411e-92e5-79b1e68a34d9,7a5fd02b-2248-4492-bae9-2ab1670894bc,2026-04-27,unavailable,,,2026-04-26T16:27:57.563089+00:00,2026-04-26T16:27:57.373+00:00,,,
eed0bf0d-7615-4ebd-ba5a-e78aa9290955,fe837eeb-c43f-4324-9484-e363c26f5829,7a5fd02b-2248-4492-bae9-2ab1670894bc,2026-04-27,unavailable,,,2026-04-26T16:27:57.563089+00:00,2026-04-26T16:27:57.373+00:00,,,
dee3ee8a-37a6-4d6f-90c6-fbe4e33063a1,5e50859d-1508-4fb1-84a9-adeef4b333ff,7a5fd02b-2248-4492-bae9-2ab1670894bc,2026-04-27,unavailable,,,2026-04-26T16:27:57.563089+00:00,2026-04-26T16:27:57.373+00:00,,,
3896fc53-33d6-4a1d-b235-2e90eb252486,cb8885fa-21df-4a06-9dcc-911e9c6c474d,7a5fd02b-2248-4492-bae9-2ab1670894bc,2026-04-27,unavailable,,,2026-04-26T16:27:57.563089+00:00,2026-04-26T16:27:57.373+00:00,,,
bbbff68f-c994-4867-98af-a419f804ecda,90df21cf-925e-4fb0-85eb-9ee42c1a1449,7a5fd02b-2248-4492-bae9-2ab1670894bc,2026-04-27,unavailable,,,2026-04-26T16:27:57.563089+00:00,2026-04-26T16:27:57.373+00:00,,,
fc191964-e9d5-4077-8247-08b66b3d6601,09dd43ee-5456-4692-9016-433d77d3b6cb,7a5fd02b-2248-4492-bae9-2ab1670894bc,2026-04-27,unavailable,,,2026-04-26T16:27:57.563089+00:00,2026-04-26T16:27:57.373+00:00,,,
49fe5364-d2ef-4841-bab1-ec2a8be38c5f,e617222f-90ba-4246-b04a-f3c5e9fe0529,7a5fd02b-2248-4492-bae9-2ab1670894bc,2026-04-27,unavailable,,,2026-04-26T16:27:57.563089+00:00,2026-04-26T16:27:57.373+00:00,,,
b108db1d-4dcf-4e16-a217-eee5cbaa4e27,c34f7e2a-f610-4e56-847b-495bf4739360,7a5fd02b-2248-4492-bae9-2ab1670894bc,2026-04-27,unavailable,,,2026-04-26T16:27:57.563089+00:00,2026-04-26T16:27:57.373+00:00,,,
0919bb50-b7e8-41cd-9568-5b0d8a580481,07a79088-9fa0-477d-b4e2-42c943951872,7a5fd02b-2248-4492-bae9-2ab1670894bc,2026-04-27,unavailable,,,2026-04-26T16:27:57.563089+00:00,2026-04-26T16:27:57.373+00:00,,,
9dcc1fcb-5d7b-45f7-b363-280348530efe,f95b7a6f-37f8-4de1-9fdc-7ac2ef7d7af4,7a5fd02b-2248-4492-bae9-2ab1670894bc,2026-04-27,unavailable,,,2026-04-26T16:27:57.563089+00:00,2026-04-26T16:27:57.373+00:00,,,
5af63765-ac88-45d5-9c46-5ac99d2ad448,4e67157b-7aca-400e-b55c-0bc10087721c,7a5fd02b-2248-4492-bae9-2ab1670894bc,2026-04-27,unavailable,,,2026-04-26T16:27:57.563089+00:00,2026-04-26T16:27:57.373+00:00,,,
b1646628-87fa-423e-95dc-92e8c0326990,4261d2fb-71d3-4a3f-a3a2-ae6a3306afd6,7a5fd02b-2248-4492-bae9-2ab1670894bc,2026-04-27,unavailable,,,2026-04-26T16:27:57.563089+00:00,2026-04-26T16:27:57.373+00:00,,,
758efdd7-d054-42eb-9f36-47e63d88ce44,cce17ece-976b-4312-8212-c63feb877194,7a5fd02b-2248-4492-bae9-2ab1670894bc,2026-04-27,unavailable,,,2026-04-26T16:27:57.563089+00:00,2026-04-26T16:27:57.373+00:00,,,
09f886bc-b64c-4216-809d-884b37bedfe1,7fd3cd92-6b83-4888-b0b5-3474f3e21904,7a5fd02b-2248-4492-bae9-2ab1670894bc,2026-04-27,unavailable,,,2026-04-26T16:27:57.563089+00:00,2026-04-26T16:27:57.373+00:00,,,
e1c1b220-bf47-4f03-9196-c75f69e5b367,5141ea5f-0740-4a1c-a517-c21f73bd6986,7a5fd02b-2248-4492-bae9-2ab1670894bc,2026-04-27,unavailable,,,2026-04-26T16:27:57.563089+00:00,2026-04-26T16:27:57.373+00:00,,,
62439cb8-a080-4360-ab89-1e79dd43b873,8db30369-f76c-4629-a6d6-a2a50959835a,7a5fd02b-2248-4492-bae9-2ab1670894bc,2026-04-27,unavailable,,,2026-04-26T16:27:57.563089+00:00,2026-04-26T16:27:57.373+00:00,,,
e7591d27-2181-470a-8b84-fdb29f32dd0f,e24c0340-b8f8-40e6-8346-fedd8d255826,7a5fd02b-2248-4492-bae9-2ab1670894bc,2026-04-27,unavailable,,,2026-04-26T16:27:57.563089+00:00,2026-04-26T16:27:57.373+00:00,,,
d530b1d8-5bd5-4b6d-8c53-65b01f843374,b9b71f11-fb3e-4476-8b78-7404bdae5973,7a5fd02b-2248-4492-bae9-2ab1670894bc,2026-04-27,unavailable,,,2026-04-26T16:27:57.563089+00:00,2026-04-26T16:27:57.373+00:00,,,
fb560fa1-d97f-435d-b7c6-0a722e511e3c,269969e8-9b32-48b2-ad34-e9eb10892aa0,7a5fd02b-2248-4492-bae9-2ab1670894bc,2026-04-27,unavailable,,,2026-04-26T16:27:57.563089+00:00,2026-04-26T16:27:57.373+00:00,,,
cf971b4c-faa5-418b-bdc5-7c648abc9e70,05bf9d69-e5d2-48cb-9592-6325e9b0cb39,7a5fd02b-2248-4492-bae9-2ab1670894bc,2026-04-27,unavailable,,,2026-04-26T16:27:57.563089+00:00,2026-04-26T16:27:57.373+00:00,,,
80b2241d-856c-42bc-b11d-4467d40cd677,932a215a-a3c9-4327-8839-53e7802676c2,7a5fd02b-2248-4492-bae9-2ab1670894bc,2026-04-27,unavailable,,,2026-04-26T16:27:57.563089+00:00,2026-04-26T16:27:57.373+00:00,,,
2cb3a251-8fbb-462b-8302-55da92aada06,11be587c-f07a-4b41-94bc-757516dda887,7a5fd02b-2248-4492-bae9-2ab1670894bc,2026-04-27,unavailable,,,2026-04-26T16:27:57.563089+00:00,2026-04-26T16:27:57.373+00:00,,,
96e4980f-71f7-4bbb-bb94-2a29af5ccb42,8ee929fd-00ee-4ed8-9cc5-1bac874eb3d3,7a5fd02b-2248-4492-bae9-2ab1670894bc,2026-04-27,unavailable,,,2026-04-26T16:27:57.563089+00:00,2026-04-26T16:27:57.373+00:00,,,
95710520-8131-4fe0-97d6-e658950d65b0,3c8b8fbc-4f9e-4953-a4bd-37799b337807,7a5fd02b-2248-4492-bae9-2ab1670894bc,2026-04-27,unavailable,,,2026-04-26T16:27:57.563089+00:00,2026-04-26T16:27:57.373+00:00,,,
48cec0b1-a7a1-43d4-8f4e-9172999d2c55,28a2c4c0-22bf-4592-a7e7-88fd299fd33c,7a5fd02b-2248-4492-bae9-2ab1670894bc,2026-04-27,unavailable,,,2026-04-26T16:27:57.563089+00:00,2026-04-26T16:27:57.373+00:00,,,
9c07f587-ce1b-45cb-ba09-15ceecfaab39,a65f4504-ba08-4da1-82ee-339201545673,7a5fd02b-2248-4492-bae9-2ab1670894bc,2026-04-27,unavailable,,,2026-04-26T16:27:57.563089+00:00,2026-04-26T16:27:57.373+00:00,,,
26c1b33d-e696-400b-b226-d3167ba54257,3827a1e9-8eb7-4bcc-8fe4-a96d02378b92,7a5fd02b-2248-4492-bae9-2ab1670894bc,2026-04-27,unavailable,,,2026-04-26T16:27:57.563089+00:00,2026-04-26T16:27:57.373+00:00,,,
6bf7ee7c-7906-4f2c-9a03-9a8b70a85b44,7ccef569-6034-454f-bc79-4368995ec492,7a5fd02b-2248-4492-bae9-2ab1670894bc,2026-04-27,unavailable,,,2026-04-26T16:27:57.563089+00:00,2026-04-26T16:27:57.373+00:00,,,
3d409276-59d5-468f-bb09-3c2d5715e47a,bc40e179-aea5-4151-92b0-fe927c84fba3,7a5fd02b-2248-4492-bae9-2ab1670894bc,2026-04-27,unavailable,,,2026-04-26T16:27:57.563089+00:00,2026-04-26T16:27:57.373+00:00,,,
27ee400c-80bf-4994-b8e4-f3d51a682d51,f78aa6c9-4936-4695-8e1f-26ab48dbab93,7a5fd02b-2248-4492-bae9-2ab1670894bc,2026-04-27,unavailable,,,2026-04-26T16:27:57.563089+00:00,2026-04-26T16:27:57.373+00:00,,,
d7c28c1e-539f-49a6-9ade-fbf78bb27398,96989aa8-bb4c-456d-8bb4-605939db7a97,7a5fd02b-2248-4492-bae9-2ab1670894bc,2026-04-27,unavailable,,,2026-04-26T16:27:57.563089+00:00,2026-04-26T16:27:57.373+00:00,,,
148eb7b3-875c-4afb-bfb6-394ac238a259,99c52faa-b4fb-4403-a8c5-4880bc5d3691,7a5fd02b-2248-4492-bae9-2ab1670894bc,2026-04-27,unavailable,,,2026-04-26T16:27:57.563089+00:00,2026-04-26T16:27:57.373+00:00,,,
df71111b-243e-4e00-a820-cbbf58292d4c,6e9d3e1b-8ead-4256-9d06-c0324b42f5ab,7a5fd02b-2248-4492-bae9-2ab1670894bc,2026-04-27,unavailable,,,2026-04-26T16:27:57.563089+00:00,2026-04-26T16:27:57.373+00:00,,,
07d4e0bd-8f8b-46b7-ac6a-0a8d06614507,d4827392-69e6-4ecd-838d-fc9e8ce847cf,7a5fd02b-2248-4492-bae9-2ab1670894bc,2026-04-27,unavailable,,,2026-04-26T16:27:57.563089+00:00,2026-04-26T16:27:57.373+00:00,,,
bc57ef65-0953-4129-8d9b-12e1ca40082e,38fcc94f-ba33-46f6-a1bb-3204823e9cb8,7a5fd02b-2248-4492-bae9-2ab1670894bc,2026-04-27,unavailable,,,2026-04-26T16:27:57.563089+00:00,2026-04-26T16:27:57.373+00:00,,,
4efb6f06-eefb-48fc-9a67-e8f5fc5d5151,04cc3ab8-f1fa-4e6c-a4aa-9a4d53f1dc53,7a5fd02b-2248-4492-bae9-2ab1670894bc,2026-04-27,unavailable,,,2026-04-26T16:27:57.563089+00:00,2026-04-26T16:27:57.373+00:00,,,
8b871f23-35f9-418c-b88c-cafa32d468c7,56f75098-ef8d-4fde-86e8-fbfa21bd8964,7a5fd02b-2248-4492-bae9-2ab1670894bc,2026-04-27,unavailable,,,2026-04-26T16:27:57.563089+00:00,2026-04-26T16:27:57.373+00:00,,,
614f5fbe-dba4-4b87-ae03-72069a7b25ba,b0c6ac67-3d61-415c-8d9a-8683b6ea618d,7a5fd02b-2248-4492-bae9-2ab1670894bc,2026-04-27,unavailable,,,2026-04-26T16:27:57.563089+00:00,2026-04-26T16:27:57.373+00:00,,,
0977ea19-2c75-4b75-90b2-07757f71e1f9,1112445f-aba5-4629-b399-08d2c0baf4f8,7a5fd02b-2248-4492-bae9-2ab1670894bc,2026-04-27,unavailable,,,2026-04-26T16:27:57.563089+00:00,2026-04-26T16:27:57.373+00:00,,,
6d03d3c5-248b-451f-91ea-e167646578c4,9b9060f3-6432-46c9-a091-a3d8e9560bb2,7a5fd02b-2248-4492-bae9-2ab1670894bc,2026-04-27,unavailable,,,2026-04-26T16:27:57.563089+00:00,2026-04-26T16:27:57.373+00:00,,,
28e099c9-7364-478e-94d5-acded2ad309f,af7f71ef-2b78-4595-ac2c-0a38c88a3ec9,7a5fd02b-2248-4492-bae9-2ab1670894bc,2026-04-27,unavailable,,,2026-04-26T16:27:57.563089+00:00,2026-04-26T16:27:57.373+00:00,,,
becde206-9501-473b-8067-6f6b5711d03f,264f35ff-4ff6-4417-91d3-f5d170297d71,7a5fd02b-2248-4492-bae9-2ab1670894bc,2026-04-27,unavailable,,,2026-04-26T16:27:57.563089+00:00,2026-04-26T16:27:57.373+00:00,,,
ca61054b-9e6f-4a92-ae3e-922c106e2101,3b3371ba-d791-4f27-acd1-c9be0931ac67,7a5fd02b-2248-4492-bae9-2ab1670894bc,2026-04-27,unavailable,,,2026-04-26T16:27:57.563089+00:00,2026-04-26T16:27:57.373+00:00,,,
1ae29232-e27d-49c2-abbb-e8e1315fcf91,6a8c2c77-2947-4263-b6a0-3ad7a26dd66c,7a5fd02b-2248-4492-bae9-2ab1670894bc,2026-04-27,unavailable,,,2026-04-26T16:27:57.563089+00:00,2026-04-26T16:27:57.373+00:00,,,
3abc0784-bcdd-4ff4-a77b-776caa461f8f,d45982d6-a597-419b-8f2e-7321660ab99a,7a5fd02b-2248-4492-bae9-2ab1670894bc,2026-04-27,unavailable,,,2026-04-26T16:27:57.563089+00:00,2026-04-26T16:27:57.373+00:00,,,
b77a542d-7752-4b97-9267-7870b382c9e2,e662ef45-6aed-4a2e-ab16-cead317ac5b0,7a5fd02b-2248-4492-bae9-2ab1670894bc,2026-04-27,unavailable,,,2026-04-26T16:27:57.563089+00:00,2026-04-26T16:27:57.373+00:00,,,
da94f668-6af5-46cf-9469-6120e63efbde,79baadf2-9252-4ed8-bc44-5f183e823ed6,7a5fd02b-2248-4492-bae9-2ab1670894bc,2026-04-27,unavailable,,,2026-04-26T16:27:57.563089+00:00,2026-04-26T16:27:57.373+00:00,,,
c159877b-520a-4865-b163-1608b186f6de,7761e060-b17e-4cdf-811a-ddb5846d266e,7a5fd02b-2248-4492-bae9-2ab1670894bc,2026-04-27,unavailable,,,2026-04-26T16:27:57.563089+00:00,2026-04-26T16:27:57.373+00:00,,,
7e1dd078-63f7-4061-a375-021a2815ef8b,0b56583d-f70a-49bd-a226-d86b7983ad6c,7a5fd02b-2248-4492-bae9-2ab1670894bc,2026-04-27,unavailable,,,2026-04-26T16:27:57.563089+00:00,2026-04-26T16:27:57.373+00:00,,,
fbc40342-4904-4b5a-a719-72a107220d52,1e6a3cbe-88f7-4cf8-b0d8-b5c6d24cc7b5,7a5fd02b-2248-4492-bae9-2ab1670894bc,2026-04-27,unavailable,,,2026-04-26T16:27:57.563089+00:00,2026-04-26T16:27:57.373+00:00,,,
bb8e8d82-9eda-4ad1-9db1-28213e7ba42c,fea7d0a4-a2d7-4f78-8c00-7a0890303058,7a5fd02b-2248-4492-bae9-2ab1670894bc,2026-04-27,unavailable,,,2026-04-26T16:27:57.563089+00:00,2026-04-26T16:27:57.373+00:00,,,
239fb9f7-5cc4-4c51-9346-b415df03d8af,c3573a8c-ee80-4e96-90b2-faedf186756a,7a5fd02b-2248-4492-bae9-2ab1670894bc,2026-04-27,unavailable,,,2026-04-26T16:27:57.563089+00:00,2026-04-26T16:27:57.373+00:00,,,
0068e79a-ba8f-456e-b8bf-578e0138089b,324152b2-0646-40d1-be88-877c753f6ef2,7a5fd02b-2248-4492-bae9-2ab1670894bc,2026-04-27,unavailable,,,2026-04-26T16:27:57.563089+00:00,2026-04-26T16:27:57.373+00:00,,,
652eaddd-1e47-40cf-89ea-3b4bccb19363,7c8d4998-c5bb-4845-a3e4-444d47ebc795,7a5fd02b-2248-4492-bae9-2ab1670894bc,2026-04-27,unavailable,,,2026-04-26T16:27:57.563089+00:00,2026-04-26T16:27:57.373+00:00,,,
4a3deb20-3fae-4869-8d09-c7c3909b3e93,3ddd0c43-44b1-49d6-92f3-047dbc5407c2,7a5fd02b-2248-4492-bae9-2ab1670894bc,2026-04-27,unavailable,,,2026-04-26T16:27:57.563089+00:00,2026-04-26T16:27:57.373+00:00,,,
89f03a47-e8f9-40f3-8992-806f6df3f58c,dfd11754-81a7-4667-9c5e-f72a6f06c6a1,7a5fd02b-2248-4492-bae9-2ab1670894bc,2026-04-27,unavailable,,,2026-04-26T16:27:57.563089+00:00,2026-04-26T16:27:57.373+00:00,,,
fa526bb3-2dec-490b-b469-1bc9e43eaad8,76a7e596-d654-4fa0-b7ab-4d60ee3da1cb,7a5fd02b-2248-4492-bae9-2ab1670894bc,2026-04-27,unavailable,,,2026-04-26T16:27:57.563089+00:00,2026-04-26T16:27:57.373+00:00,,,
61f975cc-cb13-4d36-aabd-e5add3e17a2b,38af6777-f227-4692-8704-1fe94901ac9f,7a5fd02b-2248-4492-bae9-2ab1670894bc,2026-04-27,unavailable,,,2026-04-26T16:27:57.563089+00:00,2026-04-26T16:27:57.373+00:00,,,
4d52b36a-6fbc-4848-8c2d-873b85c830e9,258b9b82-338f-4fef-a2ec-fd339af13b9a,7a5fd02b-2248-4492-bae9-2ab1670894bc,2026-04-27,unavailable,,,2026-04-26T16:27:57.563089+00:00,2026-04-26T16:27:57.373+00:00,,,
f31b2bfd-396c-4672-b3ec-3cd14e136358,2eaadb66-8823-4457-a67a-eaed6282bc1f,7a5fd02b-2248-4492-bae9-2ab1670894bc,2026-04-27,unavailable,,,2026-04-26T16:27:57.563089+00:00,2026-04-26T16:27:57.373+00:00,,,
b7300c9e-1d4e-4031-9fa4-24d2b445633d,ad048662-fccc-44a6-b61e-5b92abe57761,7a5fd02b-2248-4492-bae9-2ab1670894bc,2026-04-27,unavailable,,,2026-04-26T16:27:57.563089+00:00,2026-04-26T16:27:57.373+00:00,,,
bb524015-bf2a-4c95-9c63-3cbb0514643d,1a420063-ba38-4d7b-9dad-82b18a3fb04e,7a5fd02b-2248-4492-bae9-2ab1670894bc,2026-04-27,unavailable,,,2026-04-26T16:27:57.563089+00:00,2026-04-26T16:27:57.373+00:00,,,
97f5edbd-f553-4b9c-83c6-f6f2d5189c5d,5ccbb607-f815-4a7f-b90c-feddcc6be27e,7a5fd02b-2248-4492-bae9-2ab1670894bc,2026-04-27,unavailable,,,2026-04-26T16:27:57.563089+00:00,2026-04-26T16:27:57.373+00:00,,,
83b5c0bb-4fb2-4c27-8faa-61c8f7ca3497,4e61147f-1e4a-4c78-9aad-365a3a25406b,7a5fd02b-2248-4492-bae9-2ab1670894bc,2026-04-27,unavailable,,,2026-04-26T16:27:57.563089+00:00,2026-04-26T16:27:57.373+00:00,,,
debb0d8e-dbf5-4483-bc89-b26cc95c7d64,de69bc0d-febf-4b24-8450-eb1dd74bd7d8,7a5fd02b-2248-4492-bae9-2ab1670894bc,2026-04-27,unavailable,,,2026-04-26T16:27:57.563089+00:00,2026-04-26T16:27:57.373+00:00,,,
a3f3f762-9fc7-4dd9-bb80-d4a363533ecf,511d5694-6147-4322-960a-eb6e5cd1e291,7a5fd02b-2248-4492-bae9-2ab1670894bc,2026-04-27,unavailable,,,2026-04-26T16:27:57.563089+00:00,2026-04-26T16:27:57.373+00:00,,,
a7a44212-5ba5-46a1-85d6-5644cc81004d,ffbc1a44-8403-4ff8-98d1-fa7a17336156,7a5fd02b-2248-4492-bae9-2ab1670894bc,2026-04-27,unavailable,,,2026-04-26T16:27:57.563089+00:00,2026-04-26T16:27:57.373+00:00,,,
d1f4fb68-dfea-4c55-b77b-0d199c4c092c,cbdadcf6-1004-4020-87e2-c3b5be4fd2dd,7a5fd02b-2248-4492-bae9-2ab1670894bc,2026-04-27,unavailable,,,2026-04-26T16:27:57.563089+00:00,2026-04-26T16:27:57.373+00:00,,,
2d406b2c-6fc7-47e1-bfa7-71194614a80b,69606083-2432-4ab8-9738-516864868879,7a5fd02b-2248-4492-bae9-2ab1670894bc,2026-04-27,unavailable,,,2026-04-26T16:27:57.563089+00:00,2026-04-26T16:27:57.373+00:00,,,
ad87eba7-cb9d-4d2b-9c29-7236c2c45c0b,00bbde0b-08ee-4abd-8ede-4072e5a9b7ef,7a5fd02b-2248-4492-bae9-2ab1670894bc,2026-04-27,unavailable,,,2026-04-26T16:27:57.563089+00:00,2026-04-26T16:27:57.373+00:00,,,
29aea553-0778-4b90-b296-d2c0eed6de4d,cd22ecb1-9eea-4ce8-ac14-289d2e8f5e9c,7a5fd02b-2248-4492-bae9-2ab1670894bc,2026-04-27,unavailable,,,2026-04-26T16:27:57.563089+00:00,2026-04-26T16:27:57.373+00:00,,,
707b8292-16c1-49b9-a940-3393af151fd5,2f04860a-b177-4a1c-8af1-08b2ac1ad567,7a5fd02b-2248-4492-bae9-2ab1670894bc,2026-04-27,unavailable,,,2026-04-26T16:27:57.563089+00:00,2026-04-26T16:27:57.373+00:00,,,
06ec8c9c-ee80-4ab0-a980-dae49247eb5f,cbf76c50-2ebd-4fee-a8a3-0eab9d8366ee,7a5fd02b-2248-4492-bae9-2ab1670894bc,2026-04-27,unavailable,,,2026-04-26T16:27:57.563089+00:00,2026-04-26T16:27:57.373+00:00,,,
b7727427-5419-4f9d-a6f5-ae0a6d7a26ac,1029d612-5e08-4acb-a939-a54b768987fd,7a5fd02b-2248-4492-bae9-2ab1670894bc,2026-04-27,unavailable,,,2026-04-26T16:27:57.563089+00:00,2026-04-26T16:27:57.373+00:00,,,
adca61e3-c3e4-4520-abf7-5bbfc8f1979e,cb2f08e7-057b-4cb0-a9f0-b041a5b2e8dc,7a5fd02b-2248-4492-bae9-2ab1670894bc,2026-04-27,unavailable,,,2026-04-26T16:27:57.563089+00:00,2026-04-26T16:27:57.373+00:00,,,
63799b53-631e-4d7e-8de4-2894343f33fc,d00c8ebc-9fbe-4581-9e90-068368dde389,7a5fd02b-2248-4492-bae9-2ab1670894bc,2026-04-27,unavailable,,,2026-04-26T16:27:57.563089+00:00,2026-04-26T16:27:57.373+00:00,,,
f1421786-91fc-4891-9486-923b53f8aabd,df88a062-1568-4a88-ac22-499b4effa2db,7a5fd02b-2248-4492-bae9-2ab1670894bc,2026-04-27,unavailable,,,2026-04-26T16:27:57.563089+00:00,2026-04-26T16:27:57.373+00:00,,,
a78907fc-55d9-4812-980d-9556820882b7,8fe53475-a2ce-4dd6-802b-19151fab1430,7a5fd02b-2248-4492-bae9-2ab1670894bc,2026-04-27,unavailable,,,2026-04-26T16:27:57.563089+00:00,2026-04-26T16:27:57.373+00:00,,,
8cb733dc-8b6e-4eaf-8e06-89a94050e438,f43cda55-dd93-4947-ae92-1129a86c1d82,7a5fd02b-2248-4492-bae9-2ab1670894bc,2026-04-27,unavailable,,,2026-04-26T16:27:57.563089+00:00,2026-04-26T16:27:57.373+00:00,,,
78a4eb84-7f7a-4c1a-b0b2-f123a1b6506e,d7c99f48-1aa3-45ea-a247-2d7262cc3929,7a5fd02b-2248-4492-bae9-2ab1670894bc,2026-04-27,unavailable,,,2026-04-26T16:27:57.563089+00:00,2026-04-26T16:27:57.373+00:00,,,
272e9d40-55bf-4096-8862-6a89bd7c0d53,0c7cb9cf-e1ea-4476-ae2c-972475824bcb,7a5fd02b-2248-4492-bae9-2ab1670894bc,2026-04-27,unavailable,,,2026-04-26T16:27:57.563089+00:00,2026-04-26T16:27:57.373+00:00,,,
97914aad-6ec9-4c9e-8648-881b8501c2c8,3a6f4115-4ec8-4772-abf6-144d0e48214b,7a5fd02b-2248-4492-bae9-2ab1670894bc,2026-04-27,unavailable,,,2026-04-26T16:27:57.563089+00:00,2026-04-26T16:27:57.373+00:00,,,
33794be8-9925-43f7-9cad-c6724811d212,de38634a-5fba-4125-835d-f248ee29f830,7a5fd02b-2248-4492-bae9-2ab1670894bc,2026-04-27,unavailable,,,2026-04-26T16:27:57.563089+00:00,2026-04-26T16:27:57.373+00:00,,,
048025a1-40a3-4de0-8adf-ac4bf4eab85a,947e461d-8872-41ee-b7de-9b7ecce25287,7a5fd02b-2248-4492-bae9-2ab1670894bc,2026-04-27,unavailable,,,2026-04-26T16:27:57.563089+00:00,2026-04-26T16:27:57.373+00:00,,,
e7e125f0-1579-4f68-9e01-5864280e144e,c314664e-d9e7-4d46-aa69-64a1ca26f59b,7a5fd02b-2248-4492-bae9-2ab1670894bc,2026-04-27,unavailable,,,2026-04-26T16:27:57.563089+00:00,2026-04-26T16:27:57.373+00:00,,,
1e2d06bc-b1f6-459a-986b-1638457c1a43,86f5e406-a161-4e7a-b8e6-f0db8a178694,7a5fd02b-2248-4492-bae9-2ab1670894bc,2026-04-27,unavailable,,,2026-04-26T16:27:57.563089+00:00,2026-04-26T16:27:57.373+00:00,,,
0b7f6975-362a-45ba-8f80-82e6aa0dc8fa,abbb81a1-4121-4a72-b684-74c6430b7051,7a5fd02b-2248-4492-bae9-2ab1670894bc,2026-04-27,unavailable,,,2026-04-26T16:27:57.563089+00:00,2026-04-26T16:27:57.373+00:00,,,
1a16a046-b8cb-4c8c-9ef0-0eb78ea55abd,da0edabf-c611-4f36-ab53-1fd0188e5464,7a5fd02b-2248-4492-bae9-2ab1670894bc,2026-04-27,unavailable,,,2026-04-26T16:27:57.563089+00:00,2026-04-26T16:27:57.373+00:00,,,
611e5aba-1504-4fa9-9856-d8eb25f8e13c,a8bb4cea-3aad-45ff-96c4-a5af02335e12,7a5fd02b-2248-4492-bae9-2ab1670894bc,2026-04-27,unavailable,,,2026-04-26T16:27:57.563089+00:00,2026-04-26T16:27:57.373+00:00,,,
129482ac-38f2-4dab-8dc6-901b7645b246,4e6a0de1-43b6-4120-a6cd-ef1457e85a6e,7a5fd02b-2248-4492-bae9-2ab1670894bc,2026-04-27,unavailable,,,2026-04-26T16:27:57.563089+00:00,2026-04-26T16:27:57.373+00:00,,,
8958508e-d964-45fb-bacc-21e2dc153652,76881990-2ec7-40b9-8ea1-579a5e1192ad,7a5fd02b-2248-4492-bae9-2ab1670894bc,2026-04-27,unavailable,,,2026-04-26T16:27:57.563089+00:00,2026-04-26T16:27:57.373+00:00,,,
0f902a1c-c9df-469c-a7cd-47bcb33969a3,cfb3d243-a1fd-4330-bfce-7e9f169f8277,7a5fd02b-2248-4492-bae9-2ab1670894bc,2026-04-27,unavailable,,,2026-04-26T16:27:57.563089+00:00,2026-04-26T16:27:57.373+00:00,,,
4733f67d-0e8b-4681-933f-6473f47c08fc,0415b9aa-5c61-4f79-9479-7dce2c76d1a8,7a5fd02b-2248-4492-bae9-2ab1670894bc,2026-04-27,unavailable,,,2026-04-26T16:27:57.563089+00:00,2026-04-26T16:27:57.373+00:00,,,
d12dad53-7a7b-4619-a186-51e8fd8577a1,13ac7479-762b-4fc2-b36c-b94223caf3d5,7a5fd02b-2248-4492-bae9-2ab1670894bc,2026-04-27,unavailable,,,2026-04-26T16:27:57.563089+00:00,2026-04-26T16:27:57.373+00:00,,,
5415e704-946f-4db9-8054-a93924b6ab7c,41197272-bc0f-47b6-8d09-56f414d3035b,7a5fd02b-2248-4492-bae9-2ab1670894bc,2026-04-27,unavailable,,,2026-04-26T16:27:57.563089+00:00,2026-04-26T16:27:57.373+00:00,,,
746325f6-9758-42e2-8a30-9c879509db97,c451e667-831d-4237-9b09-79123b641d17,7a5fd02b-2248-4492-bae9-2ab1670894bc,2026-04-27,unavailable,,,2026-04-26T16:27:57.563089+00:00,2026-04-26T16:27:57.373+00:00,,,
cc516b73-8636-4ade-9d34-1656144acd45,0f564608-78ba-405b-bd40-8d80a71c196e,7a5fd02b-2248-4492-bae9-2ab1670894bc,2026-04-27,unavailable,,,2026-04-26T16:27:57.563089+00:00,2026-04-26T16:27:57.373+00:00,,,
03a1f42a-600f-4e34-9bcd-f0f5ae0cb382,ead59b1d-eeed-486b-8bf7-a3aaf55caa2b,7a5fd02b-2248-4492-bae9-2ab1670894bc,2026-04-27,unavailable,,,2026-04-26T16:27:57.563089+00:00,2026-04-26T16:27:57.373+00:00,,,
e380add3-be30-4def-97ae-4c0a4372ec4e,27e7c46d-f7dd-4593-9578-85a9c38acf4e,7a5fd02b-2248-4492-bae9-2ab1670894bc,2026-04-27,unavailable,,,2026-04-26T16:27:57.563089+00:00,2026-04-26T16:27:57.373+00:00,,,
a08aebb3-eb58-4bfe-9a67-c2dd5cbb41f7,aef966a7-cec2-4f64-a7c5-f461033d608a,7a5fd02b-2248-4492-bae9-2ab1670894bc,2026-04-27,unavailable,,,2026-04-26T16:27:57.563089+00:00,2026-04-26T16:27:57.373+00:00,,,
58d30b63-c20c-4119-b604-51c5c9b766f4,8bbedffc-40e5-4f97-9e56-962bea1c24a4,7a5fd02b-2248-4492-bae9-2ab1670894bc,2026-04-27,unavailable,,,2026-04-26T16:27:57.563089+00:00,2026-04-26T16:27:57.373+00:00,,,
9f2ea1ee-e05f-4346-80ca-8f0ef202e534,4cab8fc9-fc23-4a60-9cf8-8a1b08ef6e04,7a5fd02b-2248-4492-bae9-2ab1670894bc,2026-04-27,unavailable,,,2026-04-26T16:27:57.563089+00:00,2026-04-26T16:27:57.373+00:00,,,
c9586029-c92c-429f-9204-1ac4ed462ca3,7aab3ed9-e8d8-4bf0-877b-d0e9722a850b,7a5fd02b-2248-4492-bae9-2ab1670894bc,2026-04-27,unavailable,,,2026-04-26T16:27:57.563089+00:00,2026-04-26T16:27:57.373+00:00,,,
ec42f839-93fc-436d-bca5-0957ecc2f80b,a976be5b-40c5-4152-9f0d-5b4ef48dd44b,7a5fd02b-2248-4492-bae9-2ab1670894bc,2026-04-27,unavailable,,,2026-04-26T16:27:57.563089+00:00,2026-04-26T16:27:57.373+00:00,,,
a7cd94da-9bf4-4ea8-ba95-cccc97c1e0ae,fd29e7ff-5086-468d-85a1-7f73829dd930,7a5fd02b-2248-4492-bae9-2ab1670894bc,2026-04-27,unavailable,,,2026-04-26T16:27:57.563089+00:00,2026-04-26T16:27:57.373+00:00,,,
8049a976-da61-408c-9672-b53c11b64fad,1d0c7241-19a1-401d-a709-4f16ed53f990,7a5fd02b-2248-4492-bae9-2ab1670894bc,2026-04-27,unavailable,,,2026-04-26T16:27:57.563089+00:00,2026-04-26T16:27:57.373+00:00,,,
e6dd366f-8417-42a8-9a1c-ff9861860825,4013f053-8031-4c99-852b-aa0682793bca,7a5fd02b-2248-4492-bae9-2ab1670894bc,2026-04-27,unavailable,,,2026-04-26T16:27:57.563089+00:00,2026-04-26T16:27:57.373+00:00,,,
5644055b-ef64-4a0e-95ab-1f8f6bbd47c2,90570ad5-2c58-4ab5-a1bd-a7dc59a50222,7a5fd02b-2248-4492-bae9-2ab1670894bc,2026-04-27,unavailable,,,2026-04-26T16:27:57.563089+00:00,2026-04-26T16:27:57.373+00:00,,,
30d3180a-b5f6-4b1a-a1c1-8cc1685f2950,c8bbe30a-a177-430d-86c5-6616a6f62a0d,7a5fd02b-2248-4492-bae9-2ab1670894bc,2026-04-27,unavailable,,,2026-04-26T16:27:57.563089+00:00,2026-04-26T16:27:57.373+00:00,,,
7268bd26-47be-48ce-80f9-e21bf562a01d,332f1a66-feeb-4e51-8c9f-db3ac84453f3,7a5fd02b-2248-4492-bae9-2ab1670894bc,2026-04-27,unavailable,,,2026-04-26T16:27:57.563089+00:00,2026-04-26T16:27:57.373+00:00,,,
5dc03a61-6804-44ca-935f-cfa12c3f388d,7a452ff1-9cab-4d77-8e7f-81ab30889099,7a5fd02b-2248-4492-bae9-2ab1670894bc,2026-04-27,unavailable,,,2026-04-26T16:27:57.563089+00:00,2026-04-26T16:27:57.373+00:00,,,
46ca0583-6541-4384-8628-03b422666804,cd0f66ef-f670-46a5-983a-60066c8c2825,7a5fd02b-2248-4492-bae9-2ab1670894bc,2026-04-27,unavailable,,,2026-04-26T16:27:57.563089+00:00,2026-04-26T16:27:57.373+00:00,,,
d1e43f24-f3de-4624-8622-dd561202363c,185693e3-9895-45d7-ab62-3562a30a27e7,7a5fd02b-2248-4492-bae9-2ab1670894bc,2026-04-27,unavailable,,,2026-04-26T16:27:57.563089+00:00,2026-04-26T16:27:57.373+00:00,,,
1af3eea2-506e-456f-b873-773e91814b2e,5d9fdebd-7dde-4fd3-9c41-021a59a373a0,7a5fd02b-2248-4492-bae9-2ab1670894bc,2026-04-27,unavailable,,,2026-04-26T16:27:57.563089+00:00,2026-04-26T16:27:57.373+00:00,,,
0947de49-0f68-4fb7-ae76-6114f028e2e6,89c1246f-c6d6-48c1-b253-ac897aeb1d11,7a5fd02b-2248-4492-bae9-2ab1670894bc,2026-04-27,unavailable,,,2026-04-26T16:27:57.563089+00:00,2026-04-26T16:27:57.373+00:00,,,
57c17057-7d96-43cd-9ee5-94199b7173f0,9c203b49-8a07-4319-aae9-fcfd68b34579,7a5fd02b-2248-4492-bae9-2ab1670894bc,2026-04-27,unavailable,,,2026-04-26T16:27:57.563089+00:00,2026-04-26T16:27:57.373+00:00,,,
020400d5-34a2-4a18-bf27-fa92e1d81a46,d2d14373-69ff-4301-81a2-ba77a96b56cd,7a5fd02b-2248-4492-bae9-2ab1670894bc,2026-04-27,unavailable,,,2026-04-26T16:27:57.563089+00:00,2026-04-26T16:27:57.373+00:00,,,
4aef27a4-0606-4fc9-bc73-34e142c6037d,7387900d-0b1d-4fe5-b9e6-7c968c2003b3,7a5fd02b-2248-4492-bae9-2ab1670894bc,2026-04-27,unavailable,,,2026-04-26T16:27:57.563089+00:00,2026-04-26T16:27:57.373+00:00,,,
1436a55d-e7d1-4679-af78-7b13c8d8e1bb,22370f93-2d06-4891-841e-4cf159e301ca,7a5fd02b-2248-4492-bae9-2ab1670894bc,2026-04-27,unavailable,,,2026-04-26T16:27:57.563089+00:00,2026-04-26T16:27:57.373+00:00,,,
61291a76-a481-481e-a54a-782744e5e4f2,0ca63d24-8e2c-4cb8-af36-ceb8ced7f103,7a5fd02b-2248-4492-bae9-2ab1670894bc,2026-04-27,unavailable,,,2026-04-26T16:27:57.563089+00:00,2026-04-26T16:27:57.373+00:00,,,
ae9bbad6-31eb-4fcb-b908-f2f12d7009db,924c513c-c422-4c24-9515-e4544f493394,7a5fd02b-2248-4492-bae9-2ab1670894bc,2026-04-27,unavailable,,,2026-04-26T16:27:57.563089+00:00,2026-04-26T16:27:57.373+00:00,,,
837f2e04-2f6b-493f-9beb-0742d8c168b1,79bea6a3-4268-4ae7-8665-deb6b1cf1a9a,7a5fd02b-2248-4492-bae9-2ab1670894bc,2026-04-27,unavailable,,,2026-04-26T16:27:57.563089+00:00,2026-04-26T16:27:57.373+00:00,,,
5682682f-18ed-4e09-8214-0b4b9c4ab26d,e0562212-cda5-4a74-ac19-db857f843dbd,7a5fd02b-2248-4492-bae9-2ab1670894bc,2026-04-27,unavailable,,,2026-04-26T16:27:57.563089+00:00,2026-04-26T16:27:57.373+00:00,,,
5f93022e-00a9-44f3-ab1f-55905ce45ce9,35f4a879-0b57-4581-9e91-c47200a23c78,7a5fd02b-2248-4492-bae9-2ab1670894bc,2026-04-27,unavailable,,,2026-04-26T16:27:57.563089+00:00,2026-04-26T16:27:57.373+00:00,,,
cdf0d29d-8605-43c0-acce-9c01565b94e2,c0b5e2df-b927-4ac5-99f5-4368965722ab,7a5fd02b-2248-4492-bae9-2ab1670894bc,2026-04-27,unavailable,,,2026-04-26T16:27:57.563089+00:00,2026-04-26T16:27:57.373+00:00,,,
8dbed7e1-32c4-42e6-9442-75119fbbfd6b,b66e80d0-7f23-44ac-a6d3-5db4212284e6,7a5fd02b-2248-4492-bae9-2ab1670894bc,2026-04-27,unavailable,,,2026-04-26T16:27:57.563089+00:00,2026-04-26T16:27:57.373+00:00,,,
5cdd7732-a99a-45e9-9171-22fb0ee909e0,4acd4dc2-eb69-48a4-8f0d-dc509f93beb4,7a5fd02b-2248-4492-bae9-2ab1670894bc,2026-04-27,unavailable,,,2026-04-26T16:27:57.563089+00:00,2026-04-26T16:27:57.373+00:00,,,
3a512d71-193e-4b80-b814-f0af51bdd8ad,604ea0ee-856f-4bd8-90a3-a067244e31db,7a5fd02b-2248-4492-bae9-2ab1670894bc,2026-04-27,unavailable,,,2026-04-26T16:27:57.563089+00:00,2026-04-26T16:27:57.373+00:00,,,
e6622e3a-dadc-4f19-8b71-950881fc9371,3c972950-a216-468e-b719-d3430d265c36,7a5fd02b-2248-4492-bae9-2ab1670894bc,2026-04-27,unavailable,,,2026-04-26T16:27:57.563089+00:00,2026-04-26T16:27:57.373+00:00,,,
e3859737-af36-4cc2-8e25-e15f7312ed50,2ec9bf07-c28b-4a11-809e-a7be42c4db76,7a5fd02b-2248-4492-bae9-2ab1670894bc,2026-04-27,unavailable,,,2026-04-26T16:27:57.563089+00:00,2026-04-26T16:27:57.373+00:00,,,
69d66190-757e-4ffc-8fb0-98e983a25c2a,1d6856d9-51da-4f3d-9167-2140aa6f8eba,7a5fd02b-2248-4492-bae9-2ab1670894bc,2026-04-27,unavailable,,,2026-04-26T16:27:57.563089+00:00,2026-04-26T16:27:57.373+00:00,,,
c49c1607-5700-4f69-aa0f-6ee4d8cc55ca,4f7e4826-6de8-458d-9fc7-dc135acf8c1e,7a5fd02b-2248-4492-bae9-2ab1670894bc,2026-04-27,unavailable,,,2026-04-26T16:27:57.563089+00:00,2026-04-26T16:27:57.373+00:00,,,
9a440a60-84fa-4ea0-b628-60b4f01960b6,c60051a9-4d42-4198-bd08-b24181a2481d,7a5fd02b-2248-4492-bae9-2ab1670894bc,2026-04-27,unavailable,,,2026-04-26T16:27:57.563089+00:00,2026-04-26T16:27:57.373+00:00,,,
a3030b8e-338f-4e93-87aa-09d420c3dd01,39f683dd-6e80-43b8-9c10-8f9505093d6e,7a5fd02b-2248-4492-bae9-2ab1670894bc,2026-04-27,unavailable,,,2026-04-26T16:27:57.563089+00:00,2026-04-26T16:27:57.373+00:00,,,
aa3670eb-1289-4f37-ae84-f2a73bba3531,2e754b98-4d62-4dde-abae-8fad7eb099d3,7a5fd02b-2248-4492-bae9-2ab1670894bc,2026-04-27,unavailable,,,2026-04-26T16:27:57.563089+00:00,2026-04-26T16:27:57.373+00:00,,,
1e09ff7a-5e1a-4451-af80-04ac8eb8ed0e,b3abbd6a-b26d-4a7e-aa1a-d44346bf21b3,7a5fd02b-2248-4492-bae9-2ab1670894bc,2026-04-27,unavailable,,,2026-04-26T16:27:57.563089+00:00,2026-04-26T16:27:57.373+00:00,,,
fbdc5b34-b702-4ac0-a92e-4506dc2c0082,d87652f1-bb0b-444f-ad23-97c5c4d8b7de,7a5fd02b-2248-4492-bae9-2ab1670894bc,2026-04-27,unavailable,,,2026-04-26T16:27:57.563089+00:00,2026-04-26T16:27:57.373+00:00,,,
2cbf96ba-a408-4324-bb3b-f5b60dc82108,09d6b27b-cbab-4ce2-b97b-cd849d5588b2,7a5fd02b-2248-4492-bae9-2ab1670894bc,2026-04-27,unavailable,,,2026-04-26T16:27:57.563089+00:00,2026-04-26T16:27:57.373+00:00,,,
86a3a702-e174-4bff-a7c6-4d318085f6fc,d17e62b0-3615-4ac3-8fb3-f9b22955600f,7a5fd02b-2248-4492-bae9-2ab1670894bc,2026-04-27,unavailable,,,2026-04-26T16:27:57.563089+00:00,2026-04-26T16:27:57.373+00:00,,,
52493a3c-241a-4d5f-a8c0-7f8e9de32d40,27d10606-8e7f-4afa-8c12-ce177d2f7e31,7a5fd02b-2248-4492-bae9-2ab1670894bc,2026-04-27,unavailable,,,2026-04-26T16:27:57.563089+00:00,2026-04-26T16:27:57.373+00:00,,,
cc8fb334-1151-43d1-8134-57c96923a07e,e9697f64-3351-4f0c-80a2-97693a2ea2e5,7a5fd02b-2248-4492-bae9-2ab1670894bc,2026-04-27,unavailable,,,2026-04-26T16:27:57.563089+00:00,2026-04-26T16:27:57.373+00:00,,,
090b326d-73d5-42ca-b767-a51b71232331,a252243e-ee4b-4544-8a0f-5f1fdfc8cf78,7a5fd02b-2248-4492-bae9-2ab1670894bc,2026-04-27,unavailable,,,2026-04-26T16:27:57.563089+00:00,2026-04-26T16:27:57.373+00:00,,,
6ffba857-5d5a-46ea-8357-ab8d645611a5,ec0e87bd-f105-4509-a148-beb9bf6eae42,7a5fd02b-2248-4492-bae9-2ab1670894bc,2026-04-27,unavailable,,,2026-04-26T16:27:57.563089+00:00,2026-04-26T16:27:57.373+00:00,,,
a199d503-fe3c-4083-8df8-e30cebe187ea,9ba79172-9ab7-433c-a656-4b584d3eab1e,7a5fd02b-2248-4492-bae9-2ab1670894bc,2026-04-27,unavailable,,,2026-04-26T16:27:57.563089+00:00,2026-04-26T16:27:57.373+00:00,,,
cf3e7188-e4a7-48bb-badd-909fb4fd0f98,6c3dfe2a-d412-409f-a2b0-15345fbd2981,7a5fd02b-2248-4492-bae9-2ab1670894bc,2026-04-27,unavailable,,,2026-04-26T16:27:57.563089+00:00,2026-04-26T16:27:57.373+00:00,,,
3b44134c-1eb2-4967-96e7-065b4e82dbb0,98073499-8a1a-4ca5-99ad-0486e2769c76,7a5fd02b-2248-4492-bae9-2ab1670894bc,2026-04-27,unavailable,,,2026-04-26T16:27:57.563089+00:00,2026-04-26T16:27:57.373+00:00,,,
308c9100-dcbc-4374-b156-0c17f771dfc1,80e8b99d-e4fa-4b8d-b897-b9a26e96d8d3,7a5fd02b-2248-4492-bae9-2ab1670894bc,2026-04-27,unavailable,,,2026-04-26T16:27:57.563089+00:00,2026-04-26T16:27:57.373+00:00,,,
3b46f08e-bc7e-4e3e-828c-77cb145cde5f,4be9d559-4c73-4ac4-90bf-cb2939b339f6,7a5fd02b-2248-4492-bae9-2ab1670894bc,2026-04-27,unavailable,,,2026-04-26T16:27:57.563089+00:00,2026-04-26T16:27:57.373+00:00,,,
7ee7cf90-38ea-444a-bad1-233a8ff55e78,9f56c78e-827c-4cbe-bb50-b014f03485d7,7a5fd02b-2248-4492-bae9-2ab1670894bc,2026-04-27,unavailable,,,2026-04-26T16:27:57.563089+00:00,2026-04-26T16:27:57.373+00:00,,,
27b0db65-1478-4d2f-9b41-b088410626a4,b7693f65-7b87-4620-a292-f9e60fd3cfa9,7a5fd02b-2248-4492-bae9-2ab1670894bc,2026-04-27,unavailable,,,2026-04-26T16:27:57.563089+00:00,2026-04-26T16:27:57.373+00:00,,,
2a4f324a-57bf-4b1e-9620-b880c5b4a2db,34ab878d-5fc3-40ab-8fb7-7c1496accbf0,7a5fd02b-2248-4492-bae9-2ab1670894bc,2026-04-27,unavailable,,,2026-04-26T16:27:57.563089+00:00,2026-04-26T16:27:57.373+00:00,,,
7cc94f18-46aa-4edd-a212-b1820a370d62,f74886a6-2688-4903-92e2-b277ac3871b9,7a5fd02b-2248-4492-bae9-2ab1670894bc,2026-04-27,unavailable,,,2026-04-26T16:27:57.563089+00:00,2026-04-26T16:27:57.373+00:00,,,
2b99d7a3-fe32-405e-bbdc-6547661704a1,ede7731f-5bf6-4a39-95f4-5d3301c929b8,7a5fd02b-2248-4492-bae9-2ab1670894bc,2026-04-27,unavailable,,,2026-04-26T16:27:57.563089+00:00,2026-04-26T16:27:57.373+00:00,,,
0d4ccc28-a552-43a9-b1bb-0abd24a4a1ba,1b44a5a2-7c8e-4381-b545-3cecb689cce4,7a5fd02b-2248-4492-bae9-2ab1670894bc,2026-04-27,unavailable,,,2026-04-26T16:27:57.563089+00:00,2026-04-26T16:27:57.373+00:00,,,
98a47fb3-302b-472d-bfba-5e4e62e4de3e,19a5d381-d434-4482-aee6-9b44308ff7d3,7a5fd02b-2248-4492-bae9-2ab1670894bc,2026-04-27,unavailable,,,2026-04-26T16:27:57.563089+00:00,2026-04-26T16:27:57.373+00:00,,,
4dffbffd-ba19-4bae-9a30-496bd51db506,d744e61c-c90f-4181-9247-ae706cf2295d,7a5fd02b-2248-4492-bae9-2ab1670894bc,2026-04-27,unavailable,,,2026-04-26T16:27:57.563089+00:00,2026-04-26T16:27:57.373+00:00,,,
e4e1421d-e12d-4d37-a745-44234962a993,1b5e7f69-0650-4d5d-a6bf-e6d54d03f21e,7a5fd02b-2248-4492-bae9-2ab1670894bc,2026-04-27,unavailable,,,2026-04-26T16:27:57.563089+00:00,2026-04-26T16:27:57.373+00:00,,,
87b51809-d44e-4ea8-a15b-bea477b4771b,aef96fc8-88ea-48ab-bc0f-0c812c919007,7a5fd02b-2248-4492-bae9-2ab1670894bc,2026-04-27,unavailable,,,2026-04-26T16:27:57.563089+00:00,2026-04-26T16:27:57.373+00:00,,,
77752ec5-5bdc-49c6-b0ae-19f14ceb77c7,a6a57270-840f-41ff-998e-0b1d3cefbe24,7a5fd02b-2248-4492-bae9-2ab1670894bc,2026-04-27,unavailable,,,2026-04-26T16:27:57.563089+00:00,2026-04-26T16:27:57.373+00:00,,,
7b8399a4-7b3d-4433-a4a5-fb6898a41e8f,b78ea1c0-57d8-4155-bc7e-f9178f5c5ee1,7a5fd02b-2248-4492-bae9-2ab1670894bc,2026-04-27,unavailable,,,2026-04-26T16:27:57.563089+00:00,2026-04-26T16:27:57.373+00:00,,,
7427bedd-fe68-4740-8c73-d786db364ada,7070a97e-2956-4082-b31e-c16321071149,7a5fd02b-2248-4492-bae9-2ab1670894bc,2026-04-27,unavailable,,,2026-04-26T16:27:57.563089+00:00,2026-04-26T16:27:57.373+00:00,,,
acf2ed77-de5d-419b-9c7e-fc1c4063c179,bbc3545a-c547-48c5-a757-735e33dc47ec,7a5fd02b-2248-4492-bae9-2ab1670894bc,2026-04-27,unavailable,,,2026-04-26T16:27:57.563089+00:00,2026-04-26T16:27:57.373+00:00,,,
9601a81d-675d-423a-a91d-4c120744c088,2fc8d3e9-f161-405f-8246-6a15a6c237cb,7a5fd02b-2248-4492-bae9-2ab1670894bc,2026-04-27,unavailable,,,2026-04-26T16:27:57.563089+00:00,2026-04-26T16:27:57.373+00:00,,,
f5fba050-be34-44b8-956f-2a4df8548ef2,a2e7a71f-6efe-4d67-b41f-a1338754ff3b,7a5fd02b-2248-4492-bae9-2ab1670894bc,2026-04-27,unavailable,,,2026-04-26T16:27:57.563089+00:00,2026-04-26T16:27:57.373+00:00,,,
c2609cbf-a94f-4af0-824c-1ba87514377b,407a2c77-9fc9-495a-ba00-749131cac905,7a5fd02b-2248-4492-bae9-2ab1670894bc,2026-04-27,unavailable,,,2026-04-26T16:27:57.563089+00:00,2026-04-26T16:27:57.373+00:00,,,
1d8421df-b2b9-49eb-866f-3187178960ad,0dfe1789-64e1-4258-bf9b-f4b5deaa6bd9,7a5fd02b-2248-4492-bae9-2ab1670894bc,2026-04-27,unavailable,,,2026-04-26T16:27:57.563089+00:00,2026-04-26T16:27:57.373+00:00,,,
d5130c7a-db8a-46a3-8613-ba378ac35b61,682a4581-1f29-4cd9-ba52-2bf5deb40807,7a5fd02b-2248-4492-bae9-2ab1670894bc,2026-04-27,unavailable,,,2026-04-26T16:27:57.563089+00:00,2026-04-26T16:27:57.373+00:00,,,
1208b163-1a21-4ff6-b036-15ff565fc472,0330dca4-2e34-4ccd-9ea0-e2eccbcb3ed9,7a5fd02b-2248-4492-bae9-2ab1670894bc,2026-04-27,unavailable,,,2026-04-26T16:27:57.563089+00:00,2026-04-26T16:27:57.373+00:00,,,
e22a6ff4-3082-4262-b316-d02ac7878d8b,46d57a11-f9d2-47d0-9096-e6a7b9ed81ad,7a5fd02b-2248-4492-bae9-2ab1670894bc,2026-04-27,unavailable,,,2026-04-26T16:27:57.563089+00:00,2026-04-26T16:27:57.373+00:00,,,
a0c1b118-e3e9-434e-a7b3-3333cb18bdd7,7c3b600c-73e8-4df6-993e-effdb29ce957,7a5fd02b-2248-4492-bae9-2ab1670894bc,2026-04-27,unavailable,,,2026-04-26T16:27:57.563089+00:00,2026-04-26T16:27:57.373+00:00,,,
aa62f16e-b9b0-4b9e-8b5c-3d771595d82f,d7284556-1c31-49af-9565-909063b93cc9,7a5fd02b-2248-4492-bae9-2ab1670894bc,2026-04-27,unavailable,,,2026-04-26T16:27:57.563089+00:00,2026-04-26T16:27:57.373+00:00,,,
326f302b-6f4d-43ae-bb40-0a34ed2568bd,1f32ff5a-f9b7-440a-8285-ab2ad1ecaa05,7a5fd02b-2248-4492-bae9-2ab1670894bc,2026-04-27,unavailable,,,2026-04-26T16:27:57.563089+00:00,2026-04-26T16:27:57.373+00:00,,,
9abc5fa0-bc05-4548-a3da-a3f42ea411c0,304ed108-096d-4022-b673-87feae1b5a1a,7a5fd02b-2248-4492-bae9-2ab1670894bc,2026-04-27,unavailable,,,2026-04-26T16:27:57.563089+00:00,2026-04-26T16:27:57.373+00:00,,,
227d4d20-5c5b-4213-8d0e-819b3f416442,61a1375c-3254-4fe0-a471-8b8b660f4135,7a5fd02b-2248-4492-bae9-2ab1670894bc,2026-04-27,unavailable,,,2026-04-26T16:27:57.563089+00:00,2026-04-26T16:27:57.373+00:00,,,
50d8e995-38a6-487d-9a1a-e4c2664db9a0,41817459-03f8-4e71-8ba6-8fa63e5e1b4d,7a5fd02b-2248-4492-bae9-2ab1670894bc,2026-04-27,unavailable,,,2026-04-26T16:27:57.563089+00:00,2026-04-26T16:27:57.373+00:00,,,
64d07dca-aa37-4c34-9b7f-6d07147ca040,ad22aeeb-e301-4beb-9bf9-36b11a302944,7a5fd02b-2248-4492-bae9-2ab1670894bc,2026-04-27,unavailable,,,2026-04-26T16:27:57.563089+00:00,2026-04-26T16:27:57.373+00:00,,,
745e6449-82a3-4235-b4b1-27c494b4248c,5a9c3504-8fef-4b40-8129-d20f88fbe563,7a5fd02b-2248-4492-bae9-2ab1670894bc,2026-04-27,unavailable,,,2026-04-26T16:27:57.563089+00:00,2026-04-26T16:27:57.373+00:00,,,
9e252235-5303-4aa0-9dea-ec995d0558d4,72705d6f-ba9c-45cc-a890-c2c7baf086c7,7a5fd02b-2248-4492-bae9-2ab1670894bc,2026-04-27,unavailable,,,2026-04-26T16:27:57.563089+00:00,2026-04-26T16:27:57.373+00:00,,,
43d6aac3-c964-49b5-923f-515eda591d9e,c6fdc2be-53bd-4c2a-8a6f-665e612aa3b5,7a5fd02b-2248-4492-bae9-2ab1670894bc,2026-04-27,unavailable,,,2026-04-26T16:27:57.563089+00:00,2026-04-26T16:27:57.373+00:00,,,
1b5e512d-7d48-4f78-9c12-05897c25bdd7,3d50b41b-54e3-4ea7-b559-e40d8a1ea7e3,7a5fd02b-2248-4492-bae9-2ab1670894bc,2026-04-27,unavailable,,,2026-04-26T16:27:57.563089+00:00,2026-04-26T16:27:57.373+00:00,,,
595daaef-8697-4c60-8257-1f3843ad1c34,508960cd-999c-44de-8e17-218b5cfa40d9,7a5fd02b-2248-4492-bae9-2ab1670894bc,2026-04-27,unavailable,,,2026-04-26T16:27:57.563089+00:00,2026-04-26T16:27:57.373+00:00,,,
e60be021-a3a0-4a1b-b5b2-a915f1e6e054,6014e544-f4ea-4903-a691-9e2915ee2d07,7a5fd02b-2248-4492-bae9-2ab1670894bc,2026-04-27,unavailable,,,2026-04-26T16:27:57.563089+00:00,2026-04-26T16:27:57.373+00:00,,,
310a7f9e-b1f2-4dac-9e16-5ea1f2ceecde,31738451-481f-400e-aba1-42b2a7452949,7a5fd02b-2248-4492-bae9-2ab1670894bc,2026-04-27,unavailable,,,2026-04-26T16:27:57.563089+00:00,2026-04-26T16:27:57.373+00:00,,,
65d71d7c-c2e8-4e93-adea-a447be5f93ce,0acf89be-de62-4a14-9502-aab639d34f04,7a5fd02b-2248-4492-bae9-2ab1670894bc,2026-04-27,unavailable,,,2026-04-26T16:27:57.563089+00:00,2026-04-26T16:27:57.373+00:00,,,
35c44caa-676b-4cad-bc5c-e761026292f6,ab073af1-5ce8-4acb-b07f-4fa41d2a8a9d,7a5fd02b-2248-4492-bae9-2ab1670894bc,2026-04-27,unavailable,,,2026-04-26T16:27:57.563089+00:00,2026-04-26T16:27:57.373+00:00,,,
e95a96dd-0275-4fc5-8820-31555bef1310,8627c1a1-62d7-49e3-9176-f295969b3c6d,7a5fd02b-2248-4492-bae9-2ab1670894bc,2026-04-27,unavailable,,,2026-04-26T16:27:57.563089+00:00,2026-04-26T16:27:57.373+00:00,,,
5b00698c-3ed2-41fa-88d1-6f35c0f4f539,aad00f76-4fe1-44ac-882a-9ad2eb664a5c,7a5fd02b-2248-4492-bae9-2ab1670894bc,2026-04-27,unavailable,,,2026-04-26T16:27:57.563089+00:00,2026-04-26T16:27:57.373+00:00,,,
fc1be189-51ae-4874-aad8-1e943b511565,759e7b56-07aa-4866-bfaa-46efdb0afe58,7a5fd02b-2248-4492-bae9-2ab1670894bc,2026-04-27,unavailable,,,2026-04-26T16:27:57.563089+00:00,2026-04-26T16:27:57.373+00:00,,,
32260259-7ac5-4169-b4f1-b8d86e024ace,38a11035-66a5-48ca-825b-8124f66d4478,7a5fd02b-2248-4492-bae9-2ab1670894bc,2026-04-27,unavailable,,,2026-04-26T16:27:57.563089+00:00,2026-04-26T16:27:57.373+00:00,,,
d2de4cc8-dbf0-46b1-b2c8-23582de2042d,4898a864-3303-44d8-8c83-8f8996a19fa3,7a5fd02b-2248-4492-bae9-2ab1670894bc,2026-04-27,unavailable,,,2026-04-26T16:27:57.563089+00:00,2026-04-26T16:27:57.373+00:00,,,
8085214d-8cd4-49b7-9cbb-025147249a21,97ee9b66-2711-4df2-99bd-ed1a32f40eb4,7a5fd02b-2248-4492-bae9-2ab1670894bc,2026-04-27,unavailable,,,2026-04-26T16:27:57.563089+00:00,2026-04-26T16:27:57.373+00:00,,,
239f87da-bd33-4d7d-ad6b-cb4dd65cd5c9,4fd2406d-0cce-4013-9585-72c23407ceae,7a5fd02b-2248-4492-bae9-2ab1670894bc,2026-04-27,unavailable,,,2026-04-26T16:27:57.563089+00:00,2026-04-26T16:27:57.373+00:00,,,
c048bb48-694c-4efa-a377-75bcc4af9f49,334edaad-9be5-43ff-a28a-6a165d97d13e,7a5fd02b-2248-4492-bae9-2ab1670894bc,2026-04-27,unavailable,,,2026-04-26T16:27:57.563089+00:00,2026-04-26T16:27:57.373+00:00,,,
70b3faf1-6a87-43bb-97ca-16696c0b2672,ad8151cf-0a93-4205-9f92-19b1bc595a8f,7a5fd02b-2248-4492-bae9-2ab1670894bc,2026-04-27,unavailable,,,2026-04-26T16:27:57.563089+00:00,2026-04-26T16:27:57.373+00:00,,,
55e3903c-2a3f-4a52-a2f9-a5cf7060df77,9c2ebb31-687b-428e-a2c5-a5e552f7b5cc,7a5fd02b-2248-4492-bae9-2ab1670894bc,2026-04-27,unavailable,,,2026-04-26T16:27:57.563089+00:00,2026-04-26T16:27:57.373+00:00,,,
ed18a15b-9efc-44ec-a6f0-22a77a62f293,0516781f-0290-44a1-9f8f-adbf8db38425,7a5fd02b-2248-4492-bae9-2ab1670894bc,2026-04-27,unavailable,,,2026-04-26T16:27:57.563089+00:00,2026-04-26T16:27:57.373+00:00,,,
f83bdcf7-b941-42bc-8be8-49955cf768cf,3f899f50-df5f-4364-ba3f-3ef814961309,7a5fd02b-2248-4492-bae9-2ab1670894bc,2026-04-27,unavailable,,,2026-04-26T16:27:57.563089+00:00,2026-04-26T16:27:57.373+00:00,,,
e0cd9527-176a-4b38-9ebb-c60f6cd59dcc,96c9c583-6be1-473c-8531-e58107199fa6,7a5fd02b-2248-4492-bae9-2ab1670894bc,2026-04-27,unavailable,,,2026-04-26T16:27:57.563089+00:00,2026-04-26T16:27:57.373+00:00,,,
57f4d4be-f832-423e-8985-234fa6b5bb83,949a9839-c640-4bf7-a7b6-59e93d5e927e,7a5fd02b-2248-4492-bae9-2ab1670894bc,2026-04-27,unavailable,,,2026-04-26T16:27:57.563089+00:00,2026-04-26T16:27:57.373+00:00,,,
b5095ebf-c94a-487a-aefa-e4e10b87f5ed,1188873c-8be1-42d3-a242-da6f15bf5e4a,7a5fd02b-2248-4492-bae9-2ab1670894bc,2026-04-27,unavailable,,,2026-04-26T16:27:57.563089+00:00,2026-04-26T16:27:57.373+00:00,,,
48d00f0d-9673-4033-b417-83d07a82ed1f,2d018036-1224-40a3-82ac-e3644690ab0a,7a5fd02b-2248-4492-bae9-2ab1670894bc,2026-04-27,unavailable,,,2026-04-26T16:27:57.563089+00:00,2026-04-26T16:27:57.373+00:00,,,
9ca34c14-2845-43d7-9561-9a87213ba1d9,924984fd-6cab-4b4a-8b62-1fc6860ad5a5,7a5fd02b-2248-4492-bae9-2ab1670894bc,2026-04-27,unavailable,,,2026-04-26T16:27:57.563089+00:00,2026-04-26T16:27:57.373+00:00,,,
aa9e37c7-5de8-4a77-a0d1-5aaba97bdb11,3c2f77cd-57af-4557-93a8-25f866c7ef0a,7a5fd02b-2248-4492-bae9-2ab1670894bc,2026-04-27,unavailable,,,2026-04-26T16:27:57.563089+00:00,2026-04-26T16:27:57.373+00:00,,,
2c253b5a-ceaa-4e58-8a39-62db4a540c39,20af3438-94f4-44dd-a150-079cf139a7a5,7a5fd02b-2248-4492-bae9-2ab1670894bc,2026-04-27,unavailable,,,2026-04-26T16:27:57.563089+00:00,2026-04-26T16:27:57.373+00:00,,,
7d614894-9457-4ecc-b7f4-f1f4e926b313,4e30357c-cab4-454a-8698-3f7413a38b2c,7a5fd02b-2248-4492-bae9-2ab1670894bc,2026-04-27,unavailable,,,2026-04-26T16:27:57.563089+00:00,2026-04-26T16:27:57.373+00:00,,,
204f75df-6009-4004-8216-439e3efd2906,a3d8e08f-8e02-46e5-af59-a2895bf61e63,7a5fd02b-2248-4492-bae9-2ab1670894bc,2026-04-27,unavailable,,,2026-04-26T16:27:57.563089+00:00,2026-04-26T16:27:57.373+00:00,,,
b909de30-af4d-483c-bc62-dd6c01c3051f,fd5f8362-52f1-410c-97dc-bbe084c2c8e4,7a5fd02b-2248-4492-bae9-2ab1670894bc,2026-04-27,unavailable,,,2026-04-26T16:27:57.563089+00:00,2026-04-26T16:27:57.373+00:00,,,
f75be6e5-d0d4-49d9-a562-0a46e469e7db,5d083c30-fb85-4d4f-9757-9cda19fc2821,7a5fd02b-2248-4492-bae9-2ab1670894bc,2026-04-27,unavailable,,,2026-04-26T16:27:57.563089+00:00,2026-04-26T16:27:57.373+00:00,,,
1b8458fc-f3d2-4c66-9fa3-85c429302f5a,e63f9153-d195-48fa-b7e7-19ad412c36da,7a5fd02b-2248-4492-bae9-2ab1670894bc,2026-04-27,unavailable,,,2026-04-26T16:27:57.563089+00:00,2026-04-26T16:27:57.373+00:00,,,
443d0b62-2d27-4daa-9f76-331cd66f225b,314d5849-c300-477e-93a4-bc99aa664c23,7a5fd02b-2248-4492-bae9-2ab1670894bc,2026-04-27,unavailable,,,2026-04-26T16:27:57.563089+00:00,2026-04-26T16:27:57.373+00:00,,,
827ecba0-e533-4fa8-b343-8503b38ef544,afb8cdfd-4cc1-40f7-9f70-df7cbbb78d06,7a5fd02b-2248-4492-bae9-2ab1670894bc,2026-04-27,unavailable,,,2026-04-26T16:27:57.563089+00:00,2026-04-26T16:27:57.373+00:00,,,
2cee1446-a6b8-4a25-9933-a8e5113e18a1,66732b90-15ff-4bb5-a9d8-b84ac997d183,7a5fd02b-2248-4492-bae9-2ab1670894bc,2026-04-27,unavailable,,,2026-04-26T16:27:57.563089+00:00,2026-04-26T16:27:57.373+00:00,,,
e40ee3c6-252d-4590-84db-71c87b0e36a8,29686763-0ead-43f0-9d3a-59f2ccfb2477,7a5fd02b-2248-4492-bae9-2ab1670894bc,2026-04-27,unavailable,,,2026-04-26T16:27:57.563089+00:00,2026-04-26T16:27:57.373+00:00,,,
9b8f1e18-c8c3-4211-ba1b-68a5eb83679b,0a960158-e3fa-4ee6-aabd-55578dfe8faa,7a5fd02b-2248-4492-bae9-2ab1670894bc,2026-04-27,unavailable,,,2026-04-26T16:27:57.563089+00:00,2026-04-26T16:27:57.373+00:00,,,
02f45dc1-eecb-47f1-84a6-113b86d0adff,1dbf367f-4514-48e7-8853-81551967c94d,7a5fd02b-2248-4492-bae9-2ab1670894bc,2026-04-27,unavailable,,,2026-04-26T16:27:57.563089+00:00,2026-04-26T16:27:57.373+00:00,,,
ed521a03-c864-462e-b827-f540b4b2f657,52ecfb86-603a-49a2-bed5-ff0ced64f464,7a5fd02b-2248-4492-bae9-2ab1670894bc,2026-04-27,unavailable,,,2026-04-26T16:27:57.563089+00:00,2026-04-26T16:27:57.373+00:00,,,
52961f71-1b14-456b-8c06-b39e305ab07c,de3020b4-e754-4b71-a352-c99160240de4,7a5fd02b-2248-4492-bae9-2ab1670894bc,2026-04-27,unavailable,,,2026-04-26T16:27:57.563089+00:00,2026-04-26T16:27:57.373+00:00,,,
c09a8d80-8a7c-4268-b7a3-28f84e39cb9a,d675726f-44a7-475c-9b4b-9ba2bf13996d,7a5fd02b-2248-4492-bae9-2ab1670894bc,2026-04-27,unavailable,,,2026-04-26T16:27:57.563089+00:00,2026-04-26T16:27:57.373+00:00,,,
e293cd76-ec42-47bc-97dd-b1828ab67d3f,07c6eec6-46c9-4e7c-8cab-a524795d38b7,7a5fd02b-2248-4492-bae9-2ab1670894bc,2026-04-27,unavailable,,,2026-04-26T16:27:57.563089+00:00,2026-04-26T16:27:57.373+00:00,,,
b563198b-27a4-40b9-86b3-db76b89f2fe2,94301ae3-f29e-44c7-a4e4-94add65ee641,7a5fd02b-2248-4492-bae9-2ab1670894bc,2026-04-27,unavailable,,,2026-04-26T16:27:57.563089+00:00,2026-04-26T16:27:57.373+00:00,,,
d6f0ca98-f934-4200-b559-a359a7ff3657,f3c9bbbe-aef1-46f3-8e9c-83d1d05109d0,7a5fd02b-2248-4492-bae9-2ab1670894bc,2026-04-27,unavailable,,,2026-04-26T16:27:57.563089+00:00,2026-04-26T16:27:57.373+00:00,,,
eb350935-7d05-4cf7-ab72-33b0b618f74d,60615a17-1ed6-46d4-9ea7-5733ae4770d1,7a5fd02b-2248-4492-bae9-2ab1670894bc,2026-04-27,unavailable,,,2026-04-26T16:27:57.563089+00:00,2026-04-26T16:27:57.373+00:00,,,
22ef93ad-07dc-41d5-b213-892c20a43ae7,dcb732ae-01fa-47ac-8c1d-20b1a9d0b47f,7a5fd02b-2248-4492-bae9-2ab1670894bc,2026-04-27,unavailable,,,2026-04-26T16:27:57.563089+00:00,2026-04-26T16:27:57.373+00:00,,,
eab63d54-b98c-4f7f-9a12-3c9618980ba3,44c4bb44-4ddb-4aee-a539-54b238955833,7a5fd02b-2248-4492-bae9-2ab1670894bc,2026-04-27,unavailable,,,2026-04-26T16:27:57.563089+00:00,2026-04-26T16:27:57.373+00:00,,,
6863b597-391c-45ca-b750-fd6039dae43e,1231a2f3-61ad-405a-a710-a84a46c2ac8f,7a5fd02b-2248-4492-bae9-2ab1670894bc,2026-04-27,unavailable,,,2026-04-26T16:27:57.563089+00:00,2026-04-26T16:27:57.373+00:00,,,
df38f8ae-8cd1-49d3-adac-a3791055ef34,84c40ee2-5337-4ad7-9f94-14b23375badb,7a5fd02b-2248-4492-bae9-2ab1670894bc,2026-04-27,unavailable,,,2026-04-26T16:27:57.563089+00:00,2026-04-26T16:27:57.373+00:00,,,
e7680b66-cbc8-4e45-b482-f51c2121b1cb,d366129f-9ec9-4f9d-a4d9-dd76408778d2,7a5fd02b-2248-4492-bae9-2ab1670894bc,2026-04-27,unavailable,,,2026-04-26T16:27:57.563089+00:00,2026-04-26T16:27:57.373+00:00,,,
bca8f650-7ea5-4015-bc41-bcd168a496e5,c2cbd94e-49da-4aa5-b4b5-070bb2aae1de,7a5fd02b-2248-4492-bae9-2ab1670894bc,2026-04-27,unavailable,,,2026-04-26T16:27:57.563089+00:00,2026-04-26T16:27:57.373+00:00,,,
22fd6bfd-cdc1-414a-b91d-55ae20353dbd,2070ea5c-435b-4080-9a08-46095b69baca,7a5fd02b-2248-4492-bae9-2ab1670894bc,2026-04-27,unavailable,,,2026-04-26T16:27:57.563089+00:00,2026-04-26T16:27:57.373+00:00,,,
c0c0b2fa-c199-403c-8fbd-988d4c3e1e47,d399f7cb-cd56-4360-9e60-ccab8382fb61,7a5fd02b-2248-4492-bae9-2ab1670894bc,2026-04-27,unavailable,,,2026-04-26T16:27:57.563089+00:00,2026-04-26T16:27:57.373+00:00,,,
bfa59912-649c-42c2-9f10-853d823c794f,e29757bb-c15b-4791-8b7e-c0e26dbc2d4c,7a5fd02b-2248-4492-bae9-2ab1670894bc,2026-04-27,unavailable,,,2026-04-26T16:27:57.563089+00:00,2026-04-26T16:27:57.373+00:00,,,
ef12c33b-1dbf-4949-8db7-49fdf57158b4,72322dd6-8045-401b-aa0e-67ed58ebe0ff,7a5fd02b-2248-4492-bae9-2ab1670894bc,2026-04-27,unavailable,,,2026-04-26T16:27:57.563089+00:00,2026-04-26T16:27:57.373+00:00,,,
778fd3c3-3cd5-4d49-8c07-9ee26f182239,ad510ff3-14e5-40fa-b454-26ebc4bf299c,7a5fd02b-2248-4492-bae9-2ab1670894bc,2026-04-27,unavailable,,,2026-04-26T16:27:57.563089+00:00,2026-04-26T16:27:57.373+00:00,,,
5c440ba9-69fd-4b4b-a2f9-57aae69633c5,b90584d8-fc78-420b-91e1-490117cd30cd,7a5fd02b-2248-4492-bae9-2ab1670894bc,2026-04-27,unavailable,,,2026-04-26T16:27:57.563089+00:00,2026-04-26T16:27:57.373+00:00,,,
34d4e96e-55dd-42e7-9bc7-ff56776cf400,dff21156-fd38-405e-a857-e7ad8bffa7f5,7a5fd02b-2248-4492-bae9-2ab1670894bc,2026-04-27,unavailable,,,2026-04-26T16:27:57.563089+00:00,2026-04-26T16:27:57.373+00:00,,,
cf7a599c-8d6c-47c4-876b-13a6b1e9f616,cde06dcc-2c7a-4476-8a23-469ecb9e3940,7a5fd02b-2248-4492-bae9-2ab1670894bc,2026-04-27,unavailable,,,2026-04-26T16:27:57.563089+00:00,2026-04-26T16:27:57.373+00:00,,,
b7915277-1c87-4167-9286-63eee13dde76,e81c39b6-82fe-4505-b835-ed93e4220988,7a5fd02b-2248-4492-bae9-2ab1670894bc,2026-04-27,unavailable,,,2026-04-26T16:27:57.563089+00:00,2026-04-26T16:27:57.373+00:00,,,
963e4937-1d0e-4898-bf7b-f47f0df8d2e9,11848d52-fa67-4b56-8b9e-87239a753911,7a5fd02b-2248-4492-bae9-2ab1670894bc,2026-04-27,unavailable,,,2026-04-26T16:27:57.563089+00:00,2026-04-26T16:27:57.373+00:00,,,
22f096cc-babd-4fe8-8a10-84e8bd3b89e6,7dde3a19-d1ad-4170-a663-7bd83ee8d3a2,7a5fd02b-2248-4492-bae9-2ab1670894bc,2026-04-27,unavailable,,,2026-04-26T16:27:57.563089+00:00,2026-04-26T16:27:57.373+00:00,,,
7bc9b0d2-1146-41f4-b48f-9816ec17bf63,e17fe9fd-652f-4542-8a29-65e80a791a00,7a5fd02b-2248-4492-bae9-2ab1670894bc,2026-04-27,unavailable,,,2026-04-26T16:27:57.563089+00:00,2026-04-26T16:27:57.373+00:00,,,
39675091-2bb2-4eef-b879-fa398d65d04c,f14e1eaa-9677-4120-b8b5-37209f399915,7a5fd02b-2248-4492-bae9-2ab1670894bc,2026-04-27,unavailable,,,2026-04-26T16:27:57.563089+00:00,2026-04-26T16:27:57.373+00:00,,,
e4f49854-bb3d-4c78-94a4-8073ff50fbed,fb11eb56-4d65-413d-8125-ae24b42ae442,7a5fd02b-2248-4492-bae9-2ab1670894bc,2026-04-27,unavailable,,,2026-04-26T16:27:57.563089+00:00,2026-04-26T16:27:57.373+00:00,,,
f694cd5b-0a0a-47dc-8871-3cbcd426c9ec,c9f1257a-9015-4783-86de-82819569ea0a,7a5fd02b-2248-4492-bae9-2ab1670894bc,2026-04-27,unavailable,,,2026-04-26T16:27:57.563089+00:00,2026-04-26T16:27:57.373+00:00,,,
f947171c-ff2e-4fa8-b9a5-bed0ca186f7f,336fc578-e349-4e59-bcd2-e1c2b1beadb3,7a5fd02b-2248-4492-bae9-2ab1670894bc,2026-04-27,unavailable,,,2026-04-26T16:27:57.563089+00:00,2026-04-26T16:27:57.373+00:00,,,
5bb36f63-9134-4602-9225-ce49e3497a37,f0c608fc-95ab-4c48-a3ba-877a7937f660,7a5fd02b-2248-4492-bae9-2ab1670894bc,2026-04-27,unavailable,,,2026-04-26T16:27:57.563089+00:00,2026-04-26T16:27:57.373+00:00,,,
b85d9344-5428-4c48-b0ed-4bb72f32ca42,10a1cffa-f6d9-4692-8d99-cec08f07ef0d,7a5fd02b-2248-4492-bae9-2ab1670894bc,2026-04-27,unavailable,,,2026-04-26T16:27:57.563089+00:00,2026-04-26T16:27:57.373+00:00,,,
58544adc-d35b-4fc5-8f8a-07ebbda31617,0ae60db8-9ea0-479d-aa4a-55755241cad5,7a5fd02b-2248-4492-bae9-2ab1670894bc,2026-04-27,unavailable,,,2026-04-26T16:27:57.563089+00:00,2026-04-26T16:27:57.373+00:00,,,
ff2bc850-dd9a-40f6-a4a2-3f8c56432ad1,be637780-281f-4436-8c97-6efb129cfd2b,7a5fd02b-2248-4492-bae9-2ab1670894bc,2026-04-27,unavailable,,,2026-04-26T16:27:57.563089+00:00,2026-04-26T16:27:57.373+00:00,,,
6976bfeb-7b38-48a7-b8cd-b7466364db00,c3916820-1dce-4d0e-a249-f47e95d54255,7a5fd02b-2248-4492-bae9-2ab1670894bc,2026-04-27,unavailable,,,2026-04-26T16:27:57.563089+00:00,2026-04-26T16:27:57.373+00:00,,,
5addcce0-b7b1-4ebb-88a7-c6e5f0583040,f30e6ede-1de9-4e46-a56d-384b77d3780e,7a5fd02b-2248-4492-bae9-2ab1670894bc,2026-04-27,unavailable,,,2026-04-26T16:27:57.563089+00:00,2026-04-26T16:27:57.373+00:00,,,
412b3d9e-2b96-4893-b802-96ff9077632b,f3d61783-a8b2-4f4d-bdca-caa6f8e0e54a,7a5fd02b-2248-4492-bae9-2ab1670894bc,2026-04-27,unavailable,,,2026-04-26T16:27:57.563089+00:00,2026-04-26T16:27:57.373+00:00,,,
5c6e6b76-f2d2-41c0-af65-79bd0dd4349c,2f002bb7-6444-4ace-87ff-7c547b3f03bd,7a5fd02b-2248-4492-bae9-2ab1670894bc,2026-04-27,unavailable,,,2026-04-26T16:27:57.563089+00:00,2026-04-26T16:27:57.373+00:00,,,
fab6ed4f-c5f1-46a8-9d94-2e8d3c6b2bf1,0e124df5-de3e-4013-a192-423ea8975de4,7a5fd02b-2248-4492-bae9-2ab1670894bc,2026-04-27,unavailable,,,2026-04-26T16:27:57.563089+00:00,2026-04-26T16:27:57.373+00:00,,,
03dba8c8-ceec-4089-8452-ea642129ac8c,04912bb8-8ae3-47d1-b26e-21cc9c673432,7a5fd02b-2248-4492-bae9-2ab1670894bc,2026-04-27,unavailable,,,2026-04-26T16:27:57.563089+00:00,2026-04-26T16:27:57.373+00:00,,,
7b89e629-e400-490e-bb66-7a2c3202dbdf,4ced9319-ef22-4afb-8131-15662b65ef52,7a5fd02b-2248-4492-bae9-2ab1670894bc,2026-04-27,unavailable,,,2026-04-26T16:27:57.563089+00:00,2026-04-26T16:27:57.373+00:00,,,
3ff4f366-b8d6-4e93-b232-d2c00e2bd353,111ca1c2-8e31-471a-bae3-0da35ce73b81,7a5fd02b-2248-4492-bae9-2ab1670894bc,2026-04-27,unavailable,,,2026-04-26T16:27:57.563089+00:00,2026-04-26T16:27:57.373+00:00,,,
2286d008-9c67-49e9-a3c1-40dbadfe6a5a,e4368078-2f9e-44f5-bafe-48f8b1fa741f,7a5fd02b-2248-4492-bae9-2ab1670894bc,2026-04-27,unavailable,,,2026-04-26T16:27:57.563089+00:00,2026-04-26T16:27:57.373+00:00,,,
1a818a50-43de-4b2c-8a79-35cd58d9c0cd,6176833b-8baf-4d60-84c7-6e2546e070c0,7a5fd02b-2248-4492-bae9-2ab1670894bc,2026-04-27,unavailable,,,2026-04-26T16:27:57.563089+00:00,2026-04-26T16:27:57.373+00:00,,,
e3799c8c-32ad-4033-8166-6127d0c6f278,f6145d14-6ea4-47b8-b171-5485403ce4a8,7a5fd02b-2248-4492-bae9-2ab1670894bc,2026-04-27,unavailable,,,2026-04-26T16:27:57.563089+00:00,2026-04-26T16:27:57.373+00:00,,,
d853e411-c8e5-435d-9f24-ccff2cdfad55,d37629f0-f0aa-401f-931d-d6af6da3b86c,7a5fd02b-2248-4492-bae9-2ab1670894bc,2026-04-27,unavailable,,,2026-04-26T16:27:57.563089+00:00,2026-04-26T16:27:57.373+00:00,,,
efeff0c3-f40a-4035-a84a-75ba325e3805,405a5d42-18bf-4fed-9975-efc1f85edb15,7a5fd02b-2248-4492-bae9-2ab1670894bc,2026-04-27,unavailable,,,2026-04-26T16:27:57.563089+00:00,2026-04-26T16:27:57.373+00:00,,,
c7eef14c-2d68-4f6f-903d-8b762a6aa5c5,309781c4-ed69-40dc-860a-712d7414d66e,7a5fd02b-2248-4492-bae9-2ab1670894bc,2026-04-27,unavailable,,,2026-04-26T16:27:57.563089+00:00,2026-04-26T16:27:57.373+00:00,,,
f73bb161-67ea-4941-9d8c-480d5cc8b53e,b0017451-3a96-49f3-9e48-ea4ef19383bf,7a5fd02b-2248-4492-bae9-2ab1670894bc,2026-04-27,unavailable,,,2026-04-26T16:27:57.563089+00:00,2026-04-26T16:27:57.373+00:00,,,
89b05d65-1551-473c-9bba-0ee6904e2120,25317688-27ec-456d-8b73-c00ff0ad3284,7a5fd02b-2248-4492-bae9-2ab1670894bc,2026-04-27,unavailable,,,2026-04-26T16:27:57.563089+00:00,2026-04-26T16:27:57.373+00:00,,,
36999ce3-e5c5-4222-a223-df67d85aa559,048e8a46-b58e-4c8d-9cd8-f93ec8ad107a,7a5fd02b-2248-4492-bae9-2ab1670894bc,2026-04-27,unavailable,,,2026-04-26T16:27:57.563089+00:00,2026-04-26T16:27:57.373+00:00,,,
ff52c1ec-a135-4e78-9963-7953ab137bd1,2d7c5b8a-f3f9-462d-a7b0-06f5ac2dc976,fbb296de-dba2-4b23-9c3b-5c1285997b41,2026-04-11,available,,,2026-04-11T07:13:59.841+00:00,2026-04-11T07:14:08.730631+00:00,,,
26274b09-b326-4d4c-ac64-d1e1afa035c8,3a05fc41-5bd0-49c1-8c7c-21a4a1c6fcf4,fbb296de-dba2-4b23-9c3b-5c1285997b41,2026-04-11,available,,,2026-04-11T07:13:59.841+00:00,2026-04-11T07:14:08.730631+00:00,,,
c2a9e813-21eb-4a6e-9fc2-535cf041fb68,80715009-1569-4eb1-bc15-3f1b74e45280,fbb296de-dba2-4b23-9c3b-5c1285997b41,2026-04-11,available,,,2026-04-11T07:13:59.841+00:00,2026-04-11T07:14:08.730631+00:00,,,
08e72db4-5a0c-4ec6-86e5-bc40788e7ea9,aa1f52af-a81a-43fc-84f2-8739dc579d52,fbb296de-dba2-4b23-9c3b-5c1285997b41,2026-04-11,available,,,2026-04-11T07:13:59.841+00:00,2026-04-11T07:14:08.730631+00:00,,,
36d678bd-cb8b-45f4-b460-9a81e49f70da,70434006-1d15-4b04-aa28-3d45dde2a641,fbb296de-dba2-4b23-9c3b-5c1285997b41,2026-04-11,available,,,2026-04-11T07:13:59.841+00:00,2026-04-11T07:14:08.730631+00:00,,,
3c42e1b3-5fc5-4f3b-b3d6-50652eaf86fd,0abbd494-b25b-4f13-a55e-dcf6db986965,fbb296de-dba2-4b23-9c3b-5c1285997b41,2026-04-11,available,,,2026-04-11T07:13:59.841+00:00,2026-04-11T07:14:08.730631+00:00,,,
2aa03403-75dc-43ef-8f00-eb787fc3f49b,bcd7e7fd-91d0-47a4-a561-3327481cd9ed,fbb296de-dba2-4b23-9c3b-5c1285997b41,2026-04-11,available,,,2026-04-11T07:13:59.841+00:00,2026-04-11T07:14:08.730631+00:00,,,
6266cfc9-1c86-4f50-87f8-113877b59eaf,52ecfb86-603a-49a2-bed5-ff0ced64f464,a7e93193-d6a7-4f39-b11b-6ceb9b0a17f1,2026-04-13,unavailable,,,2026-04-13T04:16:03.800218+00:00,2026-04-13T08:54:44.753272+00:00,,,
1cc61b46-1401-43e9-bd1b-8889474eb546,de3020b4-e754-4b71-a352-c99160240de4,a7e93193-d6a7-4f39-b11b-6ceb9b0a17f1,2026-04-13,unavailable,,,2026-04-13T04:16:03.800218+00:00,2026-04-13T08:54:44.753272+00:00,,,
5cdc2d11-425b-4cc4-b767-6ebb261bc24a,d675726f-44a7-475c-9b4b-9ba2bf13996d,a7e93193-d6a7-4f39-b11b-6ceb9b0a17f1,2026-04-13,unavailable,,,2026-04-13T04:16:03.800218+00:00,2026-04-13T08:54:44.753272+00:00,,,
2b378bc7-207f-4ba0-93c6-89a2f4d82958,07c6eec6-46c9-4e7c-8cab-a524795d38b7,a7e93193-d6a7-4f39-b11b-6ceb9b0a17f1,2026-04-13,unavailable,,,2026-04-13T04:16:03.800218+00:00,2026-04-13T08:54:44.753272+00:00,,,
d85dbbbb-4164-4fa1-a2aa-956cdf13433c,94301ae3-f29e-44c7-a4e4-94add65ee641,a7e93193-d6a7-4f39-b11b-6ceb9b0a17f1,2026-04-13,unavailable,,,2026-04-13T04:16:03.800218+00:00,2026-04-13T08:54:44.753272+00:00,,,
e371ea33-5606-42b0-b593-b229c0c9c31d,62ef1b1f-0f0c-4ea8-ae97-8262c836aca4,fbb296de-dba2-4b23-9c3b-5c1285997b41,2026-04-11,available,,,2026-04-11T07:13:59.841+00:00,2026-04-11T07:14:08.730631+00:00,,,
5ed37ce3-d90d-4429-9c21-6991226b4167,b7208d85-35b3-448f-8cbe-35500f1559dd,fbb296de-dba2-4b23-9c3b-5c1285997b41,2026-04-11,available,,,2026-04-11T07:13:59.841+00:00,2026-04-11T07:14:08.730631+00:00,,,
c50a7779-72ff-4702-9d48-8f10cda5dbff,20a2301c-797c-4953-9efd-b28ccf27e775,fbb296de-dba2-4b23-9c3b-5c1285997b41,2026-04-11,available,,,2026-04-11T07:13:59.841+00:00,2026-04-11T07:14:08.730631+00:00,,,
e326f788-8fc8-4f8f-930d-1697b160f40a,40b5c780-6569-4806-8e95-e2c92eaa87c9,fbb296de-dba2-4b23-9c3b-5c1285997b41,2026-04-11,available,,,2026-04-11T07:13:59.841+00:00,2026-04-11T07:14:08.730631+00:00,,,
142ebbca-c20b-40fd-be35-4ee4952b3f5a,d78ec394-051b-4132-aa11-92a24197f565,fbb296de-dba2-4b23-9c3b-5c1285997b41,2026-04-11,available,,,2026-04-11T07:13:59.841+00:00,2026-04-11T07:14:08.730631+00:00,,,
7c043afc-db76-4d61-9df9-f6157815f769,4f62f2d1-3fe0-4f77-a6e4-747bc5e8c87e,fbb296de-dba2-4b23-9c3b-5c1285997b41,2026-04-11,available,,,2026-04-11T07:13:59.841+00:00,2026-04-11T07:14:08.730631+00:00,,,
4317d9bb-cd90-4921-bc4e-4d545597e6e9,105a17f7-180a-4bb1-825c-6144eae25b9b,fbb296de-dba2-4b23-9c3b-5c1285997b41,2026-04-11,available,,,2026-04-11T07:13:59.841+00:00,2026-04-11T07:14:08.730631+00:00,,,
d70bb823-b59e-458c-b858-ca21255ad3d7,b56af66b-bf5b-40d8-9c9c-da4455afe5e3,fbb296de-dba2-4b23-9c3b-5c1285997b41,2026-04-11,available,,,2026-04-11T07:13:59.841+00:00,2026-04-11T07:14:08.730631+00:00,,,
9041cfde-2255-4275-8915-0b90efc27779,e61bb04a-6523-4f0a-b945-dae17b2ab3c6,fbb296de-dba2-4b23-9c3b-5c1285997b41,2026-04-11,available,,,2026-04-11T07:13:59.841+00:00,2026-04-11T07:14:08.730631+00:00,,,
82b78fd8-4435-4283-a354-26b5234c278c,b8e32f9a-56c0-4915-9d71-413234d11bff,fbb296de-dba2-4b23-9c3b-5c1285997b41,2026-04-11,available,,,2026-04-11T07:13:59.841+00:00,2026-04-11T07:14:08.730631+00:00,,,
2da3dfb2-ae19-4414-bec7-b7aee1d0a83e,b8717778-400b-49a6-bbc6-bce3d5e29c48,fbb296de-dba2-4b23-9c3b-5c1285997b41,2026-04-11,available,,,2026-04-11T07:13:59.841+00:00,2026-04-11T07:14:08.730631+00:00,,,
aa4472d5-c000-4ab8-8159-c26c786dcda9,1ef573f5-82a5-437f-b478-f09a7c3a3b06,fbb296de-dba2-4b23-9c3b-5c1285997b41,2026-04-11,available,,,2026-04-11T07:13:59.841+00:00,2026-04-11T07:14:08.730631+00:00,,,
17476e14-941a-473f-a2e7-a5808c4ae9ad,fc567f21-d1c4-4360-90b4-2837eaf9e2e8,fbb296de-dba2-4b23-9c3b-5c1285997b41,2026-04-11,available,,,2026-04-11T07:13:59.841+00:00,2026-04-11T07:14:08.730631+00:00,,,
afcc0402-42ce-4387-b75d-2cf8877f7096,1fba7f38-e8ac-4d0a-a165-40681248749a,fbb296de-dba2-4b23-9c3b-5c1285997b41,2026-04-11,available,,,2026-04-11T07:13:59.841+00:00,2026-04-11T07:14:08.730631+00:00,,,
e5cb575b-aaff-4820-83bb-27e3df0ed627,a2039f51-91f6-4381-a452-6b9f6c351a31,fbb296de-dba2-4b23-9c3b-5c1285997b41,2026-04-11,available,,,2026-04-11T07:13:59.841+00:00,2026-04-11T07:14:08.730631+00:00,,,
1e5ff52f-daf1-46f0-9300-b00a3e5d938b,d4056769-a0cc-4a7e-9ca6-7a0f6d868df5,fbb296de-dba2-4b23-9c3b-5c1285997b41,2026-04-11,available,,,2026-04-11T07:13:59.841+00:00,2026-04-11T07:14:08.730631+00:00,,,
3b598950-846f-4aa7-8439-46af8965d140,2c6f9099-8630-4310-9a1c-b81f5170e839,fbb296de-dba2-4b23-9c3b-5c1285997b41,2026-04-11,available,,,2026-04-11T07:13:59.841+00:00,2026-04-11T07:14:08.730631+00:00,,,
952f5ba8-3a9c-4b4a-a947-8094954b2b06,772df8d5-6962-487a-99d2-78d6ef150e85,fbb296de-dba2-4b23-9c3b-5c1285997b41,2026-04-11,available,,,2026-04-11T07:13:59.841+00:00,2026-04-11T07:14:08.730631+00:00,,,
881fcee0-da85-4572-a604-527650e7b7a9,a02772eb-54d3-4b3f-97a6-223043efe589,fbb296de-dba2-4b23-9c3b-5c1285997b41,2026-04-11,available,,,2026-04-11T07:13:59.841+00:00,2026-04-11T07:14:08.730631+00:00,,,
7276c203-f51a-432c-829f-21a64bb29b56,1cd8cacb-9218-4990-9bbf-a2e7ce216f54,fbb296de-dba2-4b23-9c3b-5c1285997b41,2026-04-11,available,,,2026-04-11T07:13:59.841+00:00,2026-04-11T07:14:08.730631+00:00,,,
ba7f2b90-a7b3-4b80-99ed-8c8ea38871a8,942cbf39-99e6-40cd-8034-2eacf88611f2,fbb296de-dba2-4b23-9c3b-5c1285997b41,2026-04-11,available,,,2026-04-11T07:13:59.841+00:00,2026-04-11T07:14:08.730631+00:00,,,
22d3bf80-d3cf-4ee0-9cd6-9c0d893592a9,5d2be0b1-c8e4-4de7-becc-b24c8655215d,fbb296de-dba2-4b23-9c3b-5c1285997b41,2026-04-11,available,,,2026-04-11T07:13:59.841+00:00,2026-04-11T07:14:08.730631+00:00,,,
367a4767-b327-45ac-807e-af541500a31a,ff117f7e-e829-4c9b-94be-583211e2b8eb,fbb296de-dba2-4b23-9c3b-5c1285997b41,2026-04-11,available,,,2026-04-11T07:13:59.841+00:00,2026-04-11T07:14:08.730631+00:00,,,
7e671e63-762f-483a-b2e0-50178ca1fe61,47a0a430-3e3c-4cb4-85c9-47cc22a0b918,fbb296de-dba2-4b23-9c3b-5c1285997b41,2026-04-11,available,,,2026-04-11T07:13:59.841+00:00,2026-04-11T07:14:08.730631+00:00,,,
23f0f6f1-f414-4712-815f-40806612c54d,a5ac6324-2319-4372-a71b-2fcd580315da,fbb296de-dba2-4b23-9c3b-5c1285997b41,2026-04-11,available,,,2026-04-11T07:13:59.841+00:00,2026-04-11T07:14:08.730631+00:00,,,
df19e77f-fac0-498a-8a88-182421232404,9da89b63-0331-4cc7-a3cd-61ca235b49f7,fbb296de-dba2-4b23-9c3b-5c1285997b41,2026-04-11,available,,,2026-04-11T07:13:59.841+00:00,2026-04-11T07:14:08.730631+00:00,,,
ee7665b8-aa84-447a-8018-491fe1b4c23b,c6110ff1-93d1-471e-b0b1-bdb584068e25,fbb296de-dba2-4b23-9c3b-5c1285997b41,2026-04-11,available,,,2026-04-11T07:13:59.841+00:00,2026-04-11T07:14:08.730631+00:00,,,
1611ce04-57e8-49f5-b26c-c292ac8149ad,f64ae6e9-98b8-4d49-96ba-8d2b7cb99216,fbb296de-dba2-4b23-9c3b-5c1285997b41,2026-04-11,available,,,2026-04-11T07:13:59.841+00:00,2026-04-11T07:14:08.730631+00:00,,,
9115f812-56d9-4072-a1df-e7d4e9ed41d0,267a7ea2-953e-49dd-8b14-79e115a8efc7,fbb296de-dba2-4b23-9c3b-5c1285997b41,2026-04-11,available,,,2026-04-11T07:13:59.841+00:00,2026-04-11T07:14:08.730631+00:00,,,
310e544a-fa33-48ea-88c1-48e5b67e4154,1b643468-628a-4ec8-a769-b0ae8bc8af71,fbb296de-dba2-4b23-9c3b-5c1285997b41,2026-04-11,available,,,2026-04-11T07:13:59.841+00:00,2026-04-11T07:14:08.730631+00:00,,,
9126698d-c997-47de-b507-604152e4aa94,ba787ccf-f590-4338-a42d-06071e35b23c,fbb296de-dba2-4b23-9c3b-5c1285997b41,2026-04-11,available,,,2026-04-11T07:13:59.841+00:00,2026-04-11T07:14:08.730631+00:00,,,
3ae5c174-ecd9-4f99-8b6a-096ea6776303,aa3c24a5-eb55-4d6d-98a6-1c461b8b808c,fbb296de-dba2-4b23-9c3b-5c1285997b41,2026-04-11,available,,,2026-04-11T07:13:59.841+00:00,2026-04-11T07:14:08.730631+00:00,,,
112c28b5-6e06-4ded-8bae-f236ea35e121,44bdbde8-576d-4d7f-b668-d2f2bf72fb2e,fbb296de-dba2-4b23-9c3b-5c1285997b41,2026-04-11,available,,,2026-04-11T07:13:59.841+00:00,2026-04-11T07:14:08.730631+00:00,,,
f20bf40f-4042-4ae8-8496-fb79a4fc33a2,5da6dc1f-43a1-4182-bea0-4d1036c97b6d,fbb296de-dba2-4b23-9c3b-5c1285997b41,2026-04-11,available,,,2026-04-11T07:13:59.841+00:00,2026-04-11T07:14:08.730631+00:00,,,
5ccb402c-3bcc-499c-9b9a-fe442158693c,49e1f495-eb85-494c-8013-2e0fdceeb50c,fbb296de-dba2-4b23-9c3b-5c1285997b41,2026-04-11,available,,,2026-04-11T07:13:59.841+00:00,2026-04-11T07:14:08.730631+00:00,,,
c8943221-f7ad-4459-bef7-03153a6d3f1c,3523ac42-08ca-43c3-97ae-7ecde7cdb297,fbb296de-dba2-4b23-9c3b-5c1285997b41,2026-04-11,available,,,2026-04-11T07:13:59.841+00:00,2026-04-11T07:14:08.730631+00:00,,,
caf8463b-3a7f-4f09-9e1c-785aad1b254e,6a383d81-af24-4d74-a14e-ec5dd8b4653d,fbb296de-dba2-4b23-9c3b-5c1285997b41,2026-04-11,available,,,2026-04-11T07:13:59.841+00:00,2026-04-11T07:14:08.730631+00:00,,,
98a6ce29-32df-4d3b-b61c-fb9eea7512ba,21d117ac-f8fb-45fd-bf02-a0f11942e9a3,fbb296de-dba2-4b23-9c3b-5c1285997b41,2026-04-11,available,,,2026-04-11T07:13:59.841+00:00,2026-04-11T07:14:08.730631+00:00,,,
ac1a3577-0da5-40e6-a650-e36546f6ac74,5d480edd-15b4-4457-b01b-8b369f82cae4,fbb296de-dba2-4b23-9c3b-5c1285997b41,2026-04-11,available,,,2026-04-11T07:13:59.841+00:00,2026-04-11T07:14:08.730631+00:00,,,
201fb828-b94b-4658-a357-6b534465c24b,b0d98b9a-7524-48e8-89b3-d8a93d7340c8,fbb296de-dba2-4b23-9c3b-5c1285997b41,2026-04-11,available,,,2026-04-11T07:13:59.841+00:00,2026-04-11T07:14:08.730631+00:00,,,
2f89cf19-fe46-49cf-b2cb-aa9e2b77f617,cafd9f72-ec03-41b9-9660-321eb178895e,fbb296de-dba2-4b23-9c3b-5c1285997b41,2026-04-11,available,,,2026-04-11T07:13:59.841+00:00,2026-04-11T07:14:08.730631+00:00,,,
9ee442d3-18f8-4bf0-9790-8a0ecc076314,09a16f0b-ece0-4ad2-918d-5fef33c1becd,fbb296de-dba2-4b23-9c3b-5c1285997b41,2026-04-11,available,,,2026-04-11T07:13:59.841+00:00,2026-04-11T07:14:08.730631+00:00,,,
25360e81-a429-4601-b699-8c7d99834452,3094309a-9f88-431b-8e3e-a2c8dfade33d,fbb296de-dba2-4b23-9c3b-5c1285997b41,2026-04-11,available,,,2026-04-11T07:13:59.841+00:00,2026-04-11T07:14:08.730631+00:00,,,
ac237b05-1cf1-4478-b1c8-049bfb2ed44d,f928dfeb-fbe7-4518-a98a-0d77b37478dc,fbb296de-dba2-4b23-9c3b-5c1285997b41,2026-04-11,available,,,2026-04-11T07:13:59.841+00:00,2026-04-11T07:14:08.730631+00:00,,,
c56436d8-5f32-4473-bb60-43b1bacd63c9,0299c9ab-abbe-49fa-a8ea-2f63027fb6f5,fbb296de-dba2-4b23-9c3b-5c1285997b41,2026-04-11,available,,,2026-04-11T07:13:59.841+00:00,2026-04-11T07:14:08.730631+00:00,,,
55951b02-8556-4359-b537-8dc0474a3da8,bad52eee-5a53-493c-9760-b6beca52b9cb,fbb296de-dba2-4b23-9c3b-5c1285997b41,2026-04-11,available,,,2026-04-11T07:13:59.841+00:00,2026-04-11T07:14:08.730631+00:00,,,
6ffae697-b801-477d-b32f-14b8594f2f6d,7308a611-e53e-46be-bf03-8b6ba3d6776d,fbb296de-dba2-4b23-9c3b-5c1285997b41,2026-04-11,available,,,2026-04-11T07:13:59.841+00:00,2026-04-11T07:14:08.730631+00:00,,,
49df4c4e-d6bb-492c-a6f8-e2a185a76096,78352cbe-90e6-4e26-8e68-95ff4931e2a4,fbb296de-dba2-4b23-9c3b-5c1285997b41,2026-04-11,available,,,2026-04-11T07:13:59.841+00:00,2026-04-11T07:14:08.730631+00:00,,,
0aa10f14-c2e3-4caf-9752-2ecb77e806a4,02e3c03b-5da1-4900-9a00-7c22f8e54505,fbb296de-dba2-4b23-9c3b-5c1285997b41,2026-04-11,available,,,2026-04-11T07:13:59.841+00:00,2026-04-11T07:14:08.730631+00:00,,,
87898c82-66a5-435a-86a5-a8275a3d70e7,eca26cbb-d6eb-4cf3-bded-833d0c82c2cc,fbb296de-dba2-4b23-9c3b-5c1285997b41,2026-04-11,available,,,2026-04-11T07:13:59.841+00:00,2026-04-11T07:14:08.730631+00:00,,,
783654e6-7133-43e8-a5fd-c49999b20f37,2f3c7437-50fb-4e17-a781-08f140fa8f77,fbb296de-dba2-4b23-9c3b-5c1285997b41,2026-04-11,available,,,2026-04-11T07:13:59.841+00:00,2026-04-11T07:14:08.730631+00:00,,,
7ad30b68-9e29-41c6-9087-8b2835de33a3,0a36520c-f191-437c-9745-c85a53861102,fbb296de-dba2-4b23-9c3b-5c1285997b41,2026-04-11,available,,,2026-04-11T07:13:59.841+00:00,2026-04-11T07:14:08.730631+00:00,,,
a2fc50cc-bb57-4bca-93ef-c97039681ed5,feaad469-a829-41b2-988e-5efed6c64b6c,fbb296de-dba2-4b23-9c3b-5c1285997b41,2026-04-11,available,,,2026-04-11T07:13:59.841+00:00,2026-04-11T07:14:08.730631+00:00,,,
8aea94fa-f3a4-485d-96db-65e5733fc716,3cb29cc2-866b-4360-90a3-15d01db8714a,fbb296de-dba2-4b23-9c3b-5c1285997b41,2026-04-11,available,,,2026-04-11T07:13:59.841+00:00,2026-04-11T07:14:08.730631+00:00,,,
c88055b6-f9b5-46c2-a7bb-008e60d9e729,89deecdc-4aaf-4b43-9716-bc54563a3e98,fbb296de-dba2-4b23-9c3b-5c1285997b41,2026-04-11,available,,,2026-04-11T07:13:59.841+00:00,2026-04-11T07:14:08.730631+00:00,,,
a703ebe1-6a07-4553-9cba-417ac31d7638,b11df9b7-4ce3-409d-9a00-1ccc44bf334f,fbb296de-dba2-4b23-9c3b-5c1285997b41,2026-04-11,available,,,2026-04-11T07:13:59.841+00:00,2026-04-11T07:14:08.730631+00:00,,,
cc75f468-c385-462e-ae97-8e75c85ae9ad,47c5aed7-be06-44b8-8ca9-c898e5aeea76,fbb296de-dba2-4b23-9c3b-5c1285997b41,2026-04-11,available,,,2026-04-11T07:13:59.841+00:00,2026-04-11T07:14:08.730631+00:00,,,
3aa386bd-de5c-4d91-84be-4109e85ce491,66056ffe-bed5-4f29-9efc-b3451224d474,fbb296de-dba2-4b23-9c3b-5c1285997b41,2026-04-11,available,,,2026-04-11T07:13:59.841+00:00,2026-04-11T07:14:08.730631+00:00,,,
380601bf-36e7-474c-9073-5ff60f48376d,2c6d8e1e-5fca-4ef0-8171-db565a70bb02,fbb296de-dba2-4b23-9c3b-5c1285997b41,2026-04-11,available,,,2026-04-11T07:13:59.841+00:00,2026-04-11T07:14:08.730631+00:00,,,
0e75b620-b486-4bba-bed1-6c9bc9207062,4cb1a70a-69ff-40a0-a510-294ba986d499,fbb296de-dba2-4b23-9c3b-5c1285997b41,2026-04-11,available,,,2026-04-11T07:13:59.841+00:00,2026-04-11T07:14:08.730631+00:00,,,
2254a0fc-c7ae-4bbc-b722-640f39d0757e,51bd07e8-04c4-4564-af34-8d952def0f8d,fbb296de-dba2-4b23-9c3b-5c1285997b41,2026-04-11,available,,,2026-04-11T07:13:59.841+00:00,2026-04-11T07:14:08.730631+00:00,,,
9f8626a0-44bd-41a2-8099-d6175541a9ac,7de4b628-ab0b-4d70-96e8-d8b7f23fbfdd,fbb296de-dba2-4b23-9c3b-5c1285997b41,2026-04-11,available,,,2026-04-11T07:13:59.841+00:00,2026-04-11T07:14:08.730631+00:00,,,
7d65d804-05cc-4471-8a5f-51d1fd1b49f8,abe101e7-ab70-43a7-bba2-e161bcd2b73e,fbb296de-dba2-4b23-9c3b-5c1285997b41,2026-04-11,available,,,2026-04-11T07:13:59.841+00:00,2026-04-11T07:14:08.730631+00:00,,,
206f7219-568c-4b9b-ac1b-9ba6902be8b9,45a1142b-7760-4e8c-a1af-989c15a5fdc4,fbb296de-dba2-4b23-9c3b-5c1285997b41,2026-04-11,available,,,2026-04-11T07:13:59.841+00:00,2026-04-11T07:14:08.730631+00:00,,,
41e6ad48-bba9-41dd-a79a-0099a14e9300,5b3f4657-21b0-44a7-8f0a-3f0ecd43f712,fbb296de-dba2-4b23-9c3b-5c1285997b41,2026-04-11,available,,,2026-04-11T07:13:59.841+00:00,2026-04-11T07:14:08.730631+00:00,,,
2d76dac1-e85d-42a4-93fe-cf1c6cfd2ec3,fc189420-99ea-4786-a143-2314e7653949,fbb296de-dba2-4b23-9c3b-5c1285997b41,2026-04-11,available,,,2026-04-11T07:13:59.841+00:00,2026-04-11T07:14:08.730631+00:00,,,
581cc81a-aa36-44b0-bd7e-23b3d4c10576,9bc2c597-4686-47a2-bdce-22b9ce02d3dd,fbb296de-dba2-4b23-9c3b-5c1285997b41,2026-04-11,available,,,2026-04-11T07:13:59.841+00:00,2026-04-11T07:14:08.730631+00:00,,,
d51135b2-f49e-4d63-96c1-4cecb2df74d8,10c6b8e6-72c6-4198-8dbb-9afc48473d68,fbb296de-dba2-4b23-9c3b-5c1285997b41,2026-04-11,available,,,2026-04-11T07:13:59.841+00:00,2026-04-11T07:14:08.730631+00:00,,,
9e891678-25a9-4d4e-b33a-2539ec51b610,c8b51b5d-7fe1-40db-ad18-7b79258828a1,fbb296de-dba2-4b23-9c3b-5c1285997b41,2026-04-11,available,,,2026-04-11T07:13:59.841+00:00,2026-04-11T07:14:08.730631+00:00,,,
e3d97672-cdc6-43d7-9f65-91abdf52e876,6f6dcd58-46f9-4796-8b12-f65aeb26ab1e,fbb296de-dba2-4b23-9c3b-5c1285997b41,2026-04-11,available,,,2026-04-11T07:13:59.841+00:00,2026-04-11T07:14:08.730631+00:00,,,
80108810-4c58-44e1-9a81-910bb5501cdf,188cfea9-8ce2-4ee6-aa4a-8ace3bb24307,fbb296de-dba2-4b23-9c3b-5c1285997b41,2026-04-11,available,,,2026-04-11T07:13:59.841+00:00,2026-04-11T07:14:08.730631+00:00,,,
4f9c500b-d3ea-4c59-b200-5777aa4807cb,bb521bcd-ab51-4458-86ef-2f2b3e9dd4d7,fbb296de-dba2-4b23-9c3b-5c1285997b41,2026-04-11,available,,,2026-04-11T07:13:59.841+00:00,2026-04-11T07:14:08.730631+00:00,,,
79842b3f-24b7-4bbf-93ad-b035950d491c,28939fc7-49c1-4151-b66e-c707529eb24b,fbb296de-dba2-4b23-9c3b-5c1285997b41,2026-04-11,available,,,2026-04-11T07:13:59.841+00:00,2026-04-11T07:14:08.730631+00:00,,,
0fee7997-b238-487c-880d-e944c743d133,ecbae0c7-4bea-436b-9f87-b80c26ec150f,fbb296de-dba2-4b23-9c3b-5c1285997b41,2026-04-11,available,,,2026-04-11T07:13:59.841+00:00,2026-04-11T07:14:08.730631+00:00,,,
04ed2f58-0e3e-4ce4-9740-9093e8f16fdd,4e678c0c-345b-4cad-8f84-08fb2e61cccd,fbb296de-dba2-4b23-9c3b-5c1285997b41,2026-04-11,available,,,2026-04-11T07:13:59.841+00:00,2026-04-11T07:14:08.730631+00:00,,,
387de6f1-c896-4f22-b4e5-a6f58532739b,acc2e31f-8c70-4ae8-82e0-30c047f6bc1f,fbb296de-dba2-4b23-9c3b-5c1285997b41,2026-04-11,available,,,2026-04-11T07:13:59.841+00:00,2026-04-11T07:14:08.730631+00:00,,,
55a57e87-e939-430e-97af-b3e9fdc69b47,8e08ef07-dafc-46a6-8d05-a8ed0e1cb79c,fbb296de-dba2-4b23-9c3b-5c1285997b41,2026-04-11,available,,,2026-04-11T07:13:59.841+00:00,2026-04-11T07:14:08.730631+00:00,,,
67bcb58f-3ebd-4eee-9512-0795e2d942a6,5faef9e7-1115-4fbf-a391-fc83e8635b70,fbb296de-dba2-4b23-9c3b-5c1285997b41,2026-04-11,available,,,2026-04-11T07:13:59.841+00:00,2026-04-11T07:14:08.730631+00:00,,,
62074811-effb-4175-8491-155f24a0cc2a,53d4c1e2-c93c-4f45-8fb1-f0bd64ef921e,fbb296de-dba2-4b23-9c3b-5c1285997b41,2026-04-11,available,,,2026-04-11T07:13:59.841+00:00,2026-04-11T07:14:08.730631+00:00,,,
dda99d29-f192-46c8-90a9-95798dbb0edb,953a114e-45a0-47ca-8ac0-c0e188cd65c2,fbb296de-dba2-4b23-9c3b-5c1285997b41,2026-04-11,available,,,2026-04-11T07:13:59.841+00:00,2026-04-11T07:14:08.730631+00:00,,,
b0a0b203-098a-43e2-bb80-139c4122b934,25149f32-ee59-48d7-a941-9f6c35ca2855,fbb296de-dba2-4b23-9c3b-5c1285997b41,2026-04-11,available,,,2026-04-11T07:13:59.841+00:00,2026-04-11T07:14:08.730631+00:00,,,
05f58107-9d0f-4a2e-9372-85cc768cadaf,a3d78333-79fb-4040-8a2f-6f43aa351556,fbb296de-dba2-4b23-9c3b-5c1285997b41,2026-04-11,available,,,2026-04-11T07:13:59.841+00:00,2026-04-11T07:14:08.730631+00:00,,,
a41b75b3-8a37-4355-9d91-e13fef07c28e,7190d607-72e8-48cb-96d6-9c43c2d930f3,fbb296de-dba2-4b23-9c3b-5c1285997b41,2026-04-11,available,,,2026-04-11T07:13:59.841+00:00,2026-04-11T07:14:08.730631+00:00,,,
3f80f77e-800f-416d-a100-8d4d5e69d78a,087cb89c-2477-4b80-ae61-2f6d3199d25c,fbb296de-dba2-4b23-9c3b-5c1285997b41,2026-04-11,available,,,2026-04-11T07:13:59.841+00:00,2026-04-11T07:14:08.730631+00:00,,,
49efb40d-5a84-438f-b519-a4c98330fcc5,e466e1b5-0324-484f-be32-9f1e792d73e0,fbb296de-dba2-4b23-9c3b-5c1285997b41,2026-04-11,available,,,2026-04-11T07:13:59.841+00:00,2026-04-11T07:14:08.730631+00:00,,,
377704ca-c892-47bd-bead-cc24b4f10eb7,afb9bf7c-248b-4142-8e01-029b5cbbd4c5,fbb296de-dba2-4b23-9c3b-5c1285997b41,2026-04-11,available,,,2026-04-11T07:13:59.841+00:00,2026-04-11T07:14:08.730631+00:00,,,
6e5a5c0a-3111-40d4-a5e1-182a8402535b,dea0d41c-bb8b-4b5d-a829-28e07fff0010,fbb296de-dba2-4b23-9c3b-5c1285997b41,2026-04-11,available,,,2026-04-11T07:13:59.841+00:00,2026-04-11T07:14:08.730631+00:00,,,
23032e30-6341-4bee-8614-7e2da37aad05,b67bd172-bbd0-48ef-9cda-9d458718bae0,fbb296de-dba2-4b23-9c3b-5c1285997b41,2026-04-11,available,,,2026-04-11T07:13:59.841+00:00,2026-04-11T07:14:08.730631+00:00,,,
f50e66dc-4379-47f2-a7b0-12964494c040,31bb4896-e136-4f61-8c9a-44f45a24b9db,fbb296de-dba2-4b23-9c3b-5c1285997b41,2026-04-11,available,,,2026-04-11T07:13:59.841+00:00,2026-04-11T07:14:08.730631+00:00,,,
3a684fb0-b2ed-49a5-a9a2-a1523e3344a0,e6c3b55d-0838-4760-b4e8-30ec6b724c69,fbb296de-dba2-4b23-9c3b-5c1285997b41,2026-04-11,available,,,2026-04-11T07:13:59.841+00:00,2026-04-11T07:14:08.730631+00:00,,,
3e37b5c0-068b-4d88-bc9a-244b367f7c28,b4e55d8f-e956-442f-a4ad-595da88885fb,fbb296de-dba2-4b23-9c3b-5c1285997b41,2026-04-11,available,,,2026-04-11T07:13:59.841+00:00,2026-04-11T07:14:08.730631+00:00,,,
bd9ae744-74b0-44eb-a3cd-b6ee51828787,6058be35-369e-435d-8373-442cac7b65f8,fbb296de-dba2-4b23-9c3b-5c1285997b41,2026-04-11,available,,,2026-04-11T07:13:59.841+00:00,2026-04-11T07:14:08.730631+00:00,,,
4759786b-0e87-4d82-a430-dcfcedd1c504,9adeb556-ece2-498f-abb0-869e7ea01aa8,fbb296de-dba2-4b23-9c3b-5c1285997b41,2026-04-11,available,,,2026-04-11T07:13:59.841+00:00,2026-04-11T07:14:08.730631+00:00,,,
5665b72d-7553-4dcb-80c4-3f6f113e825e,bfa7d4bd-6923-4d5f-9b63-2801c4cd92b2,fbb296de-dba2-4b23-9c3b-5c1285997b41,2026-04-11,available,,,2026-04-11T07:13:59.841+00:00,2026-04-11T07:14:08.730631+00:00,,,
db883d38-c2c0-44e0-8eb7-6e18f9aad259,bf479c71-9394-4a55-b9ac-c81c237fa309,fbb296de-dba2-4b23-9c3b-5c1285997b41,2026-04-11,available,,,2026-04-11T07:13:59.841+00:00,2026-04-11T07:14:08.730631+00:00,,,
f5588582-5880-4bc2-a551-e79f83cdedb4,4d8341f1-1d5f-49e5-95e6-bda4f2816a28,fbb296de-dba2-4b23-9c3b-5c1285997b41,2026-04-11,available,,,2026-04-11T07:13:59.841+00:00,2026-04-11T07:14:08.730631+00:00,,,
26290eff-cf13-4db9-aa60-eba080ab0952,f6723b26-0b45-4a30-bfa8-1ee732565796,fbb296de-dba2-4b23-9c3b-5c1285997b41,2026-04-11,available,,,2026-04-11T07:13:59.841+00:00,2026-04-11T07:14:08.730631+00:00,,,
e67b6f4c-1f48-4391-8f03-606aade24d3e,6d8db724-4152-43b2-bf1b-ca96881952e6,fbb296de-dba2-4b23-9c3b-5c1285997b41,2026-04-11,available,,,2026-04-11T07:13:59.841+00:00,2026-04-11T07:14:08.730631+00:00,,,
f3873400-b07c-4988-924f-782eb8470822,5aace772-3b44-4925-820b-042fba96ee1b,fbb296de-dba2-4b23-9c3b-5c1285997b41,2026-04-11,available,,,2026-04-11T07:13:59.841+00:00,2026-04-11T07:14:08.730631+00:00,,,
730603cd-b031-40ac-aec0-3ab4af846942,c884d033-d490-4ccb-ba1f-646407b6ab42,fbb296de-dba2-4b23-9c3b-5c1285997b41,2026-04-11,available,,,2026-04-11T07:13:59.841+00:00,2026-04-11T07:14:08.730631+00:00,,,
c907c7c5-3c8b-4f85-b58b-825afda19c8f,ddb4593f-6ae9-4e1d-b64b-9c0d989de317,fbb296de-dba2-4b23-9c3b-5c1285997b41,2026-04-11,available,,,2026-04-11T07:13:59.841+00:00,2026-04-11T07:14:08.730631+00:00,,,
bfd67c4d-b0d3-4fd1-b694-f4b28eb8abe3,1e313572-571e-46b4-b012-80449350cf3f,fbb296de-dba2-4b23-9c3b-5c1285997b41,2026-04-11,available,,,2026-04-11T07:13:59.841+00:00,2026-04-11T07:14:08.730631+00:00,,,
79b59c4a-5cc8-45e3-b50b-146b32512360,95a59580-6440-4afa-95b7-90e438e0b33b,fbb296de-dba2-4b23-9c3b-5c1285997b41,2026-04-11,available,,,2026-04-11T07:13:59.841+00:00,2026-04-11T07:14:08.730631+00:00,,,
8b990788-65cc-442c-b158-a3131da58397,1ce0b2b8-6262-4b17-98f9-60bed3365ecb,fbb296de-dba2-4b23-9c3b-5c1285997b41,2026-04-11,available,,,2026-04-11T07:13:59.841+00:00,2026-04-11T07:14:08.730631+00:00,,,
17f99b11-a5f1-4fd2-a020-1f2ee5733f2b,d9bf2e1e-2f9d-4952-97aa-c74fdd095b34,fbb296de-dba2-4b23-9c3b-5c1285997b41,2026-04-11,available,,,2026-04-11T07:13:59.841+00:00,2026-04-11T07:14:08.730631+00:00,,,
649f13b8-6166-43bd-97b4-632adaeeb66f,4af25fcb-085b-4071-97d0-4af42e4a5f0b,fbb296de-dba2-4b23-9c3b-5c1285997b41,2026-04-11,available,,,2026-04-11T07:13:59.841+00:00,2026-04-11T07:14:08.730631+00:00,,,
a8206e1b-753b-4259-b01b-1006f6456745,d04984bc-eb16-411e-8c99-ba6beb94db3c,fbb296de-dba2-4b23-9c3b-5c1285997b41,2026-04-11,available,,,2026-04-11T07:13:59.841+00:00,2026-04-11T07:14:08.730631+00:00,,,
73c89388-6092-4dd3-b92c-76aba12b7079,dfcf3978-e149-42ff-90c3-5ee66fc11c77,fbb296de-dba2-4b23-9c3b-5c1285997b41,2026-04-11,available,,,2026-04-11T07:13:59.841+00:00,2026-04-11T07:14:08.730631+00:00,,,
ff39fd77-296b-4eba-a068-ee078b4fa8c1,f0fe9b25-dd6c-40ca-b3a2-5ad353a1c66e,fbb296de-dba2-4b23-9c3b-5c1285997b41,2026-04-11,available,,,2026-04-11T07:13:59.841+00:00,2026-04-11T07:14:08.730631+00:00,,,
baafc4e3-0e9b-457a-90e3-79e92d2f9c13,e0ac9138-c667-4899-b1a7-25684d83684c,fbb296de-dba2-4b23-9c3b-5c1285997b41,2026-04-11,available,,,2026-04-11T07:13:59.841+00:00,2026-04-11T07:14:08.730631+00:00,,,
692be92a-8cb1-4bb8-bb5c-e5676e1ab09f,aec9b1ec-e511-4850-bfc1-ca8d1f749687,fbb296de-dba2-4b23-9c3b-5c1285997b41,2026-04-11,available,,,2026-04-11T07:13:59.841+00:00,2026-04-11T07:14:08.730631+00:00,,,
7f21bdeb-324b-4f6f-b41b-2e578fe0115b,03ac3e2a-cd94-4a27-a5eb-b34640786fae,fbb296de-dba2-4b23-9c3b-5c1285997b41,2026-04-11,available,,,2026-04-11T07:13:59.841+00:00,2026-04-11T07:14:08.730631+00:00,,,
80db0d3d-544e-445f-b9a2-f00102dd6398,bb300ba6-5a75-45b4-b42b-46a42914a3e7,fbb296de-dba2-4b23-9c3b-5c1285997b41,2026-04-11,available,,,2026-04-11T07:13:59.841+00:00,2026-04-11T07:14:08.730631+00:00,,,
b4e01994-8a9e-4335-9031-f94907079a35,bf4ecc4d-e755-4605-8ac6-63d67ad62287,fbb296de-dba2-4b23-9c3b-5c1285997b41,2026-04-11,available,,,2026-04-11T07:13:59.841+00:00,2026-04-11T07:14:08.730631+00:00,,,
ada708d7-a600-4f64-aabc-255dee4cb1cc,13cd1ce2-5e86-451c-8f87-2b6f0842b010,fbb296de-dba2-4b23-9c3b-5c1285997b41,2026-04-11,available,,,2026-04-11T07:13:59.841+00:00,2026-04-11T07:14:08.730631+00:00,,,
153b17e3-19cf-4b90-94f9-b4857a2216f2,f6df221f-4b0c-45c9-b354-4b58b1b21450,fbb296de-dba2-4b23-9c3b-5c1285997b41,2026-04-11,available,,,2026-04-11T07:13:59.841+00:00,2026-04-11T07:14:08.730631+00:00,,,
90d3a62a-1e8d-4a26-b6b1-e182ce47daad,0b7d02c5-cd25-487a-ae38-30cf2c3199bb,fbb296de-dba2-4b23-9c3b-5c1285997b41,2026-04-11,available,,,2026-04-11T07:13:59.841+00:00,2026-04-11T07:14:08.730631+00:00,,,
7c0e252d-c035-438d-99bb-eeb81ae99752,86233651-f0cf-4660-9e65-f1bda5ed5e58,fbb296de-dba2-4b23-9c3b-5c1285997b41,2026-04-11,available,,,2026-04-11T07:13:59.841+00:00,2026-04-11T07:14:08.730631+00:00,,,
39bc0865-ca24-49bf-9dab-78867f5a0225,4f0ecc4f-9d09-4bab-9a9c-06ce5326a219,fbb296de-dba2-4b23-9c3b-5c1285997b41,2026-04-11,available,,,2026-04-11T07:13:59.841+00:00,2026-04-11T07:14:08.730631+00:00,,,
705533b2-7406-48b3-885f-200954b8e494,9f442f9e-040a-4c4a-bdd3-810ccf0019c2,fbb296de-dba2-4b23-9c3b-5c1285997b41,2026-04-11,available,,,2026-04-11T07:13:59.841+00:00,2026-04-11T07:14:08.730631+00:00,,,
501b2028-2b8c-4dd3-98d8-851024180293,e507c000-08c5-4d9e-8da4-975f0affa937,fbb296de-dba2-4b23-9c3b-5c1285997b41,2026-04-11,available,,,2026-04-11T07:13:59.841+00:00,2026-04-11T07:14:08.730631+00:00,,,
81e050ac-6397-48a5-9642-767bc88efc4d,5920adcc-3687-45b2-a0ad-50b17f24faef,fbb296de-dba2-4b23-9c3b-5c1285997b41,2026-04-11,available,,,2026-04-11T07:13:59.841+00:00,2026-04-11T07:14:08.730631+00:00,,,
59b6ea44-ee8e-4745-b0bc-152499a02a80,19508c8b-5f9f-4cda-bffa-d36ef4c07bc2,fbb296de-dba2-4b23-9c3b-5c1285997b41,2026-04-11,available,,,2026-04-11T07:13:59.841+00:00,2026-04-11T07:14:08.730631+00:00,,,
745513f2-c700-4143-b7a2-81f9523f868a,3b390b60-bc5f-4a6c-8366-90501656ce20,fbb296de-dba2-4b23-9c3b-5c1285997b41,2026-04-11,available,,,2026-04-11T07:13:59.841+00:00,2026-04-11T07:14:08.730631+00:00,,,
8cb14117-bbfb-4fc4-8b2d-4c9a90029c2d,1312210e-9cd8-4bac-96a8-11da91414ca2,fbb296de-dba2-4b23-9c3b-5c1285997b41,2026-04-11,available,,,2026-04-11T07:13:59.841+00:00,2026-04-11T07:14:08.730631+00:00,,,
0815b19e-d95f-4832-9366-10431bc55a20,e3ec98c5-fd0d-4087-ae6f-8b84410a0199,fbb296de-dba2-4b23-9c3b-5c1285997b41,2026-04-11,available,,,2026-04-11T07:13:59.841+00:00,2026-04-11T07:14:08.730631+00:00,,,
422f84c9-e295-4c25-adcf-641136eaab85,3d082f2c-37ab-422a-bcad-71da0369d206,fbb296de-dba2-4b23-9c3b-5c1285997b41,2026-04-11,available,,,2026-04-11T07:13:59.841+00:00,2026-04-11T07:14:08.730631+00:00,,,
c48c25af-3082-4559-b821-32515c56d8a0,e704a939-0821-4540-b342-fec5e79de79a,fbb296de-dba2-4b23-9c3b-5c1285997b41,2026-04-11,available,,,2026-04-11T07:13:59.841+00:00,2026-04-11T07:14:08.730631+00:00,,,
9606a9cc-61ca-4dd4-adce-a3183c395bb8,cd527a80-68b8-45c9-b657-a2bb8e48c3b3,fbb296de-dba2-4b23-9c3b-5c1285997b41,2026-04-11,available,,,2026-04-11T07:13:59.841+00:00,2026-04-11T07:14:08.730631+00:00,,,
8cd31c61-f7ef-41d6-bdbb-57bf6ec938e8,bbf210fa-39a3-4ce0-9091-558f93309281,fbb296de-dba2-4b23-9c3b-5c1285997b41,2026-04-11,available,,,2026-04-11T07:13:59.841+00:00,2026-04-11T07:14:08.730631+00:00,,,
3d076859-a2f3-46a2-8c4a-c434aec35f42,20c89eec-afeb-4600-8a4d-ad8deff1e6ff,fbb296de-dba2-4b23-9c3b-5c1285997b41,2026-04-11,available,,,2026-04-11T07:13:59.841+00:00,2026-04-11T07:14:08.730631+00:00,,,
75d883a4-f2c5-4fdd-b672-7815af8c7913,472aebdc-b540-4f92-b4ca-98d5d526f416,fbb296de-dba2-4b23-9c3b-5c1285997b41,2026-04-11,available,,,2026-04-11T07:13:59.841+00:00,2026-04-11T07:14:08.730631+00:00,,,
0c681517-c84d-454b-a8d1-eaafefabc64a,bf1dac2d-8dd9-4c40-8b2c-7aa56ffd633d,fbb296de-dba2-4b23-9c3b-5c1285997b41,2026-04-11,available,,,2026-04-11T07:13:59.841+00:00,2026-04-11T07:14:08.730631+00:00,,,
2f9aef7a-e71d-43c1-a23a-5d8de5239bb2,75aeb2f5-22fa-47df-95a2-21976cfb1df9,fbb296de-dba2-4b23-9c3b-5c1285997b41,2026-04-11,available,,,2026-04-11T07:13:59.841+00:00,2026-04-11T07:14:08.730631+00:00,,,
6283895f-843d-42e0-b3e6-0f58c80c3265,aba5c0fa-7f46-4f07-9ee2-f6e7bf39bc1d,fbb296de-dba2-4b23-9c3b-5c1285997b41,2026-04-11,available,,,2026-04-11T07:13:59.841+00:00,2026-04-11T07:14:08.730631+00:00,,,
661a2ccd-760c-41ec-ba08-44a0381c0388,faa337de-416b-4c93-bc16-3b37c4f24049,fbb296de-dba2-4b23-9c3b-5c1285997b41,2026-04-11,available,,,2026-04-11T07:13:59.841+00:00,2026-04-11T07:14:08.730631+00:00,,,
f075485a-0225-4336-9436-911d642749aa,6b4c8cc4-4376-4ab6-9ee6-c624b72485a6,fbb296de-dba2-4b23-9c3b-5c1285997b41,2026-04-11,available,,,2026-04-11T07:13:59.841+00:00,2026-04-11T07:14:08.730631+00:00,,,
30459f7e-7ebf-4839-a394-32eb7dc63066,bfdd8bbb-5373-4e16-9c52-492471349f90,fbb296de-dba2-4b23-9c3b-5c1285997b41,2026-04-11,available,,,2026-04-11T07:13:59.841+00:00,2026-04-11T07:14:08.730631+00:00,,,
e728d63f-56cd-482e-b54f-dfe40d430ae7,ffa03313-d46c-46fc-a98c-fc495db887c8,fbb296de-dba2-4b23-9c3b-5c1285997b41,2026-04-11,available,,,2026-04-11T07:13:59.841+00:00,2026-04-11T07:14:08.730631+00:00,,,
ef6839b0-4bff-4c8f-bef0-dd90b69e22cb,254f04b8-24d1-4501-82ab-3de9aa297e4a,fbb296de-dba2-4b23-9c3b-5c1285997b41,2026-04-11,available,,,2026-04-11T07:13:59.841+00:00,2026-04-11T07:14:08.730631+00:00,,,
7fd9df2f-80b1-4978-8732-b5a4b34eb373,668f76c5-00fa-45e0-a391-ada8940fe179,fbb296de-dba2-4b23-9c3b-5c1285997b41,2026-04-11,available,,,2026-04-11T07:13:59.841+00:00,2026-04-11T07:14:08.730631+00:00,,,
a3f8d651-0b5e-4820-bc7b-9a23b0278bcf,cc36fcf7-866b-4539-8745-9f9cde9890bc,fbb296de-dba2-4b23-9c3b-5c1285997b41,2026-04-11,available,,,2026-04-11T07:13:59.841+00:00,2026-04-11T07:14:08.730631+00:00,,,
c5d9628c-b6dd-4304-80b9-33e8b1da0c12,3748ead8-de3e-4936-a66d-9d0b2b545b70,fbb296de-dba2-4b23-9c3b-5c1285997b41,2026-04-11,available,,,2026-04-11T07:13:59.841+00:00,2026-04-11T07:14:08.730631+00:00,,,
df257453-5f47-4d55-b44f-150c0ddc8b39,d738fe6a-8aae-4f9b-a997-d67179944468,fbb296de-dba2-4b23-9c3b-5c1285997b41,2026-04-11,available,,,2026-04-11T07:13:59.841+00:00,2026-04-11T07:14:08.730631+00:00,,,
2fffaf02-651f-417b-bd6e-61f3102b2923,da3fa041-df6e-4d09-8877-2f105c12936c,fbb296de-dba2-4b23-9c3b-5c1285997b41,2026-04-11,available,,,2026-04-11T07:13:59.841+00:00,2026-04-11T07:14:08.730631+00:00,,,
8a146451-51dd-4253-ab67-9b5224e26172,c2a76342-b6cd-4037-89e3-ebfa887bbb51,fbb296de-dba2-4b23-9c3b-5c1285997b41,2026-04-11,available,,,2026-04-11T07:13:59.841+00:00,2026-04-11T07:14:08.730631+00:00,,,
03f4d1e2-6a75-4380-82e6-0c80d0ff6cef,9e04d666-3178-44da-a5ad-75ca73a39c2b,fbb296de-dba2-4b23-9c3b-5c1285997b41,2026-04-11,available,,,2026-04-11T07:13:59.841+00:00,2026-04-11T07:14:08.730631+00:00,,,
9d6a90ad-ef6d-455b-ba95-fc5fdff84c88,9111d6fd-f6d3-4ade-9915-bbfde0232f4b,fbb296de-dba2-4b23-9c3b-5c1285997b41,2026-04-11,available,,,2026-04-11T07:13:59.841+00:00,2026-04-11T07:14:08.730631+00:00,,,
92220865-6695-4353-8424-f4ba4d22b5cf,c19c0355-5119-46a4-956d-310776ade079,fbb296de-dba2-4b23-9c3b-5c1285997b41,2026-04-11,available,,,2026-04-11T07:13:59.841+00:00,2026-04-11T07:14:08.730631+00:00,,,
48fc8876-0681-4b0e-9291-1626674f55d9,fffc7b60-42d2-4f14-831e-1a4e4d71e26d,fbb296de-dba2-4b23-9c3b-5c1285997b41,2026-04-11,available,,,2026-04-11T07:13:59.841+00:00,2026-04-11T07:14:08.730631+00:00,,,
a904e953-5fab-4f88-b308-8d413dfa9193,5f1621cc-8a4c-4563-88bf-daffe78af0ff,fbb296de-dba2-4b23-9c3b-5c1285997b41,2026-04-11,available,,,2026-04-11T07:13:59.841+00:00,2026-04-11T07:14:08.730631+00:00,,,
36375054-afed-48ef-bb43-011fcfa72adc,148e5b83-9381-443e-9afd-b6991092c090,fbb296de-dba2-4b23-9c3b-5c1285997b41,2026-04-11,available,,,2026-04-11T07:13:59.841+00:00,2026-04-11T07:14:08.730631+00:00,,,
37d8fd55-08d5-4422-8207-18b5398e1e62,b2d63f78-299d-4331-911f-a96c4941df55,fbb296de-dba2-4b23-9c3b-5c1285997b41,2026-04-11,available,,,2026-04-11T07:13:59.841+00:00,2026-04-11T07:14:08.730631+00:00,,,
2ab84758-f8ec-4f64-ae96-a77ac07a514a,06f3c06f-0fee-48b6-af1d-2f1e6d9ac65e,fbb296de-dba2-4b23-9c3b-5c1285997b41,2026-04-11,available,,,2026-04-11T07:13:59.841+00:00,2026-04-11T07:14:08.730631+00:00,,,
e2a1c23e-974a-4767-9584-67ecd0782c77,25992891-0940-467e-8aa4-4a02bb64c2f8,fbb296de-dba2-4b23-9c3b-5c1285997b41,2026-04-11,available,,,2026-04-11T07:13:59.841+00:00,2026-04-11T07:14:08.730631+00:00,,,
2dc906b0-bfb7-4ad8-b3b4-2cab24a2d710,71b1d585-5919-4a6a-9676-9869a51fec0e,fbb296de-dba2-4b23-9c3b-5c1285997b41,2026-04-11,available,,,2026-04-11T07:13:59.841+00:00,2026-04-11T07:14:08.730631+00:00,,,
ca019016-9fa0-4d01-bab5-9d021eb0bea2,07facaef-e20c-417b-9419-6486f1ac9071,fbb296de-dba2-4b23-9c3b-5c1285997b41,2026-04-11,available,,,2026-04-11T07:13:59.841+00:00,2026-04-11T07:14:08.730631+00:00,,,
3dca2678-14f1-46cb-8b2d-d0f1a32632ff,27133740-8739-4086-b026-370f41fedf92,fbb296de-dba2-4b23-9c3b-5c1285997b41,2026-04-11,available,,,2026-04-11T07:13:59.841+00:00,2026-04-11T07:14:08.730631+00:00,,,
c73f5404-cd08-4d9a-9e44-769680f55a73,60ee9721-045f-41c3-91e8-d4c34e5d7175,fbb296de-dba2-4b23-9c3b-5c1285997b41,2026-04-11,available,,,2026-04-11T07:13:59.841+00:00,2026-04-11T07:14:08.730631+00:00,,,
453bb3f8-27ab-40ae-b8be-1d031e2f3997,2d181b74-593a-452f-8b74-3505e6766893,fbb296de-dba2-4b23-9c3b-5c1285997b41,2026-04-11,available,,,2026-04-11T07:13:59.841+00:00,2026-04-11T07:14:08.730631+00:00,,,
557bf459-252d-4b22-952d-e5389ac26f7f,b026bfc6-eef8-4751-abbe-82fd7c107473,fbb296de-dba2-4b23-9c3b-5c1285997b41,2026-04-11,available,,,2026-04-11T07:13:59.841+00:00,2026-04-11T07:14:08.730631+00:00,,,
34dfcf6b-c3df-49c8-bc76-1a95c2e0a87e,f466852a-ef7b-4013-ac24-d40b4c4cf55b,fbb296de-dba2-4b23-9c3b-5c1285997b41,2026-04-11,available,,,2026-04-11T07:13:59.841+00:00,2026-04-11T07:14:08.730631+00:00,,,
4cf444fa-155b-449f-a670-bb25d1992015,7f6dd06a-83e0-4750-b802-b1f90cefa97f,fbb296de-dba2-4b23-9c3b-5c1285997b41,2026-04-11,available,,,2026-04-11T07:13:59.841+00:00,2026-04-11T07:14:08.730631+00:00,,,
81caa619-2c50-4372-865c-a82eb0addde1,ad7462a1-5295-4da0-81b8-fad9eb82b0e0,fbb296de-dba2-4b23-9c3b-5c1285997b41,2026-04-11,available,,,2026-04-11T07:13:59.841+00:00,2026-04-11T07:14:08.730631+00:00,,,
9c2df708-3149-4c8b-89af-af906cadc951,e2ab0523-b78f-41b9-a50b-d55445e1c544,fbb296de-dba2-4b23-9c3b-5c1285997b41,2026-04-11,available,,,2026-04-11T07:13:59.841+00:00,2026-04-11T07:14:08.730631+00:00,,,
bc8fbea6-a1c9-4c2c-b1a4-21635fcff7cd,05f66656-45df-4cb0-bf70-229ad1938df6,fbb296de-dba2-4b23-9c3b-5c1285997b41,2026-04-11,available,,,2026-04-11T07:13:59.841+00:00,2026-04-11T07:14:08.730631+00:00,,,
2a778122-0ea6-42ef-8a85-e920563c0246,ae35edf7-0f5f-42cb-b1da-7ab6b187d19d,fbb296de-dba2-4b23-9c3b-5c1285997b41,2026-04-11,available,,,2026-04-11T07:13:59.841+00:00,2026-04-11T07:14:08.730631+00:00,,,
2224ac9d-40fa-4506-b79c-75b4ff7b34c7,c1a8700d-9fe7-4842-97e2-84acd9d975b3,fbb296de-dba2-4b23-9c3b-5c1285997b41,2026-04-11,available,,,2026-04-11T07:13:59.841+00:00,2026-04-11T07:14:08.730631+00:00,,,
7d172f6c-770b-4d3d-acfe-21d0748dfffc,d2d10fe8-69a3-4554-89d2-dedf9ea06203,fbb296de-dba2-4b23-9c3b-5c1285997b41,2026-04-11,available,,,2026-04-11T07:13:59.841+00:00,2026-04-11T07:14:08.730631+00:00,,,
ab63b481-a936-41d4-ab94-b143189cc6a9,c57fbfb5-1ed2-4e98-9b48-c9b6b97c44bd,fbb296de-dba2-4b23-9c3b-5c1285997b41,2026-04-11,available,,,2026-04-11T07:13:59.841+00:00,2026-04-11T07:14:08.730631+00:00,,,
560d8248-bc58-4a84-b571-0b75d77f1d9d,1c0ec68f-ce08-4e5e-b4ed-3ce89f333f42,fbb296de-dba2-4b23-9c3b-5c1285997b41,2026-04-11,available,,,2026-04-11T07:13:59.841+00:00,2026-04-11T07:14:08.730631+00:00,,,
a9c2d562-bf03-446a-a213-ed7c55901927,d08761e2-5788-4a05-b0c0-5cb25f8a6403,fbb296de-dba2-4b23-9c3b-5c1285997b41,2026-04-11,available,,,2026-04-11T07:13:59.841+00:00,2026-04-11T07:14:08.730631+00:00,,,
235232f1-95ba-45b5-a001-f1e91087370d,4f4e920c-2cf6-4d2e-bd9b-e81927d9a495,fbb296de-dba2-4b23-9c3b-5c1285997b41,2026-04-11,available,,,2026-04-11T07:13:59.841+00:00,2026-04-11T07:14:08.730631+00:00,,,
40da96e2-3d49-4108-a1c7-0f9460687d4f,834fd3ad-e3e0-411e-92e5-79b1e68a34d9,fbb296de-dba2-4b23-9c3b-5c1285997b41,2026-04-11,available,,,2026-04-11T07:13:59.841+00:00,2026-04-11T07:14:08.730631+00:00,,,
eb4c51c9-9d32-4375-bb54-f1d2d8fdc21d,fe837eeb-c43f-4324-9484-e363c26f5829,fbb296de-dba2-4b23-9c3b-5c1285997b41,2026-04-11,available,,,2026-04-11T07:13:59.841+00:00,2026-04-11T07:14:08.730631+00:00,,,
1a9d8f15-47e8-4b8e-80e3-5e41f5fae130,5e50859d-1508-4fb1-84a9-adeef4b333ff,fbb296de-dba2-4b23-9c3b-5c1285997b41,2026-04-11,available,,,2026-04-11T07:13:59.841+00:00,2026-04-11T07:14:08.730631+00:00,,,
ca97f219-1f73-47d9-a824-6bacdbce3004,cb8885fa-21df-4a06-9dcc-911e9c6c474d,fbb296de-dba2-4b23-9c3b-5c1285997b41,2026-04-11,available,,,2026-04-11T07:13:59.841+00:00,2026-04-11T07:14:08.730631+00:00,,,
c7eaf2f9-dddc-42b0-b351-0a84d2c04b2f,90df21cf-925e-4fb0-85eb-9ee42c1a1449,fbb296de-dba2-4b23-9c3b-5c1285997b41,2026-04-11,available,,,2026-04-11T07:13:59.841+00:00,2026-04-11T07:14:08.730631+00:00,,,
2ad61c53-c189-424b-8b28-b5f889b7f894,09dd43ee-5456-4692-9016-433d77d3b6cb,fbb296de-dba2-4b23-9c3b-5c1285997b41,2026-04-11,available,,,2026-04-11T07:13:59.841+00:00,2026-04-11T07:14:08.730631+00:00,,,
f2ed56fc-94f5-4402-9643-46b177989808,e617222f-90ba-4246-b04a-f3c5e9fe0529,fbb296de-dba2-4b23-9c3b-5c1285997b41,2026-04-11,available,,,2026-04-11T07:13:59.841+00:00,2026-04-11T07:14:08.730631+00:00,,,
f80dd940-e9e4-4b45-bf11-8baaaf6fa73e,c34f7e2a-f610-4e56-847b-495bf4739360,fbb296de-dba2-4b23-9c3b-5c1285997b41,2026-04-11,available,,,2026-04-11T07:13:59.841+00:00,2026-04-11T07:14:08.730631+00:00,,,
e9ba2875-232a-4852-ad39-184a3d88d555,07a79088-9fa0-477d-b4e2-42c943951872,fbb296de-dba2-4b23-9c3b-5c1285997b41,2026-04-11,available,,,2026-04-11T07:13:59.841+00:00,2026-04-11T07:14:08.730631+00:00,,,
b5e18880-c4d4-4fc3-9708-4ad21897568f,f95b7a6f-37f8-4de1-9fdc-7ac2ef7d7af4,fbb296de-dba2-4b23-9c3b-5c1285997b41,2026-04-11,available,,,2026-04-11T07:13:59.841+00:00,2026-04-11T07:14:08.730631+00:00,,,
ee967380-a021-4d47-a48b-bd34c205a1c2,4e67157b-7aca-400e-b55c-0bc10087721c,fbb296de-dba2-4b23-9c3b-5c1285997b41,2026-04-11,available,,,2026-04-11T07:13:59.841+00:00,2026-04-11T07:14:08.730631+00:00,,,
844015c0-a472-45fe-9af2-cbeb55a08216,4261d2fb-71d3-4a3f-a3a2-ae6a3306afd6,fbb296de-dba2-4b23-9c3b-5c1285997b41,2026-04-11,available,,,2026-04-11T07:13:59.841+00:00,2026-04-11T07:14:08.730631+00:00,,,
51e2e8ac-3dda-48b7-a631-b7f375e25c37,7fd3cd92-6b83-4888-b0b5-3474f3e21904,fbb296de-dba2-4b23-9c3b-5c1285997b41,2026-04-11,available,,,2026-04-11T07:13:59.841+00:00,2026-04-11T07:14:08.730631+00:00,,,
0d1486ea-c664-4e44-a5f2-0905b195b96b,5141ea5f-0740-4a1c-a517-c21f73bd6986,fbb296de-dba2-4b23-9c3b-5c1285997b41,2026-04-11,available,,,2026-04-11T07:13:59.841+00:00,2026-04-11T07:14:08.730631+00:00,,,
4c43aac5-91ff-46de-945b-08a3ea6f4176,8db30369-f76c-4629-a6d6-a2a50959835a,fbb296de-dba2-4b23-9c3b-5c1285997b41,2026-04-11,available,,,2026-04-11T07:13:59.841+00:00,2026-04-11T07:14:08.730631+00:00,,,
0aeb4cd3-f298-4ff3-8b1d-4273551cb613,e24c0340-b8f8-40e6-8346-fedd8d255826,fbb296de-dba2-4b23-9c3b-5c1285997b41,2026-04-11,available,,,2026-04-11T07:13:59.841+00:00,2026-04-11T07:14:08.730631+00:00,,,
5a9c5bd1-5a21-4f00-ad22-c05a971308ba,b9b71f11-fb3e-4476-8b78-7404bdae5973,fbb296de-dba2-4b23-9c3b-5c1285997b41,2026-04-11,available,,,2026-04-11T07:13:59.841+00:00,2026-04-11T07:14:08.730631+00:00,,,
0cffdd9b-3aa9-47e6-a880-5fcd24265dd6,269969e8-9b32-48b2-ad34-e9eb10892aa0,fbb296de-dba2-4b23-9c3b-5c1285997b41,2026-04-11,available,,,2026-04-11T07:13:59.841+00:00,2026-04-11T07:14:08.730631+00:00,,,
ce67e3cf-854e-4434-b599-93337811a396,05bf9d69-e5d2-48cb-9592-6325e9b0cb39,fbb296de-dba2-4b23-9c3b-5c1285997b41,2026-04-11,available,,,2026-04-11T07:13:59.841+00:00,2026-04-11T07:14:08.730631+00:00,,,
53cb13a4-e828-432e-8beb-f8d89934926f,932a215a-a3c9-4327-8839-53e7802676c2,fbb296de-dba2-4b23-9c3b-5c1285997b41,2026-04-11,available,,,2026-04-11T07:13:59.841+00:00,2026-04-11T07:14:08.730631+00:00,,,
93607204-5efa-478b-8100-97f149480ed9,11be587c-f07a-4b41-94bc-757516dda887,fbb296de-dba2-4b23-9c3b-5c1285997b41,2026-04-11,available,,,2026-04-11T07:13:59.841+00:00,2026-04-11T07:14:08.730631+00:00,,,
27df5578-9279-4f98-aaba-70b00c1473e9,8ee929fd-00ee-4ed8-9cc5-1bac874eb3d3,fbb296de-dba2-4b23-9c3b-5c1285997b41,2026-04-11,available,,,2026-04-11T07:13:59.841+00:00,2026-04-11T07:14:08.730631+00:00,,,
2332ffbc-08a0-49db-b02b-47eaa42c5fa0,3c8b8fbc-4f9e-4953-a4bd-37799b337807,fbb296de-dba2-4b23-9c3b-5c1285997b41,2026-04-11,available,,,2026-04-11T07:13:59.841+00:00,2026-04-11T07:14:08.730631+00:00,,,
dbe82a75-3b49-4840-961f-bf6ac20914b2,28a2c4c0-22bf-4592-a7e7-88fd299fd33c,fbb296de-dba2-4b23-9c3b-5c1285997b41,2026-04-11,available,,,2026-04-11T07:13:59.841+00:00,2026-04-11T07:14:08.730631+00:00,,,
dc4a0c15-7ce5-401c-abfa-69a2ef8f034e,a65f4504-ba08-4da1-82ee-339201545673,fbb296de-dba2-4b23-9c3b-5c1285997b41,2026-04-11,available,,,2026-04-11T07:13:59.841+00:00,2026-04-11T07:14:08.730631+00:00,,,
3053a4c1-3609-4ab1-8914-217b3b7430ca,3827a1e9-8eb7-4bcc-8fe4-a96d02378b92,fbb296de-dba2-4b23-9c3b-5c1285997b41,2026-04-11,available,,,2026-04-11T07:13:59.841+00:00,2026-04-11T07:14:08.730631+00:00,,,
78b29a41-ec82-45e5-882d-d8a113707d7b,7ccef569-6034-454f-bc79-4368995ec492,fbb296de-dba2-4b23-9c3b-5c1285997b41,2026-04-11,available,,,2026-04-11T07:13:59.841+00:00,2026-04-11T07:14:08.730631+00:00,,,
9a0fe407-46a2-42b2-a2b0-c8cf047ec59b,bc40e179-aea5-4151-92b0-fe927c84fba3,fbb296de-dba2-4b23-9c3b-5c1285997b41,2026-04-11,available,,,2026-04-11T07:13:59.841+00:00,2026-04-11T07:14:08.730631+00:00,,,
dc599e56-b627-4033-8b54-b5387241c78f,f78aa6c9-4936-4695-8e1f-26ab48dbab93,fbb296de-dba2-4b23-9c3b-5c1285997b41,2026-04-11,available,,,2026-04-11T07:13:59.841+00:00,2026-04-11T07:14:08.730631+00:00,,,
f864834e-fe49-4146-829c-74a1806a1027,96989aa8-bb4c-456d-8bb4-605939db7a97,fbb296de-dba2-4b23-9c3b-5c1285997b41,2026-04-11,available,,,2026-04-11T07:13:59.841+00:00,2026-04-11T07:14:08.730631+00:00,,,
0b548301-f0b6-4236-944e-e6ffa05bfca7,99c52faa-b4fb-4403-a8c5-4880bc5d3691,fbb296de-dba2-4b23-9c3b-5c1285997b41,2026-04-11,available,,,2026-04-11T07:13:59.841+00:00,2026-04-11T07:14:08.730631+00:00,,,
6f38ca3b-6ce9-4beb-b22e-4692fcf3aa63,6e9d3e1b-8ead-4256-9d06-c0324b42f5ab,fbb296de-dba2-4b23-9c3b-5c1285997b41,2026-04-11,available,,,2026-04-11T07:13:59.841+00:00,2026-04-11T07:14:08.730631+00:00,,,
82fe11e6-335a-477e-8eb9-b7f2b5ccf269,d4827392-69e6-4ecd-838d-fc9e8ce847cf,fbb296de-dba2-4b23-9c3b-5c1285997b41,2026-04-11,available,,,2026-04-11T07:13:59.841+00:00,2026-04-11T07:14:08.730631+00:00,,,
8f51c492-ffd6-489a-8dbf-448c4f23114c,38fcc94f-ba33-46f6-a1bb-3204823e9cb8,fbb296de-dba2-4b23-9c3b-5c1285997b41,2026-04-11,available,,,2026-04-11T07:13:59.841+00:00,2026-04-11T07:14:08.730631+00:00,,,
584ff287-ef8e-467d-8ab3-79001e928da6,04cc3ab8-f1fa-4e6c-a4aa-9a4d53f1dc53,fbb296de-dba2-4b23-9c3b-5c1285997b41,2026-04-11,available,,,2026-04-11T07:13:59.841+00:00,2026-04-11T07:14:08.730631+00:00,,,
ccf4dc79-122f-4406-8391-7bbd2847cd9a,56f75098-ef8d-4fde-86e8-fbfa21bd8964,fbb296de-dba2-4b23-9c3b-5c1285997b41,2026-04-11,available,,,2026-04-11T07:13:59.841+00:00,2026-04-11T07:14:08.730631+00:00,,,
455271e5-08eb-4593-960d-55b124bc627e,b0c6ac67-3d61-415c-8d9a-8683b6ea618d,fbb296de-dba2-4b23-9c3b-5c1285997b41,2026-04-11,available,,,2026-04-11T07:13:59.841+00:00,2026-04-11T07:14:08.730631+00:00,,,
cfc3ba1d-ba25-4ebd-8603-8c29afbdc7c7,1112445f-aba5-4629-b399-08d2c0baf4f8,fbb296de-dba2-4b23-9c3b-5c1285997b41,2026-04-11,available,,,2026-04-11T07:13:59.841+00:00,2026-04-11T07:14:08.730631+00:00,,,
0275b6bd-1e31-4b7c-9541-dfd1b3b71166,9b9060f3-6432-46c9-a091-a3d8e9560bb2,fbb296de-dba2-4b23-9c3b-5c1285997b41,2026-04-11,available,,,2026-04-11T07:13:59.841+00:00,2026-04-11T07:14:08.730631+00:00,,,
0061a06c-7822-47a2-bd27-36acd873fdae,af7f71ef-2b78-4595-ac2c-0a38c88a3ec9,fbb296de-dba2-4b23-9c3b-5c1285997b41,2026-04-11,available,,,2026-04-11T07:13:59.841+00:00,2026-04-11T07:14:08.730631+00:00,,,
c9e0d193-c29a-474d-8027-0c3f9cc9788c,264f35ff-4ff6-4417-91d3-f5d170297d71,fbb296de-dba2-4b23-9c3b-5c1285997b41,2026-04-11,available,,,2026-04-11T07:13:59.841+00:00,2026-04-11T07:14:08.730631+00:00,,,
bd5faf73-bcd9-457c-a855-07e8cbe2e6d9,3b3371ba-d791-4f27-acd1-c9be0931ac67,fbb296de-dba2-4b23-9c3b-5c1285997b41,2026-04-11,available,,,2026-04-11T07:13:59.841+00:00,2026-04-11T07:14:08.730631+00:00,,,
31921a4c-0717-44b4-9f22-b8f23d518da8,6a8c2c77-2947-4263-b6a0-3ad7a26dd66c,fbb296de-dba2-4b23-9c3b-5c1285997b41,2026-04-11,available,,,2026-04-11T07:13:59.841+00:00,2026-04-11T07:14:08.730631+00:00,,,
8ad52ed6-e893-463d-ae83-6678fd84de16,e662ef45-6aed-4a2e-ab16-cead317ac5b0,fbb296de-dba2-4b23-9c3b-5c1285997b41,2026-04-11,available,,,2026-04-11T07:13:59.841+00:00,2026-04-11T07:14:08.730631+00:00,,,
b569334e-69b4-4be9-a9e5-e3c8f090f936,79baadf2-9252-4ed8-bc44-5f183e823ed6,fbb296de-dba2-4b23-9c3b-5c1285997b41,2026-04-11,available,,,2026-04-11T07:13:59.841+00:00,2026-04-11T07:14:08.730631+00:00,,,
7eb33e98-633a-4297-9402-e46842372973,7761e060-b17e-4cdf-811a-ddb5846d266e,fbb296de-dba2-4b23-9c3b-5c1285997b41,2026-04-11,available,,,2026-04-11T07:13:59.841+00:00,2026-04-11T07:14:08.730631+00:00,,,
e7f9314c-bd18-4218-939b-47622f19cfc6,0b56583d-f70a-49bd-a226-d86b7983ad6c,fbb296de-dba2-4b23-9c3b-5c1285997b41,2026-04-11,available,,,2026-04-11T07:13:59.841+00:00,2026-04-11T07:14:08.730631+00:00,,,
1667eb90-e9fc-4bdd-a9c0-592031dcd01a,1e6a3cbe-88f7-4cf8-b0d8-b5c6d24cc7b5,fbb296de-dba2-4b23-9c3b-5c1285997b41,2026-04-11,available,,,2026-04-11T07:13:59.841+00:00,2026-04-11T07:14:08.730631+00:00,,,
c56a8696-7d0e-453e-8bdf-974e4d083809,fea7d0a4-a2d7-4f78-8c00-7a0890303058,fbb296de-dba2-4b23-9c3b-5c1285997b41,2026-04-11,available,,,2026-04-11T07:13:59.841+00:00,2026-04-11T07:14:08.730631+00:00,,,
82c2e76f-2a33-4f6f-8c99-27019f57f4bd,c3573a8c-ee80-4e96-90b2-faedf186756a,fbb296de-dba2-4b23-9c3b-5c1285997b41,2026-04-11,available,,,2026-04-11T07:13:59.841+00:00,2026-04-11T07:14:08.730631+00:00,,,
3365ea46-faba-4051-93e8-0ae5f4848c7f,324152b2-0646-40d1-be88-877c753f6ef2,fbb296de-dba2-4b23-9c3b-5c1285997b41,2026-04-11,available,,,2026-04-11T07:13:59.841+00:00,2026-04-11T07:14:08.730631+00:00,,,
1cc82c37-6a43-43c8-9d29-e4c82244e46c,3ddd0c43-44b1-49d6-92f3-047dbc5407c2,fbb296de-dba2-4b23-9c3b-5c1285997b41,2026-04-11,available,,,2026-04-11T07:13:59.841+00:00,2026-04-11T07:14:08.730631+00:00,,,
a2c578a5-93c1-4deb-a17b-f3acf7217a24,dfd11754-81a7-4667-9c5e-f72a6f06c6a1,fbb296de-dba2-4b23-9c3b-5c1285997b41,2026-04-11,available,,,2026-04-11T07:13:59.841+00:00,2026-04-11T07:14:08.730631+00:00,,,
bb8baf0e-c3f3-43c9-a8e7-b5c6f5ebf84f,76a7e596-d654-4fa0-b7ab-4d60ee3da1cb,fbb296de-dba2-4b23-9c3b-5c1285997b41,2026-04-11,available,,,2026-04-11T07:13:59.841+00:00,2026-04-11T07:14:08.730631+00:00,,,
272608cc-07a4-45c2-8e24-5e2c979015c6,38af6777-f227-4692-8704-1fe94901ac9f,fbb296de-dba2-4b23-9c3b-5c1285997b41,2026-04-11,available,,,2026-04-11T07:13:59.841+00:00,2026-04-11T07:14:08.730631+00:00,,,
c1e574c0-bfea-4497-a2f3-d8a206d5397e,258b9b82-338f-4fef-a2ec-fd339af13b9a,fbb296de-dba2-4b23-9c3b-5c1285997b41,2026-04-11,available,,,2026-04-11T07:13:59.841+00:00,2026-04-11T07:14:08.730631+00:00,,,
090a04e1-cfe7-450b-a3f5-df81024a53d5,2eaadb66-8823-4457-a67a-eaed6282bc1f,fbb296de-dba2-4b23-9c3b-5c1285997b41,2026-04-11,available,,,2026-04-11T07:13:59.841+00:00,2026-04-11T07:14:08.730631+00:00,,,
91d00036-6d99-4f6e-927f-26beca262466,1a420063-ba38-4d7b-9dad-82b18a3fb04e,fbb296de-dba2-4b23-9c3b-5c1285997b41,2026-04-11,available,,,2026-04-11T07:13:59.841+00:00,2026-04-11T07:14:08.730631+00:00,,,
50d6972e-1ad6-400d-ad43-c9c0124805d4,5ccbb607-f815-4a7f-b90c-feddcc6be27e,fbb296de-dba2-4b23-9c3b-5c1285997b41,2026-04-11,available,,,2026-04-11T07:13:59.841+00:00,2026-04-11T07:14:08.730631+00:00,,,
aa95480a-557d-4a18-901e-47a964dc58ba,4e61147f-1e4a-4c78-9aad-365a3a25406b,fbb296de-dba2-4b23-9c3b-5c1285997b41,2026-04-11,available,,,2026-04-11T07:13:59.841+00:00,2026-04-11T07:14:08.730631+00:00,,,
a192e2df-ca69-4998-bc14-2daf767aa5e8,de69bc0d-febf-4b24-8450-eb1dd74bd7d8,fbb296de-dba2-4b23-9c3b-5c1285997b41,2026-04-11,available,,,2026-04-11T07:13:59.841+00:00,2026-04-11T07:14:08.730631+00:00,,,
f64b37fa-99a4-4e87-9a98-a6db32ef1305,511d5694-6147-4322-960a-eb6e5cd1e291,fbb296de-dba2-4b23-9c3b-5c1285997b41,2026-04-11,available,,,2026-04-11T07:13:59.841+00:00,2026-04-11T07:14:08.730631+00:00,,,
cb5ef521-ffed-415e-9a6d-aea5c5f4a8fe,ffbc1a44-8403-4ff8-98d1-fa7a17336156,fbb296de-dba2-4b23-9c3b-5c1285997b41,2026-04-11,available,,,2026-04-11T07:13:59.841+00:00,2026-04-11T07:14:08.730631+00:00,,,
cb388ae8-2393-430e-8762-c4457e4ae382,cbdadcf6-1004-4020-87e2-c3b5be4fd2dd,fbb296de-dba2-4b23-9c3b-5c1285997b41,2026-04-11,available,,,2026-04-11T07:13:59.841+00:00,2026-04-11T07:14:08.730631+00:00,,,
953cc8d0-c7c0-45be-a977-0e6a2610e4fe,69606083-2432-4ab8-9738-516864868879,fbb296de-dba2-4b23-9c3b-5c1285997b41,2026-04-11,available,,,2026-04-11T07:13:59.841+00:00,2026-04-11T07:14:08.730631+00:00,,,
e2687d30-93c9-4454-b1b1-a297e9d9840b,00bbde0b-08ee-4abd-8ede-4072e5a9b7ef,fbb296de-dba2-4b23-9c3b-5c1285997b41,2026-04-11,available,,,2026-04-11T07:13:59.841+00:00,2026-04-11T07:14:08.730631+00:00,,,
a0eae106-802d-419f-b078-0d83e20f8bcb,cd22ecb1-9eea-4ce8-ac14-289d2e8f5e9c,fbb296de-dba2-4b23-9c3b-5c1285997b41,2026-04-11,available,,,2026-04-11T07:13:59.841+00:00,2026-04-11T07:14:08.730631+00:00,,,
8d4812e8-4ef8-4254-8031-7122357cb0ab,2f04860a-b177-4a1c-8af1-08b2ac1ad567,fbb296de-dba2-4b23-9c3b-5c1285997b41,2026-04-11,available,,,2026-04-11T07:13:59.841+00:00,2026-04-11T07:14:08.730631+00:00,,,
c624a0d4-7d97-4238-bfa6-27b9c77de88c,cbf76c50-2ebd-4fee-a8a3-0eab9d8366ee,fbb296de-dba2-4b23-9c3b-5c1285997b41,2026-04-11,available,,,2026-04-11T07:13:59.841+00:00,2026-04-11T07:14:08.730631+00:00,,,
9f13e087-5d35-48eb-9998-1025a4616458,1029d612-5e08-4acb-a939-a54b768987fd,fbb296de-dba2-4b23-9c3b-5c1285997b41,2026-04-11,available,,,2026-04-11T07:13:59.841+00:00,2026-04-11T07:14:08.730631+00:00,,,
108418dc-eb99-4e11-93cf-c259c0fb7a9c,cb2f08e7-057b-4cb0-a9f0-b041a5b2e8dc,fbb296de-dba2-4b23-9c3b-5c1285997b41,2026-04-11,available,,,2026-04-11T07:13:59.841+00:00,2026-04-11T07:14:08.730631+00:00,,,
125c232c-a6d4-48c6-a3b5-3b7a61e42774,d00c8ebc-9fbe-4581-9e90-068368dde389,fbb296de-dba2-4b23-9c3b-5c1285997b41,2026-04-11,available,,,2026-04-11T07:13:59.841+00:00,2026-04-11T07:14:08.730631+00:00,,,
3f8013b7-2be4-49bb-8ada-89924678894d,df88a062-1568-4a88-ac22-499b4effa2db,fbb296de-dba2-4b23-9c3b-5c1285997b41,2026-04-11,available,,,2026-04-11T07:13:59.841+00:00,2026-04-11T07:14:08.730631+00:00,,,
f0cc3197-3f68-4a61-825b-1660f91c3ea4,8fe53475-a2ce-4dd6-802b-19151fab1430,fbb296de-dba2-4b23-9c3b-5c1285997b41,2026-04-11,available,,,2026-04-11T07:13:59.841+00:00,2026-04-11T07:14:08.730631+00:00,,,
c0293573-d09c-45d9-a9a8-f0250c4f2232,f43cda55-dd93-4947-ae92-1129a86c1d82,fbb296de-dba2-4b23-9c3b-5c1285997b41,2026-04-11,available,,,2026-04-11T07:13:59.841+00:00,2026-04-11T07:14:08.730631+00:00,,,
9aa81da7-fb7b-49cb-9934-054e702e06d8,d7c99f48-1aa3-45ea-a247-2d7262cc3929,fbb296de-dba2-4b23-9c3b-5c1285997b41,2026-04-11,available,,,2026-04-11T07:13:59.841+00:00,2026-04-11T07:14:08.730631+00:00,,,
ca396696-fd7d-4782-a870-63f5a6988a56,0c7cb9cf-e1ea-4476-ae2c-972475824bcb,fbb296de-dba2-4b23-9c3b-5c1285997b41,2026-04-11,available,,,2026-04-11T07:13:59.841+00:00,2026-04-11T07:14:08.730631+00:00,,,
6e2f7571-02af-456a-997e-3baa6a9f887c,3a6f4115-4ec8-4772-abf6-144d0e48214b,fbb296de-dba2-4b23-9c3b-5c1285997b41,2026-04-11,available,,,2026-04-11T07:13:59.841+00:00,2026-04-11T07:14:08.730631+00:00,,,
77180e60-1cf1-40b8-9c21-94b1f4d47fd0,de38634a-5fba-4125-835d-f248ee29f830,fbb296de-dba2-4b23-9c3b-5c1285997b41,2026-04-11,available,,,2026-04-11T07:13:59.841+00:00,2026-04-11T07:14:08.730631+00:00,,,
937005a0-34ee-4c15-bd4c-e8523186e03a,947e461d-8872-41ee-b7de-9b7ecce25287,fbb296de-dba2-4b23-9c3b-5c1285997b41,2026-04-11,available,,,2026-04-11T07:13:59.841+00:00,2026-04-11T07:14:08.730631+00:00,,,
561e86db-c0e0-40a7-ae29-7ce430613b28,c314664e-d9e7-4d46-aa69-64a1ca26f59b,fbb296de-dba2-4b23-9c3b-5c1285997b41,2026-04-11,available,,,2026-04-11T07:13:59.841+00:00,2026-04-11T07:14:08.730631+00:00,,,
01ecc88d-d713-44e6-8e86-94690abe83c7,da0edabf-c611-4f36-ab53-1fd0188e5464,fbb296de-dba2-4b23-9c3b-5c1285997b41,2026-04-11,available,,,2026-04-11T07:13:59.841+00:00,2026-04-11T07:14:08.730631+00:00,,,
07860168-2c9c-4792-8501-4c2814e4a478,a8bb4cea-3aad-45ff-96c4-a5af02335e12,fbb296de-dba2-4b23-9c3b-5c1285997b41,2026-04-11,available,,,2026-04-11T07:13:59.841+00:00,2026-04-11T07:14:08.730631+00:00,,,
3724ab05-1603-463d-81da-7dd6110bc249,4e6a0de1-43b6-4120-a6cd-ef1457e85a6e,fbb296de-dba2-4b23-9c3b-5c1285997b41,2026-04-11,available,,,2026-04-11T07:13:59.841+00:00,2026-04-11T07:14:08.730631+00:00,,,
9faa39d2-fb9b-40c0-8768-53eb9d00f03c,76881990-2ec7-40b9-8ea1-579a5e1192ad,fbb296de-dba2-4b23-9c3b-5c1285997b41,2026-04-11,available,,,2026-04-11T07:13:59.841+00:00,2026-04-11T07:14:08.730631+00:00,,,
a7793edd-21de-43ff-a9a0-38f6e03271dd,cfb3d243-a1fd-4330-bfce-7e9f169f8277,fbb296de-dba2-4b23-9c3b-5c1285997b41,2026-04-11,available,,,2026-04-11T07:13:59.841+00:00,2026-04-11T07:14:08.730631+00:00,,,
e17f0f45-a58e-4573-8e3c-ab51f0af1410,0415b9aa-5c61-4f79-9479-7dce2c76d1a8,fbb296de-dba2-4b23-9c3b-5c1285997b41,2026-04-11,available,,,2026-04-11T07:13:59.841+00:00,2026-04-11T07:14:08.730631+00:00,,,
417ebfc2-ec51-4aa0-8e3c-e623246664cb,13ac7479-762b-4fc2-b36c-b94223caf3d5,fbb296de-dba2-4b23-9c3b-5c1285997b41,2026-04-11,available,,,2026-04-11T07:13:59.841+00:00,2026-04-11T07:14:08.730631+00:00,,,
a285e856-ff9d-40cb-91b4-228d36e3fe25,41197272-bc0f-47b6-8d09-56f414d3035b,fbb296de-dba2-4b23-9c3b-5c1285997b41,2026-04-11,available,,,2026-04-11T07:13:59.841+00:00,2026-04-11T07:14:08.730631+00:00,,,
88a5873b-ed4e-4f99-a779-084c186cb786,c451e667-831d-4237-9b09-79123b641d17,fbb296de-dba2-4b23-9c3b-5c1285997b41,2026-04-11,available,,,2026-04-11T07:13:59.841+00:00,2026-04-11T07:14:08.730631+00:00,,,
456ff4f7-245d-4f1c-bd55-7f9b3077fc87,0f564608-78ba-405b-bd40-8d80a71c196e,fbb296de-dba2-4b23-9c3b-5c1285997b41,2026-04-11,available,,,2026-04-11T07:13:59.841+00:00,2026-04-11T07:14:08.730631+00:00,,,
f3fad626-28a8-4cd5-81f5-30faa03fe0c7,ead59b1d-eeed-486b-8bf7-a3aaf55caa2b,fbb296de-dba2-4b23-9c3b-5c1285997b41,2026-04-11,available,,,2026-04-11T07:13:59.841+00:00,2026-04-11T07:14:08.730631+00:00,,,
ac869989-3c69-453f-863b-b78ad47ec68c,27e7c46d-f7dd-4593-9578-85a9c38acf4e,fbb296de-dba2-4b23-9c3b-5c1285997b41,2026-04-11,available,,,2026-04-11T07:13:59.841+00:00,2026-04-11T07:14:08.730631+00:00,,,
93ecb2cc-a698-4529-b5e3-ac5e0fce1b7e,aef966a7-cec2-4f64-a7c5-f461033d608a,fbb296de-dba2-4b23-9c3b-5c1285997b41,2026-04-11,available,,,2026-04-11T07:13:59.841+00:00,2026-04-11T07:14:08.730631+00:00,,,
397c40b8-27ba-40c0-9bd4-9a2ad3b116d6,8bbedffc-40e5-4f97-9e56-962bea1c24a4,fbb296de-dba2-4b23-9c3b-5c1285997b41,2026-04-11,available,,,2026-04-11T07:13:59.841+00:00,2026-04-11T07:14:08.730631+00:00,,,
cf67a0fa-792f-4032-a5ba-886a0e7413af,4cab8fc9-fc23-4a60-9cf8-8a1b08ef6e04,fbb296de-dba2-4b23-9c3b-5c1285997b41,2026-04-11,available,,,2026-04-11T07:13:59.841+00:00,2026-04-11T07:14:08.730631+00:00,,,
79c32fef-80a4-408d-a281-4f95b6ff345a,7aab3ed9-e8d8-4bf0-877b-d0e9722a850b,fbb296de-dba2-4b23-9c3b-5c1285997b41,2026-04-11,available,,,2026-04-11T07:13:59.841+00:00,2026-04-11T07:14:08.730631+00:00,,,
f103182e-50cd-45cb-9fa4-22be4df7de45,a976be5b-40c5-4152-9f0d-5b4ef48dd44b,fbb296de-dba2-4b23-9c3b-5c1285997b41,2026-04-11,available,,,2026-04-11T07:13:59.841+00:00,2026-04-11T07:14:08.730631+00:00,,,
5a351fa6-e3cb-4bb8-a914-6c6e9bc93218,fd29e7ff-5086-468d-85a1-7f73829dd930,fbb296de-dba2-4b23-9c3b-5c1285997b41,2026-04-11,available,,,2026-04-11T07:13:59.841+00:00,2026-04-11T07:14:08.730631+00:00,,,
b46b4350-cba2-422c-8c8d-ad654eebe528,1d0c7241-19a1-401d-a709-4f16ed53f990,fbb296de-dba2-4b23-9c3b-5c1285997b41,2026-04-11,available,,,2026-04-11T07:13:59.841+00:00,2026-04-11T07:14:08.730631+00:00,,,
1aa4791e-fa81-44de-b65a-fb323edb67a7,4013f053-8031-4c99-852b-aa0682793bca,fbb296de-dba2-4b23-9c3b-5c1285997b41,2026-04-11,available,,,2026-04-11T07:13:59.841+00:00,2026-04-11T07:14:08.730631+00:00,,,
3871e0c0-09f2-40cd-bab2-db6f19c15c81,90570ad5-2c58-4ab5-a1bd-a7dc59a50222,fbb296de-dba2-4b23-9c3b-5c1285997b41,2026-04-11,available,,,2026-04-11T07:13:59.841+00:00,2026-04-11T07:14:08.730631+00:00,,,
c10a80b3-61d5-48e8-bcbe-d9b63f9d9d7e,c8bbe30a-a177-430d-86c5-6616a6f62a0d,fbb296de-dba2-4b23-9c3b-5c1285997b41,2026-04-11,available,,,2026-04-11T07:13:59.841+00:00,2026-04-11T07:14:08.730631+00:00,,,
1963a285-4874-4f73-89bd-fb92d2cdcb54,332f1a66-feeb-4e51-8c9f-db3ac84453f3,fbb296de-dba2-4b23-9c3b-5c1285997b41,2026-04-11,available,,,2026-04-11T07:13:59.841+00:00,2026-04-11T07:14:08.730631+00:00,,,
3452e2b8-1d25-4a6a-a78d-7dd40825e744,7a452ff1-9cab-4d77-8e7f-81ab30889099,fbb296de-dba2-4b23-9c3b-5c1285997b41,2026-04-11,available,,,2026-04-11T07:13:59.841+00:00,2026-04-11T07:14:08.730631+00:00,,,
79a60991-2043-4511-8c55-e9f36a0d356b,cd0f66ef-f670-46a5-983a-60066c8c2825,fbb296de-dba2-4b23-9c3b-5c1285997b41,2026-04-11,available,,,2026-04-11T07:13:59.841+00:00,2026-04-11T07:14:08.730631+00:00,,,
a31aa3ea-4ac1-47d7-a665-9059eee37abd,185693e3-9895-45d7-ab62-3562a30a27e7,fbb296de-dba2-4b23-9c3b-5c1285997b41,2026-04-11,available,,,2026-04-11T07:13:59.841+00:00,2026-04-11T07:14:08.730631+00:00,,,
2ca29a7a-f3c0-42dc-b5f4-02aa8bcdcfb4,5d9fdebd-7dde-4fd3-9c41-021a59a373a0,fbb296de-dba2-4b23-9c3b-5c1285997b41,2026-04-11,available,,,2026-04-11T07:13:59.841+00:00,2026-04-11T07:14:08.730631+00:00,,,
483fc7bd-b0aa-4fef-b66c-836e0c3e7869,89c1246f-c6d6-48c1-b253-ac897aeb1d11,fbb296de-dba2-4b23-9c3b-5c1285997b41,2026-04-11,available,,,2026-04-11T07:13:59.841+00:00,2026-04-11T07:14:08.730631+00:00,,,
265a7e4d-0dcc-421d-bc0c-06b692432611,9c203b49-8a07-4319-aae9-fcfd68b34579,fbb296de-dba2-4b23-9c3b-5c1285997b41,2026-04-11,available,,,2026-04-11T07:13:59.841+00:00,2026-04-11T07:14:08.730631+00:00,,,
ecf38931-7e3f-4193-991a-830c1a7a22de,d2d14373-69ff-4301-81a2-ba77a96b56cd,fbb296de-dba2-4b23-9c3b-5c1285997b41,2026-04-11,available,,,2026-04-11T07:13:59.841+00:00,2026-04-11T07:14:08.730631+00:00,,,
a616d79c-9f3a-42a5-b73b-73820ce1846c,7387900d-0b1d-4fe5-b9e6-7c968c2003b3,fbb296de-dba2-4b23-9c3b-5c1285997b41,2026-04-11,available,,,2026-04-11T07:13:59.841+00:00,2026-04-11T07:14:08.730631+00:00,,,
3dda602e-a568-46c4-b4d4-7781971de335,22370f93-2d06-4891-841e-4cf159e301ca,fbb296de-dba2-4b23-9c3b-5c1285997b41,2026-04-11,available,,,2026-04-11T07:13:59.841+00:00,2026-04-11T07:14:08.730631+00:00,,,
3d618916-8088-4fb9-a859-8ebe53148eab,0ca63d24-8e2c-4cb8-af36-ceb8ced7f103,fbb296de-dba2-4b23-9c3b-5c1285997b41,2026-04-11,available,,,2026-04-11T07:13:59.841+00:00,2026-04-11T07:14:08.730631+00:00,,,
765d1635-7a1b-4e3b-842e-d5d09c0f47f5,924c513c-c422-4c24-9515-e4544f493394,fbb296de-dba2-4b23-9c3b-5c1285997b41,2026-04-11,available,,,2026-04-11T07:13:59.841+00:00,2026-04-11T07:14:08.730631+00:00,,,
9c3d6a0a-8053-4909-9bef-8d43aaead5c1,79bea6a3-4268-4ae7-8665-deb6b1cf1a9a,fbb296de-dba2-4b23-9c3b-5c1285997b41,2026-04-11,available,,,2026-04-11T07:13:59.841+00:00,2026-04-11T07:14:08.730631+00:00,,,
05feb76b-3ac4-4e79-b49a-79d96c8f52c4,e0562212-cda5-4a74-ac19-db857f843dbd,fbb296de-dba2-4b23-9c3b-5c1285997b41,2026-04-11,available,,,2026-04-11T07:13:59.841+00:00,2026-04-11T07:14:08.730631+00:00,,,
987825ed-43d6-4a55-a7cd-4e3f642c3454,35f4a879-0b57-4581-9e91-c47200a23c78,fbb296de-dba2-4b23-9c3b-5c1285997b41,2026-04-11,available,,,2026-04-11T07:13:59.841+00:00,2026-04-11T07:14:08.730631+00:00,,,
c1c16917-89f9-4c42-9044-9cbc763110fb,c0b5e2df-b927-4ac5-99f5-4368965722ab,fbb296de-dba2-4b23-9c3b-5c1285997b41,2026-04-11,available,,,2026-04-11T07:13:59.841+00:00,2026-04-11T07:14:08.730631+00:00,,,
4b32b9f3-e7df-44de-a400-ad15351ea973,b66e80d0-7f23-44ac-a6d3-5db4212284e6,fbb296de-dba2-4b23-9c3b-5c1285997b41,2026-04-11,available,,,2026-04-11T07:13:59.841+00:00,2026-04-11T07:14:08.730631+00:00,,,
7d5c4412-7b7d-4a31-9de6-41ac142c3362,4acd4dc2-eb69-48a4-8f0d-dc509f93beb4,fbb296de-dba2-4b23-9c3b-5c1285997b41,2026-04-11,available,,,2026-04-11T07:13:59.841+00:00,2026-04-11T07:14:08.730631+00:00,,,
8906c111-e5ae-4f8b-9c7b-017d1657546c,604ea0ee-856f-4bd8-90a3-a067244e31db,fbb296de-dba2-4b23-9c3b-5c1285997b41,2026-04-11,available,,,2026-04-11T07:13:59.841+00:00,2026-04-11T07:14:08.730631+00:00,,,
bb00b3dc-d48b-436b-b62d-b66571289f40,3c972950-a216-468e-b719-d3430d265c36,fbb296de-dba2-4b23-9c3b-5c1285997b41,2026-04-11,available,,,2026-04-11T07:13:59.841+00:00,2026-04-11T07:14:08.730631+00:00,,,
0abe8b57-3d1d-40da-b470-4520742880e6,2ec9bf07-c28b-4a11-809e-a7be42c4db76,fbb296de-dba2-4b23-9c3b-5c1285997b41,2026-04-11,available,,,2026-04-11T07:13:59.841+00:00,2026-04-11T07:14:08.730631+00:00,,,
1ea14157-9fdd-4cec-9b75-0ce3046e8291,1d6856d9-51da-4f3d-9167-2140aa6f8eba,fbb296de-dba2-4b23-9c3b-5c1285997b41,2026-04-11,available,,,2026-04-11T07:13:59.841+00:00,2026-04-11T07:14:08.730631+00:00,,,
fea560d1-e382-4085-8f33-64a961e1b2e6,4f7e4826-6de8-458d-9fc7-dc135acf8c1e,fbb296de-dba2-4b23-9c3b-5c1285997b41,2026-04-11,available,,,2026-04-11T07:13:59.841+00:00,2026-04-11T07:14:08.730631+00:00,,,
c03f2a7c-093c-47af-9ac9-5deb710cefad,c60051a9-4d42-4198-bd08-b24181a2481d,fbb296de-dba2-4b23-9c3b-5c1285997b41,2026-04-11,available,,,2026-04-11T07:13:59.841+00:00,2026-04-11T07:14:08.730631+00:00,,,
fc2d278c-4e78-449d-8812-683cca1a726f,39f683dd-6e80-43b8-9c10-8f9505093d6e,fbb296de-dba2-4b23-9c3b-5c1285997b41,2026-04-11,available,,,2026-04-11T07:13:59.841+00:00,2026-04-11T07:14:08.730631+00:00,,,
02936c1c-212c-4bd9-976a-0a2c191fc477,2e754b98-4d62-4dde-abae-8fad7eb099d3,fbb296de-dba2-4b23-9c3b-5c1285997b41,2026-04-11,available,,,2026-04-11T07:13:59.841+00:00,2026-04-11T07:14:08.730631+00:00,,,
ca1afd7b-dc16-4b3b-bd78-2e83597c8cc9,b3abbd6a-b26d-4a7e-aa1a-d44346bf21b3,fbb296de-dba2-4b23-9c3b-5c1285997b41,2026-04-11,available,,,2026-04-11T07:13:59.841+00:00,2026-04-11T07:14:08.730631+00:00,,,
3494b3d7-307b-46bd-9f4e-9dd6a62dd42b,d87652f1-bb0b-444f-ad23-97c5c4d8b7de,fbb296de-dba2-4b23-9c3b-5c1285997b41,2026-04-11,available,,,2026-04-11T07:13:59.841+00:00,2026-04-11T07:14:08.730631+00:00,,,
d39ce958-2ecf-440b-9f4c-274454734737,09d6b27b-cbab-4ce2-b97b-cd849d5588b2,fbb296de-dba2-4b23-9c3b-5c1285997b41,2026-04-11,available,,,2026-04-11T07:13:59.841+00:00,2026-04-11T07:14:08.730631+00:00,,,
4484f827-3f56-47d1-8d42-57c0cd0d15b8,d17e62b0-3615-4ac3-8fb3-f9b22955600f,fbb296de-dba2-4b23-9c3b-5c1285997b41,2026-04-11,available,,,2026-04-11T07:13:59.841+00:00,2026-04-11T07:14:08.730631+00:00,,,
1749d1d3-4a61-499b-8297-1b40513df773,27d10606-8e7f-4afa-8c12-ce177d2f7e31,fbb296de-dba2-4b23-9c3b-5c1285997b41,2026-04-11,available,,,2026-04-11T07:13:59.841+00:00,2026-04-11T07:14:08.730631+00:00,,,
4a73df42-b890-46be-9672-e2f59e51ff33,e9697f64-3351-4f0c-80a2-97693a2ea2e5,fbb296de-dba2-4b23-9c3b-5c1285997b41,2026-04-11,available,,,2026-04-11T07:13:59.841+00:00,2026-04-11T07:14:08.730631+00:00,,,
734a42d8-65ad-4485-96f0-f924274460de,a252243e-ee4b-4544-8a0f-5f1fdfc8cf78,fbb296de-dba2-4b23-9c3b-5c1285997b41,2026-04-11,available,,,2026-04-11T07:13:59.841+00:00,2026-04-11T07:14:08.730631+00:00,,,
1f4a0650-c650-4a37-bcb1-48bec273596a,ec0e87bd-f105-4509-a148-beb9bf6eae42,fbb296de-dba2-4b23-9c3b-5c1285997b41,2026-04-11,available,,,2026-04-11T07:13:59.841+00:00,2026-04-11T07:14:08.730631+00:00,,,
55ad290b-6f79-4ef6-9653-850ff841a94b,9ba79172-9ab7-433c-a656-4b584d3eab1e,fbb296de-dba2-4b23-9c3b-5c1285997b41,2026-04-11,available,,,2026-04-11T07:13:59.841+00:00,2026-04-11T07:14:08.730631+00:00,,,
665d5b0c-118a-4afe-9b05-1ef90ed5f580,6c3dfe2a-d412-409f-a2b0-15345fbd2981,fbb296de-dba2-4b23-9c3b-5c1285997b41,2026-04-11,available,,,2026-04-11T07:13:59.841+00:00,2026-04-11T07:14:08.730631+00:00,,,
360a6001-2f1f-4273-a9b3-ec481acc70e5,98073499-8a1a-4ca5-99ad-0486e2769c76,fbb296de-dba2-4b23-9c3b-5c1285997b41,2026-04-11,available,,,2026-04-11T07:13:59.841+00:00,2026-04-11T07:14:08.730631+00:00,,,
eb7b7674-8cc0-44e6-be2f-9b2757e13f33,80e8b99d-e4fa-4b8d-b897-b9a26e96d8d3,fbb296de-dba2-4b23-9c3b-5c1285997b41,2026-04-11,available,,,2026-04-11T07:13:59.841+00:00,2026-04-11T07:14:08.730631+00:00,,,
97fa60b0-a290-46f4-9439-23fe1621558b,4be9d559-4c73-4ac4-90bf-cb2939b339f6,fbb296de-dba2-4b23-9c3b-5c1285997b41,2026-04-11,available,,,2026-04-11T07:13:59.841+00:00,2026-04-11T07:14:08.730631+00:00,,,
7dd98fc9-422a-4459-b283-78591d98a781,9f56c78e-827c-4cbe-bb50-b014f03485d7,fbb296de-dba2-4b23-9c3b-5c1285997b41,2026-04-11,available,,,2026-04-11T07:13:59.841+00:00,2026-04-11T07:14:08.730631+00:00,,,
4b5f82b0-f173-4d5b-86a3-9c26caf5c8c7,b7693f65-7b87-4620-a292-f9e60fd3cfa9,fbb296de-dba2-4b23-9c3b-5c1285997b41,2026-04-11,available,,,2026-04-11T07:13:59.841+00:00,2026-04-11T07:14:08.730631+00:00,,,
40457838-c1bf-4955-ac16-841cbb9eb48c,34ab878d-5fc3-40ab-8fb7-7c1496accbf0,fbb296de-dba2-4b23-9c3b-5c1285997b41,2026-04-11,available,,,2026-04-11T07:13:59.841+00:00,2026-04-11T07:14:08.730631+00:00,,,
ab4739e9-30ae-4354-9279-b28478e0a348,f74886a6-2688-4903-92e2-b277ac3871b9,fbb296de-dba2-4b23-9c3b-5c1285997b41,2026-04-11,available,,,2026-04-11T07:13:59.841+00:00,2026-04-11T07:14:08.730631+00:00,,,
8cf7d70b-54c3-42fd-9c55-928a92fc25f6,ede7731f-5bf6-4a39-95f4-5d3301c929b8,fbb296de-dba2-4b23-9c3b-5c1285997b41,2026-04-11,available,,,2026-04-11T07:13:59.841+00:00,2026-04-11T07:14:08.730631+00:00,,,
e8ffd6a7-ad4b-4dfe-aab6-882e869b524a,1b44a5a2-7c8e-4381-b545-3cecb689cce4,fbb296de-dba2-4b23-9c3b-5c1285997b41,2026-04-11,available,,,2026-04-11T07:13:59.841+00:00,2026-04-11T07:14:08.730631+00:00,,,
d13748a6-f1fe-4d41-b6ed-9fb0cb560854,19a5d381-d434-4482-aee6-9b44308ff7d3,fbb296de-dba2-4b23-9c3b-5c1285997b41,2026-04-11,available,,,2026-04-11T07:13:59.841+00:00,2026-04-11T07:14:08.730631+00:00,,,
3b1bda5c-3cbb-4eca-9f8c-6e6d4f6ad84a,d744e61c-c90f-4181-9247-ae706cf2295d,fbb296de-dba2-4b23-9c3b-5c1285997b41,2026-04-11,available,,,2026-04-11T07:13:59.841+00:00,2026-04-11T07:14:08.730631+00:00,,,
88a68f21-73c7-4035-965a-9f4fdbfcba75,1b5e7f69-0650-4d5d-a6bf-e6d54d03f21e,fbb296de-dba2-4b23-9c3b-5c1285997b41,2026-04-11,available,,,2026-04-11T07:13:59.841+00:00,2026-04-11T07:14:08.730631+00:00,,,
3207ee18-08ae-44b0-a85b-0d11f20476fb,aef96fc8-88ea-48ab-bc0f-0c812c919007,fbb296de-dba2-4b23-9c3b-5c1285997b41,2026-04-11,available,,,2026-04-11T07:13:59.841+00:00,2026-04-11T07:14:08.730631+00:00,,,
adf31bcc-8b4b-4ea5-a971-2d3a999034a5,a6a57270-840f-41ff-998e-0b1d3cefbe24,fbb296de-dba2-4b23-9c3b-5c1285997b41,2026-04-11,available,,,2026-04-11T07:13:59.841+00:00,2026-04-11T07:14:08.730631+00:00,,,
9377401e-c0fa-4b6d-92f9-a966e097ff91,b78ea1c0-57d8-4155-bc7e-f9178f5c5ee1,fbb296de-dba2-4b23-9c3b-5c1285997b41,2026-04-11,available,,,2026-04-11T07:13:59.841+00:00,2026-04-11T07:14:08.730631+00:00,,,
43a543e6-ee9e-4484-9336-b5ada96026a8,7070a97e-2956-4082-b31e-c16321071149,fbb296de-dba2-4b23-9c3b-5c1285997b41,2026-04-11,available,,,2026-04-11T07:13:59.841+00:00,2026-04-11T07:14:08.730631+00:00,,,
74d6b7f2-9bb5-401c-9dfc-5035d064f6c3,bbc3545a-c547-48c5-a757-735e33dc47ec,fbb296de-dba2-4b23-9c3b-5c1285997b41,2026-04-11,available,,,2026-04-11T07:13:59.841+00:00,2026-04-11T07:14:08.730631+00:00,,,
04447d03-5dd5-4af7-a98e-fd7074adf70e,2fc8d3e9-f161-405f-8246-6a15a6c237cb,fbb296de-dba2-4b23-9c3b-5c1285997b41,2026-04-11,available,,,2026-04-11T07:13:59.841+00:00,2026-04-11T07:14:08.730631+00:00,,,
90a67cf1-d1fb-4f48-8f60-dd09e7a20925,a2e7a71f-6efe-4d67-b41f-a1338754ff3b,fbb296de-dba2-4b23-9c3b-5c1285997b41,2026-04-11,available,,,2026-04-11T07:13:59.841+00:00,2026-04-11T07:14:08.730631+00:00,,,
91e15ab5-224a-4bac-95c3-a5dea00a2cad,407a2c77-9fc9-495a-ba00-749131cac905,fbb296de-dba2-4b23-9c3b-5c1285997b41,2026-04-11,available,,,2026-04-11T07:13:59.841+00:00,2026-04-11T07:14:08.730631+00:00,,,
eed6a4e7-d527-46a9-8fff-5c8075a88d59,0dfe1789-64e1-4258-bf9b-f4b5deaa6bd9,fbb296de-dba2-4b23-9c3b-5c1285997b41,2026-04-11,available,,,2026-04-11T07:13:59.841+00:00,2026-04-11T07:14:08.730631+00:00,,,
2c5d7f07-f70c-4508-852f-31bafe70b257,682a4581-1f29-4cd9-ba52-2bf5deb40807,fbb296de-dba2-4b23-9c3b-5c1285997b41,2026-04-11,available,,,2026-04-11T07:13:59.841+00:00,2026-04-11T07:14:08.730631+00:00,,,
12efc5fe-7ac8-4554-b84a-bb1562de6d60,0330dca4-2e34-4ccd-9ea0-e2eccbcb3ed9,fbb296de-dba2-4b23-9c3b-5c1285997b41,2026-04-11,available,,,2026-04-11T07:13:59.841+00:00,2026-04-11T07:14:08.730631+00:00,,,
069b5454-f9cb-4cd0-86d8-37fad708eb05,46d57a11-f9d2-47d0-9096-e6a7b9ed81ad,fbb296de-dba2-4b23-9c3b-5c1285997b41,2026-04-11,available,,,2026-04-11T07:13:59.841+00:00,2026-04-11T07:14:08.730631+00:00,,,
f0dc1f59-6b9d-4a9f-a18e-b180ca96c6d4,7c3b600c-73e8-4df6-993e-effdb29ce957,fbb296de-dba2-4b23-9c3b-5c1285997b41,2026-04-11,available,,,2026-04-11T07:13:59.841+00:00,2026-04-11T07:14:08.730631+00:00,,,
6bf67886-1b83-493e-a89d-bd46d6fe35fc,d7284556-1c31-49af-9565-909063b93cc9,fbb296de-dba2-4b23-9c3b-5c1285997b41,2026-04-11,available,,,2026-04-11T07:13:59.841+00:00,2026-04-11T07:14:08.730631+00:00,,,
e01239fb-3116-4d34-a73e-5427e364c709,1f32ff5a-f9b7-440a-8285-ab2ad1ecaa05,fbb296de-dba2-4b23-9c3b-5c1285997b41,2026-04-11,available,,,2026-04-11T07:13:59.841+00:00,2026-04-11T07:14:08.730631+00:00,,,
c1a96c0e-657e-4f4e-9ea8-8b2bfc1dfaac,304ed108-096d-4022-b673-87feae1b5a1a,fbb296de-dba2-4b23-9c3b-5c1285997b41,2026-04-11,available,,,2026-04-11T07:13:59.841+00:00,2026-04-11T07:14:08.730631+00:00,,,
98ebc4e6-4021-423e-86b6-0ae475e41520,61a1375c-3254-4fe0-a471-8b8b660f4135,fbb296de-dba2-4b23-9c3b-5c1285997b41,2026-04-11,available,,,2026-04-11T07:13:59.841+00:00,2026-04-11T07:14:08.730631+00:00,,,
7b9d3722-299b-45fa-8be0-e523b0409e51,41817459-03f8-4e71-8ba6-8fa63e5e1b4d,fbb296de-dba2-4b23-9c3b-5c1285997b41,2026-04-11,available,,,2026-04-11T07:13:59.841+00:00,2026-04-11T07:14:08.730631+00:00,,,
85750447-033a-418a-95d0-dbe12b64faa0,ad22aeeb-e301-4beb-9bf9-36b11a302944,fbb296de-dba2-4b23-9c3b-5c1285997b41,2026-04-11,available,,,2026-04-11T07:13:59.841+00:00,2026-04-11T07:14:08.730631+00:00,,,
ed2895ca-243d-4e63-906b-f71d95c64f2d,5a9c3504-8fef-4b40-8129-d20f88fbe563,fbb296de-dba2-4b23-9c3b-5c1285997b41,2026-04-11,available,,,2026-04-11T07:13:59.841+00:00,2026-04-11T07:14:08.730631+00:00,,,
1cf43617-f0ff-41fb-a0c9-47fafa8ea4c0,72705d6f-ba9c-45cc-a890-c2c7baf086c7,fbb296de-dba2-4b23-9c3b-5c1285997b41,2026-04-11,available,,,2026-04-11T07:13:59.841+00:00,2026-04-11T07:14:08.730631+00:00,,,
0f8a9032-86d3-4407-914e-84c97aa400d0,c6fdc2be-53bd-4c2a-8a6f-665e612aa3b5,fbb296de-dba2-4b23-9c3b-5c1285997b41,2026-04-11,available,,,2026-04-11T07:13:59.841+00:00,2026-04-11T07:14:08.730631+00:00,,,
4b3305f3-264a-4d37-8f56-62a83566b08a,3d50b41b-54e3-4ea7-b559-e40d8a1ea7e3,fbb296de-dba2-4b23-9c3b-5c1285997b41,2026-04-11,available,,,2026-04-11T07:13:59.841+00:00,2026-04-11T07:14:08.730631+00:00,,,
091b2d6b-264b-426c-b921-a5c605b39d24,508960cd-999c-44de-8e17-218b5cfa40d9,fbb296de-dba2-4b23-9c3b-5c1285997b41,2026-04-11,available,,,2026-04-11T07:13:59.841+00:00,2026-04-11T07:14:08.730631+00:00,,,
896c8711-97a1-43aa-ab64-1e14f1631ea4,6014e544-f4ea-4903-a691-9e2915ee2d07,fbb296de-dba2-4b23-9c3b-5c1285997b41,2026-04-11,available,,,2026-04-11T07:13:59.841+00:00,2026-04-11T07:14:08.730631+00:00,,,
8b0ed40d-1135-4be5-b8b6-7aeb35eeadce,31738451-481f-400e-aba1-42b2a7452949,fbb296de-dba2-4b23-9c3b-5c1285997b41,2026-04-11,available,,,2026-04-11T07:13:59.841+00:00,2026-04-11T07:14:08.730631+00:00,,,
b3862c5e-d7e0-41c6-a374-ac315453dac3,0acf89be-de62-4a14-9502-aab639d34f04,fbb296de-dba2-4b23-9c3b-5c1285997b41,2026-04-11,available,,,2026-04-11T07:13:59.841+00:00,2026-04-11T07:14:08.730631+00:00,,,
88a4d07e-1fb4-4359-ba02-06582d2632c8,ab073af1-5ce8-4acb-b07f-4fa41d2a8a9d,fbb296de-dba2-4b23-9c3b-5c1285997b41,2026-04-11,available,,,2026-04-11T07:13:59.841+00:00,2026-04-11T07:14:08.730631+00:00,,,
e095bbea-ac0d-4e18-9850-63f0824544e5,8627c1a1-62d7-49e3-9176-f295969b3c6d,fbb296de-dba2-4b23-9c3b-5c1285997b41,2026-04-11,available,,,2026-04-11T07:13:59.841+00:00,2026-04-11T07:14:08.730631+00:00,,,
eba84636-8d6d-4177-9875-dde85fd5218d,aad00f76-4fe1-44ac-882a-9ad2eb664a5c,fbb296de-dba2-4b23-9c3b-5c1285997b41,2026-04-11,available,,,2026-04-11T07:13:59.841+00:00,2026-04-11T07:14:08.730631+00:00,,,
73b4fe6b-96f9-4478-82b2-8384a66cf028,759e7b56-07aa-4866-bfaa-46efdb0afe58,fbb296de-dba2-4b23-9c3b-5c1285997b41,2026-04-11,available,,,2026-04-11T07:13:59.841+00:00,2026-04-11T07:14:08.730631+00:00,,,
bc61abd0-c3b5-4429-a145-b85f1343e88d,38a11035-66a5-48ca-825b-8124f66d4478,fbb296de-dba2-4b23-9c3b-5c1285997b41,2026-04-11,available,,,2026-04-11T07:13:59.841+00:00,2026-04-11T07:14:08.730631+00:00,,,
c4ced2cf-e63a-457b-b960-6038e93fdad8,4898a864-3303-44d8-8c83-8f8996a19fa3,fbb296de-dba2-4b23-9c3b-5c1285997b41,2026-04-11,available,,,2026-04-11T07:13:59.841+00:00,2026-04-11T07:14:08.730631+00:00,,,
b7cacedf-c208-49be-8bbc-8f960a9f4d33,97ee9b66-2711-4df2-99bd-ed1a32f40eb4,fbb296de-dba2-4b23-9c3b-5c1285997b41,2026-04-11,available,,,2026-04-11T07:13:59.841+00:00,2026-04-11T07:14:08.730631+00:00,,,
72f0b969-6053-4e6d-9bd1-533963f2999c,4fd2406d-0cce-4013-9585-72c23407ceae,fbb296de-dba2-4b23-9c3b-5c1285997b41,2026-04-11,available,,,2026-04-11T07:13:59.841+00:00,2026-04-11T07:14:08.730631+00:00,,,
f5f6833e-fe23-4159-9002-dba228be70d0,334edaad-9be5-43ff-a28a-6a165d97d13e,fbb296de-dba2-4b23-9c3b-5c1285997b41,2026-04-11,available,,,2026-04-11T07:13:59.841+00:00,2026-04-11T07:14:08.730631+00:00,,,
c3c943dd-da34-4f74-937a-f5f01a0a290c,ad8151cf-0a93-4205-9f92-19b1bc595a8f,fbb296de-dba2-4b23-9c3b-5c1285997b41,2026-04-11,available,,,2026-04-11T07:13:59.841+00:00,2026-04-11T07:14:08.730631+00:00,,,
08a43c84-8285-46d7-9427-9ae059a1fda1,9c2ebb31-687b-428e-a2c5-a5e552f7b5cc,fbb296de-dba2-4b23-9c3b-5c1285997b41,2026-04-11,available,,,2026-04-11T07:13:59.841+00:00,2026-04-11T07:14:08.730631+00:00,,,
f4ff8b2d-58f2-455a-8b74-dc13c8327149,0516781f-0290-44a1-9f8f-adbf8db38425,fbb296de-dba2-4b23-9c3b-5c1285997b41,2026-04-11,available,,,2026-04-11T07:13:59.841+00:00,2026-04-11T07:14:08.730631+00:00,,,
ebe16073-169a-46f2-8460-0272abe102eb,3f899f50-df5f-4364-ba3f-3ef814961309,fbb296de-dba2-4b23-9c3b-5c1285997b41,2026-04-11,available,,,2026-04-11T07:13:59.841+00:00,2026-04-11T07:14:08.730631+00:00,,,
ac46a4da-616c-4a60-965c-d12814e61c1e,96c9c583-6be1-473c-8531-e58107199fa6,fbb296de-dba2-4b23-9c3b-5c1285997b41,2026-04-11,available,,,2026-04-11T07:13:59.841+00:00,2026-04-11T07:14:08.730631+00:00,,,
ac39128e-06ae-459d-a20a-7aa55b1d27b0,949a9839-c640-4bf7-a7b6-59e93d5e927e,fbb296de-dba2-4b23-9c3b-5c1285997b41,2026-04-11,available,,,2026-04-11T07:13:59.841+00:00,2026-04-11T07:14:08.730631+00:00,,,
621337fe-97c0-4b7d-8f98-da1f9e55ff18,1188873c-8be1-42d3-a242-da6f15bf5e4a,fbb296de-dba2-4b23-9c3b-5c1285997b41,2026-04-11,available,,,2026-04-11T07:13:59.841+00:00,2026-04-11T07:14:08.730631+00:00,,,
5c4b6df1-1f26-409a-a11b-ac870c4bb917,924984fd-6cab-4b4a-8b62-1fc6860ad5a5,fbb296de-dba2-4b23-9c3b-5c1285997b41,2026-04-11,available,,,2026-04-11T07:13:59.841+00:00,2026-04-11T07:14:08.730631+00:00,,,
57fa98e3-dc50-48fb-b698-87d15e629af6,3c2f77cd-57af-4557-93a8-25f866c7ef0a,fbb296de-dba2-4b23-9c3b-5c1285997b41,2026-04-11,available,,,2026-04-11T07:13:59.841+00:00,2026-04-11T07:14:08.730631+00:00,,,
587a800a-d48e-412e-a6bb-51061b72030b,20af3438-94f4-44dd-a150-079cf139a7a5,fbb296de-dba2-4b23-9c3b-5c1285997b41,2026-04-11,available,,,2026-04-11T07:13:59.841+00:00,2026-04-11T07:14:08.730631+00:00,,,
419c359e-d412-4035-8782-a733c00baebc,4e30357c-cab4-454a-8698-3f7413a38b2c,fbb296de-dba2-4b23-9c3b-5c1285997b41,2026-04-11,available,,,2026-04-11T07:13:59.841+00:00,2026-04-11T07:14:08.730631+00:00,,,
4673ee63-fb6d-44b6-9586-ccb3d678b9ca,a3d8e08f-8e02-46e5-af59-a2895bf61e63,fbb296de-dba2-4b23-9c3b-5c1285997b41,2026-04-11,available,,,2026-04-11T07:13:59.841+00:00,2026-04-11T07:14:08.730631+00:00,,,
a60c6b36-e53f-47d5-9271-78c3a57371ec,2d018036-1224-40a3-82ac-e3644690ab0a,fbb296de-dba2-4b23-9c3b-5c1285997b41,2026-04-11,available,,,2026-04-11T07:13:59.841+00:00,2026-04-11T07:14:08.730631+00:00,,,
9d7fdcd8-ce42-4599-bbac-f0f2cf128726,fd5f8362-52f1-410c-97dc-bbe084c2c8e4,fbb296de-dba2-4b23-9c3b-5c1285997b41,2026-04-11,available,,,2026-04-11T07:13:59.841+00:00,2026-04-11T07:14:08.730631+00:00,,,
af1f5eb2-cd72-48bd-8b59-c797d5352c74,5d083c30-fb85-4d4f-9757-9cda19fc2821,fbb296de-dba2-4b23-9c3b-5c1285997b41,2026-04-11,available,,,2026-04-11T07:13:59.841+00:00,2026-04-11T07:14:08.730631+00:00,,,
028222d7-0bfc-400b-9558-4a1834d0cbf0,e63f9153-d195-48fa-b7e7-19ad412c36da,fbb296de-dba2-4b23-9c3b-5c1285997b41,2026-04-11,available,,,2026-04-11T07:13:59.841+00:00,2026-04-11T07:14:08.730631+00:00,,,
7c488e7f-c29c-498f-96e8-1a7ae4337460,314d5849-c300-477e-93a4-bc99aa664c23,fbb296de-dba2-4b23-9c3b-5c1285997b41,2026-04-11,available,,,2026-04-11T07:13:59.841+00:00,2026-04-11T07:14:08.730631+00:00,,,
e479e852-3bf8-45bd-bfea-bf71fe76e408,afb8cdfd-4cc1-40f7-9f70-df7cbbb78d06,fbb296de-dba2-4b23-9c3b-5c1285997b41,2026-04-11,available,,,2026-04-11T07:13:59.841+00:00,2026-04-11T07:14:08.730631+00:00,,,
b289fed3-37d8-445e-8101-5a3150770835,39a1fabb-bf9a-4ccf-8241-a141fdc85bbc,fbb296de-dba2-4b23-9c3b-5c1285997b41,2026-04-11,available,,,2026-04-11T07:13:59.841+00:00,2026-04-11T07:14:08.730631+00:00,,,
a9714ea8-2936-4481-bd4f-ff66c269298a,66732b90-15ff-4bb5-a9d8-b84ac997d183,fbb296de-dba2-4b23-9c3b-5c1285997b41,2026-04-11,available,,,2026-04-11T07:13:59.841+00:00,2026-04-11T07:14:08.730631+00:00,,,
9e21bc2a-e4fb-40c2-92fa-376e57e9e845,29686763-0ead-43f0-9d3a-59f2ccfb2477,fbb296de-dba2-4b23-9c3b-5c1285997b41,2026-04-11,available,,,2026-04-11T07:13:59.841+00:00,2026-04-11T07:14:08.730631+00:00,,,
943f56d1-3892-483b-9669-0756c49f85e3,0a960158-e3fa-4ee6-aabd-55578dfe8faa,fbb296de-dba2-4b23-9c3b-5c1285997b41,2026-04-11,available,,,2026-04-11T07:13:59.841+00:00,2026-04-11T07:14:08.730631+00:00,,,
86ef72d3-981a-4a4f-af84-ba8b27262c70,1dbf367f-4514-48e7-8853-81551967c94d,fbb296de-dba2-4b23-9c3b-5c1285997b41,2026-04-11,available,,,2026-04-11T07:13:59.841+00:00,2026-04-11T07:14:08.730631+00:00,,,
bf46bbb5-b9c2-4729-8c9d-50e85abeb3af,52ecfb86-603a-49a2-bed5-ff0ced64f464,fbb296de-dba2-4b23-9c3b-5c1285997b41,2026-04-11,available,,,2026-04-11T07:13:59.841+00:00,2026-04-11T07:14:08.730631+00:00,,,
dff4b118-311b-416a-8b9e-c4400968e4f6,de3020b4-e754-4b71-a352-c99160240de4,fbb296de-dba2-4b23-9c3b-5c1285997b41,2026-04-11,available,,,2026-04-11T07:13:59.841+00:00,2026-04-11T07:14:08.730631+00:00,,,
b5b64480-63a3-412b-9177-1ffd5626fc58,d675726f-44a7-475c-9b4b-9ba2bf13996d,fbb296de-dba2-4b23-9c3b-5c1285997b41,2026-04-11,available,,,2026-04-11T07:13:59.841+00:00,2026-04-11T07:14:08.730631+00:00,,,
9be8693a-6370-4efd-ac6f-3b8430fa74a3,07c6eec6-46c9-4e7c-8cab-a524795d38b7,fbb296de-dba2-4b23-9c3b-5c1285997b41,2026-04-11,available,,,2026-04-11T07:13:59.841+00:00,2026-04-11T07:14:08.730631+00:00,,,
0e7d1590-31db-458d-abfa-3147ae3e73a7,94301ae3-f29e-44c7-a4e4-94add65ee641,fbb296de-dba2-4b23-9c3b-5c1285997b41,2026-04-11,available,,,2026-04-11T07:13:59.841+00:00,2026-04-11T07:14:08.730631+00:00,,,
cf70d273-05d1-4a51-9ac3-fcf58bb2c903,f3c9bbbe-aef1-46f3-8e9c-83d1d05109d0,fbb296de-dba2-4b23-9c3b-5c1285997b41,2026-04-11,available,,,2026-04-11T07:13:59.841+00:00,2026-04-11T07:14:08.730631+00:00,,,
409e90b9-6d7c-41be-b3d4-3c89c46b2ce7,60615a17-1ed6-46d4-9ea7-5733ae4770d1,fbb296de-dba2-4b23-9c3b-5c1285997b41,2026-04-11,available,,,2026-04-11T07:13:59.841+00:00,2026-04-11T07:14:08.730631+00:00,,,
014fb17d-d9d7-4dc3-9939-8f089eae4807,dcb732ae-01fa-47ac-8c1d-20b1a9d0b47f,fbb296de-dba2-4b23-9c3b-5c1285997b41,2026-04-11,available,,,2026-04-11T07:13:59.841+00:00,2026-04-11T07:14:08.730631+00:00,,,
60842184-6412-4d42-814f-6fa837998dda,1231a2f3-61ad-405a-a710-a84a46c2ac8f,fbb296de-dba2-4b23-9c3b-5c1285997b41,2026-04-11,available,,,2026-04-11T07:13:59.841+00:00,2026-04-11T07:14:08.730631+00:00,,,
ec76901a-1dbb-45a4-a08f-47e49c9803b0,84c40ee2-5337-4ad7-9f94-14b23375badb,fbb296de-dba2-4b23-9c3b-5c1285997b41,2026-04-11,available,,,2026-04-11T07:13:59.841+00:00,2026-04-11T07:14:08.730631+00:00,,,
fb38ac69-ed3f-45fe-9494-65143c22017f,d366129f-9ec9-4f9d-a4d9-dd76408778d2,fbb296de-dba2-4b23-9c3b-5c1285997b41,2026-04-11,available,,,2026-04-11T07:13:59.841+00:00,2026-04-11T07:14:08.730631+00:00,,,
26e79beb-dbd1-4ab7-8b12-70445250d127,c2cbd94e-49da-4aa5-b4b5-070bb2aae1de,fbb296de-dba2-4b23-9c3b-5c1285997b41,2026-04-11,available,,,2026-04-11T07:13:59.841+00:00,2026-04-11T07:14:08.730631+00:00,,,
05d4bf3e-ab4f-42f5-8ad6-9af86a3df915,2070ea5c-435b-4080-9a08-46095b69baca,fbb296de-dba2-4b23-9c3b-5c1285997b41,2026-04-11,available,,,2026-04-11T07:13:59.841+00:00,2026-04-11T07:14:08.730631+00:00,,,
777c5774-9017-42e1-8c32-367490010959,d399f7cb-cd56-4360-9e60-ccab8382fb61,fbb296de-dba2-4b23-9c3b-5c1285997b41,2026-04-11,available,,,2026-04-11T07:13:59.841+00:00,2026-04-11T07:14:08.730631+00:00,,,
392204eb-4ec3-4a42-b1bf-208adba85076,e29757bb-c15b-4791-8b7e-c0e26dbc2d4c,fbb296de-dba2-4b23-9c3b-5c1285997b41,2026-04-11,available,,,2026-04-11T07:13:59.841+00:00,2026-04-11T07:14:08.730631+00:00,,,
7237ce04-a149-433d-811e-87a6617e3457,72322dd6-8045-401b-aa0e-67ed58ebe0ff,fbb296de-dba2-4b23-9c3b-5c1285997b41,2026-04-11,available,,,2026-04-11T07:13:59.841+00:00,2026-04-11T07:14:08.730631+00:00,,,
224dad05-eb2f-463a-af36-8803c96fddf3,ad510ff3-14e5-40fa-b454-26ebc4bf299c,fbb296de-dba2-4b23-9c3b-5c1285997b41,2026-04-11,available,,,2026-04-11T07:13:59.841+00:00,2026-04-11T07:14:08.730631+00:00,,,
fa27e9ed-f9e3-47d2-bb15-10c65b94a7d0,b90584d8-fc78-420b-91e1-490117cd30cd,fbb296de-dba2-4b23-9c3b-5c1285997b41,2026-04-11,available,,,2026-04-11T07:13:59.841+00:00,2026-04-11T07:14:08.730631+00:00,,,
55824233-407c-4e46-a134-8f0d45994754,dff21156-fd38-405e-a857-e7ad8bffa7f5,fbb296de-dba2-4b23-9c3b-5c1285997b41,2026-04-11,available,,,2026-04-11T07:13:59.841+00:00,2026-04-11T07:14:08.730631+00:00,,,
fd7c0455-a1ed-4e39-aa8b-098f3410c138,cde06dcc-2c7a-4476-8a23-469ecb9e3940,fbb296de-dba2-4b23-9c3b-5c1285997b41,2026-04-11,available,,,2026-04-11T07:13:59.841+00:00,2026-04-11T07:14:08.730631+00:00,,,
80cc9544-7461-4af4-9b97-45d095a1fb53,e81c39b6-82fe-4505-b835-ed93e4220988,fbb296de-dba2-4b23-9c3b-5c1285997b41,2026-04-11,available,,,2026-04-11T07:13:59.841+00:00,2026-04-11T07:14:08.730631+00:00,,,
f7616ea7-1b9d-421c-b13b-2dfa21f79f95,11848d52-fa67-4b56-8b9e-87239a753911,fbb296de-dba2-4b23-9c3b-5c1285997b41,2026-04-11,available,,,2026-04-11T07:13:59.841+00:00,2026-04-11T07:14:08.730631+00:00,,,
d4f5d8d7-8fe2-4316-93db-211db21a2256,ea4552f9-565d-4bdb-98c5-539a307ea325,fbb296de-dba2-4b23-9c3b-5c1285997b41,2026-04-11,available,,,2026-04-11T07:13:59.841+00:00,2026-04-11T07:14:08.730631+00:00,,,
326b86af-4402-479a-80da-dc096dc59f04,7dde3a19-d1ad-4170-a663-7bd83ee8d3a2,fbb296de-dba2-4b23-9c3b-5c1285997b41,2026-04-11,available,,,2026-04-11T07:13:59.841+00:00,2026-04-11T07:14:08.730631+00:00,,,
0d807610-99cb-49bd-9cd9-40dd5bc498ec,e17fe9fd-652f-4542-8a29-65e80a791a00,fbb296de-dba2-4b23-9c3b-5c1285997b41,2026-04-11,available,,,2026-04-11T07:13:59.841+00:00,2026-04-11T07:14:08.730631+00:00,,,
0b0add9f-983b-4ed5-9739-ef3cc17b0df4,f14e1eaa-9677-4120-b8b5-37209f399915,fbb296de-dba2-4b23-9c3b-5c1285997b41,2026-04-11,available,,,2026-04-11T07:13:59.841+00:00,2026-04-11T07:14:08.730631+00:00,,,
cd22d381-8609-461b-8f8f-010d0d4e67ba,fb11eb56-4d65-413d-8125-ae24b42ae442,fbb296de-dba2-4b23-9c3b-5c1285997b41,2026-04-11,available,,,2026-04-11T07:13:59.841+00:00,2026-04-11T07:14:08.730631+00:00,,,
e8faf3a7-606c-4589-a103-00fe0015f421,c9f1257a-9015-4783-86de-82819569ea0a,fbb296de-dba2-4b23-9c3b-5c1285997b41,2026-04-11,available,,,2026-04-11T07:13:59.841+00:00,2026-04-11T07:14:08.730631+00:00,,,
bb78d505-242c-4d9a-8ef8-a1e45412e3db,336fc578-e349-4e59-bcd2-e1c2b1beadb3,fbb296de-dba2-4b23-9c3b-5c1285997b41,2026-04-11,available,,,2026-04-11T07:13:59.841+00:00,2026-04-11T07:14:08.730631+00:00,,,
73fa5c8d-e4a7-4bb1-bb87-5c9671feb07f,f0c608fc-95ab-4c48-a3ba-877a7937f660,fbb296de-dba2-4b23-9c3b-5c1285997b41,2026-04-11,available,,,2026-04-11T07:13:59.841+00:00,2026-04-11T07:14:08.730631+00:00,,,
fe1e4c05-7d78-426d-be3d-4cc9873b6ff2,10a1cffa-f6d9-4692-8d99-cec08f07ef0d,fbb296de-dba2-4b23-9c3b-5c1285997b41,2026-04-11,available,,,2026-04-11T07:13:59.841+00:00,2026-04-11T07:14:08.730631+00:00,,,
cd898341-40f6-4c17-bb59-bee88af44651,0ae60db8-9ea0-479d-aa4a-55755241cad5,fbb296de-dba2-4b23-9c3b-5c1285997b41,2026-04-11,available,,,2026-04-11T07:13:59.841+00:00,2026-04-11T07:14:08.730631+00:00,,,
3c2a4068-e72b-4a7c-b253-9788130f0300,be637780-281f-4436-8c97-6efb129cfd2b,fbb296de-dba2-4b23-9c3b-5c1285997b41,2026-04-11,available,,,2026-04-11T07:13:59.841+00:00,2026-04-11T07:14:08.730631+00:00,,,
05c9efbe-9c6f-4ec7-a810-12590b435715,c3916820-1dce-4d0e-a249-f47e95d54255,fbb296de-dba2-4b23-9c3b-5c1285997b41,2026-04-11,available,,,2026-04-11T07:13:59.841+00:00,2026-04-11T07:14:08.730631+00:00,,,
dd538149-ab0b-4ce3-b48d-dea0a84b600c,f30e6ede-1de9-4e46-a56d-384b77d3780e,fbb296de-dba2-4b23-9c3b-5c1285997b41,2026-04-11,available,,,2026-04-11T07:13:59.841+00:00,2026-04-11T07:14:08.730631+00:00,,,
34c09778-cb00-4812-bf99-2f2cb0c66f5d,f3d61783-a8b2-4f4d-bdca-caa6f8e0e54a,fbb296de-dba2-4b23-9c3b-5c1285997b41,2026-04-11,available,,,2026-04-11T07:13:59.841+00:00,2026-04-11T07:14:08.730631+00:00,,,
e7eb1712-9f30-45c8-88dd-cd419047d0bf,2f002bb7-6444-4ace-87ff-7c547b3f03bd,fbb296de-dba2-4b23-9c3b-5c1285997b41,2026-04-11,available,,,2026-04-11T07:13:59.841+00:00,2026-04-11T07:14:08.730631+00:00,,,
44681276-cede-4c2e-b4bf-00e7c874fb45,0e124df5-de3e-4013-a192-423ea8975de4,fbb296de-dba2-4b23-9c3b-5c1285997b41,2026-04-11,available,,,2026-04-11T07:13:59.841+00:00,2026-04-11T07:14:08.730631+00:00,,,
e3d0d92d-9069-4019-bb8b-63cd06e53de5,04912bb8-8ae3-47d1-b26e-21cc9c673432,fbb296de-dba2-4b23-9c3b-5c1285997b41,2026-04-11,available,,,2026-04-11T07:13:59.841+00:00,2026-04-11T07:14:08.730631+00:00,,,
5858384f-ac08-4823-8276-321ad1868649,4ced9319-ef22-4afb-8131-15662b65ef52,fbb296de-dba2-4b23-9c3b-5c1285997b41,2026-04-11,available,,,2026-04-11T07:13:59.841+00:00,2026-04-11T07:14:08.730631+00:00,,,
b1d7f202-a8bc-45fe-b793-f92d2640835b,111ca1c2-8e31-471a-bae3-0da35ce73b81,fbb296de-dba2-4b23-9c3b-5c1285997b41,2026-04-11,available,,,2026-04-11T07:13:59.841+00:00,2026-04-11T07:14:08.730631+00:00,,,
95258297-9f96-4ba6-a23a-eaa9662a1cfc,e4368078-2f9e-44f5-bafe-48f8b1fa741f,fbb296de-dba2-4b23-9c3b-5c1285997b41,2026-04-11,available,,,2026-04-11T07:13:59.841+00:00,2026-04-11T07:14:08.730631+00:00,,,
8125ab52-efee-4215-8bad-e86d04b62bac,6176833b-8baf-4d60-84c7-6e2546e070c0,fbb296de-dba2-4b23-9c3b-5c1285997b41,2026-04-11,available,,,2026-04-11T07:13:59.841+00:00,2026-04-11T07:14:08.730631+00:00,,,
5f375b2f-6135-4a79-b490-daede004836f,f6145d14-6ea4-47b8-b171-5485403ce4a8,fbb296de-dba2-4b23-9c3b-5c1285997b41,2026-04-11,available,,,2026-04-11T07:13:59.841+00:00,2026-04-11T07:14:08.730631+00:00,,,
53a255a6-76d2-4b0b-8faa-ef6e04cbbd86,d37629f0-f0aa-401f-931d-d6af6da3b86c,fbb296de-dba2-4b23-9c3b-5c1285997b41,2026-04-11,available,,,2026-04-11T07:13:59.841+00:00,2026-04-11T07:14:08.730631+00:00,,,
68865d25-95b6-4e2c-873c-5f0cc0ac9403,405a5d42-18bf-4fed-9975-efc1f85edb15,fbb296de-dba2-4b23-9c3b-5c1285997b41,2026-04-11,available,,,2026-04-11T07:13:59.841+00:00,2026-04-11T07:14:08.730631+00:00,,,
ad251b5e-c515-4404-9469-4da9aff1df41,309781c4-ed69-40dc-860a-712d7414d66e,fbb296de-dba2-4b23-9c3b-5c1285997b41,2026-04-11,available,,,2026-04-11T07:13:59.841+00:00,2026-04-11T07:14:08.730631+00:00,,,
910b5806-3d09-4cef-8e2b-ff39fb8f3f9f,b0017451-3a96-49f3-9e48-ea4ef19383bf,fbb296de-dba2-4b23-9c3b-5c1285997b41,2026-04-11,available,,,2026-04-11T07:13:59.841+00:00,2026-04-11T07:14:08.730631+00:00,,,
94bd3bd0-69f3-499f-94be-4b8d5e859b50,25317688-27ec-456d-8b73-c00ff0ad3284,fbb296de-dba2-4b23-9c3b-5c1285997b41,2026-04-11,available,,,2026-04-11T07:13:59.841+00:00,2026-04-11T07:14:08.730631+00:00,,,
f65b293a-32ab-4900-81c1-f93db8fcd5ec,048e8a46-b58e-4c8d-9cd8-f93ec8ad107a,fbb296de-dba2-4b23-9c3b-5c1285997b41,2026-04-11,available,,,2026-04-11T07:13:59.841+00:00,2026-04-11T07:14:08.730631+00:00,,,
8563b523-9ef9-4ccc-ab2b-f718725aad5f,1fcf3901-e345-4476-b740-0d01c2592627,fbb296de-dba2-4b23-9c3b-5c1285997b41,2026-04-11,available,,,2026-04-11T07:13:59.841+00:00,2026-04-11T07:14:08.730631+00:00,,,
18d7d33f-4c9f-45e6-aa26-52781fb311d3,81c16996-0b85-475e-a250-65be09ccef20,fbb296de-dba2-4b23-9c3b-5c1285997b41,2026-04-11,available,,,2026-04-11T07:13:59.841+00:00,2026-04-11T07:14:08.730631+00:00,,,
f886ecfa-695a-48ea-bbc8-c5eee12793fc,daddf87a-52e4-4130-bcfb-6c57d484bf4f,fbb296de-dba2-4b23-9c3b-5c1285997b41,2026-04-11,available,,,2026-04-11T07:13:59.841+00:00,2026-04-11T07:14:08.730631+00:00,,,
13da0f33-b9e6-4aa1-8cb4-adb0c1870d0d,f5639c9e-b6d3-4ba5-a804-c0b05b0eecad,fbb296de-dba2-4b23-9c3b-5c1285997b41,2026-04-11,available,,,2026-04-11T07:13:59.841+00:00,2026-04-11T07:14:08.730631+00:00,,,
535214fb-faba-4b0e-966e-da2756d08561,b8f48312-5ce2-436f-974e-3f41913ee188,fbb296de-dba2-4b23-9c3b-5c1285997b41,2026-04-11,available,,,2026-04-11T07:13:59.841+00:00,2026-04-11T07:14:08.730631+00:00,,,
9a019b58-ae06-487f-87f7-6e7d85a99aba,c4880391-d815-4553-ad03-34066e1f1145,fbb296de-dba2-4b23-9c3b-5c1285997b41,2026-04-11,available,,,2026-04-11T07:13:59.841+00:00,2026-04-11T07:14:08.730631+00:00,,,
3e0967d0-c29a-4df8-a5b2-00c589f568c2,2ce5e1a4-8597-4d64-addc-651953a7a868,fbb296de-dba2-4b23-9c3b-5c1285997b41,2026-04-11,available,,,2026-04-11T07:13:59.841+00:00,2026-04-11T07:14:08.730631+00:00,,,
7c0bbd25-6a6c-4030-accf-446d5d8644e5,69393448-7532-4c5c-afd9-f21c8a87c021,fbb296de-dba2-4b23-9c3b-5c1285997b41,2026-04-11,available,,,2026-04-11T07:13:59.841+00:00,2026-04-11T07:14:08.730631+00:00,,,
b2609b7f-8357-4035-a5fc-ce0d7f064696,080205a7-44fc-49aa-a1c9-072aa3859d8f,fbb296de-dba2-4b23-9c3b-5c1285997b41,2026-04-11,available,,,2026-04-11T07:13:59.841+00:00,2026-04-11T07:14:08.730631+00:00,,,
0d127655-f427-48f9-84ba-b5eaee5b4269,1fcf3901-e345-4476-b740-0d01c2592627,7a5fd02b-2248-4492-bae9-2ab1670894bc,2026-04-27,unavailable,,,2026-04-26T16:27:57.563089+00:00,2026-04-26T16:27:57.373+00:00,,,
5a85f9ff-49b8-4a2a-a31e-a2fb83b60622,81c16996-0b85-475e-a250-65be09ccef20,7a5fd02b-2248-4492-bae9-2ab1670894bc,2026-04-27,unavailable,,,2026-04-26T16:27:57.563089+00:00,2026-04-26T16:27:57.373+00:00,,,
f04a4e74-a8af-407f-ae00-0214486405e7,daddf87a-52e4-4130-bcfb-6c57d484bf4f,7a5fd02b-2248-4492-bae9-2ab1670894bc,2026-04-27,unavailable,,,2026-04-26T16:27:57.563089+00:00,2026-04-26T16:27:57.373+00:00,,,
3a7d8825-52c9-406f-9256-832fc8c373b5,f5639c9e-b6d3-4ba5-a804-c0b05b0eecad,7a5fd02b-2248-4492-bae9-2ab1670894bc,2026-04-27,unavailable,,,2026-04-26T16:27:57.563089+00:00,2026-04-26T16:27:57.373+00:00,,,
65cb044c-131f-40f3-aae3-8a60302aae9a,b8f48312-5ce2-436f-974e-3f41913ee188,7a5fd02b-2248-4492-bae9-2ab1670894bc,2026-04-27,unavailable,,,2026-04-26T16:27:57.563089+00:00,2026-04-26T16:27:57.373+00:00,,,
e3aa89ce-1217-446e-9065-b04bb422017f,c4880391-d815-4553-ad03-34066e1f1145,7a5fd02b-2248-4492-bae9-2ab1670894bc,2026-04-27,unavailable,,,2026-04-26T16:27:57.563089+00:00,2026-04-26T16:27:57.373+00:00,,,
b96aad37-6a28-488b-b93c-cb06153e95d7,2ce5e1a4-8597-4d64-addc-651953a7a868,7a5fd02b-2248-4492-bae9-2ab1670894bc,2026-04-27,unavailable,,,2026-04-26T16:27:57.563089+00:00,2026-04-26T16:27:57.373+00:00,,,
2b428a22-092e-4624-aa20-7766ba4f8071,69393448-7532-4c5c-afd9-f21c8a87c021,7a5fd02b-2248-4492-bae9-2ab1670894bc,2026-04-27,unavailable,,,2026-04-26T16:27:57.563089+00:00,2026-04-26T16:27:57.373+00:00,,,
9db4a4a0-6fe9-419e-a9df-0503850aa8f2,080205a7-44fc-49aa-a1c9-072aa3859d8f,7a5fd02b-2248-4492-bae9-2ab1670894bc,2026-04-27,unavailable,,,2026-04-26T16:27:57.563089+00:00,2026-04-26T16:27:57.373+00:00,,,
2c0ec4d6-1015-4c73-8db1-a19d8c3e0676,f0c608fc-95ab-4c48-a3ba-877a7937f660,fbb296de-dba2-4b23-9c3b-5c1285997b41,2026-04-27,unavailable,,,2026-04-26T16:27:58.690182+00:00,2026-04-26T16:27:58.576+00:00,,,
b215da79-9f00-478d-b45a-48472807dfc2,10a1cffa-f6d9-4692-8d99-cec08f07ef0d,fbb296de-dba2-4b23-9c3b-5c1285997b41,2026-04-27,unavailable,,,2026-04-26T16:27:58.690182+00:00,2026-04-26T16:27:58.576+00:00,,,
7b665e36-7859-4c1a-9314-1823e8a13070,0ae60db8-9ea0-479d-aa4a-55755241cad5,fbb296de-dba2-4b23-9c3b-5c1285997b41,2026-04-27,unavailable,,,2026-04-26T16:27:58.690182+00:00,2026-04-26T16:27:58.576+00:00,,,
77ee4642-b910-4554-9cbf-1fc8b38e564d,be637780-281f-4436-8c97-6efb129cfd2b,fbb296de-dba2-4b23-9c3b-5c1285997b41,2026-04-27,unavailable,,,2026-04-26T16:27:58.690182+00:00,2026-04-26T16:27:58.576+00:00,,,
13580fcf-1872-41c7-bfa3-7a604f6cb7ef,c3916820-1dce-4d0e-a249-f47e95d54255,fbb296de-dba2-4b23-9c3b-5c1285997b41,2026-04-27,unavailable,,,2026-04-26T16:27:58.690182+00:00,2026-04-26T16:27:58.576+00:00,,,
f7205d82-e0ab-4516-bfef-aa58716449de,f30e6ede-1de9-4e46-a56d-384b77d3780e,fbb296de-dba2-4b23-9c3b-5c1285997b41,2026-04-27,unavailable,,,2026-04-26T16:27:58.690182+00:00,2026-04-26T16:27:58.576+00:00,,,
1962ad1c-57d7-44c8-91a6-be3979309729,f3d61783-a8b2-4f4d-bdca-caa6f8e0e54a,fbb296de-dba2-4b23-9c3b-5c1285997b41,2026-04-27,unavailable,,,2026-04-26T16:27:58.690182+00:00,2026-04-26T16:27:58.576+00:00,,,
16e2a525-09b3-43b9-94e4-ef01b23e692f,2f002bb7-6444-4ace-87ff-7c547b3f03bd,fbb296de-dba2-4b23-9c3b-5c1285997b41,2026-04-27,unavailable,,,2026-04-26T16:27:58.690182+00:00,2026-04-26T16:27:58.576+00:00,,,
7f9f218b-44c6-4660-a698-0226e95f6089,0e124df5-de3e-4013-a192-423ea8975de4,fbb296de-dba2-4b23-9c3b-5c1285997b41,2026-04-27,unavailable,,,2026-04-26T16:27:58.690182+00:00,2026-04-26T16:27:58.576+00:00,,,
6f0e20a7-ea23-454e-b51d-49dbd543e71a,04912bb8-8ae3-47d1-b26e-21cc9c673432,fbb296de-dba2-4b23-9c3b-5c1285997b41,2026-04-27,unavailable,,,2026-04-26T16:27:58.690182+00:00,2026-04-26T16:27:58.576+00:00,,,
ac172435-8a43-43a3-a20b-456ebe3206b8,4ced9319-ef22-4afb-8131-15662b65ef52,fbb296de-dba2-4b23-9c3b-5c1285997b41,2026-04-27,unavailable,,,2026-04-26T16:27:58.690182+00:00,2026-04-26T16:27:58.576+00:00,,,
ea9ad9b1-3341-4a38-a4c8-feaa2467d33a,111ca1c2-8e31-471a-bae3-0da35ce73b81,fbb296de-dba2-4b23-9c3b-5c1285997b41,2026-04-27,unavailable,,,2026-04-26T16:27:58.690182+00:00,2026-04-26T16:27:58.576+00:00,,,
88082785-a65e-42aa-80a4-5f531d6e0b8e,e4368078-2f9e-44f5-bafe-48f8b1fa741f,fbb296de-dba2-4b23-9c3b-5c1285997b41,2026-04-27,unavailable,,,2026-04-26T16:27:58.690182+00:00,2026-04-26T16:27:58.576+00:00,,,
cd56c697-e814-49f7-bd40-ca39bdcd63bb,6176833b-8baf-4d60-84c7-6e2546e070c0,fbb296de-dba2-4b23-9c3b-5c1285997b41,2026-04-27,unavailable,,,2026-04-26T16:27:58.690182+00:00,2026-04-26T16:27:58.576+00:00,,,
28f880e6-c1b1-4343-a5ef-693bf62990f4,f6145d14-6ea4-47b8-b171-5485403ce4a8,fbb296de-dba2-4b23-9c3b-5c1285997b41,2026-04-27,unavailable,,,2026-04-26T16:27:58.690182+00:00,2026-04-26T16:27:58.576+00:00,,,
3a01e1e2-b98e-413f-8941-0ca92257e143,d37629f0-f0aa-401f-931d-d6af6da3b86c,fbb296de-dba2-4b23-9c3b-5c1285997b41,2026-04-27,unavailable,,,2026-04-26T16:27:58.690182+00:00,2026-04-26T16:27:58.576+00:00,,,
84a68dee-7044-4839-ab89-d47c1f491ccf,405a5d42-18bf-4fed-9975-efc1f85edb15,fbb296de-dba2-4b23-9c3b-5c1285997b41,2026-04-27,unavailable,,,2026-04-26T16:27:58.690182+00:00,2026-04-26T16:27:58.576+00:00,,,
74de3c07-ef9a-4aeb-80e3-3148a6bc839d,309781c4-ed69-40dc-860a-712d7414d66e,fbb296de-dba2-4b23-9c3b-5c1285997b41,2026-04-27,unavailable,,,2026-04-26T16:27:58.690182+00:00,2026-04-26T16:27:58.576+00:00,,,
65d28983-281d-4d72-8d18-29c7cc51ad58,b0017451-3a96-49f3-9e48-ea4ef19383bf,fbb296de-dba2-4b23-9c3b-5c1285997b41,2026-04-27,unavailable,,,2026-04-26T16:27:58.690182+00:00,2026-04-26T16:27:58.576+00:00,,,
209c2d99-8418-4ec7-81ff-6716c8efbd4e,25317688-27ec-456d-8b73-c00ff0ad3284,fbb296de-dba2-4b23-9c3b-5c1285997b41,2026-04-27,unavailable,,,2026-04-26T16:27:58.690182+00:00,2026-04-26T16:27:58.576+00:00,,,
6e4d6589-687d-4efa-8d22-0b6d602e1e49,048e8a46-b58e-4c8d-9cd8-f93ec8ad107a,fbb296de-dba2-4b23-9c3b-5c1285997b41,2026-04-27,unavailable,,,2026-04-26T16:27:58.690182+00:00,2026-04-26T16:27:58.576+00:00,,,
743338fa-4a13-4fb8-ae48-47ff08c6b2f9,1fcf3901-e345-4476-b740-0d01c2592627,fbb296de-dba2-4b23-9c3b-5c1285997b41,2026-04-27,unavailable,,,2026-04-26T16:27:58.690182+00:00,2026-04-26T16:27:58.576+00:00,,,
ea0a896a-9324-4028-82b3-99d28187372e,81c16996-0b85-475e-a250-65be09ccef20,fbb296de-dba2-4b23-9c3b-5c1285997b41,2026-04-27,unavailable,,,2026-04-26T16:27:58.690182+00:00,2026-04-26T16:27:58.576+00:00,,,
3a571f8c-bd9e-4b21-b9b1-0731236652b8,daddf87a-52e4-4130-bcfb-6c57d484bf4f,fbb296de-dba2-4b23-9c3b-5c1285997b41,2026-04-27,unavailable,,,2026-04-26T16:27:58.690182+00:00,2026-04-26T16:27:58.576+00:00,,,
08c09d51-56c1-44a3-8550-26fe77e1fc78,f5639c9e-b6d3-4ba5-a804-c0b05b0eecad,fbb296de-dba2-4b23-9c3b-5c1285997b41,2026-04-27,unavailable,,,2026-04-26T16:27:58.690182+00:00,2026-04-26T16:27:58.576+00:00,,,
e7254be1-de2f-4660-8128-a87651a01ccb,b8f48312-5ce2-436f-974e-3f41913ee188,fbb296de-dba2-4b23-9c3b-5c1285997b41,2026-04-27,unavailable,,,2026-04-26T16:27:58.690182+00:00,2026-04-26T16:27:58.576+00:00,,,
5732cdab-1b3c-4822-892c-0f804842d5f7,c4880391-d815-4553-ad03-34066e1f1145,fbb296de-dba2-4b23-9c3b-5c1285997b41,2026-04-27,unavailable,,,2026-04-26T16:27:58.690182+00:00,2026-04-26T16:27:58.576+00:00,,,
291a127b-d4bf-4ae0-a14a-571324b6b1f6,2ce5e1a4-8597-4d64-addc-651953a7a868,fbb296de-dba2-4b23-9c3b-5c1285997b41,2026-04-27,unavailable,,,2026-04-26T16:27:58.690182+00:00,2026-04-26T16:27:58.576+00:00,,,
ef2fdb67-1d7b-49b5-926c-ecaac3b8e99e,69393448-7532-4c5c-afd9-f21c8a87c021,fbb296de-dba2-4b23-9c3b-5c1285997b41,2026-04-27,unavailable,,,2026-04-26T16:27:58.690182+00:00,2026-04-26T16:27:58.576+00:00,,,
4516df50-d3fd-4f20-a98e-1b012de6bea9,080205a7-44fc-49aa-a1c9-072aa3859d8f,fbb296de-dba2-4b23-9c3b-5c1285997b41,2026-04-27,unavailable,,,2026-04-26T16:27:58.690182+00:00,2026-04-26T16:27:58.576+00:00,,,
49224790-1f0f-4886-9f4d-5709d99ad246,2d7c5b8a-f3f9-462d-a7b0-06f5ac2dc976,a7e93193-d6a7-4f39-b11b-6ceb9b0a17f1,2026-04-27,unavailable,,,2026-04-26T16:27:59.756083+00:00,2026-04-26T16:27:59.574+00:00,,,
f5a1012f-3f74-46a8-9372-e9afaa81b43e,3a05fc41-5bd0-49c1-8c7c-21a4a1c6fcf4,a7e93193-d6a7-4f39-b11b-6ceb9b0a17f1,2026-04-27,unavailable,,,2026-04-26T16:27:59.756083+00:00,2026-04-26T16:27:59.574+00:00,,,
b90f0cce-586c-42bf-9b67-ef298187d9c3,80715009-1569-4eb1-bc15-3f1b74e45280,a7e93193-d6a7-4f39-b11b-6ceb9b0a17f1,2026-04-27,unavailable,,,2026-04-26T16:27:59.756083+00:00,2026-04-26T16:27:59.574+00:00,,,
762cb56b-8c7d-4d20-80ab-732302ccc8fa,aa1f52af-a81a-43fc-84f2-8739dc579d52,a7e93193-d6a7-4f39-b11b-6ceb9b0a17f1,2026-04-27,unavailable,,,2026-04-26T16:27:59.756083+00:00,2026-04-26T16:27:59.574+00:00,,,
4024b6f7-2fed-4fca-9701-e5e48a90ffcd,70434006-1d15-4b04-aa28-3d45dde2a641,a7e93193-d6a7-4f39-b11b-6ceb9b0a17f1,2026-04-27,unavailable,,,2026-04-26T16:27:59.756083+00:00,2026-04-26T16:27:59.574+00:00,,,
1f487484-96de-4104-8a82-65bc3a3e4851,0abbd494-b25b-4f13-a55e-dcf6db986965,a7e93193-d6a7-4f39-b11b-6ceb9b0a17f1,2026-04-27,unavailable,,,2026-04-26T16:27:59.756083+00:00,2026-04-26T16:27:59.574+00:00,,,
399b3e1f-447a-46ec-95c7-d0e204f843ba,bcd7e7fd-91d0-47a4-a561-3327481cd9ed,a7e93193-d6a7-4f39-b11b-6ceb9b0a17f1,2026-04-27,unavailable,,,2026-04-26T16:27:59.756083+00:00,2026-04-26T16:27:59.574+00:00,,,
4337058b-ecbc-4c3e-b186-787d7d0def39,62ef1b1f-0f0c-4ea8-ae97-8262c836aca4,a7e93193-d6a7-4f39-b11b-6ceb9b0a17f1,2026-04-27,unavailable,,,2026-04-26T16:27:59.756083+00:00,2026-04-26T16:27:59.574+00:00,,,
a8185168-6af0-4eea-8387-cd08fa281869,b7208d85-35b3-448f-8cbe-35500f1559dd,a7e93193-d6a7-4f39-b11b-6ceb9b0a17f1,2026-04-27,unavailable,,,2026-04-26T16:27:59.756083+00:00,2026-04-26T16:27:59.574+00:00,,,
e1537ae9-99bd-4383-aeae-115658272c6d,2d7c5b8a-f3f9-462d-a7b0-06f5ac2dc976,fbb296de-dba2-4b23-9c3b-5c1285997b41,2026-04-27,unavailable,,,2026-04-26T16:27:58.690182+00:00,2026-04-26T16:27:58.575+00:00,,,
becf12c0-feab-46c6-b0ac-b40efefc09a0,3a05fc41-5bd0-49c1-8c7c-21a4a1c6fcf4,fbb296de-dba2-4b23-9c3b-5c1285997b41,2026-04-27,unavailable,,,2026-04-26T16:27:58.690182+00:00,2026-04-26T16:27:58.575+00:00,,,
6c01861a-6f39-459e-9043-4de9f91c1407,80715009-1569-4eb1-bc15-3f1b74e45280,fbb296de-dba2-4b23-9c3b-5c1285997b41,2026-04-27,unavailable,,,2026-04-26T16:27:58.690182+00:00,2026-04-26T16:27:58.575+00:00,,,
be93843c-e495-424e-9b9b-a60d4998e660,aa1f52af-a81a-43fc-84f2-8739dc579d52,fbb296de-dba2-4b23-9c3b-5c1285997b41,2026-04-27,unavailable,,,2026-04-26T16:27:58.690182+00:00,2026-04-26T16:27:58.575+00:00,,,
6defd6ab-7ca8-40a9-8d35-e03134480b44,70434006-1d15-4b04-aa28-3d45dde2a641,fbb296de-dba2-4b23-9c3b-5c1285997b41,2026-04-27,unavailable,,,2026-04-26T16:27:58.690182+00:00,2026-04-26T16:27:58.575+00:00,,,
be0a6cec-7e77-4956-930a-bef8f6e99d89,0abbd494-b25b-4f13-a55e-dcf6db986965,fbb296de-dba2-4b23-9c3b-5c1285997b41,2026-04-27,unavailable,,,2026-04-26T16:27:58.690182+00:00,2026-04-26T16:27:58.575+00:00,,,
45d701aa-2ac2-4020-90f8-fa31a6872c14,bcd7e7fd-91d0-47a4-a561-3327481cd9ed,fbb296de-dba2-4b23-9c3b-5c1285997b41,2026-04-27,unavailable,,,2026-04-26T16:27:58.690182+00:00,2026-04-26T16:27:58.575+00:00,,,
98313e48-9ada-4b69-83f4-79942c68b35b,62ef1b1f-0f0c-4ea8-ae97-8262c836aca4,fbb296de-dba2-4b23-9c3b-5c1285997b41,2026-04-27,unavailable,,,2026-04-26T16:27:58.690182+00:00,2026-04-26T16:27:58.575+00:00,,,
f4e49e6d-a5db-4999-971c-cc16579f44c9,b7208d85-35b3-448f-8cbe-35500f1559dd,fbb296de-dba2-4b23-9c3b-5c1285997b41,2026-04-27,unavailable,,,2026-04-26T16:27:58.690182+00:00,2026-04-26T16:27:58.575+00:00,,,
27d886d6-b7ed-4975-8adf-d967efe38ee3,20a2301c-797c-4953-9efd-b28ccf27e775,fbb296de-dba2-4b23-9c3b-5c1285997b41,2026-04-27,unavailable,,,2026-04-26T16:27:58.690182+00:00,2026-04-26T16:27:58.575+00:00,,,
c7aae89f-55d7-4d3b-8f10-d3b32626ce8f,40b5c780-6569-4806-8e95-e2c92eaa87c9,fbb296de-dba2-4b23-9c3b-5c1285997b41,2026-04-27,unavailable,,,2026-04-26T16:27:58.690182+00:00,2026-04-26T16:27:58.575+00:00,,,
04d40c35-e878-4e14-95f5-81eea6487e6d,d78ec394-051b-4132-aa11-92a24197f565,fbb296de-dba2-4b23-9c3b-5c1285997b41,2026-04-27,unavailable,,,2026-04-26T16:27:58.690182+00:00,2026-04-26T16:27:58.575+00:00,,,
3bfefa39-f56b-41a9-81be-2d1689f90520,4f62f2d1-3fe0-4f77-a6e4-747bc5e8c87e,fbb296de-dba2-4b23-9c3b-5c1285997b41,2026-04-27,unavailable,,,2026-04-26T16:27:58.690182+00:00,2026-04-26T16:27:58.575+00:00,,,
9a4a0b46-ffcf-47cd-af5f-240d267530f8,105a17f7-180a-4bb1-825c-6144eae25b9b,fbb296de-dba2-4b23-9c3b-5c1285997b41,2026-04-27,unavailable,,,2026-04-26T16:27:58.690182+00:00,2026-04-26T16:27:58.575+00:00,,,
9353a174-2da8-490a-9123-0513d8266992,b56af66b-bf5b-40d8-9c9c-da4455afe5e3,fbb296de-dba2-4b23-9c3b-5c1285997b41,2026-04-27,unavailable,,,2026-04-26T16:27:58.690182+00:00,2026-04-26T16:27:58.575+00:00,,,
ee8a9925-c3db-4746-8f40-557659247561,e61bb04a-6523-4f0a-b945-dae17b2ab3c6,fbb296de-dba2-4b23-9c3b-5c1285997b41,2026-04-27,unavailable,,,2026-04-26T16:27:58.690182+00:00,2026-04-26T16:27:58.575+00:00,,,
bf1f460e-b91d-4c99-bff1-8e0740970873,1ef573f5-82a5-437f-b478-f09a7c3a3b06,fbb296de-dba2-4b23-9c3b-5c1285997b41,2026-04-27,unavailable,,,2026-04-26T16:27:58.690182+00:00,2026-04-26T16:27:58.575+00:00,,,
56ce6e44-afd5-4476-9326-a3fefe218376,fc567f21-d1c4-4360-90b4-2837eaf9e2e8,fbb296de-dba2-4b23-9c3b-5c1285997b41,2026-04-27,unavailable,,,2026-04-26T16:27:58.690182+00:00,2026-04-26T16:27:58.575+00:00,,,
8c055383-a752-460e-8156-ad48516d1fdc,1fba7f38-e8ac-4d0a-a165-40681248749a,fbb296de-dba2-4b23-9c3b-5c1285997b41,2026-04-27,unavailable,,,2026-04-26T16:27:58.690182+00:00,2026-04-26T16:27:58.575+00:00,,,
7ea3ad7f-befa-42a8-b9eb-d7f30223a502,a2039f51-91f6-4381-a452-6b9f6c351a31,fbb296de-dba2-4b23-9c3b-5c1285997b41,2026-04-27,unavailable,,,2026-04-26T16:27:58.690182+00:00,2026-04-26T16:27:58.575+00:00,,,
68e770c2-02a3-45fd-ac86-04f6b67ca5ff,d4056769-a0cc-4a7e-9ca6-7a0f6d868df5,fbb296de-dba2-4b23-9c3b-5c1285997b41,2026-04-27,unavailable,,,2026-04-26T16:27:58.690182+00:00,2026-04-26T16:27:58.575+00:00,,,
caea8193-f524-468d-b2c8-9537f378893c,2c6f9099-8630-4310-9a1c-b81f5170e839,fbb296de-dba2-4b23-9c3b-5c1285997b41,2026-04-27,unavailable,,,2026-04-26T16:27:58.690182+00:00,2026-04-26T16:27:58.575+00:00,,,
398b8fb3-95e2-4be5-81c7-f35579e8748b,772df8d5-6962-487a-99d2-78d6ef150e85,fbb296de-dba2-4b23-9c3b-5c1285997b41,2026-04-27,unavailable,,,2026-04-26T16:27:58.690182+00:00,2026-04-26T16:27:58.575+00:00,,,
6c0e37ec-d872-483e-b58e-16ff0ee7c7e9,a02772eb-54d3-4b3f-97a6-223043efe589,fbb296de-dba2-4b23-9c3b-5c1285997b41,2026-04-27,unavailable,,,2026-04-26T16:27:58.690182+00:00,2026-04-26T16:27:58.575+00:00,,,
3726ba57-b53d-41ae-9579-643458745107,1cd8cacb-9218-4990-9bbf-a2e7ce216f54,fbb296de-dba2-4b23-9c3b-5c1285997b41,2026-04-27,unavailable,,,2026-04-26T16:27:58.690182+00:00,2026-04-26T16:27:58.575+00:00,,,
dea553e0-8a68-4733-ba74-2899b8fafc58,942cbf39-99e6-40cd-8034-2eacf88611f2,fbb296de-dba2-4b23-9c3b-5c1285997b41,2026-04-27,unavailable,,,2026-04-26T16:27:58.690182+00:00,2026-04-26T16:27:58.575+00:00,,,
cd86f130-9a6f-4c0f-89ff-effca7725544,5d2be0b1-c8e4-4de7-becc-b24c8655215d,fbb296de-dba2-4b23-9c3b-5c1285997b41,2026-04-27,unavailable,,,2026-04-26T16:27:58.690182+00:00,2026-04-26T16:27:58.575+00:00,,,
dde3fb7f-ef08-437f-817f-7ca00f6f6363,ff117f7e-e829-4c9b-94be-583211e2b8eb,fbb296de-dba2-4b23-9c3b-5c1285997b41,2026-04-27,unavailable,,,2026-04-26T16:27:58.690182+00:00,2026-04-26T16:27:58.575+00:00,,,
a79b27ad-1c45-498b-aed9-a2e64f1610bf,47a0a430-3e3c-4cb4-85c9-47cc22a0b918,fbb296de-dba2-4b23-9c3b-5c1285997b41,2026-04-27,unavailable,,,2026-04-26T16:27:58.690182+00:00,2026-04-26T16:27:58.575+00:00,,,
c6d6cc97-2775-4ec6-9648-d67a9b4c2eae,a5ac6324-2319-4372-a71b-2fcd580315da,fbb296de-dba2-4b23-9c3b-5c1285997b41,2026-04-27,unavailable,,,2026-04-26T16:27:58.690182+00:00,2026-04-26T16:27:58.575+00:00,,,
077c2d0d-1db0-4e78-a065-198598f9bfd4,9da89b63-0331-4cc7-a3cd-61ca235b49f7,fbb296de-dba2-4b23-9c3b-5c1285997b41,2026-04-27,unavailable,,,2026-04-26T16:27:58.690182+00:00,2026-04-26T16:27:58.575+00:00,,,
e50d17f6-96e7-40ce-bf43-ac38e8991c0a,c6110ff1-93d1-471e-b0b1-bdb584068e25,fbb296de-dba2-4b23-9c3b-5c1285997b41,2026-04-27,unavailable,,,2026-04-26T16:27:58.690182+00:00,2026-04-26T16:27:58.575+00:00,,,
477b22a2-037a-45be-89f4-139a5ab7b394,f64ae6e9-98b8-4d49-96ba-8d2b7cb99216,fbb296de-dba2-4b23-9c3b-5c1285997b41,2026-04-27,unavailable,,,2026-04-26T16:27:58.690182+00:00,2026-04-26T16:27:58.575+00:00,,,
0108531c-e8b6-49b3-8eed-0bd10c1bf983,267a7ea2-953e-49dd-8b14-79e115a8efc7,fbb296de-dba2-4b23-9c3b-5c1285997b41,2026-04-27,unavailable,,,2026-04-26T16:27:58.690182+00:00,2026-04-26T16:27:58.575+00:00,,,
ff999f07-97d9-4b68-ae41-36f78ed1da02,1b643468-628a-4ec8-a769-b0ae8bc8af71,fbb296de-dba2-4b23-9c3b-5c1285997b41,2026-04-27,unavailable,,,2026-04-26T16:27:58.690182+00:00,2026-04-26T16:27:58.575+00:00,,,
ade6a775-0ce5-43db-b1dd-265aeafa35fd,ba787ccf-f590-4338-a42d-06071e35b23c,fbb296de-dba2-4b23-9c3b-5c1285997b41,2026-04-27,unavailable,,,2026-04-26T16:27:58.690182+00:00,2026-04-26T16:27:58.575+00:00,,,
0ba48c2a-6f45-4780-800b-7211dda2de35,aa3c24a5-eb55-4d6d-98a6-1c461b8b808c,fbb296de-dba2-4b23-9c3b-5c1285997b41,2026-04-27,unavailable,,,2026-04-26T16:27:58.690182+00:00,2026-04-26T16:27:58.575+00:00,,,
19c73f1f-c928-4218-b848-fd93c8dce956,5ebd0006-3ba4-436b-ad38-65e63495b4d5,fbb296de-dba2-4b23-9c3b-5c1285997b41,2026-04-27,unavailable,,,2026-04-26T16:27:58.690182+00:00,2026-04-26T16:27:58.575+00:00,,,
4a7aa57d-df7e-42a9-80f6-0b24bd8a6dd0,44bdbde8-576d-4d7f-b668-d2f2bf72fb2e,fbb296de-dba2-4b23-9c3b-5c1285997b41,2026-04-27,unavailable,,,2026-04-26T16:27:58.690182+00:00,2026-04-26T16:27:58.575+00:00,,,
56399944-769d-4dbf-bc7f-c142538c46eb,5da6dc1f-43a1-4182-bea0-4d1036c97b6d,fbb296de-dba2-4b23-9c3b-5c1285997b41,2026-04-27,unavailable,,,2026-04-26T16:27:58.690182+00:00,2026-04-26T16:27:58.575+00:00,,,
ef5ecfb3-e45e-4096-bdfc-66619b3e540b,49e1f495-eb85-494c-8013-2e0fdceeb50c,fbb296de-dba2-4b23-9c3b-5c1285997b41,2026-04-27,unavailable,,,2026-04-26T16:27:58.690182+00:00,2026-04-26T16:27:58.575+00:00,,,
6a505988-cf34-425f-9f4a-fa230151682f,3523ac42-08ca-43c3-97ae-7ecde7cdb297,fbb296de-dba2-4b23-9c3b-5c1285997b41,2026-04-27,unavailable,,,2026-04-26T16:27:58.690182+00:00,2026-04-26T16:27:58.575+00:00,,,
249702fa-b807-4a9f-8c92-e5c0c367e126,6a383d81-af24-4d74-a14e-ec5dd8b4653d,fbb296de-dba2-4b23-9c3b-5c1285997b41,2026-04-27,unavailable,,,2026-04-26T16:27:58.690182+00:00,2026-04-26T16:27:58.575+00:00,,,
9798e549-4610-4925-9701-1c6f9e0a3e7a,21d117ac-f8fb-45fd-bf02-a0f11942e9a3,fbb296de-dba2-4b23-9c3b-5c1285997b41,2026-04-27,unavailable,,,2026-04-26T16:27:58.690182+00:00,2026-04-26T16:27:58.575+00:00,,,
2bb2d514-de03-418f-adb9-cef1cf91d9cc,5d480edd-15b4-4457-b01b-8b369f82cae4,fbb296de-dba2-4b23-9c3b-5c1285997b41,2026-04-27,unavailable,,,2026-04-26T16:27:58.690182+00:00,2026-04-26T16:27:58.575+00:00,,,
ee97ce3a-8e3d-4c5e-89e1-c7092674b240,b0d98b9a-7524-48e8-89b3-d8a93d7340c8,fbb296de-dba2-4b23-9c3b-5c1285997b41,2026-04-27,unavailable,,,2026-04-26T16:27:58.690182+00:00,2026-04-26T16:27:58.575+00:00,,,
13c053ad-9714-402a-a1dc-d5d98e117762,cafd9f72-ec03-41b9-9660-321eb178895e,fbb296de-dba2-4b23-9c3b-5c1285997b41,2026-04-27,unavailable,,,2026-04-26T16:27:58.690182+00:00,2026-04-26T16:27:58.575+00:00,,,
82786550-3272-4c16-9e5f-374f4c0bc3a0,09a16f0b-ece0-4ad2-918d-5fef33c1becd,fbb296de-dba2-4b23-9c3b-5c1285997b41,2026-04-27,unavailable,,,2026-04-26T16:27:58.690182+00:00,2026-04-26T16:27:58.575+00:00,,,
3d5681c6-5acc-471f-ad8a-802c1c69be2c,3094309a-9f88-431b-8e3e-a2c8dfade33d,fbb296de-dba2-4b23-9c3b-5c1285997b41,2026-04-27,unavailable,,,2026-04-26T16:27:58.690182+00:00,2026-04-26T16:27:58.575+00:00,,,
bb127fe1-5e86-44c8-be0c-752f8c929673,f928dfeb-fbe7-4518-a98a-0d77b37478dc,fbb296de-dba2-4b23-9c3b-5c1285997b41,2026-04-27,unavailable,,,2026-04-26T16:27:58.690182+00:00,2026-04-26T16:27:58.575+00:00,,,
9ab04d95-7304-486f-b6a6-46b2313bd465,0299c9ab-abbe-49fa-a8ea-2f63027fb6f5,fbb296de-dba2-4b23-9c3b-5c1285997b41,2026-04-27,unavailable,,,2026-04-26T16:27:58.690182+00:00,2026-04-26T16:27:58.575+00:00,,,
a90e3729-58f1-4de6-b02b-04389b2af887,bad52eee-5a53-493c-9760-b6beca52b9cb,fbb296de-dba2-4b23-9c3b-5c1285997b41,2026-04-27,unavailable,,,2026-04-26T16:27:58.690182+00:00,2026-04-26T16:27:58.575+00:00,,,
ffa79410-5069-4df8-87d7-fb303c70eea8,7308a611-e53e-46be-bf03-8b6ba3d6776d,fbb296de-dba2-4b23-9c3b-5c1285997b41,2026-04-27,unavailable,,,2026-04-26T16:27:58.690182+00:00,2026-04-26T16:27:58.575+00:00,,,
5528d9c0-f427-45f3-9585-c7955cffc877,78352cbe-90e6-4e26-8e68-95ff4931e2a4,fbb296de-dba2-4b23-9c3b-5c1285997b41,2026-04-27,unavailable,,,2026-04-26T16:27:58.690182+00:00,2026-04-26T16:27:58.575+00:00,,,
701e6d88-0c95-46f0-a760-06c458b49ed0,02e3c03b-5da1-4900-9a00-7c22f8e54505,fbb296de-dba2-4b23-9c3b-5c1285997b41,2026-04-27,unavailable,,,2026-04-26T16:27:58.690182+00:00,2026-04-26T16:27:58.575+00:00,,,
86efcbe3-d91b-4f48-9b45-0084bf52800b,eca26cbb-d6eb-4cf3-bded-833d0c82c2cc,fbb296de-dba2-4b23-9c3b-5c1285997b41,2026-04-27,unavailable,,,2026-04-26T16:27:58.690182+00:00,2026-04-26T16:27:58.575+00:00,,,
732a78fe-1a3a-4e94-8533-1738204d2c72,2f3c7437-50fb-4e17-a781-08f140fa8f77,fbb296de-dba2-4b23-9c3b-5c1285997b41,2026-04-27,unavailable,,,2026-04-26T16:27:58.690182+00:00,2026-04-26T16:27:58.575+00:00,,,
be00ad63-4297-4491-83c0-fa1398a71350,0a36520c-f191-437c-9745-c85a53861102,fbb296de-dba2-4b23-9c3b-5c1285997b41,2026-04-27,unavailable,,,2026-04-26T16:27:58.690182+00:00,2026-04-26T16:27:58.576+00:00,,,
a523a7f4-c134-4047-b757-2beedfdd3622,feaad469-a829-41b2-988e-5efed6c64b6c,fbb296de-dba2-4b23-9c3b-5c1285997b41,2026-04-27,unavailable,,,2026-04-26T16:27:58.690182+00:00,2026-04-26T16:27:58.576+00:00,,,
ab7d36d1-a17c-40e7-919c-b50d07a49c18,3cb29cc2-866b-4360-90a3-15d01db8714a,fbb296de-dba2-4b23-9c3b-5c1285997b41,2026-04-27,unavailable,,,2026-04-26T16:27:58.690182+00:00,2026-04-26T16:27:58.576+00:00,,,
f857e236-a5e9-4a93-b43a-1cd231e2a096,89deecdc-4aaf-4b43-9716-bc54563a3e98,fbb296de-dba2-4b23-9c3b-5c1285997b41,2026-04-27,unavailable,,,2026-04-26T16:27:58.690182+00:00,2026-04-26T16:27:58.576+00:00,,,
e7b4cb07-1246-405d-b6da-15ce6d2b4f0c,b11df9b7-4ce3-409d-9a00-1ccc44bf334f,fbb296de-dba2-4b23-9c3b-5c1285997b41,2026-04-27,unavailable,,,2026-04-26T16:27:58.690182+00:00,2026-04-26T16:27:58.576+00:00,,,
66afe983-9894-42ce-9fb0-cd8832bb9ab0,47c5aed7-be06-44b8-8ca9-c898e5aeea76,fbb296de-dba2-4b23-9c3b-5c1285997b41,2026-04-27,unavailable,,,2026-04-26T16:27:58.690182+00:00,2026-04-26T16:27:58.576+00:00,,,
929318f5-b663-4c16-877f-dd3bb0d7206a,66056ffe-bed5-4f29-9efc-b3451224d474,fbb296de-dba2-4b23-9c3b-5c1285997b41,2026-04-27,unavailable,,,2026-04-26T16:27:58.690182+00:00,2026-04-26T16:27:58.576+00:00,,,
acc530bd-74f5-4393-b679-cb1083a27a3d,2c6d8e1e-5fca-4ef0-8171-db565a70bb02,fbb296de-dba2-4b23-9c3b-5c1285997b41,2026-04-27,unavailable,,,2026-04-26T16:27:58.690182+00:00,2026-04-26T16:27:58.576+00:00,,,
a3f6d45b-122b-4121-af48-51388a61d13a,4cb1a70a-69ff-40a0-a510-294ba986d499,fbb296de-dba2-4b23-9c3b-5c1285997b41,2026-04-27,unavailable,,,2026-04-26T16:27:58.690182+00:00,2026-04-26T16:27:58.576+00:00,,,
5ce24db0-2ec9-4d4c-ae8d-9b78c808164a,51bd07e8-04c4-4564-af34-8d952def0f8d,fbb296de-dba2-4b23-9c3b-5c1285997b41,2026-04-27,unavailable,,,2026-04-26T16:27:58.690182+00:00,2026-04-26T16:27:58.576+00:00,,,
dc16ccb6-5c80-460f-a1ad-090cb5747709,7de4b628-ab0b-4d70-96e8-d8b7f23fbfdd,fbb296de-dba2-4b23-9c3b-5c1285997b41,2026-04-27,unavailable,,,2026-04-26T16:27:58.690182+00:00,2026-04-26T16:27:58.576+00:00,,,
348ad0d3-85bc-49ab-8649-7b3edc132b9b,abe101e7-ab70-43a7-bba2-e161bcd2b73e,fbb296de-dba2-4b23-9c3b-5c1285997b41,2026-04-27,unavailable,,,2026-04-26T16:27:58.690182+00:00,2026-04-26T16:27:58.576+00:00,,,
2b094bbb-f999-4cfb-b179-c64e91599253,45a1142b-7760-4e8c-a1af-989c15a5fdc4,fbb296de-dba2-4b23-9c3b-5c1285997b41,2026-04-27,unavailable,,,2026-04-26T16:27:58.690182+00:00,2026-04-26T16:27:58.576+00:00,,,
3072c551-bc02-4222-b6d4-d117f9a84a24,5b3f4657-21b0-44a7-8f0a-3f0ecd43f712,fbb296de-dba2-4b23-9c3b-5c1285997b41,2026-04-27,unavailable,,,2026-04-26T16:27:58.690182+00:00,2026-04-26T16:27:58.576+00:00,,,
640f8f3f-6609-45ea-8de6-e9a3d175a2df,fc189420-99ea-4786-a143-2314e7653949,fbb296de-dba2-4b23-9c3b-5c1285997b41,2026-04-27,unavailable,,,2026-04-26T16:27:58.690182+00:00,2026-04-26T16:27:58.576+00:00,,,
6863c98c-6ff1-479c-8992-746298c0e9d4,9bc2c597-4686-47a2-bdce-22b9ce02d3dd,fbb296de-dba2-4b23-9c3b-5c1285997b41,2026-04-27,unavailable,,,2026-04-26T16:27:58.690182+00:00,2026-04-26T16:27:58.576+00:00,,,
14a7b8a4-33da-4af8-ab36-fec92c022cba,10c6b8e6-72c6-4198-8dbb-9afc48473d68,fbb296de-dba2-4b23-9c3b-5c1285997b41,2026-04-27,unavailable,,,2026-04-26T16:27:58.690182+00:00,2026-04-26T16:27:58.576+00:00,,,
8af2ed29-e7a6-4ba7-b973-ce83c512a6fc,c8b51b5d-7fe1-40db-ad18-7b79258828a1,fbb296de-dba2-4b23-9c3b-5c1285997b41,2026-04-27,unavailable,,,2026-04-26T16:27:58.690182+00:00,2026-04-26T16:27:58.576+00:00,,,
922cb1c5-51ac-4b35-b371-69ac5ef64569,6f6dcd58-46f9-4796-8b12-f65aeb26ab1e,fbb296de-dba2-4b23-9c3b-5c1285997b41,2026-04-27,unavailable,,,2026-04-26T16:27:58.690182+00:00,2026-04-26T16:27:58.576+00:00,,,
7aa34b34-491e-41f6-b0c3-8aba90913339,188cfea9-8ce2-4ee6-aa4a-8ace3bb24307,fbb296de-dba2-4b23-9c3b-5c1285997b41,2026-04-27,unavailable,,,2026-04-26T16:27:58.690182+00:00,2026-04-26T16:27:58.576+00:00,,,
9b982da7-9576-4802-94f1-d5f83654a425,bb521bcd-ab51-4458-86ef-2f2b3e9dd4d7,fbb296de-dba2-4b23-9c3b-5c1285997b41,2026-04-27,unavailable,,,2026-04-26T16:27:58.690182+00:00,2026-04-26T16:27:58.576+00:00,,,
78d3ac8e-08d5-4b4c-bb67-9e3f24b1258d,28939fc7-49c1-4151-b66e-c707529eb24b,fbb296de-dba2-4b23-9c3b-5c1285997b41,2026-04-27,unavailable,,,2026-04-26T16:27:58.690182+00:00,2026-04-26T16:27:58.576+00:00,,,
ea5b81e9-6b65-45e8-a6ed-c344fb1bac83,ecbae0c7-4bea-436b-9f87-b80c26ec150f,fbb296de-dba2-4b23-9c3b-5c1285997b41,2026-04-27,unavailable,,,2026-04-26T16:27:58.690182+00:00,2026-04-26T16:27:58.576+00:00,,,
ad1164a0-e7c4-4347-81be-c9f62d860d23,4e678c0c-345b-4cad-8f84-08fb2e61cccd,fbb296de-dba2-4b23-9c3b-5c1285997b41,2026-04-27,unavailable,,,2026-04-26T16:27:58.690182+00:00,2026-04-26T16:27:58.576+00:00,,,
f793cf82-a8a2-4a53-b805-98c116434da3,acc2e31f-8c70-4ae8-82e0-30c047f6bc1f,fbb296de-dba2-4b23-9c3b-5c1285997b41,2026-04-27,unavailable,,,2026-04-26T16:27:58.690182+00:00,2026-04-26T16:27:58.576+00:00,,,
f8401f91-0025-497b-aa7c-1f8c089b79a9,8e08ef07-dafc-46a6-8d05-a8ed0e1cb79c,fbb296de-dba2-4b23-9c3b-5c1285997b41,2026-04-27,unavailable,,,2026-04-26T16:27:58.690182+00:00,2026-04-26T16:27:58.576+00:00,,,
f7dff898-b5c3-4190-ae50-52a1eb00ddf9,5faef9e7-1115-4fbf-a391-fc83e8635b70,fbb296de-dba2-4b23-9c3b-5c1285997b41,2026-04-27,unavailable,,,2026-04-26T16:27:58.690182+00:00,2026-04-26T16:27:58.576+00:00,,,
0abd79aa-6638-47b9-8636-71bc80103923,53d4c1e2-c93c-4f45-8fb1-f0bd64ef921e,fbb296de-dba2-4b23-9c3b-5c1285997b41,2026-04-27,unavailable,,,2026-04-26T16:27:58.690182+00:00,2026-04-26T16:27:58.576+00:00,,,
5fadd286-14af-4b16-b2f0-1b46059aefe1,953a114e-45a0-47ca-8ac0-c0e188cd65c2,fbb296de-dba2-4b23-9c3b-5c1285997b41,2026-04-27,unavailable,,,2026-04-26T16:27:58.690182+00:00,2026-04-26T16:27:58.576+00:00,,,
62a31f28-0670-43a4-91fe-ff14ad2c81ae,25149f32-ee59-48d7-a941-9f6c35ca2855,fbb296de-dba2-4b23-9c3b-5c1285997b41,2026-04-27,unavailable,,,2026-04-26T16:27:58.690182+00:00,2026-04-26T16:27:58.576+00:00,,,
597c6d00-0de2-4972-92f8-986a4b224233,a3d78333-79fb-4040-8a2f-6f43aa351556,fbb296de-dba2-4b23-9c3b-5c1285997b41,2026-04-27,unavailable,,,2026-04-26T16:27:58.690182+00:00,2026-04-26T16:27:58.576+00:00,,,
2480b4e7-5874-40f8-84c0-0a4c7c710dda,e466e1b5-0324-484f-be32-9f1e792d73e0,fbb296de-dba2-4b23-9c3b-5c1285997b41,2026-04-27,unavailable,,,2026-04-26T16:27:58.690182+00:00,2026-04-26T16:27:58.576+00:00,,,
c69b23b9-2038-4249-b3e7-88f1eddb7a00,afb9bf7c-248b-4142-8e01-029b5cbbd4c5,fbb296de-dba2-4b23-9c3b-5c1285997b41,2026-04-27,unavailable,,,2026-04-26T16:27:58.690182+00:00,2026-04-26T16:27:58.576+00:00,,,
7d77c3c1-a483-4311-8190-4419a564386b,dea0d41c-bb8b-4b5d-a829-28e07fff0010,fbb296de-dba2-4b23-9c3b-5c1285997b41,2026-04-27,unavailable,,,2026-04-26T16:27:58.690182+00:00,2026-04-26T16:27:58.576+00:00,,,
006a6763-fd6d-430b-9566-700dd88defd1,b67bd172-bbd0-48ef-9cda-9d458718bae0,fbb296de-dba2-4b23-9c3b-5c1285997b41,2026-04-27,unavailable,,,2026-04-26T16:27:58.690182+00:00,2026-04-26T16:27:58.576+00:00,,,
51478e96-b8a7-4ff2-8244-4d6cdb3f46dc,31bb4896-e136-4f61-8c9a-44f45a24b9db,fbb296de-dba2-4b23-9c3b-5c1285997b41,2026-04-27,unavailable,,,2026-04-26T16:27:58.690182+00:00,2026-04-26T16:27:58.576+00:00,,,
8d9c9d23-0a87-4958-94fd-bbf258780d40,e6c3b55d-0838-4760-b4e8-30ec6b724c69,fbb296de-dba2-4b23-9c3b-5c1285997b41,2026-04-27,unavailable,,,2026-04-26T16:27:58.690182+00:00,2026-04-26T16:27:58.576+00:00,,,
8e592ba7-e00a-4665-97d5-1c0292c73751,b4e55d8f-e956-442f-a4ad-595da88885fb,fbb296de-dba2-4b23-9c3b-5c1285997b41,2026-04-27,unavailable,,,2026-04-26T16:27:58.690182+00:00,2026-04-26T16:27:58.576+00:00,,,
66aa0db1-29a9-4b5b-8d10-bec57bcc388e,6058be35-369e-435d-8373-442cac7b65f8,fbb296de-dba2-4b23-9c3b-5c1285997b41,2026-04-27,unavailable,,,2026-04-26T16:27:58.690182+00:00,2026-04-26T16:27:58.576+00:00,,,
99e09462-6bab-4751-af30-908088de479a,9adeb556-ece2-498f-abb0-869e7ea01aa8,fbb296de-dba2-4b23-9c3b-5c1285997b41,2026-04-27,unavailable,,,2026-04-26T16:27:58.690182+00:00,2026-04-26T16:27:58.576+00:00,,,
c83487e4-b0ea-4a27-b0db-30b447a41493,bfa7d4bd-6923-4d5f-9b63-2801c4cd92b2,fbb296de-dba2-4b23-9c3b-5c1285997b41,2026-04-27,unavailable,,,2026-04-26T16:27:58.690182+00:00,2026-04-26T16:27:58.576+00:00,,,
12b6823b-2a69-46c5-a387-e1e339f357bd,bf479c71-9394-4a55-b9ac-c81c237fa309,fbb296de-dba2-4b23-9c3b-5c1285997b41,2026-04-27,unavailable,,,2026-04-26T16:27:58.690182+00:00,2026-04-26T16:27:58.576+00:00,,,
ac36371e-cce0-4eda-aea1-af3257f349b8,4d8341f1-1d5f-49e5-95e6-bda4f2816a28,fbb296de-dba2-4b23-9c3b-5c1285997b41,2026-04-27,unavailable,,,2026-04-26T16:27:58.690182+00:00,2026-04-26T16:27:58.576+00:00,,,
3d6674a4-7f80-4aa2-85cd-42d7a48f3d00,f6723b26-0b45-4a30-bfa8-1ee732565796,fbb296de-dba2-4b23-9c3b-5c1285997b41,2026-04-27,unavailable,,,2026-04-26T16:27:58.690182+00:00,2026-04-26T16:27:58.576+00:00,,,
ced5ae4c-30db-48d0-b565-d1d341d3f2a8,6d8db724-4152-43b2-bf1b-ca96881952e6,fbb296de-dba2-4b23-9c3b-5c1285997b41,2026-04-27,unavailable,,,2026-04-26T16:27:58.690182+00:00,2026-04-26T16:27:58.576+00:00,,,
dbec675c-e423-4d5e-8b00-201f89ed538f,5aace772-3b44-4925-820b-042fba96ee1b,fbb296de-dba2-4b23-9c3b-5c1285997b41,2026-04-27,unavailable,,,2026-04-26T16:27:58.690182+00:00,2026-04-26T16:27:58.576+00:00,,,
17baf2c2-612f-4cd9-acf0-b709ea3a8e24,c884d033-d490-4ccb-ba1f-646407b6ab42,fbb296de-dba2-4b23-9c3b-5c1285997b41,2026-04-27,unavailable,,,2026-04-26T16:27:58.690182+00:00,2026-04-26T16:27:58.576+00:00,,,
8edb8422-efb3-4cee-a6ff-1697bbcdd2e9,ddb4593f-6ae9-4e1d-b64b-9c0d989de317,fbb296de-dba2-4b23-9c3b-5c1285997b41,2026-04-27,unavailable,,,2026-04-26T16:27:58.690182+00:00,2026-04-26T16:27:58.576+00:00,,,
1abb1f96-f14d-4b89-8a49-1704f670ce10,1e313572-571e-46b4-b012-80449350cf3f,fbb296de-dba2-4b23-9c3b-5c1285997b41,2026-04-27,unavailable,,,2026-04-26T16:27:58.690182+00:00,2026-04-26T16:27:58.576+00:00,,,
18f67133-431b-424a-a7d6-46620311bab1,95a59580-6440-4afa-95b7-90e438e0b33b,fbb296de-dba2-4b23-9c3b-5c1285997b41,2026-04-27,unavailable,,,2026-04-26T16:27:58.690182+00:00,2026-04-26T16:27:58.576+00:00,,,
e3eb02ec-8461-49c8-b382-a7040820192e,1ce0b2b8-6262-4b17-98f9-60bed3365ecb,fbb296de-dba2-4b23-9c3b-5c1285997b41,2026-04-27,unavailable,,,2026-04-26T16:27:58.690182+00:00,2026-04-26T16:27:58.576+00:00,,,
616bfd64-97f9-4b91-ad16-28b7e25a57be,d9bf2e1e-2f9d-4952-97aa-c74fdd095b34,fbb296de-dba2-4b23-9c3b-5c1285997b41,2026-04-27,unavailable,,,2026-04-26T16:27:58.690182+00:00,2026-04-26T16:27:58.576+00:00,,,
4c6a42fd-4ca6-4f8d-bd93-d3e42037ed1e,4af25fcb-085b-4071-97d0-4af42e4a5f0b,fbb296de-dba2-4b23-9c3b-5c1285997b41,2026-04-27,unavailable,,,2026-04-26T16:27:58.690182+00:00,2026-04-26T16:27:58.576+00:00,,,
06a4aaf6-3a82-4684-a4cd-3aed6db05c85,d04984bc-eb16-411e-8c99-ba6beb94db3c,fbb296de-dba2-4b23-9c3b-5c1285997b41,2026-04-27,unavailable,,,2026-04-26T16:27:58.690182+00:00,2026-04-26T16:27:58.576+00:00,,,
a4be6c91-9dc5-41bf-a0aa-ecc0cfd11e5b,dfcf3978-e149-42ff-90c3-5ee66fc11c77,fbb296de-dba2-4b23-9c3b-5c1285997b41,2026-04-27,unavailable,,,2026-04-26T16:27:58.690182+00:00,2026-04-26T16:27:58.576+00:00,,,
6a6f6f22-6105-42a1-8879-5bcd10fed9a6,f0fe9b25-dd6c-40ca-b3a2-5ad353a1c66e,fbb296de-dba2-4b23-9c3b-5c1285997b41,2026-04-27,unavailable,,,2026-04-26T16:27:58.690182+00:00,2026-04-26T16:27:58.576+00:00,,,
52ba42fa-86e6-46c3-9511-76cac6f138bb,e0ac9138-c667-4899-b1a7-25684d83684c,fbb296de-dba2-4b23-9c3b-5c1285997b41,2026-04-27,unavailable,,,2026-04-26T16:27:58.690182+00:00,2026-04-26T16:27:58.576+00:00,,,
97590d82-f2f9-4612-81c2-10c55f444044,aec9b1ec-e511-4850-bfc1-ca8d1f749687,fbb296de-dba2-4b23-9c3b-5c1285997b41,2026-04-27,unavailable,,,2026-04-26T16:27:58.690182+00:00,2026-04-26T16:27:58.576+00:00,,,
95d77b20-f7b3-442c-be3a-f4c9ac7d5db9,03ac3e2a-cd94-4a27-a5eb-b34640786fae,fbb296de-dba2-4b23-9c3b-5c1285997b41,2026-04-27,unavailable,,,2026-04-26T16:27:58.690182+00:00,2026-04-26T16:27:58.576+00:00,,,
46f673d5-607e-46c3-bc3d-0833d8168629,bb300ba6-5a75-45b4-b42b-46a42914a3e7,fbb296de-dba2-4b23-9c3b-5c1285997b41,2026-04-27,unavailable,,,2026-04-26T16:27:58.690182+00:00,2026-04-26T16:27:58.576+00:00,,,
9adb7cee-c0ea-4ed5-a656-5e1f38908d65,86233651-f0cf-4660-9e65-f1bda5ed5e58,fbb296de-dba2-4b23-9c3b-5c1285997b41,2026-04-27,available,,,2026-04-26T16:27:58.690182+00:00,2026-04-26T16:27:58.576+00:00,,,
ade65042-6aae-459a-9005-93c5b199a68c,bf4ecc4d-e755-4605-8ac6-63d67ad62287,fbb296de-dba2-4b23-9c3b-5c1285997b41,2026-04-27,available,,,2026-04-26T16:27:58.690182+00:00,2026-04-26T16:27:58.576+00:00,,,
dd135550-1855-4461-9ea8-fe9d10e430c7,13cd1ce2-5e86-451c-8f87-2b6f0842b010,fbb296de-dba2-4b23-9c3b-5c1285997b41,2026-04-27,unavailable,,,2026-04-26T16:27:58.690182+00:00,2026-04-26T16:27:58.576+00:00,,,
43735786-eae7-4c23-b5a1-73c82a4b6f4c,f6df221f-4b0c-45c9-b354-4b58b1b21450,fbb296de-dba2-4b23-9c3b-5c1285997b41,2026-04-27,unavailable,,,2026-04-26T16:27:58.690182+00:00,2026-04-26T16:27:58.576+00:00,,,
f6579c0b-2fb1-477b-9ca4-269edf0749b9,0b7d02c5-cd25-487a-ae38-30cf2c3199bb,fbb296de-dba2-4b23-9c3b-5c1285997b41,2026-04-27,unavailable,,,2026-04-26T16:27:58.690182+00:00,2026-04-26T16:27:58.576+00:00,,,
2c5fa58c-443d-43d9-b620-2a4c21609ef8,4f0ecc4f-9d09-4bab-9a9c-06ce5326a219,fbb296de-dba2-4b23-9c3b-5c1285997b41,2026-04-27,unavailable,,,2026-04-26T16:27:58.690182+00:00,2026-04-26T16:27:58.576+00:00,,,
581d5f64-6b11-464f-a986-465df00d91b3,9f442f9e-040a-4c4a-bdd3-810ccf0019c2,fbb296de-dba2-4b23-9c3b-5c1285997b41,2026-04-27,unavailable,,,2026-04-26T16:27:58.690182+00:00,2026-04-26T16:27:58.576+00:00,,,
5243ad36-fa96-4731-8c79-dade193d0753,e507c000-08c5-4d9e-8da4-975f0affa937,fbb296de-dba2-4b23-9c3b-5c1285997b41,2026-04-27,unavailable,,,2026-04-26T16:27:58.690182+00:00,2026-04-26T16:27:58.576+00:00,,,
d121a449-2f97-4c2c-8f13-ca64e0f5e2a7,5920adcc-3687-45b2-a0ad-50b17f24faef,fbb296de-dba2-4b23-9c3b-5c1285997b41,2026-04-27,available,,,2026-04-26T16:27:58.690182+00:00,2026-04-26T16:27:58.576+00:00,,,
d25e48c5-4cf1-4603-a965-f465c5c86957,19508c8b-5f9f-4cda-bffa-d36ef4c07bc2,fbb296de-dba2-4b23-9c3b-5c1285997b41,2026-04-27,unavailable,,,2026-04-26T16:27:58.690182+00:00,2026-04-26T16:27:58.576+00:00,,,
4f3830d0-eaf3-4ec7-baae-22f071d4d2a3,3b390b60-bc5f-4a6c-8366-90501656ce20,fbb296de-dba2-4b23-9c3b-5c1285997b41,2026-04-27,unavailable,,,2026-04-26T16:27:58.690182+00:00,2026-04-26T16:27:58.576+00:00,,,
a21ff167-952a-4c89-9335-72163edec439,1312210e-9cd8-4bac-96a8-11da91414ca2,fbb296de-dba2-4b23-9c3b-5c1285997b41,2026-04-27,unavailable,,,2026-04-26T16:27:58.690182+00:00,2026-04-26T16:27:58.576+00:00,,,
e4d91ecf-e51d-4f9d-a6c0-b5f7e058d434,e3ec98c5-fd0d-4087-ae6f-8b84410a0199,fbb296de-dba2-4b23-9c3b-5c1285997b41,2026-04-27,unavailable,,,2026-04-26T16:27:58.690182+00:00,2026-04-26T16:27:58.576+00:00,,,
55c4b321-d7fd-477a-88ac-20f63b86357d,3d082f2c-37ab-422a-bcad-71da0369d206,fbb296de-dba2-4b23-9c3b-5c1285997b41,2026-04-27,unavailable,,,2026-04-26T16:27:58.690182+00:00,2026-04-26T16:27:58.576+00:00,,,
973895e9-6d4f-4e02-a7d1-50470447705e,e704a939-0821-4540-b342-fec5e79de79a,fbb296de-dba2-4b23-9c3b-5c1285997b41,2026-04-27,unavailable,,,2026-04-26T16:27:58.690182+00:00,2026-04-26T16:27:58.576+00:00,,,
7bd8f634-21c7-4b63-be3e-d33e384deb25,cd527a80-68b8-45c9-b657-a2bb8e48c3b3,fbb296de-dba2-4b23-9c3b-5c1285997b41,2026-04-27,unavailable,,,2026-04-26T16:27:58.690182+00:00,2026-04-26T16:27:58.576+00:00,,,
38bfcabd-6499-44c6-94ae-03dcb56c244d,bbf210fa-39a3-4ce0-9091-558f93309281,fbb296de-dba2-4b23-9c3b-5c1285997b41,2026-04-27,unavailable,,,2026-04-26T16:27:58.690182+00:00,2026-04-26T16:27:58.576+00:00,,,
0de31178-6e63-4bdd-8047-629859c4cc8d,20c89eec-afeb-4600-8a4d-ad8deff1e6ff,fbb296de-dba2-4b23-9c3b-5c1285997b41,2026-04-27,unavailable,,,2026-04-26T16:27:58.690182+00:00,2026-04-26T16:27:58.576+00:00,,,
24a57a22-aec2-43c4-9075-741156fbdbb2,472aebdc-b540-4f92-b4ca-98d5d526f416,fbb296de-dba2-4b23-9c3b-5c1285997b41,2026-04-27,unavailable,,,2026-04-26T16:27:58.690182+00:00,2026-04-26T16:27:58.576+00:00,,,
8437faab-316b-4517-8dc4-2a2b4efe1cdd,bf1dac2d-8dd9-4c40-8b2c-7aa56ffd633d,fbb296de-dba2-4b23-9c3b-5c1285997b41,2026-04-27,unavailable,,,2026-04-26T16:27:58.690182+00:00,2026-04-26T16:27:58.576+00:00,,,
5cd311c4-4a59-49b0-ad65-2ad339f932c9,75aeb2f5-22fa-47df-95a2-21976cfb1df9,fbb296de-dba2-4b23-9c3b-5c1285997b41,2026-04-27,unavailable,,,2026-04-26T16:27:58.690182+00:00,2026-04-26T16:27:58.576+00:00,,,
b4e5bc66-3ed9-493a-92c4-33848d487b97,aba5c0fa-7f46-4f07-9ee2-f6e7bf39bc1d,fbb296de-dba2-4b23-9c3b-5c1285997b41,2026-04-27,unavailable,,,2026-04-26T16:27:58.690182+00:00,2026-04-26T16:27:58.576+00:00,,,
d8b2f507-8032-4e23-8c59-57776586ed52,faa337de-416b-4c93-bc16-3b37c4f24049,fbb296de-dba2-4b23-9c3b-5c1285997b41,2026-04-27,unavailable,,,2026-04-26T16:27:58.690182+00:00,2026-04-26T16:27:58.576+00:00,,,
58d85583-a133-40bd-8418-c94a4fa265c4,6b4c8cc4-4376-4ab6-9ee6-c624b72485a6,fbb296de-dba2-4b23-9c3b-5c1285997b41,2026-04-27,unavailable,,,2026-04-26T16:27:58.690182+00:00,2026-04-26T16:27:58.576+00:00,,,
5c0be466-abb1-4504-93f1-fd0b6bcc85ab,bfdd8bbb-5373-4e16-9c52-492471349f90,fbb296de-dba2-4b23-9c3b-5c1285997b41,2026-04-27,unavailable,,,2026-04-26T16:27:58.690182+00:00,2026-04-26T16:27:58.576+00:00,,,
dc30c36d-2d48-4bdc-8906-c4970e4dd652,ffa03313-d46c-46fc-a98c-fc495db887c8,fbb296de-dba2-4b23-9c3b-5c1285997b41,2026-04-27,unavailable,,,2026-04-26T16:27:58.690182+00:00,2026-04-26T16:27:58.576+00:00,,,
eabdf96d-165f-4310-99ae-a6324b4998c4,254f04b8-24d1-4501-82ab-3de9aa297e4a,fbb296de-dba2-4b23-9c3b-5c1285997b41,2026-04-27,unavailable,,,2026-04-26T16:27:58.690182+00:00,2026-04-26T16:27:58.576+00:00,,,
64049578-8777-45a2-a554-dd4b28da7e9f,668f76c5-00fa-45e0-a391-ada8940fe179,fbb296de-dba2-4b23-9c3b-5c1285997b41,2026-04-27,unavailable,,,2026-04-26T16:27:58.690182+00:00,2026-04-26T16:27:58.576+00:00,,,
b3e84e19-a8d7-44fe-95b3-f651faf43282,cc36fcf7-866b-4539-8745-9f9cde9890bc,fbb296de-dba2-4b23-9c3b-5c1285997b41,2026-04-27,unavailable,,,2026-04-26T16:27:58.690182+00:00,2026-04-26T16:27:58.576+00:00,,,
8a2281ff-557e-4b46-b8eb-21b0c0810939,3748ead8-de3e-4936-a66d-9d0b2b545b70,fbb296de-dba2-4b23-9c3b-5c1285997b41,2026-04-27,unavailable,,,2026-04-26T16:27:58.690182+00:00,2026-04-26T16:27:58.576+00:00,,,
d91583ad-4a63-4490-9037-ebca70749354,d738fe6a-8aae-4f9b-a997-d67179944468,fbb296de-dba2-4b23-9c3b-5c1285997b41,2026-04-27,unavailable,,,2026-04-26T16:27:58.690182+00:00,2026-04-26T16:27:58.576+00:00,,,
888f1ff8-8e9b-457c-9e95-cb17393fb42d,da3fa041-df6e-4d09-8877-2f105c12936c,fbb296de-dba2-4b23-9c3b-5c1285997b41,2026-04-27,unavailable,,,2026-04-26T16:27:58.690182+00:00,2026-04-26T16:27:58.576+00:00,,,
11c8ee85-ba52-4006-a39c-71c9744a72df,c2a76342-b6cd-4037-89e3-ebfa887bbb51,fbb296de-dba2-4b23-9c3b-5c1285997b41,2026-04-27,unavailable,,,2026-04-26T16:27:58.690182+00:00,2026-04-26T16:27:58.576+00:00,,,
00e87e5c-14e3-46c4-81be-74d078142d81,9e04d666-3178-44da-a5ad-75ca73a39c2b,fbb296de-dba2-4b23-9c3b-5c1285997b41,2026-04-27,unavailable,,,2026-04-26T16:27:58.690182+00:00,2026-04-26T16:27:58.576+00:00,,,
053c8b19-c80b-490b-bbcc-93f25e713985,9111d6fd-f6d3-4ade-9915-bbfde0232f4b,fbb296de-dba2-4b23-9c3b-5c1285997b41,2026-04-27,available,,,2026-04-26T16:27:58.690182+00:00,2026-04-26T16:27:58.576+00:00,,,
91ad35f2-a5db-494b-8bea-dff43ba2d245,b8e32f9a-56c0-4915-9d71-413234d11bff,fbb296de-dba2-4b23-9c3b-5c1285997b41,2026-04-27,unavailable,,,2026-04-26T16:27:58.690182+00:00,2026-04-26T16:27:58.576+00:00,,,
8255ca58-6164-4111-9bc0-9d52e6645a23,1319b9ad-0c60-4137-9117-9f6bcd77f1ac,fbb296de-dba2-4b23-9c3b-5c1285997b41,2026-04-27,unavailable,,,2026-04-26T16:27:58.690182+00:00,2026-04-26T16:27:58.576+00:00,,,
ab6be14b-25c5-4824-a06b-788adab91dd2,c19c0355-5119-46a4-956d-310776ade079,fbb296de-dba2-4b23-9c3b-5c1285997b41,2026-04-27,unavailable,,,2026-04-26T16:27:58.690182+00:00,2026-04-26T16:27:58.576+00:00,,,
67326f34-b44a-49eb-8b7a-9e860999fe70,fffc7b60-42d2-4f14-831e-1a4e4d71e26d,fbb296de-dba2-4b23-9c3b-5c1285997b41,2026-04-27,unavailable,,,2026-04-26T16:27:58.690182+00:00,2026-04-26T16:27:58.576+00:00,,,
7793a853-d939-4ac3-bb48-1f57d288729b,5f1621cc-8a4c-4563-88bf-daffe78af0ff,fbb296de-dba2-4b23-9c3b-5c1285997b41,2026-04-27,unavailable,,,2026-04-26T16:27:58.690182+00:00,2026-04-26T16:27:58.576+00:00,,,
f61aa78b-62f6-4a75-a89e-aa4c329162cf,148e5b83-9381-443e-9afd-b6991092c090,fbb296de-dba2-4b23-9c3b-5c1285997b41,2026-04-27,unavailable,,,2026-04-26T16:27:58.690182+00:00,2026-04-26T16:27:58.576+00:00,,,
df076d38-8e43-4c18-87fc-011d10813c67,b2d63f78-299d-4331-911f-a96c4941df55,fbb296de-dba2-4b23-9c3b-5c1285997b41,2026-04-27,unavailable,,,2026-04-26T16:27:58.690182+00:00,2026-04-26T16:27:58.576+00:00,,,
23053993-810b-41d8-8db7-8da2cb18f38b,06f3c06f-0fee-48b6-af1d-2f1e6d9ac65e,fbb296de-dba2-4b23-9c3b-5c1285997b41,2026-04-27,unavailable,,,2026-04-26T16:27:58.690182+00:00,2026-04-26T16:27:58.576+00:00,,,
100f0a79-1188-4bd2-9093-d9c3c4ae1b9f,25992891-0940-467e-8aa4-4a02bb64c2f8,fbb296de-dba2-4b23-9c3b-5c1285997b41,2026-04-27,unavailable,,,2026-04-26T16:27:58.690182+00:00,2026-04-26T16:27:58.576+00:00,,,
460b8a2e-1750-405e-addd-78d089348cf3,71b1d585-5919-4a6a-9676-9869a51fec0e,fbb296de-dba2-4b23-9c3b-5c1285997b41,2026-04-27,unavailable,,,2026-04-26T16:27:58.690182+00:00,2026-04-26T16:27:58.576+00:00,,,
36fd7a98-1b98-4f74-a5e4-2bc8332b65ef,07facaef-e20c-417b-9419-6486f1ac9071,fbb296de-dba2-4b23-9c3b-5c1285997b41,2026-04-27,unavailable,,,2026-04-26T16:27:58.690182+00:00,2026-04-26T16:27:58.576+00:00,,,
d416ef49-9491-4d74-b4d2-ae780b97f1fe,27133740-8739-4086-b026-370f41fedf92,fbb296de-dba2-4b23-9c3b-5c1285997b41,2026-04-27,available,,,2026-04-26T16:27:58.690182+00:00,2026-04-26T16:27:58.576+00:00,,,
07cb9e75-70ff-4a9f-838c-1476c69ce3ca,60ee9721-045f-41c3-91e8-d4c34e5d7175,fbb296de-dba2-4b23-9c3b-5c1285997b41,2026-04-27,unavailable,,,2026-04-26T16:27:58.690182+00:00,2026-04-26T16:27:58.576+00:00,,,
cc6bd7b6-02f4-4cc1-896a-c0cd4de8245e,2d181b74-593a-452f-8b74-3505e6766893,fbb296de-dba2-4b23-9c3b-5c1285997b41,2026-04-27,unavailable,,,2026-04-26T16:27:58.690182+00:00,2026-04-26T16:27:58.576+00:00,,,
21e7810c-8574-415a-b05b-f98a2d3fe257,b026bfc6-eef8-4751-abbe-82fd7c107473,fbb296de-dba2-4b23-9c3b-5c1285997b41,2026-04-27,unavailable,,,2026-04-26T16:27:58.690182+00:00,2026-04-26T16:27:58.576+00:00,,,
5305c5ed-cbab-408b-bed8-dde09848e868,f466852a-ef7b-4013-ac24-d40b4c4cf55b,fbb296de-dba2-4b23-9c3b-5c1285997b41,2026-04-27,unavailable,,,2026-04-26T16:27:58.690182+00:00,2026-04-26T16:27:58.576+00:00,,,
82568c98-c62d-44b2-9d13-4fe6a5bca434,7f6dd06a-83e0-4750-b802-b1f90cefa97f,fbb296de-dba2-4b23-9c3b-5c1285997b41,2026-04-27,unavailable,,,2026-04-26T16:27:58.690182+00:00,2026-04-26T16:27:58.576+00:00,,,
8d535958-a942-45a3-a650-721ba631f285,ad7462a1-5295-4da0-81b8-fad9eb82b0e0,fbb296de-dba2-4b23-9c3b-5c1285997b41,2026-04-27,unavailable,,,2026-04-26T16:27:58.690182+00:00,2026-04-26T16:27:58.576+00:00,,,
76be3d48-741e-4f30-b5c5-04a5f4be64a9,e2ab0523-b78f-41b9-a50b-d55445e1c544,fbb296de-dba2-4b23-9c3b-5c1285997b41,2026-04-27,unavailable,,,2026-04-26T16:27:58.690182+00:00,2026-04-26T16:27:58.576+00:00,,,
f09ba192-3055-4030-b8e5-8fd75f434826,05f66656-45df-4cb0-bf70-229ad1938df6,fbb296de-dba2-4b23-9c3b-5c1285997b41,2026-04-27,unavailable,,,2026-04-26T16:27:58.690182+00:00,2026-04-26T16:27:58.576+00:00,,,
62b84399-360c-4a3e-99b5-e1eb98ba41f9,ae35edf7-0f5f-42cb-b1da-7ab6b187d19d,fbb296de-dba2-4b23-9c3b-5c1285997b41,2026-04-27,unavailable,,,2026-04-26T16:27:58.690182+00:00,2026-04-26T16:27:58.576+00:00,,,
def517c0-152d-4d7f-92df-dcc2ef5c4f71,c1a8700d-9fe7-4842-97e2-84acd9d975b3,fbb296de-dba2-4b23-9c3b-5c1285997b41,2026-04-27,unavailable,,,2026-04-26T16:27:58.690182+00:00,2026-04-26T16:27:58.576+00:00,,,
76a548a9-87a3-4b41-af90-3ce44d8f8e88,d2d10fe8-69a3-4554-89d2-dedf9ea06203,fbb296de-dba2-4b23-9c3b-5c1285997b41,2026-04-27,unavailable,,,2026-04-26T16:27:58.690182+00:00,2026-04-26T16:27:58.576+00:00,,,
4239f891-6f63-41be-9c87-f072118223c0,c57fbfb5-1ed2-4e98-9b48-c9b6b97c44bd,fbb296de-dba2-4b23-9c3b-5c1285997b41,2026-04-27,unavailable,,,2026-04-26T16:27:58.690182+00:00,2026-04-26T16:27:58.576+00:00,,,
00ba93bc-64b2-4863-9ea4-5623d402ee2b,1c0ec68f-ce08-4e5e-b4ed-3ce89f333f42,fbb296de-dba2-4b23-9c3b-5c1285997b41,2026-04-27,unavailable,,,2026-04-26T16:27:58.690182+00:00,2026-04-26T16:27:58.576+00:00,,,
78fbb22a-4658-4b88-a175-e80727ae1b01,d08761e2-5788-4a05-b0c0-5cb25f8a6403,fbb296de-dba2-4b23-9c3b-5c1285997b41,2026-04-27,unavailable,,,2026-04-26T16:27:58.690182+00:00,2026-04-26T16:27:58.576+00:00,,,
fb081345-0b94-4196-b33c-a687b13e12ff,4f4e920c-2cf6-4d2e-bd9b-e81927d9a495,fbb296de-dba2-4b23-9c3b-5c1285997b41,2026-04-27,unavailable,,,2026-04-26T16:27:58.690182+00:00,2026-04-26T16:27:58.576+00:00,,,
fb3d052d-8e03-4498-9af9-b552c360a9e8,834fd3ad-e3e0-411e-92e5-79b1e68a34d9,fbb296de-dba2-4b23-9c3b-5c1285997b41,2026-04-27,unavailable,,,2026-04-26T16:27:58.690182+00:00,2026-04-26T16:27:58.576+00:00,,,
f587c123-7c6a-40a2-ab8f-489a8e50bcc1,fe837eeb-c43f-4324-9484-e363c26f5829,fbb296de-dba2-4b23-9c3b-5c1285997b41,2026-04-27,unavailable,,,2026-04-26T16:27:58.690182+00:00,2026-04-26T16:27:58.576+00:00,,,
8864cc80-b9cd-44ca-9b9c-162296864be4,5e50859d-1508-4fb1-84a9-adeef4b333ff,fbb296de-dba2-4b23-9c3b-5c1285997b41,2026-04-27,unavailable,,,2026-04-26T16:27:58.690182+00:00,2026-04-26T16:27:58.576+00:00,,,
0b7d2ce3-4d99-4119-9527-fde6664d9a5d,cb8885fa-21df-4a06-9dcc-911e9c6c474d,fbb296de-dba2-4b23-9c3b-5c1285997b41,2026-04-27,unavailable,,,2026-04-26T16:27:58.690182+00:00,2026-04-26T16:27:58.576+00:00,,,
5cbe8cc9-e802-4ffd-a9af-28598ddf945c,90df21cf-925e-4fb0-85eb-9ee42c1a1449,fbb296de-dba2-4b23-9c3b-5c1285997b41,2026-04-27,unavailable,,,2026-04-26T16:27:58.690182+00:00,2026-04-26T16:27:58.576+00:00,,,
40d04fb8-a388-49cc-a28a-a62180767f5b,09dd43ee-5456-4692-9016-433d77d3b6cb,fbb296de-dba2-4b23-9c3b-5c1285997b41,2026-04-27,unavailable,,,2026-04-26T16:27:58.690182+00:00,2026-04-26T16:27:58.576+00:00,,,
b650d9bb-db63-4553-b641-af76255f9f1e,e617222f-90ba-4246-b04a-f3c5e9fe0529,fbb296de-dba2-4b23-9c3b-5c1285997b41,2026-04-27,unavailable,,,2026-04-26T16:27:58.690182+00:00,2026-04-26T16:27:58.576+00:00,,,
52f17708-eee5-4e90-aab2-f6a2de092800,c34f7e2a-f610-4e56-847b-495bf4739360,fbb296de-dba2-4b23-9c3b-5c1285997b41,2026-04-27,unavailable,,,2026-04-26T16:27:58.690182+00:00,2026-04-26T16:27:58.576+00:00,,,
512ac7f6-0b8f-4d8c-8b91-81f507dec523,07a79088-9fa0-477d-b4e2-42c943951872,fbb296de-dba2-4b23-9c3b-5c1285997b41,2026-04-27,unavailable,,,2026-04-26T16:27:58.690182+00:00,2026-04-26T16:27:58.576+00:00,,,
ccd736d8-8fd9-462e-832d-ef8f046c22e6,f95b7a6f-37f8-4de1-9fdc-7ac2ef7d7af4,fbb296de-dba2-4b23-9c3b-5c1285997b41,2026-04-27,unavailable,,,2026-04-26T16:27:58.690182+00:00,2026-04-26T16:27:58.576+00:00,,,
f854f18d-6ec3-40da-96ac-db90871083e5,4e67157b-7aca-400e-b55c-0bc10087721c,fbb296de-dba2-4b23-9c3b-5c1285997b41,2026-04-27,unavailable,,,2026-04-26T16:27:58.690182+00:00,2026-04-26T16:27:58.576+00:00,,,
5365439f-c344-41b8-b24f-e6036e01d8e4,4261d2fb-71d3-4a3f-a3a2-ae6a3306afd6,fbb296de-dba2-4b23-9c3b-5c1285997b41,2026-04-27,unavailable,,,2026-04-26T16:27:58.690182+00:00,2026-04-26T16:27:58.576+00:00,,,
ae23b6ea-30f4-4ce1-b203-5de07a8883a8,cce17ece-976b-4312-8212-c63feb877194,fbb296de-dba2-4b23-9c3b-5c1285997b41,2026-04-27,unavailable,,,2026-04-26T16:27:58.690182+00:00,2026-04-26T16:27:58.576+00:00,,,
42a04d9b-6616-498e-afa8-0a64259009b7,7fd3cd92-6b83-4888-b0b5-3474f3e21904,fbb296de-dba2-4b23-9c3b-5c1285997b41,2026-04-27,unavailable,,,2026-04-26T16:27:58.690182+00:00,2026-04-26T16:27:58.576+00:00,,,
2ea8f809-f78d-42c5-8f10-16169cbff4a9,5141ea5f-0740-4a1c-a517-c21f73bd6986,fbb296de-dba2-4b23-9c3b-5c1285997b41,2026-04-27,unavailable,,,2026-04-26T16:27:58.690182+00:00,2026-04-26T16:27:58.576+00:00,,,
8887750c-3814-4dac-ac6a-314106ac13af,8db30369-f76c-4629-a6d6-a2a50959835a,fbb296de-dba2-4b23-9c3b-5c1285997b41,2026-04-27,unavailable,,,2026-04-26T16:27:58.690182+00:00,2026-04-26T16:27:58.576+00:00,,,
3427389a-d81e-4a9d-a6b1-3464e0ba513e,e24c0340-b8f8-40e6-8346-fedd8d255826,fbb296de-dba2-4b23-9c3b-5c1285997b41,2026-04-27,unavailable,,,2026-04-26T16:27:58.690182+00:00,2026-04-26T16:27:58.576+00:00,,,
1b9d0dea-4e9d-4a6a-97fb-f85e84002c9d,b9b71f11-fb3e-4476-8b78-7404bdae5973,fbb296de-dba2-4b23-9c3b-5c1285997b41,2026-04-27,unavailable,,,2026-04-26T16:27:58.690182+00:00,2026-04-26T16:27:58.576+00:00,,,
efa913a8-5de8-4bb6-a7cb-5179d77440a6,269969e8-9b32-48b2-ad34-e9eb10892aa0,fbb296de-dba2-4b23-9c3b-5c1285997b41,2026-04-27,unavailable,,,2026-04-26T16:27:58.690182+00:00,2026-04-26T16:27:58.576+00:00,,,
0ad6cec5-0a27-4c7d-8790-014b29f02029,05bf9d69-e5d2-48cb-9592-6325e9b0cb39,fbb296de-dba2-4b23-9c3b-5c1285997b41,2026-04-27,unavailable,,,2026-04-26T16:27:58.690182+00:00,2026-04-26T16:27:58.576+00:00,,,
3c041ce8-c4d7-4056-b5a0-5ed45c19922b,932a215a-a3c9-4327-8839-53e7802676c2,fbb296de-dba2-4b23-9c3b-5c1285997b41,2026-04-27,unavailable,,,2026-04-26T16:27:58.690182+00:00,2026-04-26T16:27:58.576+00:00,,,
dd77abd2-6c39-4f61-a21c-08668a9c8bbd,11be587c-f07a-4b41-94bc-757516dda887,fbb296de-dba2-4b23-9c3b-5c1285997b41,2026-04-27,unavailable,,,2026-04-26T16:27:58.690182+00:00,2026-04-26T16:27:58.576+00:00,,,
ebe1c0f6-a2b8-4057-9596-2dcf3a7f4a9d,8ee929fd-00ee-4ed8-9cc5-1bac874eb3d3,fbb296de-dba2-4b23-9c3b-5c1285997b41,2026-04-27,unavailable,,,2026-04-26T16:27:58.690182+00:00,2026-04-26T16:27:58.576+00:00,,,
cffb6393-22bd-452f-9c3d-6aca5f34706b,3c8b8fbc-4f9e-4953-a4bd-37799b337807,fbb296de-dba2-4b23-9c3b-5c1285997b41,2026-04-27,unavailable,,,2026-04-26T16:27:58.690182+00:00,2026-04-26T16:27:58.576+00:00,,,
017ec85e-5d33-4adc-9b14-e3093cd3b668,28a2c4c0-22bf-4592-a7e7-88fd299fd33c,fbb296de-dba2-4b23-9c3b-5c1285997b41,2026-04-27,unavailable,,,2026-04-26T16:27:58.690182+00:00,2026-04-26T16:27:58.576+00:00,,,
e9b660f2-c8f9-4ede-856d-5509ed4c67ee,a65f4504-ba08-4da1-82ee-339201545673,fbb296de-dba2-4b23-9c3b-5c1285997b41,2026-04-27,unavailable,,,2026-04-26T16:27:58.690182+00:00,2026-04-26T16:27:58.576+00:00,,,
2ee4150d-cf44-400b-94d7-345670ba1d4b,3827a1e9-8eb7-4bcc-8fe4-a96d02378b92,fbb296de-dba2-4b23-9c3b-5c1285997b41,2026-04-27,unavailable,,,2026-04-26T16:27:58.690182+00:00,2026-04-26T16:27:58.576+00:00,,,
e9c65171-5695-4ca5-a36f-9d29bf57d1d7,7ccef569-6034-454f-bc79-4368995ec492,fbb296de-dba2-4b23-9c3b-5c1285997b41,2026-04-27,unavailable,,,2026-04-26T16:27:58.690182+00:00,2026-04-26T16:27:58.576+00:00,,,
c09b0130-b29e-467b-9377-26684294af99,bc40e179-aea5-4151-92b0-fe927c84fba3,fbb296de-dba2-4b23-9c3b-5c1285997b41,2026-04-27,unavailable,,,2026-04-26T16:27:58.690182+00:00,2026-04-26T16:27:58.576+00:00,,,
17f82e19-bf6d-49ac-ba79-c9effdc6de00,f78aa6c9-4936-4695-8e1f-26ab48dbab93,fbb296de-dba2-4b23-9c3b-5c1285997b41,2026-04-27,unavailable,,,2026-04-26T16:27:58.690182+00:00,2026-04-26T16:27:58.576+00:00,,,
f45c4219-dbe7-4616-86b1-ea40c0748657,96989aa8-bb4c-456d-8bb4-605939db7a97,fbb296de-dba2-4b23-9c3b-5c1285997b41,2026-04-27,unavailable,,,2026-04-26T16:27:58.690182+00:00,2026-04-26T16:27:58.576+00:00,,,
8dde6c38-342f-481d-8450-bb83b7b3850b,99c52faa-b4fb-4403-a8c5-4880bc5d3691,fbb296de-dba2-4b23-9c3b-5c1285997b41,2026-04-27,unavailable,,,2026-04-26T16:27:58.690182+00:00,2026-04-26T16:27:58.576+00:00,,,
a56372af-4710-4d1a-bad6-650818dfa05a,6e9d3e1b-8ead-4256-9d06-c0324b42f5ab,fbb296de-dba2-4b23-9c3b-5c1285997b41,2026-04-27,unavailable,,,2026-04-26T16:27:58.690182+00:00,2026-04-26T16:27:58.576+00:00,,,
decd564d-8089-4dfc-9397-e83553bec1db,d4827392-69e6-4ecd-838d-fc9e8ce847cf,fbb296de-dba2-4b23-9c3b-5c1285997b41,2026-04-27,unavailable,,,2026-04-26T16:27:58.690182+00:00,2026-04-26T16:27:58.576+00:00,,,
05687cd4-d0d6-4548-b529-af35bcaf19a0,38fcc94f-ba33-46f6-a1bb-3204823e9cb8,fbb296de-dba2-4b23-9c3b-5c1285997b41,2026-04-27,unavailable,,,2026-04-26T16:27:58.690182+00:00,2026-04-26T16:27:58.576+00:00,,,
5475e4b6-7809-4886-855c-1da60ad4421b,04cc3ab8-f1fa-4e6c-a4aa-9a4d53f1dc53,fbb296de-dba2-4b23-9c3b-5c1285997b41,2026-04-27,unavailable,,,2026-04-26T16:27:58.690182+00:00,2026-04-26T16:27:58.576+00:00,,,
eddec282-20cd-4ee4-97d7-a9b2baaf73a8,56f75098-ef8d-4fde-86e8-fbfa21bd8964,fbb296de-dba2-4b23-9c3b-5c1285997b41,2026-04-27,unavailable,,,2026-04-26T16:27:58.690182+00:00,2026-04-26T16:27:58.576+00:00,,,
0bb549c1-3d8d-4296-a697-b52c65ac933a,b0c6ac67-3d61-415c-8d9a-8683b6ea618d,fbb296de-dba2-4b23-9c3b-5c1285997b41,2026-04-27,unavailable,,,2026-04-26T16:27:58.690182+00:00,2026-04-26T16:27:58.576+00:00,,,
3613a643-dd3f-4e79-9687-7e7a454b673b,1112445f-aba5-4629-b399-08d2c0baf4f8,fbb296de-dba2-4b23-9c3b-5c1285997b41,2026-04-27,unavailable,,,2026-04-26T16:27:58.690182+00:00,2026-04-26T16:27:58.576+00:00,,,
545b5772-2527-4cf4-8f42-f7e78ef885e7,9b9060f3-6432-46c9-a091-a3d8e9560bb2,fbb296de-dba2-4b23-9c3b-5c1285997b41,2026-04-27,unavailable,,,2026-04-26T16:27:58.690182+00:00,2026-04-26T16:27:58.576+00:00,,,
38dd56b3-d90f-47a5-a32c-69f3fcb135de,af7f71ef-2b78-4595-ac2c-0a38c88a3ec9,fbb296de-dba2-4b23-9c3b-5c1285997b41,2026-04-27,unavailable,,,2026-04-26T16:27:58.690182+00:00,2026-04-26T16:27:58.576+00:00,,,
222bb1d3-36d6-4f05-a42d-45d0df828b76,264f35ff-4ff6-4417-91d3-f5d170297d71,fbb296de-dba2-4b23-9c3b-5c1285997b41,2026-04-27,unavailable,,,2026-04-26T16:27:58.690182+00:00,2026-04-26T16:27:58.576+00:00,,,
83fc5b8a-2fe7-4968-a5a0-4750fe5004df,3b3371ba-d791-4f27-acd1-c9be0931ac67,fbb296de-dba2-4b23-9c3b-5c1285997b41,2026-04-27,unavailable,,,2026-04-26T16:27:58.690182+00:00,2026-04-26T16:27:58.576+00:00,,,
d0ab6955-a50d-431e-a10e-1d92a88fb9f3,6a8c2c77-2947-4263-b6a0-3ad7a26dd66c,fbb296de-dba2-4b23-9c3b-5c1285997b41,2026-04-27,unavailable,,,2026-04-26T16:27:58.690182+00:00,2026-04-26T16:27:58.576+00:00,,,
fb47babf-c6e8-4a34-9c5b-1e03111e33fc,d45982d6-a597-419b-8f2e-7321660ab99a,fbb296de-dba2-4b23-9c3b-5c1285997b41,2026-04-27,unavailable,,,2026-04-26T16:27:58.690182+00:00,2026-04-26T16:27:58.576+00:00,,,
c92ebf39-0db0-49b8-a721-c92850dc9159,e662ef45-6aed-4a2e-ab16-cead317ac5b0,fbb296de-dba2-4b23-9c3b-5c1285997b41,2026-04-27,unavailable,,,2026-04-26T16:27:58.690182+00:00,2026-04-26T16:27:58.576+00:00,,,
588cbe7b-b9c4-4dd3-8c65-37b71c853c8c,79baadf2-9252-4ed8-bc44-5f183e823ed6,fbb296de-dba2-4b23-9c3b-5c1285997b41,2026-04-27,unavailable,,,2026-04-26T16:27:58.690182+00:00,2026-04-26T16:27:58.576+00:00,,,
e45be28c-bede-4405-a325-af258c866b4f,7761e060-b17e-4cdf-811a-ddb5846d266e,fbb296de-dba2-4b23-9c3b-5c1285997b41,2026-04-27,unavailable,,,2026-04-26T16:27:58.690182+00:00,2026-04-26T16:27:58.576+00:00,,,
a58a8b85-e329-4323-b586-0265807b1d9f,0b56583d-f70a-49bd-a226-d86b7983ad6c,fbb296de-dba2-4b23-9c3b-5c1285997b41,2026-04-27,unavailable,,,2026-04-26T16:27:58.690182+00:00,2026-04-26T16:27:58.576+00:00,,,
18c7f2a9-4a3e-4788-ae4d-0d3b09b11c7f,1e6a3cbe-88f7-4cf8-b0d8-b5c6d24cc7b5,fbb296de-dba2-4b23-9c3b-5c1285997b41,2026-04-27,unavailable,,,2026-04-26T16:27:58.690182+00:00,2026-04-26T16:27:58.576+00:00,,,
0f87478b-853e-410c-92f9-241ed103e93a,fea7d0a4-a2d7-4f78-8c00-7a0890303058,fbb296de-dba2-4b23-9c3b-5c1285997b41,2026-04-27,unavailable,,,2026-04-26T16:27:58.690182+00:00,2026-04-26T16:27:58.576+00:00,,,
b4483edd-2595-4ab5-9495-a1019389536d,c3573a8c-ee80-4e96-90b2-faedf186756a,fbb296de-dba2-4b23-9c3b-5c1285997b41,2026-04-27,unavailable,,,2026-04-26T16:27:58.690182+00:00,2026-04-26T16:27:58.576+00:00,,,
10b7ce23-01e9-4646-b458-42dd4f28d707,324152b2-0646-40d1-be88-877c753f6ef2,fbb296de-dba2-4b23-9c3b-5c1285997b41,2026-04-27,unavailable,,,2026-04-26T16:27:58.690182+00:00,2026-04-26T16:27:58.576+00:00,,,
1114927f-28a5-4b5f-b1c4-0b322b8abc32,7c8d4998-c5bb-4845-a3e4-444d47ebc795,fbb296de-dba2-4b23-9c3b-5c1285997b41,2026-04-27,unavailable,,,2026-04-26T16:27:58.690182+00:00,2026-04-26T16:27:58.576+00:00,,,
09352c27-e351-4df2-bc7a-6674f71d378b,3ddd0c43-44b1-49d6-92f3-047dbc5407c2,fbb296de-dba2-4b23-9c3b-5c1285997b41,2026-04-27,unavailable,,,2026-04-26T16:27:58.690182+00:00,2026-04-26T16:27:58.576+00:00,,,
139d34ba-b026-49eb-a9ae-7b8851507443,dfd11754-81a7-4667-9c5e-f72a6f06c6a1,fbb296de-dba2-4b23-9c3b-5c1285997b41,2026-04-27,unavailable,,,2026-04-26T16:27:58.690182+00:00,2026-04-26T16:27:58.576+00:00,,,
524ca680-08f6-4042-be36-26473041f104,76a7e596-d654-4fa0-b7ab-4d60ee3da1cb,fbb296de-dba2-4b23-9c3b-5c1285997b41,2026-04-27,unavailable,,,2026-04-26T16:27:58.690182+00:00,2026-04-26T16:27:58.576+00:00,,,
261859e9-8fa3-4681-9b83-9d74cc91f7b2,38af6777-f227-4692-8704-1fe94901ac9f,fbb296de-dba2-4b23-9c3b-5c1285997b41,2026-04-27,unavailable,,,2026-04-26T16:27:58.690182+00:00,2026-04-26T16:27:58.576+00:00,,,
c8cc744e-a5a3-4135-ba0a-4cb1a1a64725,258b9b82-338f-4fef-a2ec-fd339af13b9a,fbb296de-dba2-4b23-9c3b-5c1285997b41,2026-04-27,unavailable,,,2026-04-26T16:27:58.690182+00:00,2026-04-26T16:27:58.576+00:00,,,
47fabd02-abe4-4946-961f-a40c14dfa604,2eaadb66-8823-4457-a67a-eaed6282bc1f,fbb296de-dba2-4b23-9c3b-5c1285997b41,2026-04-27,unavailable,,,2026-04-26T16:27:58.690182+00:00,2026-04-26T16:27:58.576+00:00,,,
f9f7edef-aa9a-46e6-a759-29688202cda4,ad048662-fccc-44a6-b61e-5b92abe57761,fbb296de-dba2-4b23-9c3b-5c1285997b41,2026-04-27,unavailable,,,2026-04-26T16:27:58.690182+00:00,2026-04-26T16:27:58.576+00:00,,,
404fb842-bd4e-47d5-8d4f-a6bee725500d,1a420063-ba38-4d7b-9dad-82b18a3fb04e,fbb296de-dba2-4b23-9c3b-5c1285997b41,2026-04-27,unavailable,,,2026-04-26T16:27:58.690182+00:00,2026-04-26T16:27:58.576+00:00,,,
7a10dbd5-95f5-47af-9849-ffd3b8465a64,5ccbb607-f815-4a7f-b90c-feddcc6be27e,fbb296de-dba2-4b23-9c3b-5c1285997b41,2026-04-27,unavailable,,,2026-04-26T16:27:58.690182+00:00,2026-04-26T16:27:58.576+00:00,,,
001b5716-35fc-4f32-9b00-0c8fa06916e4,4e61147f-1e4a-4c78-9aad-365a3a25406b,fbb296de-dba2-4b23-9c3b-5c1285997b41,2026-04-27,unavailable,,,2026-04-26T16:27:58.690182+00:00,2026-04-26T16:27:58.576+00:00,,,
fe23e8fe-f88c-4b15-be08-cdbcc61c99f7,de69bc0d-febf-4b24-8450-eb1dd74bd7d8,fbb296de-dba2-4b23-9c3b-5c1285997b41,2026-04-27,unavailable,,,2026-04-26T16:27:58.690182+00:00,2026-04-26T16:27:58.576+00:00,,,
b8b30a95-1808-40b2-8df9-73edb46a2925,511d5694-6147-4322-960a-eb6e5cd1e291,fbb296de-dba2-4b23-9c3b-5c1285997b41,2026-04-27,unavailable,,,2026-04-26T16:27:58.690182+00:00,2026-04-26T16:27:58.576+00:00,,,
ab31d3c1-8fc1-413c-a008-07292ecaf475,ffbc1a44-8403-4ff8-98d1-fa7a17336156,fbb296de-dba2-4b23-9c3b-5c1285997b41,2026-04-27,unavailable,,,2026-04-26T16:27:58.690182+00:00,2026-04-26T16:27:58.576+00:00,,,
7baa8e90-9a32-4b88-9252-6c8eb30de1c1,cbdadcf6-1004-4020-87e2-c3b5be4fd2dd,fbb296de-dba2-4b23-9c3b-5c1285997b41,2026-04-27,unavailable,,,2026-04-26T16:27:58.690182+00:00,2026-04-26T16:27:58.576+00:00,,,
a11acc1b-07fc-470d-9c37-562f83308f6b,69606083-2432-4ab8-9738-516864868879,fbb296de-dba2-4b23-9c3b-5c1285997b41,2026-04-27,unavailable,,,2026-04-26T16:27:58.690182+00:00,2026-04-26T16:27:58.576+00:00,,,
f1f02296-613f-4ed7-9ee8-eeaf5c70dfe3,00bbde0b-08ee-4abd-8ede-4072e5a9b7ef,fbb296de-dba2-4b23-9c3b-5c1285997b41,2026-04-27,unavailable,,,2026-04-26T16:27:58.690182+00:00,2026-04-26T16:27:58.576+00:00,,,
f951a1db-b0a6-42fa-ab25-767e4675ec2b,cd22ecb1-9eea-4ce8-ac14-289d2e8f5e9c,fbb296de-dba2-4b23-9c3b-5c1285997b41,2026-04-27,unavailable,,,2026-04-26T16:27:58.690182+00:00,2026-04-26T16:27:58.576+00:00,,,
af787813-c8c9-4cfd-a72d-d93218d5f0d4,2f04860a-b177-4a1c-8af1-08b2ac1ad567,fbb296de-dba2-4b23-9c3b-5c1285997b41,2026-04-27,unavailable,,,2026-04-26T16:27:58.690182+00:00,2026-04-26T16:27:58.576+00:00,,,
92749cda-b148-424b-80f8-11c53043c25d,cbf76c50-2ebd-4fee-a8a3-0eab9d8366ee,fbb296de-dba2-4b23-9c3b-5c1285997b41,2026-04-27,unavailable,,,2026-04-26T16:27:58.690182+00:00,2026-04-26T16:27:58.576+00:00,,,
4d3c8295-dcae-4d10-b425-1402c6f587fb,1029d612-5e08-4acb-a939-a54b768987fd,fbb296de-dba2-4b23-9c3b-5c1285997b41,2026-04-27,unavailable,,,2026-04-26T16:27:58.690182+00:00,2026-04-26T16:27:58.576+00:00,,,
de3978ab-15e4-4aaf-8a7d-31ba93eebb64,cb2f08e7-057b-4cb0-a9f0-b041a5b2e8dc,fbb296de-dba2-4b23-9c3b-5c1285997b41,2026-04-27,unavailable,,,2026-04-26T16:27:58.690182+00:00,2026-04-26T16:27:58.576+00:00,,,
46c9b05d-252f-4250-9659-06717bf17338,d00c8ebc-9fbe-4581-9e90-068368dde389,fbb296de-dba2-4b23-9c3b-5c1285997b41,2026-04-27,unavailable,,,2026-04-26T16:27:58.690182+00:00,2026-04-26T16:27:58.576+00:00,,,
55ac010e-bda6-4329-9402-6f0c2122cc9c,df88a062-1568-4a88-ac22-499b4effa2db,fbb296de-dba2-4b23-9c3b-5c1285997b41,2026-04-27,unavailable,,,2026-04-26T16:27:58.690182+00:00,2026-04-26T16:27:58.576+00:00,,,
58e053c6-17b6-4e0f-81c4-fc9f9a9caf7a,8fe53475-a2ce-4dd6-802b-19151fab1430,fbb296de-dba2-4b23-9c3b-5c1285997b41,2026-04-27,unavailable,,,2026-04-26T16:27:58.690182+00:00,2026-04-26T16:27:58.576+00:00,,,
f7bed234-8a31-4e32-b638-bd09bf7fe1a6,f43cda55-dd93-4947-ae92-1129a86c1d82,fbb296de-dba2-4b23-9c3b-5c1285997b41,2026-04-27,unavailable,,,2026-04-26T16:27:58.690182+00:00,2026-04-26T16:27:58.576+00:00,,,
5ea2e19e-4157-459e-8825-80ac9e0f8890,d7c99f48-1aa3-45ea-a247-2d7262cc3929,fbb296de-dba2-4b23-9c3b-5c1285997b41,2026-04-27,unavailable,,,2026-04-26T16:27:58.690182+00:00,2026-04-26T16:27:58.576+00:00,,,
16cb57bb-f0cd-4202-b262-e9f01be52fb3,0c7cb9cf-e1ea-4476-ae2c-972475824bcb,fbb296de-dba2-4b23-9c3b-5c1285997b41,2026-04-27,unavailable,,,2026-04-26T16:27:58.690182+00:00,2026-04-26T16:27:58.576+00:00,,,
6cc70ddd-191b-4cae-98b8-f98752a4cf8e,3a6f4115-4ec8-4772-abf6-144d0e48214b,fbb296de-dba2-4b23-9c3b-5c1285997b41,2026-04-27,unavailable,,,2026-04-26T16:27:58.690182+00:00,2026-04-26T16:27:58.576+00:00,,,
2abe6ccb-a62d-4e42-9f28-c569e682412d,de38634a-5fba-4125-835d-f248ee29f830,fbb296de-dba2-4b23-9c3b-5c1285997b41,2026-04-27,unavailable,,,2026-04-26T16:27:58.690182+00:00,2026-04-26T16:27:58.576+00:00,,,
7ef51241-49a2-4932-a101-b53cca6744f3,947e461d-8872-41ee-b7de-9b7ecce25287,fbb296de-dba2-4b23-9c3b-5c1285997b41,2026-04-27,unavailable,,,2026-04-26T16:27:58.690182+00:00,2026-04-26T16:27:58.576+00:00,,,
635a8730-afb9-4506-a636-babb09769f38,c314664e-d9e7-4d46-aa69-64a1ca26f59b,fbb296de-dba2-4b23-9c3b-5c1285997b41,2026-04-27,unavailable,,,2026-04-26T16:27:58.690182+00:00,2026-04-26T16:27:58.576+00:00,,,
0cb099ee-5ebd-4e90-ad6e-a535ed5588de,86f5e406-a161-4e7a-b8e6-f0db8a178694,fbb296de-dba2-4b23-9c3b-5c1285997b41,2026-04-27,unavailable,,,2026-04-26T16:27:58.690182+00:00,2026-04-26T16:27:58.576+00:00,,,
befa7adb-4530-48ac-bb55-d669c3441eed,abbb81a1-4121-4a72-b684-74c6430b7051,fbb296de-dba2-4b23-9c3b-5c1285997b41,2026-04-27,unavailable,,,2026-04-26T16:27:58.690182+00:00,2026-04-26T16:27:58.576+00:00,,,
cd0abe9e-f535-48b3-995e-e7fcd1ea760e,da0edabf-c611-4f36-ab53-1fd0188e5464,fbb296de-dba2-4b23-9c3b-5c1285997b41,2026-04-27,unavailable,,,2026-04-26T16:27:58.690182+00:00,2026-04-26T16:27:58.576+00:00,,,
f7d2eec7-a274-4a50-9b97-62f0a452e902,a8bb4cea-3aad-45ff-96c4-a5af02335e12,fbb296de-dba2-4b23-9c3b-5c1285997b41,2026-04-27,unavailable,,,2026-04-26T16:27:58.690182+00:00,2026-04-26T16:27:58.576+00:00,,,
929dba39-e0d8-4644-9db1-67650a991be3,4e6a0de1-43b6-4120-a6cd-ef1457e85a6e,fbb296de-dba2-4b23-9c3b-5c1285997b41,2026-04-27,unavailable,,,2026-04-26T16:27:58.690182+00:00,2026-04-26T16:27:58.576+00:00,,,
7fbd64e8-b9e5-426e-8c4a-833dca908616,76881990-2ec7-40b9-8ea1-579a5e1192ad,fbb296de-dba2-4b23-9c3b-5c1285997b41,2026-04-27,unavailable,,,2026-04-26T16:27:58.690182+00:00,2026-04-26T16:27:58.576+00:00,,,
39bd6141-0c30-4efb-aad4-da0a84071c1a,cfb3d243-a1fd-4330-bfce-7e9f169f8277,fbb296de-dba2-4b23-9c3b-5c1285997b41,2026-04-27,unavailable,,,2026-04-26T16:27:58.690182+00:00,2026-04-26T16:27:58.576+00:00,,,
3bdc1baf-ab22-41de-8ddd-ec85ce78b34c,0415b9aa-5c61-4f79-9479-7dce2c76d1a8,fbb296de-dba2-4b23-9c3b-5c1285997b41,2026-04-27,unavailable,,,2026-04-26T16:27:58.690182+00:00,2026-04-26T16:27:58.576+00:00,,,
99b1eb81-6c94-45c9-9f8d-16e347f71257,13ac7479-762b-4fc2-b36c-b94223caf3d5,fbb296de-dba2-4b23-9c3b-5c1285997b41,2026-04-27,unavailable,,,2026-04-26T16:27:58.690182+00:00,2026-04-26T16:27:58.576+00:00,,,
e6c16d89-4817-431a-84c5-b4c220ee71e6,41197272-bc0f-47b6-8d09-56f414d3035b,fbb296de-dba2-4b23-9c3b-5c1285997b41,2026-04-27,unavailable,,,2026-04-26T16:27:58.690182+00:00,2026-04-26T16:27:58.576+00:00,,,
69c87952-313d-43ab-9dd3-74f28f513022,c451e667-831d-4237-9b09-79123b641d17,fbb296de-dba2-4b23-9c3b-5c1285997b41,2026-04-27,unavailable,,,2026-04-26T16:27:58.690182+00:00,2026-04-26T16:27:58.576+00:00,,,
4645fe9b-edf0-4db6-8c8b-9bbb05061300,0f564608-78ba-405b-bd40-8d80a71c196e,fbb296de-dba2-4b23-9c3b-5c1285997b41,2026-04-27,unavailable,,,2026-04-26T16:27:58.690182+00:00,2026-04-26T16:27:58.576+00:00,,,
35142c32-f2f5-40ab-9f24-93666222f6bf,ead59b1d-eeed-486b-8bf7-a3aaf55caa2b,fbb296de-dba2-4b23-9c3b-5c1285997b41,2026-04-27,unavailable,,,2026-04-26T16:27:58.690182+00:00,2026-04-26T16:27:58.576+00:00,,,
a8eb9c96-d71f-41ff-b893-199b2738d8ae,27e7c46d-f7dd-4593-9578-85a9c38acf4e,fbb296de-dba2-4b23-9c3b-5c1285997b41,2026-04-27,unavailable,,,2026-04-26T16:27:58.690182+00:00,2026-04-26T16:27:58.576+00:00,,,
a4db3bdf-c86b-4886-a8fd-144b1bc492f7,aef966a7-cec2-4f64-a7c5-f461033d608a,fbb296de-dba2-4b23-9c3b-5c1285997b41,2026-04-27,unavailable,,,2026-04-26T16:27:58.690182+00:00,2026-04-26T16:27:58.576+00:00,,,
ea5a9185-16a3-412a-9ce2-26e03386a633,8bbedffc-40e5-4f97-9e56-962bea1c24a4,fbb296de-dba2-4b23-9c3b-5c1285997b41,2026-04-27,unavailable,,,2026-04-26T16:27:58.690182+00:00,2026-04-26T16:27:58.576+00:00,,,
729945b9-e155-4a32-81dc-baa2e7bdb3bc,4cab8fc9-fc23-4a60-9cf8-8a1b08ef6e04,fbb296de-dba2-4b23-9c3b-5c1285997b41,2026-04-27,unavailable,,,2026-04-26T16:27:58.690182+00:00,2026-04-26T16:27:58.576+00:00,,,
bcf76c5c-1833-41d7-a3c6-0901213ff89c,7aab3ed9-e8d8-4bf0-877b-d0e9722a850b,fbb296de-dba2-4b23-9c3b-5c1285997b41,2026-04-27,unavailable,,,2026-04-26T16:27:58.690182+00:00,2026-04-26T16:27:58.576+00:00,,,
37bf86a0-22d7-4281-a563-3ab4b0f6a7c5,a976be5b-40c5-4152-9f0d-5b4ef48dd44b,fbb296de-dba2-4b23-9c3b-5c1285997b41,2026-04-27,unavailable,,,2026-04-26T16:27:58.690182+00:00,2026-04-26T16:27:58.576+00:00,,,
86eed971-a60e-4699-b9dc-62647ce6c761,fd29e7ff-5086-468d-85a1-7f73829dd930,fbb296de-dba2-4b23-9c3b-5c1285997b41,2026-04-27,unavailable,,,2026-04-26T16:27:58.690182+00:00,2026-04-26T16:27:58.576+00:00,,,
f91c1940-01cd-4a11-80b7-ad74473ac173,1d0c7241-19a1-401d-a709-4f16ed53f990,fbb296de-dba2-4b23-9c3b-5c1285997b41,2026-04-27,unavailable,,,2026-04-26T16:27:58.690182+00:00,2026-04-26T16:27:58.576+00:00,,,
1272fa0e-9d87-4db2-8d9c-9bfe38115811,4013f053-8031-4c99-852b-aa0682793bca,fbb296de-dba2-4b23-9c3b-5c1285997b41,2026-04-27,unavailable,,,2026-04-26T16:27:58.690182+00:00,2026-04-26T16:27:58.576+00:00,,,
89440519-bbe1-4415-bf36-6030f5cb99b0,90570ad5-2c58-4ab5-a1bd-a7dc59a50222,fbb296de-dba2-4b23-9c3b-5c1285997b41,2026-04-27,unavailable,,,2026-04-26T16:27:58.690182+00:00,2026-04-26T16:27:58.576+00:00,,,
a57ea8e9-7155-4e3c-bb9f-866712d30e77,c8bbe30a-a177-430d-86c5-6616a6f62a0d,fbb296de-dba2-4b23-9c3b-5c1285997b41,2026-04-27,unavailable,,,2026-04-26T16:27:58.690182+00:00,2026-04-26T16:27:58.576+00:00,,,
b64c10e2-690a-458e-bcc9-e7227f8e045e,332f1a66-feeb-4e51-8c9f-db3ac84453f3,fbb296de-dba2-4b23-9c3b-5c1285997b41,2026-04-27,unavailable,,,2026-04-26T16:27:58.690182+00:00,2026-04-26T16:27:58.576+00:00,,,
41202110-2579-48e4-920e-55902b77cb7e,7a452ff1-9cab-4d77-8e7f-81ab30889099,fbb296de-dba2-4b23-9c3b-5c1285997b41,2026-04-27,unavailable,,,2026-04-26T16:27:58.690182+00:00,2026-04-26T16:27:58.576+00:00,,,
d35d12f5-ccb4-497b-8ca0-ce75170b596d,cd0f66ef-f670-46a5-983a-60066c8c2825,fbb296de-dba2-4b23-9c3b-5c1285997b41,2026-04-27,unavailable,,,2026-04-26T16:27:58.690182+00:00,2026-04-26T16:27:58.576+00:00,,,
66010683-ce6a-4688-8ab3-40fdce3807dd,185693e3-9895-45d7-ab62-3562a30a27e7,fbb296de-dba2-4b23-9c3b-5c1285997b41,2026-04-27,unavailable,,,2026-04-26T16:27:58.690182+00:00,2026-04-26T16:27:58.576+00:00,,,
ea9807c6-c32e-449d-a606-ea5e5b7f6625,5d9fdebd-7dde-4fd3-9c41-021a59a373a0,fbb296de-dba2-4b23-9c3b-5c1285997b41,2026-04-27,unavailable,,,2026-04-26T16:27:58.690182+00:00,2026-04-26T16:27:58.576+00:00,,,
a5e673cc-bef6-46b1-8817-78104f140bce,89c1246f-c6d6-48c1-b253-ac897aeb1d11,fbb296de-dba2-4b23-9c3b-5c1285997b41,2026-04-27,unavailable,,,2026-04-26T16:27:58.690182+00:00,2026-04-26T16:27:58.576+00:00,,,
26005d44-45c2-47e2-9b64-7017003ccd2c,9c203b49-8a07-4319-aae9-fcfd68b34579,fbb296de-dba2-4b23-9c3b-5c1285997b41,2026-04-27,unavailable,,,2026-04-26T16:27:58.690182+00:00,2026-04-26T16:27:58.576+00:00,,,
fa7d22b4-c3bb-4bae-831e-2e66308a1d87,d2d14373-69ff-4301-81a2-ba77a96b56cd,fbb296de-dba2-4b23-9c3b-5c1285997b41,2026-04-27,unavailable,,,2026-04-26T16:27:58.690182+00:00,2026-04-26T16:27:58.576+00:00,,,
026b9505-bab9-48a4-98f2-c6fa25f417f9,7387900d-0b1d-4fe5-b9e6-7c968c2003b3,fbb296de-dba2-4b23-9c3b-5c1285997b41,2026-04-27,unavailable,,,2026-04-26T16:27:58.690182+00:00,2026-04-26T16:27:58.576+00:00,,,
edc3c7d6-15a4-449d-9811-a858c534694d,22370f93-2d06-4891-841e-4cf159e301ca,fbb296de-dba2-4b23-9c3b-5c1285997b41,2026-04-27,unavailable,,,2026-04-26T16:27:58.690182+00:00,2026-04-26T16:27:58.576+00:00,,,
bba2e518-cc9e-4a52-8ad9-524818bf4e1b,0ca63d24-8e2c-4cb8-af36-ceb8ced7f103,fbb296de-dba2-4b23-9c3b-5c1285997b41,2026-04-27,unavailable,,,2026-04-26T16:27:58.690182+00:00,2026-04-26T16:27:58.576+00:00,,,
3c082970-6bf4-4de8-8187-6dbb1172e4da,924c513c-c422-4c24-9515-e4544f493394,fbb296de-dba2-4b23-9c3b-5c1285997b41,2026-04-27,unavailable,,,2026-04-26T16:27:58.690182+00:00,2026-04-26T16:27:58.576+00:00,,,
f0940012-2164-49ea-85fa-2d03e3a8b31a,79bea6a3-4268-4ae7-8665-deb6b1cf1a9a,fbb296de-dba2-4b23-9c3b-5c1285997b41,2026-04-27,unavailable,,,2026-04-26T16:27:58.690182+00:00,2026-04-26T16:27:58.576+00:00,,,
a24a871f-c258-49ff-a279-85b8a3ca860c,e0562212-cda5-4a74-ac19-db857f843dbd,fbb296de-dba2-4b23-9c3b-5c1285997b41,2026-04-27,unavailable,,,2026-04-26T16:27:58.690182+00:00,2026-04-26T16:27:58.576+00:00,,,
a94ffb20-ad18-40eb-8f3d-a58f538a362f,35f4a879-0b57-4581-9e91-c47200a23c78,fbb296de-dba2-4b23-9c3b-5c1285997b41,2026-04-27,unavailable,,,2026-04-26T16:27:58.690182+00:00,2026-04-26T16:27:58.576+00:00,,,
cca0eb45-ec3f-4f7b-a888-d56fb5ad442e,c0b5e2df-b927-4ac5-99f5-4368965722ab,fbb296de-dba2-4b23-9c3b-5c1285997b41,2026-04-27,unavailable,,,2026-04-26T16:27:58.690182+00:00,2026-04-26T16:27:58.576+00:00,,,
f10cfa7d-0591-44cb-923d-12efdbf032c3,b66e80d0-7f23-44ac-a6d3-5db4212284e6,fbb296de-dba2-4b23-9c3b-5c1285997b41,2026-04-27,unavailable,,,2026-04-26T16:27:58.690182+00:00,2026-04-26T16:27:58.576+00:00,,,
2a5d85e4-91fa-4f5e-9ac2-e099a1edf6dc,4acd4dc2-eb69-48a4-8f0d-dc509f93beb4,fbb296de-dba2-4b23-9c3b-5c1285997b41,2026-04-27,unavailable,,,2026-04-26T16:27:58.690182+00:00,2026-04-26T16:27:58.576+00:00,,,
3c6e332a-c933-4a7d-abde-fd875b076a30,604ea0ee-856f-4bd8-90a3-a067244e31db,fbb296de-dba2-4b23-9c3b-5c1285997b41,2026-04-27,unavailable,,,2026-04-26T16:27:58.690182+00:00,2026-04-26T16:27:58.576+00:00,,,
7d8ea201-0515-4064-99f1-bf2ac2d45f44,3c972950-a216-468e-b719-d3430d265c36,fbb296de-dba2-4b23-9c3b-5c1285997b41,2026-04-27,unavailable,,,2026-04-26T16:27:58.690182+00:00,2026-04-26T16:27:58.576+00:00,,,
c2109e59-2a7b-49ae-b140-22a09c50e61e,2ec9bf07-c28b-4a11-809e-a7be42c4db76,fbb296de-dba2-4b23-9c3b-5c1285997b41,2026-04-27,unavailable,,,2026-04-26T16:27:58.690182+00:00,2026-04-26T16:27:58.576+00:00,,,
7b87fd37-0c40-4e6a-ae2e-fcd934a1023c,1d6856d9-51da-4f3d-9167-2140aa6f8eba,fbb296de-dba2-4b23-9c3b-5c1285997b41,2026-04-27,unavailable,,,2026-04-26T16:27:58.690182+00:00,2026-04-26T16:27:58.576+00:00,,,
aee78902-f6df-4e3f-b9e8-9cf1799a62e1,4f7e4826-6de8-458d-9fc7-dc135acf8c1e,fbb296de-dba2-4b23-9c3b-5c1285997b41,2026-04-27,unavailable,,,2026-04-26T16:27:58.690182+00:00,2026-04-26T16:27:58.576+00:00,,,
4e79eb80-466c-40c0-a551-15926cf444cf,c60051a9-4d42-4198-bd08-b24181a2481d,fbb296de-dba2-4b23-9c3b-5c1285997b41,2026-04-27,unavailable,,,2026-04-26T16:27:58.690182+00:00,2026-04-26T16:27:58.576+00:00,,,
8aab219c-fbab-4673-af87-9d62b1f2438d,39f683dd-6e80-43b8-9c10-8f9505093d6e,fbb296de-dba2-4b23-9c3b-5c1285997b41,2026-04-27,unavailable,,,2026-04-26T16:27:58.690182+00:00,2026-04-26T16:27:58.576+00:00,,,
b8a60ffe-d602-4d83-abef-23f61ae6e9fa,2e754b98-4d62-4dde-abae-8fad7eb099d3,fbb296de-dba2-4b23-9c3b-5c1285997b41,2026-04-27,unavailable,,,2026-04-26T16:27:58.690182+00:00,2026-04-26T16:27:58.576+00:00,,,
3ed55b01-283d-4082-8a35-7a7f39b3d6d7,b3abbd6a-b26d-4a7e-aa1a-d44346bf21b3,fbb296de-dba2-4b23-9c3b-5c1285997b41,2026-04-27,unavailable,,,2026-04-26T16:27:58.690182+00:00,2026-04-26T16:27:58.576+00:00,,,
9faf43c7-ec36-474d-8873-4294d6ea5cae,d87652f1-bb0b-444f-ad23-97c5c4d8b7de,fbb296de-dba2-4b23-9c3b-5c1285997b41,2026-04-27,unavailable,,,2026-04-26T16:27:58.690182+00:00,2026-04-26T16:27:58.576+00:00,,,
f07f0e08-40ed-481d-9df1-2a58ea39df1a,09d6b27b-cbab-4ce2-b97b-cd849d5588b2,fbb296de-dba2-4b23-9c3b-5c1285997b41,2026-04-27,unavailable,,,2026-04-26T16:27:58.690182+00:00,2026-04-26T16:27:58.576+00:00,,,
c33b082b-69b7-4011-93d7-7550caa0088d,d17e62b0-3615-4ac3-8fb3-f9b22955600f,fbb296de-dba2-4b23-9c3b-5c1285997b41,2026-04-27,unavailable,,,2026-04-26T16:27:58.690182+00:00,2026-04-26T16:27:58.576+00:00,,,
ad56c6df-bcfa-48a1-a0a1-19404f2ceb6d,27d10606-8e7f-4afa-8c12-ce177d2f7e31,fbb296de-dba2-4b23-9c3b-5c1285997b41,2026-04-27,unavailable,,,2026-04-26T16:27:58.690182+00:00,2026-04-26T16:27:58.576+00:00,,,
dc57f8e2-98b2-46b6-a4f8-361f4e01b03a,e9697f64-3351-4f0c-80a2-97693a2ea2e5,fbb296de-dba2-4b23-9c3b-5c1285997b41,2026-04-27,unavailable,,,2026-04-26T16:27:58.690182+00:00,2026-04-26T16:27:58.576+00:00,,,
15209987-2b85-4115-80cd-b5f3fd9783aa,a252243e-ee4b-4544-8a0f-5f1fdfc8cf78,fbb296de-dba2-4b23-9c3b-5c1285997b41,2026-04-27,unavailable,,,2026-04-26T16:27:58.690182+00:00,2026-04-26T16:27:58.576+00:00,,,
0f9022f6-7926-4cf0-a0f4-8ad7eeb50fc9,ec0e87bd-f105-4509-a148-beb9bf6eae42,fbb296de-dba2-4b23-9c3b-5c1285997b41,2026-04-27,unavailable,,,2026-04-26T16:27:58.690182+00:00,2026-04-26T16:27:58.576+00:00,,,
fbbd3759-ed36-4695-be21-33d445270eb1,9ba79172-9ab7-433c-a656-4b584d3eab1e,fbb296de-dba2-4b23-9c3b-5c1285997b41,2026-04-27,unavailable,,,2026-04-26T16:27:58.690182+00:00,2026-04-26T16:27:58.576+00:00,,,
0da8cd58-6233-40af-bab3-03734364a15c,6c3dfe2a-d412-409f-a2b0-15345fbd2981,fbb296de-dba2-4b23-9c3b-5c1285997b41,2026-04-27,unavailable,,,2026-04-26T16:27:58.690182+00:00,2026-04-26T16:27:58.576+00:00,,,
628e3d20-34c7-4bf6-8485-523f55be10e3,98073499-8a1a-4ca5-99ad-0486e2769c76,fbb296de-dba2-4b23-9c3b-5c1285997b41,2026-04-27,unavailable,,,2026-04-26T16:27:58.690182+00:00,2026-04-26T16:27:58.576+00:00,,,
b0099625-d6f0-4ed5-9384-8d11ade70afe,80e8b99d-e4fa-4b8d-b897-b9a26e96d8d3,fbb296de-dba2-4b23-9c3b-5c1285997b41,2026-04-27,unavailable,,,2026-04-26T16:27:58.690182+00:00,2026-04-26T16:27:58.576+00:00,,,
386d9aab-e6b2-4c35-9570-3a739c7008d2,4be9d559-4c73-4ac4-90bf-cb2939b339f6,fbb296de-dba2-4b23-9c3b-5c1285997b41,2026-04-27,unavailable,,,2026-04-26T16:27:58.690182+00:00,2026-04-26T16:27:58.576+00:00,,,
a0921c4f-699f-4fac-9c31-c43e371dc482,9f56c78e-827c-4cbe-bb50-b014f03485d7,fbb296de-dba2-4b23-9c3b-5c1285997b41,2026-04-27,unavailable,,,2026-04-26T16:27:58.690182+00:00,2026-04-26T16:27:58.576+00:00,,,
8f583a3e-8609-4511-8835-5286062fc9f2,b7693f65-7b87-4620-a292-f9e60fd3cfa9,fbb296de-dba2-4b23-9c3b-5c1285997b41,2026-04-27,unavailable,,,2026-04-26T16:27:58.690182+00:00,2026-04-26T16:27:58.576+00:00,,,
f23037a6-fae5-42e5-b93c-4986a56199c8,34ab878d-5fc3-40ab-8fb7-7c1496accbf0,fbb296de-dba2-4b23-9c3b-5c1285997b41,2026-04-27,unavailable,,,2026-04-26T16:27:58.690182+00:00,2026-04-26T16:27:58.576+00:00,,,
9b1c0dff-0f23-4205-9f2d-de27b6f4b957,f74886a6-2688-4903-92e2-b277ac3871b9,fbb296de-dba2-4b23-9c3b-5c1285997b41,2026-04-27,unavailable,,,2026-04-26T16:27:58.690182+00:00,2026-04-26T16:27:58.576+00:00,,,
477f4ce0-2bfe-496b-8da4-e2432ecce644,ede7731f-5bf6-4a39-95f4-5d3301c929b8,fbb296de-dba2-4b23-9c3b-5c1285997b41,2026-04-27,unavailable,,,2026-04-26T16:27:58.690182+00:00,2026-04-26T16:27:58.576+00:00,,,
a53140ef-e49c-4c16-a403-f8ac4f553ad4,1b44a5a2-7c8e-4381-b545-3cecb689cce4,fbb296de-dba2-4b23-9c3b-5c1285997b41,2026-04-27,unavailable,,,2026-04-26T16:27:58.690182+00:00,2026-04-26T16:27:58.576+00:00,,,
f0fad329-e77d-4cfa-9cf6-6fd88777034f,19a5d381-d434-4482-aee6-9b44308ff7d3,fbb296de-dba2-4b23-9c3b-5c1285997b41,2026-04-27,unavailable,,,2026-04-26T16:27:58.690182+00:00,2026-04-26T16:27:58.576+00:00,,,
322289e1-89a6-4add-9f8b-362a44fdc3c0,d744e61c-c90f-4181-9247-ae706cf2295d,fbb296de-dba2-4b23-9c3b-5c1285997b41,2026-04-27,unavailable,,,2026-04-26T16:27:58.690182+00:00,2026-04-26T16:27:58.576+00:00,,,
819a4069-fda9-4e62-8b2d-ce202da4a667,1b5e7f69-0650-4d5d-a6bf-e6d54d03f21e,fbb296de-dba2-4b23-9c3b-5c1285997b41,2026-04-27,unavailable,,,2026-04-26T16:27:58.690182+00:00,2026-04-26T16:27:58.576+00:00,,,
d69437ce-6963-4c4c-9dc4-d95706998e89,aef96fc8-88ea-48ab-bc0f-0c812c919007,fbb296de-dba2-4b23-9c3b-5c1285997b41,2026-04-27,unavailable,,,2026-04-26T16:27:58.690182+00:00,2026-04-26T16:27:58.576+00:00,,,
2c56f2a2-2cb3-4c91-9f1f-0c5f8dee3a7e,a6a57270-840f-41ff-998e-0b1d3cefbe24,fbb296de-dba2-4b23-9c3b-5c1285997b41,2026-04-27,unavailable,,,2026-04-26T16:27:58.690182+00:00,2026-04-26T16:27:58.576+00:00,,,
94f49481-a56f-474a-ae5e-c670832cf850,b78ea1c0-57d8-4155-bc7e-f9178f5c5ee1,fbb296de-dba2-4b23-9c3b-5c1285997b41,2026-04-27,unavailable,,,2026-04-26T16:27:58.690182+00:00,2026-04-26T16:27:58.576+00:00,,,
0a8ccd73-13c8-4078-84b7-158e4d12a971,7070a97e-2956-4082-b31e-c16321071149,fbb296de-dba2-4b23-9c3b-5c1285997b41,2026-04-27,unavailable,,,2026-04-26T16:27:58.690182+00:00,2026-04-26T16:27:58.576+00:00,,,
064a6f45-aa85-4a7f-b259-0577f4682ce1,bbc3545a-c547-48c5-a757-735e33dc47ec,fbb296de-dba2-4b23-9c3b-5c1285997b41,2026-04-27,unavailable,,,2026-04-26T16:27:58.690182+00:00,2026-04-26T16:27:58.576+00:00,,,
0eb6f64d-5f37-40e1-add8-4179e0c05b8e,2fc8d3e9-f161-405f-8246-6a15a6c237cb,fbb296de-dba2-4b23-9c3b-5c1285997b41,2026-04-27,unavailable,,,2026-04-26T16:27:58.690182+00:00,2026-04-26T16:27:58.576+00:00,,,
ba0fc6d1-7118-42fd-b2b8-8c2f696b78ad,a2e7a71f-6efe-4d67-b41f-a1338754ff3b,fbb296de-dba2-4b23-9c3b-5c1285997b41,2026-04-27,unavailable,,,2026-04-26T16:27:58.690182+00:00,2026-04-26T16:27:58.576+00:00,,,
3d25fa54-bacc-448c-af0b-a538392de443,407a2c77-9fc9-495a-ba00-749131cac905,fbb296de-dba2-4b23-9c3b-5c1285997b41,2026-04-27,unavailable,,,2026-04-26T16:27:58.690182+00:00,2026-04-26T16:27:58.576+00:00,,,
f28ac09c-5fdc-4e9b-aeef-ff5d1b8a3c4c,0dfe1789-64e1-4258-bf9b-f4b5deaa6bd9,fbb296de-dba2-4b23-9c3b-5c1285997b41,2026-04-27,unavailable,,,2026-04-26T16:27:58.690182+00:00,2026-04-26T16:27:58.576+00:00,,,
0baaae4a-a796-4d7e-89ae-c7ab823d862e,682a4581-1f29-4cd9-ba52-2bf5deb40807,fbb296de-dba2-4b23-9c3b-5c1285997b41,2026-04-27,unavailable,,,2026-04-26T16:27:58.690182+00:00,2026-04-26T16:27:58.576+00:00,,,
1a54b217-9d24-4ea8-93f8-cae1c2ad9a7c,0330dca4-2e34-4ccd-9ea0-e2eccbcb3ed9,fbb296de-dba2-4b23-9c3b-5c1285997b41,2026-04-27,unavailable,,,2026-04-26T16:27:58.690182+00:00,2026-04-26T16:27:58.576+00:00,,,
b8127923-af0a-476c-a915-873cb078cfa5,46d57a11-f9d2-47d0-9096-e6a7b9ed81ad,fbb296de-dba2-4b23-9c3b-5c1285997b41,2026-04-27,unavailable,,,2026-04-26T16:27:58.690182+00:00,2026-04-26T16:27:58.576+00:00,,,
5aae175f-b21b-4d6e-bbfe-aa4c225473ef,7c3b600c-73e8-4df6-993e-effdb29ce957,fbb296de-dba2-4b23-9c3b-5c1285997b41,2026-04-27,unavailable,,,2026-04-26T16:27:58.690182+00:00,2026-04-26T16:27:58.576+00:00,,,
992719da-aaee-4b45-8f19-ace35646c00e,d7284556-1c31-49af-9565-909063b93cc9,fbb296de-dba2-4b23-9c3b-5c1285997b41,2026-04-27,unavailable,,,2026-04-26T16:27:58.690182+00:00,2026-04-26T16:27:58.576+00:00,,,
e601586c-5d0a-4a4c-9112-24051ef71fef,1f32ff5a-f9b7-440a-8285-ab2ad1ecaa05,fbb296de-dba2-4b23-9c3b-5c1285997b41,2026-04-27,unavailable,,,2026-04-26T16:27:58.690182+00:00,2026-04-26T16:27:58.576+00:00,,,
7c622a8f-1083-4763-b2c5-514fffb28322,304ed108-096d-4022-b673-87feae1b5a1a,fbb296de-dba2-4b23-9c3b-5c1285997b41,2026-04-27,unavailable,,,2026-04-26T16:27:58.690182+00:00,2026-04-26T16:27:58.576+00:00,,,
6a87f0ad-22e4-4ea4-b2b7-4f3d845306df,61a1375c-3254-4fe0-a471-8b8b660f4135,fbb296de-dba2-4b23-9c3b-5c1285997b41,2026-04-27,unavailable,,,2026-04-26T16:27:58.690182+00:00,2026-04-26T16:27:58.576+00:00,,,
01a35336-b6e1-4d97-86f0-b85c83de5bc2,41817459-03f8-4e71-8ba6-8fa63e5e1b4d,fbb296de-dba2-4b23-9c3b-5c1285997b41,2026-04-27,unavailable,,,2026-04-26T16:27:58.690182+00:00,2026-04-26T16:27:58.576+00:00,,,
901a52ce-9ce1-4097-9c4d-fdd82b9e1bf3,ad22aeeb-e301-4beb-9bf9-36b11a302944,fbb296de-dba2-4b23-9c3b-5c1285997b41,2026-04-27,unavailable,,,2026-04-26T16:27:58.690182+00:00,2026-04-26T16:27:58.576+00:00,,,
d868037c-e608-48bc-ad30-2cf1c5dde603,5a9c3504-8fef-4b40-8129-d20f88fbe563,fbb296de-dba2-4b23-9c3b-5c1285997b41,2026-04-27,unavailable,,,2026-04-26T16:27:58.690182+00:00,2026-04-26T16:27:58.576+00:00,,,
49d68843-8bfb-4238-aadc-90de51fc5980,72705d6f-ba9c-45cc-a890-c2c7baf086c7,fbb296de-dba2-4b23-9c3b-5c1285997b41,2026-04-27,unavailable,,,2026-04-26T16:27:58.690182+00:00,2026-04-26T16:27:58.576+00:00,,,
60a2d422-65ef-4da4-969c-0a6c6f92fc5b,c6fdc2be-53bd-4c2a-8a6f-665e612aa3b5,fbb296de-dba2-4b23-9c3b-5c1285997b41,2026-04-27,unavailable,,,2026-04-26T16:27:58.690182+00:00,2026-04-26T16:27:58.576+00:00,,,
98d7d08d-f9e3-4888-93b9-4a00051ed46b,3d50b41b-54e3-4ea7-b559-e40d8a1ea7e3,fbb296de-dba2-4b23-9c3b-5c1285997b41,2026-04-27,unavailable,,,2026-04-26T16:27:58.690182+00:00,2026-04-26T16:27:58.576+00:00,,,
1d7fe7eb-e637-44a3-973a-207fdb3e568e,508960cd-999c-44de-8e17-218b5cfa40d9,fbb296de-dba2-4b23-9c3b-5c1285997b41,2026-04-27,unavailable,,,2026-04-26T16:27:58.690182+00:00,2026-04-26T16:27:58.576+00:00,,,
d290ee9f-05de-4092-b422-63e7ee25257e,6014e544-f4ea-4903-a691-9e2915ee2d07,fbb296de-dba2-4b23-9c3b-5c1285997b41,2026-04-27,unavailable,,,2026-04-26T16:27:58.690182+00:00,2026-04-26T16:27:58.576+00:00,,,
ef9e0f0c-14b1-490d-9508-6618acd450ea,31738451-481f-400e-aba1-42b2a7452949,fbb296de-dba2-4b23-9c3b-5c1285997b41,2026-04-27,unavailable,,,2026-04-26T16:27:58.690182+00:00,2026-04-26T16:27:58.576+00:00,,,
6e311b74-3ffe-48ef-85fb-d8aebe205454,0acf89be-de62-4a14-9502-aab639d34f04,fbb296de-dba2-4b23-9c3b-5c1285997b41,2026-04-27,unavailable,,,2026-04-26T16:27:58.690182+00:00,2026-04-26T16:27:58.576+00:00,,,
b838aa03-b2fb-4e84-917b-b592acbd5cc2,ab073af1-5ce8-4acb-b07f-4fa41d2a8a9d,fbb296de-dba2-4b23-9c3b-5c1285997b41,2026-04-27,unavailable,,,2026-04-26T16:27:58.690182+00:00,2026-04-26T16:27:58.576+00:00,,,
7b583911-1280-4299-b128-ff5d08ccd8da,8627c1a1-62d7-49e3-9176-f295969b3c6d,fbb296de-dba2-4b23-9c3b-5c1285997b41,2026-04-27,unavailable,,,2026-04-26T16:27:58.690182+00:00,2026-04-26T16:27:58.576+00:00,,,
fe482f7c-6ac0-46be-b7c2-148cb39d5be6,aad00f76-4fe1-44ac-882a-9ad2eb664a5c,fbb296de-dba2-4b23-9c3b-5c1285997b41,2026-04-27,unavailable,,,2026-04-26T16:27:58.690182+00:00,2026-04-26T16:27:58.576+00:00,,,
99c95579-7b61-4fe1-8099-738045d6f3e1,759e7b56-07aa-4866-bfaa-46efdb0afe58,fbb296de-dba2-4b23-9c3b-5c1285997b41,2026-04-27,unavailable,,,2026-04-26T16:27:58.690182+00:00,2026-04-26T16:27:58.576+00:00,,,
e9fe26a6-ecd8-4ae6-96d8-2bfc588b1036,38a11035-66a5-48ca-825b-8124f66d4478,fbb296de-dba2-4b23-9c3b-5c1285997b41,2026-04-27,unavailable,,,2026-04-26T16:27:58.690182+00:00,2026-04-26T16:27:58.576+00:00,,,
bfe7fb74-9fe5-492d-91ff-aaa8bb8b731f,4898a864-3303-44d8-8c83-8f8996a19fa3,fbb296de-dba2-4b23-9c3b-5c1285997b41,2026-04-27,unavailable,,,2026-04-26T16:27:58.690182+00:00,2026-04-26T16:27:58.576+00:00,,,
15b9caea-e804-42bb-9235-acb4dbcbe3b6,97ee9b66-2711-4df2-99bd-ed1a32f40eb4,fbb296de-dba2-4b23-9c3b-5c1285997b41,2026-04-27,unavailable,,,2026-04-26T16:27:58.690182+00:00,2026-04-26T16:27:58.576+00:00,,,
539a5aa9-8ab8-428b-b904-b354d9c42cbb,4fd2406d-0cce-4013-9585-72c23407ceae,fbb296de-dba2-4b23-9c3b-5c1285997b41,2026-04-27,unavailable,,,2026-04-26T16:27:58.690182+00:00,2026-04-26T16:27:58.576+00:00,,,
075bc77d-cf0f-4686-9e0f-d594004a399b,334edaad-9be5-43ff-a28a-6a165d97d13e,fbb296de-dba2-4b23-9c3b-5c1285997b41,2026-04-27,unavailable,,,2026-04-26T16:27:58.690182+00:00,2026-04-26T16:27:58.576+00:00,,,
aef0c6fd-5231-471f-a8c0-493f820bb837,ad8151cf-0a93-4205-9f92-19b1bc595a8f,fbb296de-dba2-4b23-9c3b-5c1285997b41,2026-04-27,unavailable,,,2026-04-26T16:27:58.690182+00:00,2026-04-26T16:27:58.576+00:00,,,
b0e032ca-9757-45e2-acbf-d4dca9454750,9c2ebb31-687b-428e-a2c5-a5e552f7b5cc,fbb296de-dba2-4b23-9c3b-5c1285997b41,2026-04-27,unavailable,,,2026-04-26T16:27:58.690182+00:00,2026-04-26T16:27:58.576+00:00,,,
a6ca891d-ebe1-478d-afcf-4fbec3a741b9,0516781f-0290-44a1-9f8f-adbf8db38425,fbb296de-dba2-4b23-9c3b-5c1285997b41,2026-04-27,unavailable,,,2026-04-26T16:27:58.690182+00:00,2026-04-26T16:27:58.576+00:00,,,
2b76e8b1-bc1c-425f-97b9-7ee15896ae11,3f899f50-df5f-4364-ba3f-3ef814961309,fbb296de-dba2-4b23-9c3b-5c1285997b41,2026-04-27,unavailable,,,2026-04-26T16:27:58.690182+00:00,2026-04-26T16:27:58.576+00:00,,,
33ed9555-48a0-47de-a9e3-f9d212140de2,96c9c583-6be1-473c-8531-e58107199fa6,fbb296de-dba2-4b23-9c3b-5c1285997b41,2026-04-27,unavailable,,,2026-04-26T16:27:58.690182+00:00,2026-04-26T16:27:58.576+00:00,,,
687dbe76-9f72-4efb-b7c8-9fbd3c1d2497,949a9839-c640-4bf7-a7b6-59e93d5e927e,fbb296de-dba2-4b23-9c3b-5c1285997b41,2026-04-27,unavailable,,,2026-04-26T16:27:58.690182+00:00,2026-04-26T16:27:58.576+00:00,,,
e598467e-f430-4917-bd0e-23e3c3c068f6,1188873c-8be1-42d3-a242-da6f15bf5e4a,fbb296de-dba2-4b23-9c3b-5c1285997b41,2026-04-27,unavailable,,,2026-04-26T16:27:58.690182+00:00,2026-04-26T16:27:58.576+00:00,,,
38f1f6b0-ad1c-429b-a32f-3dafeb8156b1,2d018036-1224-40a3-82ac-e3644690ab0a,fbb296de-dba2-4b23-9c3b-5c1285997b41,2026-04-27,unavailable,,,2026-04-26T16:27:58.690182+00:00,2026-04-26T16:27:58.576+00:00,,,
9bf3061a-88c5-4384-b957-6e21f0b54806,924984fd-6cab-4b4a-8b62-1fc6860ad5a5,fbb296de-dba2-4b23-9c3b-5c1285997b41,2026-04-27,unavailable,,,2026-04-26T16:27:58.690182+00:00,2026-04-26T16:27:58.576+00:00,,,
918e44ac-fd2f-4783-97aa-e8292c404c2b,3c2f77cd-57af-4557-93a8-25f866c7ef0a,fbb296de-dba2-4b23-9c3b-5c1285997b41,2026-04-27,unavailable,,,2026-04-26T16:27:58.690182+00:00,2026-04-26T16:27:58.576+00:00,,,
dbd83b7d-1d49-43be-aead-e5c3f938525f,20af3438-94f4-44dd-a150-079cf139a7a5,fbb296de-dba2-4b23-9c3b-5c1285997b41,2026-04-27,unavailable,,,2026-04-26T16:27:58.690182+00:00,2026-04-26T16:27:58.576+00:00,,,
f849ac17-17a3-4f23-a953-d07604b7109c,4e30357c-cab4-454a-8698-3f7413a38b2c,fbb296de-dba2-4b23-9c3b-5c1285997b41,2026-04-27,unavailable,,,2026-04-26T16:27:58.690182+00:00,2026-04-26T16:27:58.576+00:00,,,
4c26742c-2393-450c-86a7-1fdd2f0cf187,a3d8e08f-8e02-46e5-af59-a2895bf61e63,fbb296de-dba2-4b23-9c3b-5c1285997b41,2026-04-27,unavailable,,,2026-04-26T16:27:58.690182+00:00,2026-04-26T16:27:58.576+00:00,,,
a2edfe0e-1a0f-4e89-99e2-07ea4b3ea1ef,fd5f8362-52f1-410c-97dc-bbe084c2c8e4,fbb296de-dba2-4b23-9c3b-5c1285997b41,2026-04-27,unavailable,,,2026-04-26T16:27:58.690182+00:00,2026-04-26T16:27:58.576+00:00,,,
75f97c10-2557-47f5-96d5-0a4922c3298b,5d083c30-fb85-4d4f-9757-9cda19fc2821,fbb296de-dba2-4b23-9c3b-5c1285997b41,2026-04-27,unavailable,,,2026-04-26T16:27:58.690182+00:00,2026-04-26T16:27:58.576+00:00,,,
1908516f-ba80-44c8-bd4f-f0e6f6e20dfa,e63f9153-d195-48fa-b7e7-19ad412c36da,fbb296de-dba2-4b23-9c3b-5c1285997b41,2026-04-27,unavailable,,,2026-04-26T16:27:58.690182+00:00,2026-04-26T16:27:58.576+00:00,,,
102caae4-64ea-4ea3-95fb-b38db1fa30be,314d5849-c300-477e-93a4-bc99aa664c23,fbb296de-dba2-4b23-9c3b-5c1285997b41,2026-04-27,unavailable,,,2026-04-26T16:27:58.690182+00:00,2026-04-26T16:27:58.576+00:00,,,
71dadb1d-d17e-435b-8fc8-a6cbaab3f2ff,afb8cdfd-4cc1-40f7-9f70-df7cbbb78d06,fbb296de-dba2-4b23-9c3b-5c1285997b41,2026-04-27,unavailable,,,2026-04-26T16:27:58.690182+00:00,2026-04-26T16:27:58.576+00:00,,,
dc67ae65-5982-498c-af07-35887eaf4592,66732b90-15ff-4bb5-a9d8-b84ac997d183,fbb296de-dba2-4b23-9c3b-5c1285997b41,2026-04-27,unavailable,,,2026-04-26T16:27:58.690182+00:00,2026-04-26T16:27:58.576+00:00,,,
d32d75ac-ec9c-4445-8309-1aa783cc76d9,2d7c5b8a-f3f9-462d-a7b0-06f5ac2dc976,7a5fd02b-2248-4492-bae9-2ab1670894bc,2026-04-13,available,,,2026-04-13T08:54:41.340421+00:00,2026-04-13T08:54:40.863+00:00,,,
0c803e3f-a706-45e3-909b-7d60f0775584,3a05fc41-5bd0-49c1-8c7c-21a4a1c6fcf4,7a5fd02b-2248-4492-bae9-2ab1670894bc,2026-04-13,available,,,2026-04-13T08:54:41.340421+00:00,2026-04-13T08:54:40.863+00:00,,,
3cdbed4e-246d-4353-8343-9f9910f7ce8f,80715009-1569-4eb1-bc15-3f1b74e45280,7a5fd02b-2248-4492-bae9-2ab1670894bc,2026-04-13,unavailable,,,2026-04-13T08:54:41.340421+00:00,2026-04-13T08:54:40.863+00:00,,,
9f3edb03-b8ba-4ae7-8f67-1b7f659bac8b,aa1f52af-a81a-43fc-84f2-8739dc579d52,7a5fd02b-2248-4492-bae9-2ab1670894bc,2026-04-13,unavailable,,,2026-04-13T08:54:41.340421+00:00,2026-04-13T08:54:40.863+00:00,,,
4bae69dc-c09f-47eb-85a7-45e360dfe0e7,70434006-1d15-4b04-aa28-3d45dde2a641,7a5fd02b-2248-4492-bae9-2ab1670894bc,2026-04-13,unavailable,,,2026-04-13T08:54:41.340421+00:00,2026-04-13T08:54:40.863+00:00,,,
2fa59681-339c-4fb2-9aff-b1fea03bfda3,0abbd494-b25b-4f13-a55e-dcf6db986965,7a5fd02b-2248-4492-bae9-2ab1670894bc,2026-04-13,unavailable,,,2026-04-13T08:54:41.340421+00:00,2026-04-13T08:54:40.863+00:00,,,
46f57852-0314-405d-96ba-fb2e4aba61b7,bcd7e7fd-91d0-47a4-a561-3327481cd9ed,7a5fd02b-2248-4492-bae9-2ab1670894bc,2026-04-13,unavailable,,,2026-04-13T08:54:41.340421+00:00,2026-04-13T08:54:40.863+00:00,,,
cde896c7-a6c5-43a0-bf1e-ecd630e2bcf7,62ef1b1f-0f0c-4ea8-ae97-8262c836aca4,7a5fd02b-2248-4492-bae9-2ab1670894bc,2026-04-13,unavailable,,,2026-04-13T08:54:41.340421+00:00,2026-04-13T08:54:40.863+00:00,,,
8fd6273a-c7e0-4080-a398-befa44032827,b7208d85-35b3-448f-8cbe-35500f1559dd,7a5fd02b-2248-4492-bae9-2ab1670894bc,2026-04-13,unavailable,,,2026-04-13T08:54:41.340421+00:00,2026-04-13T08:54:40.863+00:00,,,
2a826103-452c-4fcc-bee0-5580492c7c1d,20a2301c-797c-4953-9efd-b28ccf27e775,7a5fd02b-2248-4492-bae9-2ab1670894bc,2026-04-13,unavailable,,,2026-04-13T08:54:41.340421+00:00,2026-04-13T08:54:40.863+00:00,,,
1e325ccd-1109-478a-9e59-035e36036718,40b5c780-6569-4806-8e95-e2c92eaa87c9,7a5fd02b-2248-4492-bae9-2ab1670894bc,2026-04-13,unavailable,,,2026-04-13T08:54:41.340421+00:00,2026-04-13T08:54:40.863+00:00,,,
141b07a5-73a3-444d-baa6-9e5dd459521b,d78ec394-051b-4132-aa11-92a24197f565,7a5fd02b-2248-4492-bae9-2ab1670894bc,2026-04-13,unavailable,,,2026-04-13T08:54:41.340421+00:00,2026-04-13T08:54:40.863+00:00,,,
cfd6c675-140e-4b6a-a97f-459a97aee442,4f62f2d1-3fe0-4f77-a6e4-747bc5e8c87e,7a5fd02b-2248-4492-bae9-2ab1670894bc,2026-04-13,unavailable,,,2026-04-13T08:54:41.340421+00:00,2026-04-13T08:54:40.863+00:00,,,
d8121578-95bf-4837-a97c-8857502eb282,105a17f7-180a-4bb1-825c-6144eae25b9b,7a5fd02b-2248-4492-bae9-2ab1670894bc,2026-04-13,unavailable,,,2026-04-13T08:54:41.340421+00:00,2026-04-13T08:54:40.863+00:00,,,
6e52054a-05b0-42a5-aff4-22958422f1b0,b56af66b-bf5b-40d8-9c9c-da4455afe5e3,7a5fd02b-2248-4492-bae9-2ab1670894bc,2026-04-13,unavailable,,,2026-04-13T08:54:41.340421+00:00,2026-04-13T08:54:40.863+00:00,,,
d0a998e8-7920-4fe7-8eae-5e270c4488b7,e61bb04a-6523-4f0a-b945-dae17b2ab3c6,7a5fd02b-2248-4492-bae9-2ab1670894bc,2026-04-13,unavailable,,,2026-04-13T08:54:41.340421+00:00,2026-04-13T08:54:40.863+00:00,,,
5f890793-d3fc-4fae-b198-d54bbd66b9bc,1ef573f5-82a5-437f-b478-f09a7c3a3b06,7a5fd02b-2248-4492-bae9-2ab1670894bc,2026-04-13,unavailable,,,2026-04-13T08:54:41.340421+00:00,2026-04-13T08:54:40.863+00:00,,,
cb852314-300c-47fa-90c2-5f995cd93be9,fc567f21-d1c4-4360-90b4-2837eaf9e2e8,7a5fd02b-2248-4492-bae9-2ab1670894bc,2026-04-13,unavailable,,,2026-04-13T08:54:41.340421+00:00,2026-04-13T08:54:40.863+00:00,,,
fbdf5930-f1fb-4e8c-8792-4436ca1dd259,1fba7f38-e8ac-4d0a-a165-40681248749a,7a5fd02b-2248-4492-bae9-2ab1670894bc,2026-04-13,unavailable,,,2026-04-13T08:54:41.340421+00:00,2026-04-13T08:54:40.863+00:00,,,
171cd351-f0db-4a8f-a6eb-29a19b0123d5,a2039f51-91f6-4381-a452-6b9f6c351a31,7a5fd02b-2248-4492-bae9-2ab1670894bc,2026-04-13,unavailable,,,2026-04-13T08:54:41.340421+00:00,2026-04-13T08:54:40.863+00:00,,,
1582c58b-9d28-4358-8826-ebe7c5611d0e,d4056769-a0cc-4a7e-9ca6-7a0f6d868df5,7a5fd02b-2248-4492-bae9-2ab1670894bc,2026-04-13,unavailable,,,2026-04-13T08:54:41.340421+00:00,2026-04-13T08:54:40.863+00:00,,,
3e69a7cc-d2d7-4e15-b222-26ee89b0b8d5,2c6f9099-8630-4310-9a1c-b81f5170e839,7a5fd02b-2248-4492-bae9-2ab1670894bc,2026-04-13,unavailable,,,2026-04-13T08:54:41.340421+00:00,2026-04-13T08:54:40.863+00:00,,,
fae16f30-3400-409e-b872-a6b915eba4f7,772df8d5-6962-487a-99d2-78d6ef150e85,7a5fd02b-2248-4492-bae9-2ab1670894bc,2026-04-13,unavailable,,,2026-04-13T08:54:41.340421+00:00,2026-04-13T08:54:40.863+00:00,,,
ecfc698e-5e15-4099-90a7-228af31a05cd,a02772eb-54d3-4b3f-97a6-223043efe589,7a5fd02b-2248-4492-bae9-2ab1670894bc,2026-04-13,unavailable,,,2026-04-13T08:54:41.340421+00:00,2026-04-13T08:54:40.863+00:00,,,
b912e75e-c842-485f-8952-24118c4498c2,1cd8cacb-9218-4990-9bbf-a2e7ce216f54,7a5fd02b-2248-4492-bae9-2ab1670894bc,2026-04-13,unavailable,,,2026-04-13T08:54:41.340421+00:00,2026-04-13T08:54:40.863+00:00,,,
6deb7006-b9aa-4e17-9782-80506085a9c9,942cbf39-99e6-40cd-8034-2eacf88611f2,7a5fd02b-2248-4492-bae9-2ab1670894bc,2026-04-13,unavailable,,,2026-04-13T08:54:41.340421+00:00,2026-04-13T08:54:40.863+00:00,,,
6f310ed8-a035-466f-9c8f-c0ec93a4ee96,5d2be0b1-c8e4-4de7-becc-b24c8655215d,7a5fd02b-2248-4492-bae9-2ab1670894bc,2026-04-13,unavailable,,,2026-04-13T08:54:41.340421+00:00,2026-04-13T08:54:40.863+00:00,,,
4ab7d77a-499a-4f57-8d45-fffa5008c0d8,ff117f7e-e829-4c9b-94be-583211e2b8eb,7a5fd02b-2248-4492-bae9-2ab1670894bc,2026-04-13,unavailable,,,2026-04-13T08:54:41.340421+00:00,2026-04-13T08:54:40.863+00:00,,,
fdb3c1d0-f4fa-4237-a018-789eaa4c920c,47a0a430-3e3c-4cb4-85c9-47cc22a0b918,7a5fd02b-2248-4492-bae9-2ab1670894bc,2026-04-13,unavailable,,,2026-04-13T08:54:41.340421+00:00,2026-04-13T08:54:40.863+00:00,,,
b607de7e-bca8-4538-ad9a-ac51ea452e7d,a5ac6324-2319-4372-a71b-2fcd580315da,7a5fd02b-2248-4492-bae9-2ab1670894bc,2026-04-13,unavailable,,,2026-04-13T08:54:41.340421+00:00,2026-04-13T08:54:40.863+00:00,,,
f608ea6e-ebd8-41bc-8e1c-9d37ebdab01c,9da89b63-0331-4cc7-a3cd-61ca235b49f7,7a5fd02b-2248-4492-bae9-2ab1670894bc,2026-04-13,unavailable,,,2026-04-13T08:54:41.340421+00:00,2026-04-13T08:54:40.863+00:00,,,
fba55843-ad2b-48e1-829f-8c2620bd6841,c6110ff1-93d1-471e-b0b1-bdb584068e25,7a5fd02b-2248-4492-bae9-2ab1670894bc,2026-04-13,unavailable,,,2026-04-13T08:54:41.340421+00:00,2026-04-13T08:54:40.863+00:00,,,
1cbe241e-4809-47e0-8d09-cb4a4024d785,f64ae6e9-98b8-4d49-96ba-8d2b7cb99216,7a5fd02b-2248-4492-bae9-2ab1670894bc,2026-04-13,unavailable,,,2026-04-13T08:54:41.340421+00:00,2026-04-13T08:54:40.863+00:00,,,
7fdf7a73-6f06-447b-a181-1cc7000385ea,267a7ea2-953e-49dd-8b14-79e115a8efc7,7a5fd02b-2248-4492-bae9-2ab1670894bc,2026-04-13,unavailable,,,2026-04-13T08:54:41.340421+00:00,2026-04-13T08:54:40.863+00:00,,,
7b0e0283-42c9-4b85-ac0c-47070b8b0f2c,1b643468-628a-4ec8-a769-b0ae8bc8af71,7a5fd02b-2248-4492-bae9-2ab1670894bc,2026-04-13,unavailable,,,2026-04-13T08:54:41.340421+00:00,2026-04-13T08:54:40.863+00:00,,,
73a1c6be-9213-4cf4-b1a7-e9990c08743d,ba787ccf-f590-4338-a42d-06071e35b23c,7a5fd02b-2248-4492-bae9-2ab1670894bc,2026-04-13,unavailable,,,2026-04-13T08:54:41.340421+00:00,2026-04-13T08:54:40.863+00:00,,,
077a02c2-8a6c-4a84-a747-88f01108660e,aa3c24a5-eb55-4d6d-98a6-1c461b8b808c,7a5fd02b-2248-4492-bae9-2ab1670894bc,2026-04-13,unavailable,,,2026-04-13T08:54:41.340421+00:00,2026-04-13T08:54:40.863+00:00,,,
9c47ee58-2c47-403f-82e2-a3e08ada1c34,44bdbde8-576d-4d7f-b668-d2f2bf72fb2e,7a5fd02b-2248-4492-bae9-2ab1670894bc,2026-04-13,unavailable,,,2026-04-13T08:54:41.340421+00:00,2026-04-13T08:54:40.863+00:00,,,
666fcda1-2f54-4d4c-b5d3-68bc5f83be7d,5da6dc1f-43a1-4182-bea0-4d1036c97b6d,7a5fd02b-2248-4492-bae9-2ab1670894bc,2026-04-13,unavailable,,,2026-04-13T08:54:41.340421+00:00,2026-04-13T08:54:40.863+00:00,,,
75a72a4c-7b71-4f1b-bca5-00685e1235a4,49e1f495-eb85-494c-8013-2e0fdceeb50c,7a5fd02b-2248-4492-bae9-2ab1670894bc,2026-04-13,unavailable,,,2026-04-13T08:54:41.340421+00:00,2026-04-13T08:54:40.863+00:00,,,
0de8ae5f-77cc-4967-8780-39cb9eca5c88,3523ac42-08ca-43c3-97ae-7ecde7cdb297,7a5fd02b-2248-4492-bae9-2ab1670894bc,2026-04-13,unavailable,,,2026-04-13T08:54:41.340421+00:00,2026-04-13T08:54:40.863+00:00,,,
bdb99c0c-ff3e-475c-9ecf-cbdc3d5cfe2d,6a383d81-af24-4d74-a14e-ec5dd8b4653d,7a5fd02b-2248-4492-bae9-2ab1670894bc,2026-04-13,unavailable,,,2026-04-13T08:54:41.340421+00:00,2026-04-13T08:54:40.863+00:00,,,
22b4fc22-e2d4-4629-8b0b-eacd25624ea6,21d117ac-f8fb-45fd-bf02-a0f11942e9a3,7a5fd02b-2248-4492-bae9-2ab1670894bc,2026-04-13,unavailable,,,2026-04-13T08:54:41.340421+00:00,2026-04-13T08:54:40.863+00:00,,,
16b9e0f9-f5cc-4943-8aaf-14d5f2111942,5d480edd-15b4-4457-b01b-8b369f82cae4,7a5fd02b-2248-4492-bae9-2ab1670894bc,2026-04-13,unavailable,,,2026-04-13T08:54:41.340421+00:00,2026-04-13T08:54:40.863+00:00,,,
4c61a07e-c340-4f4a-8fab-4e8de84ca8b1,b0d98b9a-7524-48e8-89b3-d8a93d7340c8,7a5fd02b-2248-4492-bae9-2ab1670894bc,2026-04-13,unavailable,,,2026-04-13T08:54:41.340421+00:00,2026-04-13T08:54:40.863+00:00,,,
8c49a420-5bfe-4b56-9503-e4e9d021277b,cafd9f72-ec03-41b9-9660-321eb178895e,7a5fd02b-2248-4492-bae9-2ab1670894bc,2026-04-13,unavailable,,,2026-04-13T08:54:41.340421+00:00,2026-04-13T08:54:40.863+00:00,,,
1dd7d599-f8bb-4322-8730-2d2b6b0e940b,09a16f0b-ece0-4ad2-918d-5fef33c1becd,7a5fd02b-2248-4492-bae9-2ab1670894bc,2026-04-13,unavailable,,,2026-04-13T08:54:41.340421+00:00,2026-04-13T08:54:40.863+00:00,,,
89189fcb-a7a1-426b-916e-0de2dc4e2111,3094309a-9f88-431b-8e3e-a2c8dfade33d,7a5fd02b-2248-4492-bae9-2ab1670894bc,2026-04-13,unavailable,,,2026-04-13T08:54:41.340421+00:00,2026-04-13T08:54:40.863+00:00,,,
81c9420e-bc71-49eb-b29b-6746cf1343c8,f928dfeb-fbe7-4518-a98a-0d77b37478dc,7a5fd02b-2248-4492-bae9-2ab1670894bc,2026-04-13,unavailable,,,2026-04-13T08:54:41.340421+00:00,2026-04-13T08:54:40.863+00:00,,,
86ac379d-b057-4736-b911-01d28ca25235,0299c9ab-abbe-49fa-a8ea-2f63027fb6f5,7a5fd02b-2248-4492-bae9-2ab1670894bc,2026-04-13,unavailable,,,2026-04-13T08:54:41.340421+00:00,2026-04-13T08:54:40.863+00:00,,,
62215703-744c-46f1-868b-ab83b37c5828,bad52eee-5a53-493c-9760-b6beca52b9cb,7a5fd02b-2248-4492-bae9-2ab1670894bc,2026-04-13,unavailable,,,2026-04-13T08:54:41.340421+00:00,2026-04-13T08:54:40.863+00:00,,,
8d824b11-2435-40ad-b3e4-a009d0e0425d,7308a611-e53e-46be-bf03-8b6ba3d6776d,7a5fd02b-2248-4492-bae9-2ab1670894bc,2026-04-13,unavailable,,,2026-04-13T08:54:41.340421+00:00,2026-04-13T08:54:40.863+00:00,,,
ca2fbeab-29cd-4a56-80bf-caccf9796e46,78352cbe-90e6-4e26-8e68-95ff4931e2a4,7a5fd02b-2248-4492-bae9-2ab1670894bc,2026-04-13,unavailable,,,2026-04-13T08:54:41.340421+00:00,2026-04-13T08:54:40.863+00:00,,,
9b3699ad-7bb5-4ba3-8aba-bc11c790a255,02e3c03b-5da1-4900-9a00-7c22f8e54505,7a5fd02b-2248-4492-bae9-2ab1670894bc,2026-04-13,unavailable,,,2026-04-13T08:54:41.340421+00:00,2026-04-13T08:54:40.863+00:00,,,
cb353fd3-1dec-4b6a-a324-f9791f8b2d2b,eca26cbb-d6eb-4cf3-bded-833d0c82c2cc,7a5fd02b-2248-4492-bae9-2ab1670894bc,2026-04-13,unavailable,,,2026-04-13T08:54:41.340421+00:00,2026-04-13T08:54:40.863+00:00,,,
eae2d2cd-0194-405d-9eb9-fa8c1a6ac0e6,2f3c7437-50fb-4e17-a781-08f140fa8f77,7a5fd02b-2248-4492-bae9-2ab1670894bc,2026-04-13,unavailable,,,2026-04-13T08:54:41.340421+00:00,2026-04-13T08:54:40.863+00:00,,,
d8dc5dd6-4e49-43f3-9ba0-ab9e8226a5ea,0a36520c-f191-437c-9745-c85a53861102,7a5fd02b-2248-4492-bae9-2ab1670894bc,2026-04-13,unavailable,,,2026-04-13T08:54:41.340421+00:00,2026-04-13T08:54:40.863+00:00,,,
d2e2d895-240b-48ec-94f1-c2c3eb4e9ded,feaad469-a829-41b2-988e-5efed6c64b6c,7a5fd02b-2248-4492-bae9-2ab1670894bc,2026-04-13,unavailable,,,2026-04-13T08:54:41.340421+00:00,2026-04-13T08:54:40.863+00:00,,,
7b22a619-83d0-466b-b6a2-2f3e282d4d87,3cb29cc2-866b-4360-90a3-15d01db8714a,7a5fd02b-2248-4492-bae9-2ab1670894bc,2026-04-13,unavailable,,,2026-04-13T08:54:41.340421+00:00,2026-04-13T08:54:40.863+00:00,,,
746ba0da-9ba7-4725-9ba9-894a50f4a841,89deecdc-4aaf-4b43-9716-bc54563a3e98,7a5fd02b-2248-4492-bae9-2ab1670894bc,2026-04-13,unavailable,,,2026-04-13T08:54:41.340421+00:00,2026-04-13T08:54:40.863+00:00,,,
f6e3170e-48a1-40c9-a035-9788935fd935,b11df9b7-4ce3-409d-9a00-1ccc44bf334f,7a5fd02b-2248-4492-bae9-2ab1670894bc,2026-04-13,unavailable,,,2026-04-13T08:54:41.340421+00:00,2026-04-13T08:54:40.863+00:00,,,
d9b095ff-fec8-4f91-891a-5fe9464e924d,47c5aed7-be06-44b8-8ca9-c898e5aeea76,7a5fd02b-2248-4492-bae9-2ab1670894bc,2026-04-13,unavailable,,,2026-04-13T08:54:41.340421+00:00,2026-04-13T08:54:40.863+00:00,,,
dffb666f-5b6b-48ed-a203-60f806bc2919,66056ffe-bed5-4f29-9efc-b3451224d474,7a5fd02b-2248-4492-bae9-2ab1670894bc,2026-04-13,unavailable,,,2026-04-13T08:54:41.340421+00:00,2026-04-13T08:54:40.863+00:00,,,
eb247fe8-a3cf-4249-a1e0-7b06714a7e0b,2c6d8e1e-5fca-4ef0-8171-db565a70bb02,7a5fd02b-2248-4492-bae9-2ab1670894bc,2026-04-13,unavailable,,,2026-04-13T08:54:41.340421+00:00,2026-04-13T08:54:40.863+00:00,,,
a7a4f3b5-334a-4b09-a1fc-f81a5d69d5a6,4cb1a70a-69ff-40a0-a510-294ba986d499,7a5fd02b-2248-4492-bae9-2ab1670894bc,2026-04-13,unavailable,,,2026-04-13T08:54:41.340421+00:00,2026-04-13T08:54:40.863+00:00,,,
7f3bf442-d78d-4c03-89c9-886a64acbd95,51bd07e8-04c4-4564-af34-8d952def0f8d,7a5fd02b-2248-4492-bae9-2ab1670894bc,2026-04-13,unavailable,,,2026-04-13T08:54:41.340421+00:00,2026-04-13T08:54:40.863+00:00,,,
06d32de1-e1fc-42d6-a026-8626d0a153c7,7de4b628-ab0b-4d70-96e8-d8b7f23fbfdd,7a5fd02b-2248-4492-bae9-2ab1670894bc,2026-04-13,unavailable,,,2026-04-13T08:54:41.340421+00:00,2026-04-13T08:54:40.863+00:00,,,
833c6f55-a34d-4eb5-a54e-e2499095a185,abe101e7-ab70-43a7-bba2-e161bcd2b73e,7a5fd02b-2248-4492-bae9-2ab1670894bc,2026-04-13,unavailable,,,2026-04-13T08:54:41.340421+00:00,2026-04-13T08:54:40.863+00:00,,,
e6176bdd-d557-40f6-87c6-825b95cc655d,45a1142b-7760-4e8c-a1af-989c15a5fdc4,7a5fd02b-2248-4492-bae9-2ab1670894bc,2026-04-13,unavailable,,,2026-04-13T08:54:41.340421+00:00,2026-04-13T08:54:40.863+00:00,,,
63abbdc0-3bd0-44f9-9d0b-33c9999d7f7d,5b3f4657-21b0-44a7-8f0a-3f0ecd43f712,7a5fd02b-2248-4492-bae9-2ab1670894bc,2026-04-13,unavailable,,,2026-04-13T08:54:41.340421+00:00,2026-04-13T08:54:40.863+00:00,,,
71aac76b-e85b-484d-a041-6b6930bf622d,fc189420-99ea-4786-a143-2314e7653949,7a5fd02b-2248-4492-bae9-2ab1670894bc,2026-04-13,unavailable,,,2026-04-13T08:54:41.340421+00:00,2026-04-13T08:54:40.863+00:00,,,
64398cab-6a31-45bd-b693-a578066454ad,9bc2c597-4686-47a2-bdce-22b9ce02d3dd,7a5fd02b-2248-4492-bae9-2ab1670894bc,2026-04-13,unavailable,,,2026-04-13T08:54:41.340421+00:00,2026-04-13T08:54:40.863+00:00,,,
0f23f727-4feb-45bf-96b5-19e9cd89da4c,10c6b8e6-72c6-4198-8dbb-9afc48473d68,7a5fd02b-2248-4492-bae9-2ab1670894bc,2026-04-13,unavailable,,,2026-04-13T08:54:41.340421+00:00,2026-04-13T08:54:40.863+00:00,,,
0392a54f-6180-4702-a8e2-1d39644ea871,c8b51b5d-7fe1-40db-ad18-7b79258828a1,7a5fd02b-2248-4492-bae9-2ab1670894bc,2026-04-13,unavailable,,,2026-04-13T08:54:41.340421+00:00,2026-04-13T08:54:40.863+00:00,,,
9e7a3105-155d-4cf3-ba9f-da35bd4e0526,6f6dcd58-46f9-4796-8b12-f65aeb26ab1e,7a5fd02b-2248-4492-bae9-2ab1670894bc,2026-04-13,unavailable,,,2026-04-13T08:54:41.340421+00:00,2026-04-13T08:54:40.863+00:00,,,
dd923fc4-ecc4-4634-bb12-8abea7d8d5d3,188cfea9-8ce2-4ee6-aa4a-8ace3bb24307,7a5fd02b-2248-4492-bae9-2ab1670894bc,2026-04-13,unavailable,,,2026-04-13T08:54:41.340421+00:00,2026-04-13T08:54:40.863+00:00,,,
c6f6f7d3-68ef-4003-a8cb-f197e6a31fae,bb521bcd-ab51-4458-86ef-2f2b3e9dd4d7,7a5fd02b-2248-4492-bae9-2ab1670894bc,2026-04-13,unavailable,,,2026-04-13T08:54:41.340421+00:00,2026-04-13T08:54:40.863+00:00,,,
71fdb832-a243-4c0a-8f69-a8555e96a9de,28939fc7-49c1-4151-b66e-c707529eb24b,7a5fd02b-2248-4492-bae9-2ab1670894bc,2026-04-13,unavailable,,,2026-04-13T08:54:41.340421+00:00,2026-04-13T08:54:40.863+00:00,,,
252f02fe-9d7a-4b75-b57a-74f25b983046,ecbae0c7-4bea-436b-9f87-b80c26ec150f,7a5fd02b-2248-4492-bae9-2ab1670894bc,2026-04-13,unavailable,,,2026-04-13T08:54:41.340421+00:00,2026-04-13T08:54:40.863+00:00,,,
b8881888-15b4-403d-94d6-40a7c6b68861,4e678c0c-345b-4cad-8f84-08fb2e61cccd,7a5fd02b-2248-4492-bae9-2ab1670894bc,2026-04-13,unavailable,,,2026-04-13T08:54:41.340421+00:00,2026-04-13T08:54:40.863+00:00,,,
c3986a7f-9f82-429a-9f03-881d47134344,acc2e31f-8c70-4ae8-82e0-30c047f6bc1f,7a5fd02b-2248-4492-bae9-2ab1670894bc,2026-04-13,unavailable,,,2026-04-13T08:54:41.340421+00:00,2026-04-13T08:54:40.863+00:00,,,
3966e462-5cc3-4080-a4c5-762ebd9edcfe,8e08ef07-dafc-46a6-8d05-a8ed0e1cb79c,7a5fd02b-2248-4492-bae9-2ab1670894bc,2026-04-13,unavailable,,,2026-04-13T08:54:41.340421+00:00,2026-04-13T08:54:40.863+00:00,,,
fe66c551-f5ff-4a16-8236-f168f7694f47,5faef9e7-1115-4fbf-a391-fc83e8635b70,7a5fd02b-2248-4492-bae9-2ab1670894bc,2026-04-13,unavailable,,,2026-04-13T08:54:41.340421+00:00,2026-04-13T08:54:40.863+00:00,,,
eae803af-ef46-4421-b1ac-c9a37b2c2ded,53d4c1e2-c93c-4f45-8fb1-f0bd64ef921e,7a5fd02b-2248-4492-bae9-2ab1670894bc,2026-04-13,unavailable,,,2026-04-13T08:54:41.340421+00:00,2026-04-13T08:54:40.863+00:00,,,
646b424a-33d3-42cf-a37c-dd7eba7149d5,953a114e-45a0-47ca-8ac0-c0e188cd65c2,7a5fd02b-2248-4492-bae9-2ab1670894bc,2026-04-13,unavailable,,,2026-04-13T08:54:41.340421+00:00,2026-04-13T08:54:40.863+00:00,,,
1a9e1dc2-6ac2-40f9-8b2c-0f118f7b1881,25149f32-ee59-48d7-a941-9f6c35ca2855,7a5fd02b-2248-4492-bae9-2ab1670894bc,2026-04-13,unavailable,,,2026-04-13T08:54:41.340421+00:00,2026-04-13T08:54:40.863+00:00,,,
91e029d8-e247-4a2f-bba0-9ca6f0adf2ec,a3d78333-79fb-4040-8a2f-6f43aa351556,7a5fd02b-2248-4492-bae9-2ab1670894bc,2026-04-13,unavailable,,,2026-04-13T08:54:41.340421+00:00,2026-04-13T08:54:40.863+00:00,,,
7a03401e-bd6d-4966-b4a8-bc09477ee995,e466e1b5-0324-484f-be32-9f1e792d73e0,7a5fd02b-2248-4492-bae9-2ab1670894bc,2026-04-13,unavailable,,,2026-04-13T08:54:41.340421+00:00,2026-04-13T08:54:40.863+00:00,,,
5186c284-bf03-4444-8ded-535261825600,afb9bf7c-248b-4142-8e01-029b5cbbd4c5,7a5fd02b-2248-4492-bae9-2ab1670894bc,2026-04-13,unavailable,,,2026-04-13T08:54:41.340421+00:00,2026-04-13T08:54:40.863+00:00,,,
929cac5f-c85c-4f73-9de5-f3b017235fbf,dea0d41c-bb8b-4b5d-a829-28e07fff0010,7a5fd02b-2248-4492-bae9-2ab1670894bc,2026-04-13,unavailable,,,2026-04-13T08:54:41.340421+00:00,2026-04-13T08:54:40.863+00:00,,,
2c17dd3b-d905-4159-80a1-1a5d8106da19,b67bd172-bbd0-48ef-9cda-9d458718bae0,7a5fd02b-2248-4492-bae9-2ab1670894bc,2026-04-13,unavailable,,,2026-04-13T08:54:41.340421+00:00,2026-04-13T08:54:40.863+00:00,,,
971d44e5-f6af-4d22-b252-5984e1fd59b5,31bb4896-e136-4f61-8c9a-44f45a24b9db,7a5fd02b-2248-4492-bae9-2ab1670894bc,2026-04-13,unavailable,,,2026-04-13T08:54:41.340421+00:00,2026-04-13T08:54:40.863+00:00,,,
3783ae1d-eb6c-4d05-b1d0-68e7d998c020,e6c3b55d-0838-4760-b4e8-30ec6b724c69,7a5fd02b-2248-4492-bae9-2ab1670894bc,2026-04-13,unavailable,,,2026-04-13T08:54:41.340421+00:00,2026-04-13T08:54:40.863+00:00,,,
00f0f57f-5a33-4bc7-b6f0-94cb747d8ca4,b4e55d8f-e956-442f-a4ad-595da88885fb,7a5fd02b-2248-4492-bae9-2ab1670894bc,2026-04-13,unavailable,,,2026-04-13T08:54:41.340421+00:00,2026-04-13T08:54:40.863+00:00,,,
6c2f35c5-0227-483e-9e96-62df8dc0d301,6058be35-369e-435d-8373-442cac7b65f8,7a5fd02b-2248-4492-bae9-2ab1670894bc,2026-04-13,unavailable,,,2026-04-13T08:54:41.340421+00:00,2026-04-13T08:54:40.863+00:00,,,
b5de3300-bfce-4726-9d2c-ebd6d2dc94ba,9adeb556-ece2-498f-abb0-869e7ea01aa8,7a5fd02b-2248-4492-bae9-2ab1670894bc,2026-04-13,unavailable,,,2026-04-13T08:54:41.340421+00:00,2026-04-13T08:54:40.863+00:00,,,
02e4e783-c528-4c59-a41a-32aac548b879,bfa7d4bd-6923-4d5f-9b63-2801c4cd92b2,7a5fd02b-2248-4492-bae9-2ab1670894bc,2026-04-13,unavailable,,,2026-04-13T08:54:41.340421+00:00,2026-04-13T08:54:40.863+00:00,,,
f4985528-2b95-44c9-874a-bbe01a00770a,bf479c71-9394-4a55-b9ac-c81c237fa309,7a5fd02b-2248-4492-bae9-2ab1670894bc,2026-04-13,unavailable,,,2026-04-13T08:54:41.340421+00:00,2026-04-13T08:54:40.863+00:00,,,
92fb43b4-d7a2-4d8d-9d67-f138eb21e955,4d8341f1-1d5f-49e5-95e6-bda4f2816a28,7a5fd02b-2248-4492-bae9-2ab1670894bc,2026-04-13,unavailable,,,2026-04-13T08:54:41.340421+00:00,2026-04-13T08:54:40.863+00:00,,,
a0dda036-6b4a-4e1d-abe1-275a82f0f5c7,f6723b26-0b45-4a30-bfa8-1ee732565796,7a5fd02b-2248-4492-bae9-2ab1670894bc,2026-04-13,unavailable,,,2026-04-13T08:54:41.340421+00:00,2026-04-13T08:54:40.863+00:00,,,
61a60e74-a4ae-4b16-af5f-19ca5b8aefee,6d8db724-4152-43b2-bf1b-ca96881952e6,7a5fd02b-2248-4492-bae9-2ab1670894bc,2026-04-13,unavailable,,,2026-04-13T08:54:41.340421+00:00,2026-04-13T08:54:40.863+00:00,,,
7d4b0b3d-6134-4bbb-a2ce-e532e17ff5cd,5aace772-3b44-4925-820b-042fba96ee1b,7a5fd02b-2248-4492-bae9-2ab1670894bc,2026-04-13,unavailable,,,2026-04-13T08:54:41.340421+00:00,2026-04-13T08:54:40.863+00:00,,,
bc0ee839-a86f-4181-8844-38003858003f,c884d033-d490-4ccb-ba1f-646407b6ab42,7a5fd02b-2248-4492-bae9-2ab1670894bc,2026-04-13,unavailable,,,2026-04-13T08:54:41.340421+00:00,2026-04-13T08:54:40.863+00:00,,,
cfe516f3-740c-4142-875f-bf9669e2d0c5,ddb4593f-6ae9-4e1d-b64b-9c0d989de317,7a5fd02b-2248-4492-bae9-2ab1670894bc,2026-04-13,unavailable,,,2026-04-13T08:54:41.340421+00:00,2026-04-13T08:54:40.863+00:00,,,
18c51f28-22d5-4c92-9418-bab3edd59601,1e313572-571e-46b4-b012-80449350cf3f,7a5fd02b-2248-4492-bae9-2ab1670894bc,2026-04-13,unavailable,,,2026-04-13T08:54:41.340421+00:00,2026-04-13T08:54:40.863+00:00,,,
782e7556-9507-4660-801f-a5318831190e,95a59580-6440-4afa-95b7-90e438e0b33b,7a5fd02b-2248-4492-bae9-2ab1670894bc,2026-04-13,unavailable,,,2026-04-13T08:54:41.340421+00:00,2026-04-13T08:54:40.863+00:00,,,
22c1aa8d-ad7e-4f1c-8bf2-59720f01ffa8,1ce0b2b8-6262-4b17-98f9-60bed3365ecb,7a5fd02b-2248-4492-bae9-2ab1670894bc,2026-04-13,unavailable,,,2026-04-13T08:54:41.340421+00:00,2026-04-13T08:54:40.863+00:00,,,
23fe5e88-1cd7-4c87-b13c-758062e736e0,d9bf2e1e-2f9d-4952-97aa-c74fdd095b34,7a5fd02b-2248-4492-bae9-2ab1670894bc,2026-04-13,unavailable,,,2026-04-13T08:54:41.340421+00:00,2026-04-13T08:54:40.863+00:00,,,
e1e3b704-4dee-49ab-a529-ed852b02daf7,4af25fcb-085b-4071-97d0-4af42e4a5f0b,7a5fd02b-2248-4492-bae9-2ab1670894bc,2026-04-13,unavailable,,,2026-04-13T08:54:41.340421+00:00,2026-04-13T08:54:40.863+00:00,,,
25e32c27-b96e-46f2-a8ce-e279b7c1acbc,d04984bc-eb16-411e-8c99-ba6beb94db3c,7a5fd02b-2248-4492-bae9-2ab1670894bc,2026-04-13,unavailable,,,2026-04-13T08:54:41.340421+00:00,2026-04-13T08:54:40.863+00:00,,,
be19497b-1edd-429e-ac0a-9a3def50fba1,dfcf3978-e149-42ff-90c3-5ee66fc11c77,7a5fd02b-2248-4492-bae9-2ab1670894bc,2026-04-13,unavailable,,,2026-04-13T08:54:41.340421+00:00,2026-04-13T08:54:40.863+00:00,,,
cf589b7c-1cd5-4d0c-a7f2-f52e2814f706,f0fe9b25-dd6c-40ca-b3a2-5ad353a1c66e,7a5fd02b-2248-4492-bae9-2ab1670894bc,2026-04-13,unavailable,,,2026-04-13T08:54:41.340421+00:00,2026-04-13T08:54:40.863+00:00,,,
b023b457-3930-46a5-9437-40c4d933d8c9,e0ac9138-c667-4899-b1a7-25684d83684c,7a5fd02b-2248-4492-bae9-2ab1670894bc,2026-04-13,unavailable,,,2026-04-13T08:54:41.340421+00:00,2026-04-13T08:54:40.863+00:00,,,
02fe2587-12f1-4512-bbb3-d97a5bf25b5e,aec9b1ec-e511-4850-bfc1-ca8d1f749687,7a5fd02b-2248-4492-bae9-2ab1670894bc,2026-04-13,unavailable,,,2026-04-13T08:54:41.340421+00:00,2026-04-13T08:54:40.863+00:00,,,
05df37f5-a9c9-48e8-aa3b-cc375f5a9348,03ac3e2a-cd94-4a27-a5eb-b34640786fae,7a5fd02b-2248-4492-bae9-2ab1670894bc,2026-04-13,unavailable,,,2026-04-13T08:54:41.340421+00:00,2026-04-13T08:54:40.863+00:00,,,
c5e9fc65-07f0-4909-8149-f948c8eac2f4,86233651-f0cf-4660-9e65-f1bda5ed5e58,7a5fd02b-2248-4492-bae9-2ab1670894bc,2026-04-13,unavailable,,,2026-04-13T08:54:41.340421+00:00,2026-04-13T08:54:40.863+00:00,,,
7f9495bc-2da9-4011-94c3-a2dca3f43336,bb300ba6-5a75-45b4-b42b-46a42914a3e7,7a5fd02b-2248-4492-bae9-2ab1670894bc,2026-04-13,unavailable,,,2026-04-13T08:54:41.340421+00:00,2026-04-13T08:54:40.863+00:00,,,
78d331e0-fc0e-4680-bf93-f8e0d0afdeb3,bf4ecc4d-e755-4605-8ac6-63d67ad62287,7a5fd02b-2248-4492-bae9-2ab1670894bc,2026-04-13,unavailable,,,2026-04-13T08:54:41.340421+00:00,2026-04-13T08:54:40.863+00:00,,,
1210baed-3d47-40c7-99e0-f5a033334591,13cd1ce2-5e86-451c-8f87-2b6f0842b010,7a5fd02b-2248-4492-bae9-2ab1670894bc,2026-04-13,unavailable,,,2026-04-13T08:54:41.340421+00:00,2026-04-13T08:54:40.863+00:00,,,
8ff7fcc0-4ab0-4b11-aea9-616f1dab0c62,f6df221f-4b0c-45c9-b354-4b58b1b21450,7a5fd02b-2248-4492-bae9-2ab1670894bc,2026-04-13,unavailable,,,2026-04-13T08:54:41.340421+00:00,2026-04-13T08:54:40.863+00:00,,,
a9a3d821-1b3d-4f48-ab95-17cc6fab0d12,0b7d02c5-cd25-487a-ae38-30cf2c3199bb,7a5fd02b-2248-4492-bae9-2ab1670894bc,2026-04-13,unavailable,,,2026-04-13T08:54:41.340421+00:00,2026-04-13T08:54:40.863+00:00,,,
d2c45c1e-1d92-4613-bc6e-6a116bdb66a4,4f0ecc4f-9d09-4bab-9a9c-06ce5326a219,7a5fd02b-2248-4492-bae9-2ab1670894bc,2026-04-13,unavailable,,,2026-04-13T08:54:41.340421+00:00,2026-04-13T08:54:40.863+00:00,,,
4bfe3713-9d4e-4df3-875a-7974f65d61d1,9f442f9e-040a-4c4a-bdd3-810ccf0019c2,7a5fd02b-2248-4492-bae9-2ab1670894bc,2026-04-13,unavailable,,,2026-04-13T08:54:41.340421+00:00,2026-04-13T08:54:40.863+00:00,,,
c52c1720-2cfe-451a-90e4-8f7f8a7c6f88,e507c000-08c5-4d9e-8da4-975f0affa937,7a5fd02b-2248-4492-bae9-2ab1670894bc,2026-04-13,unavailable,,,2026-04-13T08:54:41.340421+00:00,2026-04-13T08:54:40.863+00:00,,,
45faa7f2-4a02-449a-9709-5fcd51e2a584,5920adcc-3687-45b2-a0ad-50b17f24faef,7a5fd02b-2248-4492-bae9-2ab1670894bc,2026-04-13,unavailable,,,2026-04-13T08:54:41.340421+00:00,2026-04-13T08:54:40.863+00:00,,,
ebbfe0d2-48af-49a1-842e-e586a379464d,19508c8b-5f9f-4cda-bffa-d36ef4c07bc2,7a5fd02b-2248-4492-bae9-2ab1670894bc,2026-04-13,unavailable,,,2026-04-13T08:54:41.340421+00:00,2026-04-13T08:54:40.863+00:00,,,
643acbef-93de-4caa-8098-c8aa3112bd23,3b390b60-bc5f-4a6c-8366-90501656ce20,7a5fd02b-2248-4492-bae9-2ab1670894bc,2026-04-13,unavailable,,,2026-04-13T08:54:41.340421+00:00,2026-04-13T08:54:40.863+00:00,,,
cd4998ca-4bee-4b9f-8504-8ce4d25819f6,1312210e-9cd8-4bac-96a8-11da91414ca2,7a5fd02b-2248-4492-bae9-2ab1670894bc,2026-04-13,unavailable,,,2026-04-13T08:54:41.340421+00:00,2026-04-13T08:54:40.863+00:00,,,
c8153893-809c-4be3-8d06-bbe32fc353b9,e3ec98c5-fd0d-4087-ae6f-8b84410a0199,7a5fd02b-2248-4492-bae9-2ab1670894bc,2026-04-13,unavailable,,,2026-04-13T08:54:41.340421+00:00,2026-04-13T08:54:40.863+00:00,,,
b0e421ed-22f0-425d-89b8-492e4c86a972,3d082f2c-37ab-422a-bcad-71da0369d206,7a5fd02b-2248-4492-bae9-2ab1670894bc,2026-04-13,unavailable,,,2026-04-13T08:54:41.340421+00:00,2026-04-13T08:54:40.863+00:00,,,
6b35d0a3-a129-422d-8948-3566c9944360,e704a939-0821-4540-b342-fec5e79de79a,7a5fd02b-2248-4492-bae9-2ab1670894bc,2026-04-13,unavailable,,,2026-04-13T08:54:41.340421+00:00,2026-04-13T08:54:40.863+00:00,,,
7d8ef46b-c9c4-4695-b2ff-3ace5a32e8e7,cd527a80-68b8-45c9-b657-a2bb8e48c3b3,7a5fd02b-2248-4492-bae9-2ab1670894bc,2026-04-13,unavailable,,,2026-04-13T08:54:41.340421+00:00,2026-04-13T08:54:40.863+00:00,,,
534c8cb2-da79-4518-8204-10ef8e91f709,bbf210fa-39a3-4ce0-9091-558f93309281,7a5fd02b-2248-4492-bae9-2ab1670894bc,2026-04-13,unavailable,,,2026-04-13T08:54:41.340421+00:00,2026-04-13T08:54:40.863+00:00,,,
772727cb-a477-4321-a7a1-d0c4f8d97fe8,20c89eec-afeb-4600-8a4d-ad8deff1e6ff,7a5fd02b-2248-4492-bae9-2ab1670894bc,2026-04-13,unavailable,,,2026-04-13T08:54:41.340421+00:00,2026-04-13T08:54:40.863+00:00,,,
275ff96c-1626-4f2a-a276-81bcfcf074eb,472aebdc-b540-4f92-b4ca-98d5d526f416,7a5fd02b-2248-4492-bae9-2ab1670894bc,2026-04-13,unavailable,,,2026-04-13T08:54:41.340421+00:00,2026-04-13T08:54:40.863+00:00,,,
a00fe2be-1f90-42d9-9c99-81737409e40d,bf1dac2d-8dd9-4c40-8b2c-7aa56ffd633d,7a5fd02b-2248-4492-bae9-2ab1670894bc,2026-04-13,unavailable,,,2026-04-13T08:54:41.340421+00:00,2026-04-13T08:54:40.863+00:00,,,
7fb5d3b2-5f56-47bf-b92c-493bac8cf5bf,75aeb2f5-22fa-47df-95a2-21976cfb1df9,7a5fd02b-2248-4492-bae9-2ab1670894bc,2026-04-13,unavailable,,,2026-04-13T08:54:41.340421+00:00,2026-04-13T08:54:40.863+00:00,,,
0303d5ee-ea7d-405f-95aa-23fb679a5747,aba5c0fa-7f46-4f07-9ee2-f6e7bf39bc1d,7a5fd02b-2248-4492-bae9-2ab1670894bc,2026-04-13,unavailable,,,2026-04-13T08:54:41.340421+00:00,2026-04-13T08:54:40.863+00:00,,,
2d6d7ae0-aba1-4387-a483-7c828e0a1304,faa337de-416b-4c93-bc16-3b37c4f24049,7a5fd02b-2248-4492-bae9-2ab1670894bc,2026-04-13,unavailable,,,2026-04-13T08:54:41.340421+00:00,2026-04-13T08:54:40.863+00:00,,,
2a6d5d20-3e6e-45c6-bf1e-7ae5f93f2fb6,6b4c8cc4-4376-4ab6-9ee6-c624b72485a6,7a5fd02b-2248-4492-bae9-2ab1670894bc,2026-04-13,unavailable,,,2026-04-13T08:54:41.340421+00:00,2026-04-13T08:54:40.863+00:00,,,
ce33c0a8-3d0e-4391-86c7-4a4dadaef8e4,bfdd8bbb-5373-4e16-9c52-492471349f90,7a5fd02b-2248-4492-bae9-2ab1670894bc,2026-04-13,unavailable,,,2026-04-13T08:54:41.340421+00:00,2026-04-13T08:54:40.863+00:00,,,
a87edf1b-b1c1-4e77-85af-948b548b0e46,ffa03313-d46c-46fc-a98c-fc495db887c8,7a5fd02b-2248-4492-bae9-2ab1670894bc,2026-04-13,unavailable,,,2026-04-13T08:54:41.340421+00:00,2026-04-13T08:54:40.863+00:00,,,
c4637553-a721-4ec8-afba-d493d998650c,254f04b8-24d1-4501-82ab-3de9aa297e4a,7a5fd02b-2248-4492-bae9-2ab1670894bc,2026-04-13,unavailable,,,2026-04-13T08:54:41.340421+00:00,2026-04-13T08:54:40.863+00:00,,,
94c0c75c-a26a-46a0-8bce-980cd970eee6,668f76c5-00fa-45e0-a391-ada8940fe179,7a5fd02b-2248-4492-bae9-2ab1670894bc,2026-04-13,unavailable,,,2026-04-13T08:54:41.340421+00:00,2026-04-13T08:54:40.863+00:00,,,
76861d05-c46e-49cc-a650-ae368f489904,cc36fcf7-866b-4539-8745-9f9cde9890bc,7a5fd02b-2248-4492-bae9-2ab1670894bc,2026-04-13,unavailable,,,2026-04-13T08:54:41.340421+00:00,2026-04-13T08:54:40.863+00:00,,,
e043b908-d775-48d9-8ff5-ef55a7284fc5,3748ead8-de3e-4936-a66d-9d0b2b545b70,7a5fd02b-2248-4492-bae9-2ab1670894bc,2026-04-13,unavailable,,,2026-04-13T08:54:41.340421+00:00,2026-04-13T08:54:40.863+00:00,,,
8eca4e1d-0e4c-42fa-83ab-313833dc3f9b,d738fe6a-8aae-4f9b-a997-d67179944468,7a5fd02b-2248-4492-bae9-2ab1670894bc,2026-04-13,unavailable,,,2026-04-13T08:54:41.340421+00:00,2026-04-13T08:54:40.863+00:00,,,
69e5cbfb-3df4-4813-8146-708f0b8aa573,da3fa041-df6e-4d09-8877-2f105c12936c,7a5fd02b-2248-4492-bae9-2ab1670894bc,2026-04-13,unavailable,,,2026-04-13T08:54:41.340421+00:00,2026-04-13T08:54:40.863+00:00,,,
2e18ed81-51eb-4b8d-8175-b8909e5e0f6c,c2a76342-b6cd-4037-89e3-ebfa887bbb51,7a5fd02b-2248-4492-bae9-2ab1670894bc,2026-04-13,unavailable,,,2026-04-13T08:54:41.340421+00:00,2026-04-13T08:54:40.863+00:00,,,
1f6b6e4a-a990-4735-8c78-db7918a86cb2,9e04d666-3178-44da-a5ad-75ca73a39c2b,7a5fd02b-2248-4492-bae9-2ab1670894bc,2026-04-13,unavailable,,,2026-04-13T08:54:41.340421+00:00,2026-04-13T08:54:40.863+00:00,,,
c2174b9e-9d05-4593-abae-f22141ff84bc,9111d6fd-f6d3-4ade-9915-bbfde0232f4b,7a5fd02b-2248-4492-bae9-2ab1670894bc,2026-04-13,unavailable,,,2026-04-13T08:54:41.340421+00:00,2026-04-13T08:54:40.863+00:00,,,
5630f4c9-a4d4-45f9-9310-1bd578a94f64,b8e32f9a-56c0-4915-9d71-413234d11bff,7a5fd02b-2248-4492-bae9-2ab1670894bc,2026-04-13,unavailable,,,2026-04-13T08:54:41.340421+00:00,2026-04-13T08:54:40.863+00:00,,,
1bd33735-554d-444a-a2a7-8753d1aa944f,c19c0355-5119-46a4-956d-310776ade079,7a5fd02b-2248-4492-bae9-2ab1670894bc,2026-04-13,unavailable,,,2026-04-13T08:54:41.340421+00:00,2026-04-13T08:54:40.863+00:00,,,
f386b16e-9198-408e-a216-d617f326955b,fffc7b60-42d2-4f14-831e-1a4e4d71e26d,7a5fd02b-2248-4492-bae9-2ab1670894bc,2026-04-13,unavailable,,,2026-04-13T08:54:41.340421+00:00,2026-04-13T08:54:40.863+00:00,,,
888be08d-03ca-4bd6-9530-25699d3559f4,5f1621cc-8a4c-4563-88bf-daffe78af0ff,7a5fd02b-2248-4492-bae9-2ab1670894bc,2026-04-13,unavailable,,,2026-04-13T08:54:41.340421+00:00,2026-04-13T08:54:40.863+00:00,,,
30b916ea-61f3-488b-9456-f26580008007,148e5b83-9381-443e-9afd-b6991092c090,7a5fd02b-2248-4492-bae9-2ab1670894bc,2026-04-13,unavailable,,,2026-04-13T08:54:41.340421+00:00,2026-04-13T08:54:40.863+00:00,,,
09868a53-96cf-4600-a2d1-819c437f8fed,b2d63f78-299d-4331-911f-a96c4941df55,7a5fd02b-2248-4492-bae9-2ab1670894bc,2026-04-13,unavailable,,,2026-04-13T08:54:41.340421+00:00,2026-04-13T08:54:40.863+00:00,,,
55449cc3-ef6a-4222-8fb7-bba653500634,06f3c06f-0fee-48b6-af1d-2f1e6d9ac65e,7a5fd02b-2248-4492-bae9-2ab1670894bc,2026-04-13,unavailable,,,2026-04-13T08:54:41.340421+00:00,2026-04-13T08:54:40.863+00:00,,,
85b8337f-2c11-4a3f-8297-1d87f11353af,25992891-0940-467e-8aa4-4a02bb64c2f8,7a5fd02b-2248-4492-bae9-2ab1670894bc,2026-04-13,unavailable,,,2026-04-13T08:54:41.340421+00:00,2026-04-13T08:54:40.863+00:00,,,
b3d0969a-f666-48c6-aa19-87e5622fd169,71b1d585-5919-4a6a-9676-9869a51fec0e,7a5fd02b-2248-4492-bae9-2ab1670894bc,2026-04-13,unavailable,,,2026-04-13T08:54:41.340421+00:00,2026-04-13T08:54:40.863+00:00,,,
2b7f88ea-92a6-4ba2-b338-93225659ba25,07facaef-e20c-417b-9419-6486f1ac9071,7a5fd02b-2248-4492-bae9-2ab1670894bc,2026-04-13,unavailable,,,2026-04-13T08:54:41.340421+00:00,2026-04-13T08:54:40.863+00:00,,,
e46b3305-6b36-4b8c-b17c-7feab73fb2b8,27133740-8739-4086-b026-370f41fedf92,7a5fd02b-2248-4492-bae9-2ab1670894bc,2026-04-13,unavailable,,,2026-04-13T08:54:41.340421+00:00,2026-04-13T08:54:40.863+00:00,,,
53ab40d1-2d4b-42b6-b640-0db26b7ff2ea,60ee9721-045f-41c3-91e8-d4c34e5d7175,7a5fd02b-2248-4492-bae9-2ab1670894bc,2026-04-13,unavailable,,,2026-04-13T08:54:41.340421+00:00,2026-04-13T08:54:40.863+00:00,,,
ab235ae0-d165-46a0-bfb7-268ba5dd8220,2d181b74-593a-452f-8b74-3505e6766893,7a5fd02b-2248-4492-bae9-2ab1670894bc,2026-04-13,unavailable,,,2026-04-13T08:54:41.340421+00:00,2026-04-13T08:54:40.863+00:00,,,
8a20df43-c6a1-4dad-aaf5-fa4447175e4a,b026bfc6-eef8-4751-abbe-82fd7c107473,7a5fd02b-2248-4492-bae9-2ab1670894bc,2026-04-13,unavailable,,,2026-04-13T08:54:41.340421+00:00,2026-04-13T08:54:40.863+00:00,,,
c2adcc0c-254d-49b8-8d56-2086991d623b,f466852a-ef7b-4013-ac24-d40b4c4cf55b,7a5fd02b-2248-4492-bae9-2ab1670894bc,2026-04-13,unavailable,,,2026-04-13T08:54:41.340421+00:00,2026-04-13T08:54:40.863+00:00,,,
16f34e65-b083-4227-9206-cfc6fb97fe59,7f6dd06a-83e0-4750-b802-b1f90cefa97f,7a5fd02b-2248-4492-bae9-2ab1670894bc,2026-04-13,unavailable,,,2026-04-13T08:54:41.340421+00:00,2026-04-13T08:54:40.863+00:00,,,
383736cf-0293-4170-bf0b-98089a6f1527,ad7462a1-5295-4da0-81b8-fad9eb82b0e0,7a5fd02b-2248-4492-bae9-2ab1670894bc,2026-04-13,unavailable,,,2026-04-13T08:54:41.340421+00:00,2026-04-13T08:54:40.863+00:00,,,
4fe3f0a5-89f8-44e9-acf9-9ea07c29a83a,e2ab0523-b78f-41b9-a50b-d55445e1c544,7a5fd02b-2248-4492-bae9-2ab1670894bc,2026-04-13,unavailable,,,2026-04-13T08:54:41.340421+00:00,2026-04-13T08:54:40.863+00:00,,,
203e82ab-6faa-47eb-afba-40470340f44b,05f66656-45df-4cb0-bf70-229ad1938df6,7a5fd02b-2248-4492-bae9-2ab1670894bc,2026-04-13,unavailable,,,2026-04-13T08:54:41.340421+00:00,2026-04-13T08:54:40.863+00:00,,,
5ba5323e-b520-4200-983f-199aa189c379,ae35edf7-0f5f-42cb-b1da-7ab6b187d19d,7a5fd02b-2248-4492-bae9-2ab1670894bc,2026-04-13,unavailable,,,2026-04-13T08:54:41.340421+00:00,2026-04-13T08:54:40.863+00:00,,,
f1b25f5c-bc3f-49e6-8ddd-6fb724345789,c1a8700d-9fe7-4842-97e2-84acd9d975b3,7a5fd02b-2248-4492-bae9-2ab1670894bc,2026-04-13,unavailable,,,2026-04-13T08:54:41.340421+00:00,2026-04-13T08:54:40.863+00:00,,,
cf178df4-048f-414b-9500-008a39c042fd,d2d10fe8-69a3-4554-89d2-dedf9ea06203,7a5fd02b-2248-4492-bae9-2ab1670894bc,2026-04-13,unavailable,,,2026-04-13T08:54:41.340421+00:00,2026-04-13T08:54:40.863+00:00,,,
27915ffd-e542-4f42-a574-d5f73c2b6422,c57fbfb5-1ed2-4e98-9b48-c9b6b97c44bd,7a5fd02b-2248-4492-bae9-2ab1670894bc,2026-04-13,unavailable,,,2026-04-13T08:54:41.340421+00:00,2026-04-13T08:54:40.863+00:00,,,
9e959f03-b5ce-4fdb-bbe0-2d77a818133a,1c0ec68f-ce08-4e5e-b4ed-3ce89f333f42,7a5fd02b-2248-4492-bae9-2ab1670894bc,2026-04-13,unavailable,,,2026-04-13T08:54:41.340421+00:00,2026-04-13T08:54:40.863+00:00,,,
1ccfda91-3cec-45ec-9aa6-a9e275aeda61,d08761e2-5788-4a05-b0c0-5cb25f8a6403,7a5fd02b-2248-4492-bae9-2ab1670894bc,2026-04-13,unavailable,,,2026-04-13T08:54:41.340421+00:00,2026-04-13T08:54:40.863+00:00,,,
a9282046-1984-4074-bc98-01aeb17df6a7,4f4e920c-2cf6-4d2e-bd9b-e81927d9a495,7a5fd02b-2248-4492-bae9-2ab1670894bc,2026-04-13,unavailable,,,2026-04-13T08:54:41.340421+00:00,2026-04-13T08:54:40.863+00:00,,,
1fb591c4-f512-40c9-99ae-737ecae9404f,834fd3ad-e3e0-411e-92e5-79b1e68a34d9,7a5fd02b-2248-4492-bae9-2ab1670894bc,2026-04-13,unavailable,,,2026-04-13T08:54:41.340421+00:00,2026-04-13T08:54:40.863+00:00,,,
5ca9c68a-caa9-49ad-9948-12fd06d83f22,fe837eeb-c43f-4324-9484-e363c26f5829,7a5fd02b-2248-4492-bae9-2ab1670894bc,2026-04-13,unavailable,,,2026-04-13T08:54:41.340421+00:00,2026-04-13T08:54:40.863+00:00,,,
ade15c9f-f6b5-41c9-ab60-41b4cd884884,5e50859d-1508-4fb1-84a9-adeef4b333ff,7a5fd02b-2248-4492-bae9-2ab1670894bc,2026-04-13,unavailable,,,2026-04-13T08:54:41.340421+00:00,2026-04-13T08:54:40.863+00:00,,,
effc9c9d-eba8-4b50-9235-ab95a7663cc2,cb8885fa-21df-4a06-9dcc-911e9c6c474d,7a5fd02b-2248-4492-bae9-2ab1670894bc,2026-04-13,unavailable,,,2026-04-13T08:54:41.340421+00:00,2026-04-13T08:54:40.863+00:00,,,
2a98be42-6308-4537-b6ea-914424dbbfc7,90df21cf-925e-4fb0-85eb-9ee42c1a1449,7a5fd02b-2248-4492-bae9-2ab1670894bc,2026-04-13,unavailable,,,2026-04-13T08:54:41.340421+00:00,2026-04-13T08:54:40.863+00:00,,,
de8d7470-f349-430b-a3ea-26ef1e243167,09dd43ee-5456-4692-9016-433d77d3b6cb,7a5fd02b-2248-4492-bae9-2ab1670894bc,2026-04-13,unavailable,,,2026-04-13T08:54:41.340421+00:00,2026-04-13T08:54:40.863+00:00,,,
6071cc0d-0c32-4717-9f69-df2408c43154,e617222f-90ba-4246-b04a-f3c5e9fe0529,7a5fd02b-2248-4492-bae9-2ab1670894bc,2026-04-13,unavailable,,,2026-04-13T08:54:41.340421+00:00,2026-04-13T08:54:40.863+00:00,,,
b1a699d5-2a56-4fc5-9380-96931d2d2a6d,c34f7e2a-f610-4e56-847b-495bf4739360,7a5fd02b-2248-4492-bae9-2ab1670894bc,2026-04-13,unavailable,,,2026-04-13T08:54:41.340421+00:00,2026-04-13T08:54:40.863+00:00,,,
e68a0ed3-c546-402b-96b4-0f0dce6dcad5,07a79088-9fa0-477d-b4e2-42c943951872,7a5fd02b-2248-4492-bae9-2ab1670894bc,2026-04-13,unavailable,,,2026-04-13T08:54:41.340421+00:00,2026-04-13T08:54:40.863+00:00,,,
e20b99b6-dea0-4c6e-9666-a8978eeffe66,f95b7a6f-37f8-4de1-9fdc-7ac2ef7d7af4,7a5fd02b-2248-4492-bae9-2ab1670894bc,2026-04-13,unavailable,,,2026-04-13T08:54:41.340421+00:00,2026-04-13T08:54:40.863+00:00,,,
47d0ac48-1f3e-44e7-b73e-4468e6641779,4e67157b-7aca-400e-b55c-0bc10087721c,7a5fd02b-2248-4492-bae9-2ab1670894bc,2026-04-13,unavailable,,,2026-04-13T08:54:41.340421+00:00,2026-04-13T08:54:40.863+00:00,,,
34550394-bbb9-48e6-984a-4174651df6b0,4261d2fb-71d3-4a3f-a3a2-ae6a3306afd6,7a5fd02b-2248-4492-bae9-2ab1670894bc,2026-04-13,unavailable,,,2026-04-13T08:54:41.340421+00:00,2026-04-13T08:54:40.863+00:00,,,
27e195ac-d1ee-4a82-abcb-3acaa5fd44ae,7fd3cd92-6b83-4888-b0b5-3474f3e21904,7a5fd02b-2248-4492-bae9-2ab1670894bc,2026-04-13,unavailable,,,2026-04-13T08:54:41.340421+00:00,2026-04-13T08:54:40.863+00:00,,,
15ed207e-d533-45d5-b62c-137f53e5a397,5141ea5f-0740-4a1c-a517-c21f73bd6986,7a5fd02b-2248-4492-bae9-2ab1670894bc,2026-04-13,unavailable,,,2026-04-13T08:54:41.340421+00:00,2026-04-13T08:54:40.863+00:00,,,
f2f0d43b-72de-4b34-aa27-b7ec324e1966,8db30369-f76c-4629-a6d6-a2a50959835a,7a5fd02b-2248-4492-bae9-2ab1670894bc,2026-04-13,unavailable,,,2026-04-13T08:54:41.340421+00:00,2026-04-13T08:54:40.863+00:00,,,
26df2749-45dc-45ac-ad86-16fb847689a1,e24c0340-b8f8-40e6-8346-fedd8d255826,7a5fd02b-2248-4492-bae9-2ab1670894bc,2026-04-13,unavailable,,,2026-04-13T08:54:41.340421+00:00,2026-04-13T08:54:40.863+00:00,,,
de9efcda-15a5-4099-9d82-cbd695274c75,b9b71f11-fb3e-4476-8b78-7404bdae5973,7a5fd02b-2248-4492-bae9-2ab1670894bc,2026-04-13,unavailable,,,2026-04-13T08:54:41.340421+00:00,2026-04-13T08:54:40.863+00:00,,,
4f2b480f-bbe8-48c2-b37e-3af493880848,269969e8-9b32-48b2-ad34-e9eb10892aa0,7a5fd02b-2248-4492-bae9-2ab1670894bc,2026-04-13,unavailable,,,2026-04-13T08:54:41.340421+00:00,2026-04-13T08:54:40.863+00:00,,,
4be3ac1d-4959-4ca8-9f45-e904ccc68201,05bf9d69-e5d2-48cb-9592-6325e9b0cb39,7a5fd02b-2248-4492-bae9-2ab1670894bc,2026-04-13,unavailable,,,2026-04-13T08:54:41.340421+00:00,2026-04-13T08:54:40.863+00:00,,,
16be13cf-5b63-4218-b9a4-f4d1433efb28,932a215a-a3c9-4327-8839-53e7802676c2,7a5fd02b-2248-4492-bae9-2ab1670894bc,2026-04-13,unavailable,,,2026-04-13T08:54:41.340421+00:00,2026-04-13T08:54:40.863+00:00,,,
8cd8514b-a8d0-4bdd-9a0e-01e473404ab7,11be587c-f07a-4b41-94bc-757516dda887,7a5fd02b-2248-4492-bae9-2ab1670894bc,2026-04-13,unavailable,,,2026-04-13T08:54:41.340421+00:00,2026-04-13T08:54:40.863+00:00,,,
6f954409-17e6-45e6-b1d4-dff164e3c849,8ee929fd-00ee-4ed8-9cc5-1bac874eb3d3,7a5fd02b-2248-4492-bae9-2ab1670894bc,2026-04-13,unavailable,,,2026-04-13T08:54:41.340421+00:00,2026-04-13T08:54:40.863+00:00,,,
e8cfb9d8-f7f6-42ab-a550-5f21eb2da8ca,3c8b8fbc-4f9e-4953-a4bd-37799b337807,7a5fd02b-2248-4492-bae9-2ab1670894bc,2026-04-13,unavailable,,,2026-04-13T08:54:41.340421+00:00,2026-04-13T08:54:40.863+00:00,,,
8a8c6209-a672-42cd-a479-d204785b14c4,28a2c4c0-22bf-4592-a7e7-88fd299fd33c,7a5fd02b-2248-4492-bae9-2ab1670894bc,2026-04-13,unavailable,,,2026-04-13T08:54:41.340421+00:00,2026-04-13T08:54:40.863+00:00,,,
008463d8-392f-4195-8dc5-50fc53ca2b38,a65f4504-ba08-4da1-82ee-339201545673,7a5fd02b-2248-4492-bae9-2ab1670894bc,2026-04-13,unavailable,,,2026-04-13T08:54:41.340421+00:00,2026-04-13T08:54:40.863+00:00,,,
bba4d6ef-374d-482b-9f04-69cfc0e000dc,3827a1e9-8eb7-4bcc-8fe4-a96d02378b92,7a5fd02b-2248-4492-bae9-2ab1670894bc,2026-04-13,unavailable,,,2026-04-13T08:54:41.340421+00:00,2026-04-13T08:54:40.863+00:00,,,
59f305ef-6dda-476d-a36d-bd508be8075d,7ccef569-6034-454f-bc79-4368995ec492,7a5fd02b-2248-4492-bae9-2ab1670894bc,2026-04-13,unavailable,,,2026-04-13T08:54:41.340421+00:00,2026-04-13T08:54:40.863+00:00,,,
41caf7b8-d117-4885-8fa4-b3d475a6c0f7,bc40e179-aea5-4151-92b0-fe927c84fba3,7a5fd02b-2248-4492-bae9-2ab1670894bc,2026-04-13,unavailable,,,2026-04-13T08:54:41.340421+00:00,2026-04-13T08:54:40.863+00:00,,,
a2ce10a3-452e-4687-bbed-9824bfbbefbe,f78aa6c9-4936-4695-8e1f-26ab48dbab93,7a5fd02b-2248-4492-bae9-2ab1670894bc,2026-04-13,unavailable,,,2026-04-13T08:54:41.340421+00:00,2026-04-13T08:54:40.863+00:00,,,
9db5497e-e908-4799-a647-985fe6a0b368,96989aa8-bb4c-456d-8bb4-605939db7a97,7a5fd02b-2248-4492-bae9-2ab1670894bc,2026-04-13,unavailable,,,2026-04-13T08:54:41.340421+00:00,2026-04-13T08:54:40.863+00:00,,,
1927301e-3cf7-4a8d-905f-1bcd226f48f0,99c52faa-b4fb-4403-a8c5-4880bc5d3691,7a5fd02b-2248-4492-bae9-2ab1670894bc,2026-04-13,unavailable,,,2026-04-13T08:54:41.340421+00:00,2026-04-13T08:54:40.863+00:00,,,
685eb45a-d7cc-40ee-8715-38e39eca7271,6e9d3e1b-8ead-4256-9d06-c0324b42f5ab,7a5fd02b-2248-4492-bae9-2ab1670894bc,2026-04-13,unavailable,,,2026-04-13T08:54:41.340421+00:00,2026-04-13T08:54:40.863+00:00,,,
3a394065-4967-420f-85d6-deb841a287c4,d4827392-69e6-4ecd-838d-fc9e8ce847cf,7a5fd02b-2248-4492-bae9-2ab1670894bc,2026-04-13,unavailable,,,2026-04-13T08:54:41.340421+00:00,2026-04-13T08:54:40.863+00:00,,,
6d86fdf9-6910-48c4-89d4-65f4f91d9287,38fcc94f-ba33-46f6-a1bb-3204823e9cb8,7a5fd02b-2248-4492-bae9-2ab1670894bc,2026-04-13,unavailable,,,2026-04-13T08:54:41.340421+00:00,2026-04-13T08:54:40.863+00:00,,,
2e7fa4a5-cc32-4a7f-8f33-a74ec8253958,04cc3ab8-f1fa-4e6c-a4aa-9a4d53f1dc53,7a5fd02b-2248-4492-bae9-2ab1670894bc,2026-04-13,unavailable,,,2026-04-13T08:54:41.340421+00:00,2026-04-13T08:54:40.863+00:00,,,
6a75a443-1df8-46cc-b1b3-e89d66240c0f,56f75098-ef8d-4fde-86e8-fbfa21bd8964,7a5fd02b-2248-4492-bae9-2ab1670894bc,2026-04-13,unavailable,,,2026-04-13T08:54:41.340421+00:00,2026-04-13T08:54:40.863+00:00,,,
efb75fa6-49af-471f-ac8f-bf120a76b497,b0c6ac67-3d61-415c-8d9a-8683b6ea618d,7a5fd02b-2248-4492-bae9-2ab1670894bc,2026-04-13,unavailable,,,2026-04-13T08:54:41.340421+00:00,2026-04-13T08:54:40.863+00:00,,,
2a410c84-24ba-4d3b-86a4-ae70e6aafeff,1112445f-aba5-4629-b399-08d2c0baf4f8,7a5fd02b-2248-4492-bae9-2ab1670894bc,2026-04-13,unavailable,,,2026-04-13T08:54:41.340421+00:00,2026-04-13T08:54:40.863+00:00,,,
ddb5f79a-e472-4dbc-883d-52bb39b0e011,9b9060f3-6432-46c9-a091-a3d8e9560bb2,7a5fd02b-2248-4492-bae9-2ab1670894bc,2026-04-13,unavailable,,,2026-04-13T08:54:41.340421+00:00,2026-04-13T08:54:40.863+00:00,,,
9bfc4a9d-a9a1-4e3b-b50a-055ee2cea228,af7f71ef-2b78-4595-ac2c-0a38c88a3ec9,7a5fd02b-2248-4492-bae9-2ab1670894bc,2026-04-13,unavailable,,,2026-04-13T08:54:41.340421+00:00,2026-04-13T08:54:40.863+00:00,,,
ff05ebf0-d33c-484f-b731-b05b51e67513,264f35ff-4ff6-4417-91d3-f5d170297d71,7a5fd02b-2248-4492-bae9-2ab1670894bc,2026-04-13,unavailable,,,2026-04-13T08:54:41.340421+00:00,2026-04-13T08:54:40.863+00:00,,,
3336b31d-c961-4859-9798-2f01113e42dd,3b3371ba-d791-4f27-acd1-c9be0931ac67,7a5fd02b-2248-4492-bae9-2ab1670894bc,2026-04-13,unavailable,,,2026-04-13T08:54:41.340421+00:00,2026-04-13T08:54:40.863+00:00,,,
7b93192e-15be-49e3-8b15-c1eac2b7a78a,6a8c2c77-2947-4263-b6a0-3ad7a26dd66c,7a5fd02b-2248-4492-bae9-2ab1670894bc,2026-04-13,unavailable,,,2026-04-13T08:54:41.340421+00:00,2026-04-13T08:54:40.863+00:00,,,
a81c3eb5-8d21-46de-939b-6d40e98fc9a4,e662ef45-6aed-4a2e-ab16-cead317ac5b0,7a5fd02b-2248-4492-bae9-2ab1670894bc,2026-04-13,unavailable,,,2026-04-13T08:54:41.340421+00:00,2026-04-13T08:54:40.863+00:00,,,
e2fd515a-e1f9-45b4-92fb-38894f1f81ae,79baadf2-9252-4ed8-bc44-5f183e823ed6,7a5fd02b-2248-4492-bae9-2ab1670894bc,2026-04-13,unavailable,,,2026-04-13T08:54:41.340421+00:00,2026-04-13T08:54:40.863+00:00,,,
a3f4ae11-81bf-4c9b-a3aa-4f6115142d23,7761e060-b17e-4cdf-811a-ddb5846d266e,7a5fd02b-2248-4492-bae9-2ab1670894bc,2026-04-13,unavailable,,,2026-04-13T08:54:41.340421+00:00,2026-04-13T08:54:40.863+00:00,,,
dcbf5f36-f695-492b-aa1e-83164dfa42fd,0b56583d-f70a-49bd-a226-d86b7983ad6c,7a5fd02b-2248-4492-bae9-2ab1670894bc,2026-04-13,unavailable,,,2026-04-13T08:54:41.340421+00:00,2026-04-13T08:54:40.863+00:00,,,
e3896351-2d36-4510-82c0-39e36c9cffe7,1e6a3cbe-88f7-4cf8-b0d8-b5c6d24cc7b5,7a5fd02b-2248-4492-bae9-2ab1670894bc,2026-04-13,unavailable,,,2026-04-13T08:54:41.340421+00:00,2026-04-13T08:54:40.863+00:00,,,
2685ae31-13af-4040-857d-74354ef79e33,fea7d0a4-a2d7-4f78-8c00-7a0890303058,7a5fd02b-2248-4492-bae9-2ab1670894bc,2026-04-13,unavailable,,,2026-04-13T08:54:41.340421+00:00,2026-04-13T08:54:40.863+00:00,,,
927ea159-9e8d-427b-af35-915858ec67af,c3573a8c-ee80-4e96-90b2-faedf186756a,7a5fd02b-2248-4492-bae9-2ab1670894bc,2026-04-13,unavailable,,,2026-04-13T08:54:41.340421+00:00,2026-04-13T08:54:40.863+00:00,,,
f54f2e3a-60f0-499f-881f-476330ada05c,324152b2-0646-40d1-be88-877c753f6ef2,7a5fd02b-2248-4492-bae9-2ab1670894bc,2026-04-13,unavailable,,,2026-04-13T08:54:41.340421+00:00,2026-04-13T08:54:40.863+00:00,,,
aa2d21b8-4f50-4d31-9379-b7797180e4e2,3ddd0c43-44b1-49d6-92f3-047dbc5407c2,7a5fd02b-2248-4492-bae9-2ab1670894bc,2026-04-13,unavailable,,,2026-04-13T08:54:41.340421+00:00,2026-04-13T08:54:40.863+00:00,,,
9a52859e-a6b4-4394-9b01-bb6de6364437,dfd11754-81a7-4667-9c5e-f72a6f06c6a1,7a5fd02b-2248-4492-bae9-2ab1670894bc,2026-04-13,unavailable,,,2026-04-13T08:54:41.340421+00:00,2026-04-13T08:54:40.863+00:00,,,
87199c1d-44d9-4bed-9732-8ace04880026,76a7e596-d654-4fa0-b7ab-4d60ee3da1cb,7a5fd02b-2248-4492-bae9-2ab1670894bc,2026-04-13,unavailable,,,2026-04-13T08:54:41.340421+00:00,2026-04-13T08:54:40.863+00:00,,,
f1956591-8a00-4355-9b07-993132892cb0,38af6777-f227-4692-8704-1fe94901ac9f,7a5fd02b-2248-4492-bae9-2ab1670894bc,2026-04-13,unavailable,,,2026-04-13T08:54:41.340421+00:00,2026-04-13T08:54:40.863+00:00,,,
d00d40ff-6a4f-432b-b674-37b9f8ef2123,258b9b82-338f-4fef-a2ec-fd339af13b9a,7a5fd02b-2248-4492-bae9-2ab1670894bc,2026-04-13,unavailable,,,2026-04-13T08:54:41.340421+00:00,2026-04-13T08:54:40.863+00:00,,,
e7b1048d-8676-4540-8a8e-451f00f1a874,2eaadb66-8823-4457-a67a-eaed6282bc1f,7a5fd02b-2248-4492-bae9-2ab1670894bc,2026-04-13,unavailable,,,2026-04-13T08:54:41.340421+00:00,2026-04-13T08:54:40.863+00:00,,,
d03c0fa9-2139-495d-af56-6081670e79bb,1a420063-ba38-4d7b-9dad-82b18a3fb04e,7a5fd02b-2248-4492-bae9-2ab1670894bc,2026-04-13,unavailable,,,2026-04-13T08:54:41.340421+00:00,2026-04-13T08:54:40.863+00:00,,,
d1e852e9-295f-45a9-b37f-35cdb6190f94,5ccbb607-f815-4a7f-b90c-feddcc6be27e,7a5fd02b-2248-4492-bae9-2ab1670894bc,2026-04-13,unavailable,,,2026-04-13T08:54:41.340421+00:00,2026-04-13T08:54:40.863+00:00,,,
e918ca25-0f31-4d07-a698-92d9ac7fbec3,4e61147f-1e4a-4c78-9aad-365a3a25406b,7a5fd02b-2248-4492-bae9-2ab1670894bc,2026-04-13,unavailable,,,2026-04-13T08:54:41.340421+00:00,2026-04-13T08:54:40.863+00:00,,,
76dd8f93-f193-49de-ba36-5754c27ca602,de69bc0d-febf-4b24-8450-eb1dd74bd7d8,7a5fd02b-2248-4492-bae9-2ab1670894bc,2026-04-13,unavailable,,,2026-04-13T08:54:41.340421+00:00,2026-04-13T08:54:40.863+00:00,,,
3ab1c345-61f1-4c06-865d-aadd36c5abbe,511d5694-6147-4322-960a-eb6e5cd1e291,7a5fd02b-2248-4492-bae9-2ab1670894bc,2026-04-13,unavailable,,,2026-04-13T08:54:41.340421+00:00,2026-04-13T08:54:40.863+00:00,,,
9412df83-62e7-46b4-9042-4e966f71cfc5,ffbc1a44-8403-4ff8-98d1-fa7a17336156,7a5fd02b-2248-4492-bae9-2ab1670894bc,2026-04-13,unavailable,,,2026-04-13T08:54:41.340421+00:00,2026-04-13T08:54:40.863+00:00,,,
fc5eed73-0bd5-46b8-a070-f63aa8bcb8c0,cbdadcf6-1004-4020-87e2-c3b5be4fd2dd,7a5fd02b-2248-4492-bae9-2ab1670894bc,2026-04-13,unavailable,,,2026-04-13T08:54:41.340421+00:00,2026-04-13T08:54:40.863+00:00,,,
686a56d6-c110-4f08-95b1-b7c197d73f33,69606083-2432-4ab8-9738-516864868879,7a5fd02b-2248-4492-bae9-2ab1670894bc,2026-04-13,unavailable,,,2026-04-13T08:54:41.340421+00:00,2026-04-13T08:54:40.863+00:00,,,
75e54961-0a84-401e-bdb9-937eb6c9ada7,00bbde0b-08ee-4abd-8ede-4072e5a9b7ef,7a5fd02b-2248-4492-bae9-2ab1670894bc,2026-04-13,unavailable,,,2026-04-13T08:54:41.340421+00:00,2026-04-13T08:54:40.863+00:00,,,
34e3ffbe-3113-407d-8521-a790712d6571,cd22ecb1-9eea-4ce8-ac14-289d2e8f5e9c,7a5fd02b-2248-4492-bae9-2ab1670894bc,2026-04-13,unavailable,,,2026-04-13T08:54:41.340421+00:00,2026-04-13T08:54:40.863+00:00,,,
8a60e188-76b2-4dd8-8ff7-ebc628689bbf,2f04860a-b177-4a1c-8af1-08b2ac1ad567,7a5fd02b-2248-4492-bae9-2ab1670894bc,2026-04-13,unavailable,,,2026-04-13T08:54:41.340421+00:00,2026-04-13T08:54:40.863+00:00,,,
8b9a6d18-bea1-4d99-8d0c-adca60580c5b,cbf76c50-2ebd-4fee-a8a3-0eab9d8366ee,7a5fd02b-2248-4492-bae9-2ab1670894bc,2026-04-13,unavailable,,,2026-04-13T08:54:41.340421+00:00,2026-04-13T08:54:40.863+00:00,,,
2187e05e-eef7-4572-9ea2-8609086915dc,1029d612-5e08-4acb-a939-a54b768987fd,7a5fd02b-2248-4492-bae9-2ab1670894bc,2026-04-13,unavailable,,,2026-04-13T08:54:41.340421+00:00,2026-04-13T08:54:40.863+00:00,,,
14f9d30c-0089-4161-9010-6529a7d22205,cb2f08e7-057b-4cb0-a9f0-b041a5b2e8dc,7a5fd02b-2248-4492-bae9-2ab1670894bc,2026-04-13,unavailable,,,2026-04-13T08:54:41.340421+00:00,2026-04-13T08:54:40.863+00:00,,,
9befe565-57bd-484a-88d9-7e68150fafe5,d00c8ebc-9fbe-4581-9e90-068368dde389,7a5fd02b-2248-4492-bae9-2ab1670894bc,2026-04-13,unavailable,,,2026-04-13T08:54:41.340421+00:00,2026-04-13T08:54:40.863+00:00,,,
5703399f-29d2-4ce7-b7a6-f9720fd65a50,df88a062-1568-4a88-ac22-499b4effa2db,7a5fd02b-2248-4492-bae9-2ab1670894bc,2026-04-13,unavailable,,,2026-04-13T08:54:41.340421+00:00,2026-04-13T08:54:40.863+00:00,,,
44a22fab-c9a1-4c1b-83b3-13d7eca150bb,8fe53475-a2ce-4dd6-802b-19151fab1430,7a5fd02b-2248-4492-bae9-2ab1670894bc,2026-04-13,unavailable,,,2026-04-13T08:54:41.340421+00:00,2026-04-13T08:54:40.863+00:00,,,
a2790db5-ff95-4489-927d-97b3c310855a,f43cda55-dd93-4947-ae92-1129a86c1d82,7a5fd02b-2248-4492-bae9-2ab1670894bc,2026-04-13,unavailable,,,2026-04-13T08:54:41.340421+00:00,2026-04-13T08:54:40.863+00:00,,,
dba38b84-2ced-44f7-beb0-a681adf1e876,d7c99f48-1aa3-45ea-a247-2d7262cc3929,7a5fd02b-2248-4492-bae9-2ab1670894bc,2026-04-13,unavailable,,,2026-04-13T08:54:41.340421+00:00,2026-04-13T08:54:40.863+00:00,,,
ed767f6c-1fcc-416e-9733-670462036ad3,0c7cb9cf-e1ea-4476-ae2c-972475824bcb,7a5fd02b-2248-4492-bae9-2ab1670894bc,2026-04-13,unavailable,,,2026-04-13T08:54:41.340421+00:00,2026-04-13T08:54:40.863+00:00,,,
0455ce19-08d1-467f-b568-5af1b2367dec,3a6f4115-4ec8-4772-abf6-144d0e48214b,7a5fd02b-2248-4492-bae9-2ab1670894bc,2026-04-13,unavailable,,,2026-04-13T08:54:41.340421+00:00,2026-04-13T08:54:40.863+00:00,,,
f136d0ed-3d45-4fc0-9fba-4df11d3370cc,de38634a-5fba-4125-835d-f248ee29f830,7a5fd02b-2248-4492-bae9-2ab1670894bc,2026-04-13,unavailable,,,2026-04-13T08:54:41.340421+00:00,2026-04-13T08:54:40.863+00:00,,,
51d3609a-e29c-4d40-a1e2-9f5bd828b335,947e461d-8872-41ee-b7de-9b7ecce25287,7a5fd02b-2248-4492-bae9-2ab1670894bc,2026-04-13,unavailable,,,2026-04-13T08:54:41.340421+00:00,2026-04-13T08:54:40.863+00:00,,,
909c9d40-3e45-414a-8c20-6b2ba782f438,c314664e-d9e7-4d46-aa69-64a1ca26f59b,7a5fd02b-2248-4492-bae9-2ab1670894bc,2026-04-13,unavailable,,,2026-04-13T08:54:41.340421+00:00,2026-04-13T08:54:40.863+00:00,,,
1bdaff6b-edbf-4382-911f-adcd51268392,da0edabf-c611-4f36-ab53-1fd0188e5464,7a5fd02b-2248-4492-bae9-2ab1670894bc,2026-04-13,unavailable,,,2026-04-13T08:54:41.340421+00:00,2026-04-13T08:54:40.863+00:00,,,
9c0896c6-861f-465b-9b53-633bf113eeff,a8bb4cea-3aad-45ff-96c4-a5af02335e12,7a5fd02b-2248-4492-bae9-2ab1670894bc,2026-04-13,unavailable,,,2026-04-13T08:54:41.340421+00:00,2026-04-13T08:54:40.863+00:00,,,
ecf8c921-b579-493f-ac07-83f2b48ab774,4e6a0de1-43b6-4120-a6cd-ef1457e85a6e,7a5fd02b-2248-4492-bae9-2ab1670894bc,2026-04-13,unavailable,,,2026-04-13T08:54:41.340421+00:00,2026-04-13T08:54:40.863+00:00,,,
d26af67e-101a-4aa8-98ea-1a3c7d3faa29,76881990-2ec7-40b9-8ea1-579a5e1192ad,7a5fd02b-2248-4492-bae9-2ab1670894bc,2026-04-13,unavailable,,,2026-04-13T08:54:41.340421+00:00,2026-04-13T08:54:40.863+00:00,,,
8b3e1bf6-9acb-458b-8cf1-99316cf74888,cfb3d243-a1fd-4330-bfce-7e9f169f8277,7a5fd02b-2248-4492-bae9-2ab1670894bc,2026-04-13,unavailable,,,2026-04-13T08:54:41.340421+00:00,2026-04-13T08:54:40.863+00:00,,,
8b8a0327-ec72-4a81-a579-c3887af85182,0415b9aa-5c61-4f79-9479-7dce2c76d1a8,7a5fd02b-2248-4492-bae9-2ab1670894bc,2026-04-13,unavailable,,,2026-04-13T08:54:41.340421+00:00,2026-04-13T08:54:40.863+00:00,,,
efe2d655-97f1-4a59-942c-17064cd91215,13ac7479-762b-4fc2-b36c-b94223caf3d5,7a5fd02b-2248-4492-bae9-2ab1670894bc,2026-04-13,unavailable,,,2026-04-13T08:54:41.340421+00:00,2026-04-13T08:54:40.863+00:00,,,
847859ac-159d-4751-8d96-8c569ace2278,41197272-bc0f-47b6-8d09-56f414d3035b,7a5fd02b-2248-4492-bae9-2ab1670894bc,2026-04-13,unavailable,,,2026-04-13T08:54:41.340421+00:00,2026-04-13T08:54:40.863+00:00,,,
3c6cd1b1-272d-4779-b052-a6a5b79be773,c451e667-831d-4237-9b09-79123b641d17,7a5fd02b-2248-4492-bae9-2ab1670894bc,2026-04-13,unavailable,,,2026-04-13T08:54:41.340421+00:00,2026-04-13T08:54:40.863+00:00,,,
2f460285-7552-40b9-af7a-9dd108c0afc4,0f564608-78ba-405b-bd40-8d80a71c196e,7a5fd02b-2248-4492-bae9-2ab1670894bc,2026-04-13,unavailable,,,2026-04-13T08:54:41.340421+00:00,2026-04-13T08:54:40.863+00:00,,,
263f84e6-eb70-4536-b379-117271a9a44a,ead59b1d-eeed-486b-8bf7-a3aaf55caa2b,7a5fd02b-2248-4492-bae9-2ab1670894bc,2026-04-13,unavailable,,,2026-04-13T08:54:41.340421+00:00,2026-04-13T08:54:40.863+00:00,,,
dbe5bda3-d05d-435f-8d6d-176c771210af,27e7c46d-f7dd-4593-9578-85a9c38acf4e,7a5fd02b-2248-4492-bae9-2ab1670894bc,2026-04-13,unavailable,,,2026-04-13T08:54:41.340421+00:00,2026-04-13T08:54:40.863+00:00,,,
05eb1237-b870-4ef5-b51a-47e9440b0dd9,aef966a7-cec2-4f64-a7c5-f461033d608a,7a5fd02b-2248-4492-bae9-2ab1670894bc,2026-04-13,unavailable,,,2026-04-13T08:54:41.340421+00:00,2026-04-13T08:54:40.863+00:00,,,
3bcf9e7a-b294-47b1-b7cd-47533eea2cfc,8bbedffc-40e5-4f97-9e56-962bea1c24a4,7a5fd02b-2248-4492-bae9-2ab1670894bc,2026-04-13,unavailable,,,2026-04-13T08:54:41.340421+00:00,2026-04-13T08:54:40.863+00:00,,,
f5ef44a9-4746-41c5-90d7-99129f858d4c,4cab8fc9-fc23-4a60-9cf8-8a1b08ef6e04,7a5fd02b-2248-4492-bae9-2ab1670894bc,2026-04-13,unavailable,,,2026-04-13T08:54:41.340421+00:00,2026-04-13T08:54:40.863+00:00,,,
15e4d22c-3183-4cfc-94e2-6fae3bde773e,7aab3ed9-e8d8-4bf0-877b-d0e9722a850b,7a5fd02b-2248-4492-bae9-2ab1670894bc,2026-04-13,unavailable,,,2026-04-13T08:54:41.340421+00:00,2026-04-13T08:54:40.863+00:00,,,
a767dc6b-93ed-49f7-b1de-08bdbc3ec898,a976be5b-40c5-4152-9f0d-5b4ef48dd44b,7a5fd02b-2248-4492-bae9-2ab1670894bc,2026-04-13,unavailable,,,2026-04-13T08:54:41.340421+00:00,2026-04-13T08:54:40.863+00:00,,,
71a4a6d2-67f8-4ea5-a979-ef6f21553830,fd29e7ff-5086-468d-85a1-7f73829dd930,7a5fd02b-2248-4492-bae9-2ab1670894bc,2026-04-13,unavailable,,,2026-04-13T08:54:41.340421+00:00,2026-04-13T08:54:40.863+00:00,,,
e13f8d3d-2862-4314-8c44-cf96f55f4ca5,1d0c7241-19a1-401d-a709-4f16ed53f990,7a5fd02b-2248-4492-bae9-2ab1670894bc,2026-04-13,unavailable,,,2026-04-13T08:54:41.340421+00:00,2026-04-13T08:54:40.863+00:00,,,
484cb6ba-3fc5-421b-81ac-e0d86e3b4aa8,4013f053-8031-4c99-852b-aa0682793bca,7a5fd02b-2248-4492-bae9-2ab1670894bc,2026-04-13,unavailable,,,2026-04-13T08:54:41.340421+00:00,2026-04-13T08:54:40.863+00:00,,,
fac496ec-569d-46f0-accb-99a5b172d421,90570ad5-2c58-4ab5-a1bd-a7dc59a50222,7a5fd02b-2248-4492-bae9-2ab1670894bc,2026-04-13,unavailable,,,2026-04-13T08:54:41.340421+00:00,2026-04-13T08:54:40.863+00:00,,,
3c4bb67b-0bb4-409e-814c-ceece7db67b5,c8bbe30a-a177-430d-86c5-6616a6f62a0d,7a5fd02b-2248-4492-bae9-2ab1670894bc,2026-04-13,unavailable,,,2026-04-13T08:54:41.340421+00:00,2026-04-13T08:54:40.863+00:00,,,
c33c10be-e04a-496c-9a3c-bb454ebc1b08,332f1a66-feeb-4e51-8c9f-db3ac84453f3,7a5fd02b-2248-4492-bae9-2ab1670894bc,2026-04-13,unavailable,,,2026-04-13T08:54:41.340421+00:00,2026-04-13T08:54:40.863+00:00,,,
c49eb868-e654-44f3-9585-c32a5667fece,7a452ff1-9cab-4d77-8e7f-81ab30889099,7a5fd02b-2248-4492-bae9-2ab1670894bc,2026-04-13,unavailable,,,2026-04-13T08:54:41.340421+00:00,2026-04-13T08:54:40.863+00:00,,,
43928ccd-20df-4af0-a5a0-9a9a8eb1513d,cd0f66ef-f670-46a5-983a-60066c8c2825,7a5fd02b-2248-4492-bae9-2ab1670894bc,2026-04-13,unavailable,,,2026-04-13T08:54:41.340421+00:00,2026-04-13T08:54:40.863+00:00,,,
e70a044c-23aa-42c1-8d5a-01d4e110d601,185693e3-9895-45d7-ab62-3562a30a27e7,7a5fd02b-2248-4492-bae9-2ab1670894bc,2026-04-13,unavailable,,,2026-04-13T08:54:41.340421+00:00,2026-04-13T08:54:40.863+00:00,,,
7ee99235-a2fe-4104-a8b1-cb9047c3927a,5d9fdebd-7dde-4fd3-9c41-021a59a373a0,7a5fd02b-2248-4492-bae9-2ab1670894bc,2026-04-13,unavailable,,,2026-04-13T08:54:41.340421+00:00,2026-04-13T08:54:40.863+00:00,,,
79e4cb5e-f1de-4cd1-ac5c-ab3ec7438d44,89c1246f-c6d6-48c1-b253-ac897aeb1d11,7a5fd02b-2248-4492-bae9-2ab1670894bc,2026-04-13,unavailable,,,2026-04-13T08:54:41.340421+00:00,2026-04-13T08:54:40.863+00:00,,,
853cefc9-64a8-41c0-90bb-0213c35c14f0,9c203b49-8a07-4319-aae9-fcfd68b34579,7a5fd02b-2248-4492-bae9-2ab1670894bc,2026-04-13,unavailable,,,2026-04-13T08:54:41.340421+00:00,2026-04-13T08:54:40.863+00:00,,,
213a7767-7e43-4776-98fa-56e5af31c2b4,d2d14373-69ff-4301-81a2-ba77a96b56cd,7a5fd02b-2248-4492-bae9-2ab1670894bc,2026-04-13,unavailable,,,2026-04-13T08:54:41.340421+00:00,2026-04-13T08:54:40.863+00:00,,,
29c3c3b2-79a1-43f4-a6eb-dff8b453b0fc,7387900d-0b1d-4fe5-b9e6-7c968c2003b3,7a5fd02b-2248-4492-bae9-2ab1670894bc,2026-04-13,unavailable,,,2026-04-13T08:54:41.340421+00:00,2026-04-13T08:54:40.863+00:00,,,
655eaf4c-ea12-42de-846c-9f1553a45f23,22370f93-2d06-4891-841e-4cf159e301ca,7a5fd02b-2248-4492-bae9-2ab1670894bc,2026-04-13,unavailable,,,2026-04-13T08:54:41.340421+00:00,2026-04-13T08:54:40.863+00:00,,,
27c44123-55a1-4280-9312-06fe39601506,0ca63d24-8e2c-4cb8-af36-ceb8ced7f103,7a5fd02b-2248-4492-bae9-2ab1670894bc,2026-04-13,unavailable,,,2026-04-13T08:54:41.340421+00:00,2026-04-13T08:54:40.863+00:00,,,
16b74d94-a06a-4205-b806-177ed0252463,924c513c-c422-4c24-9515-e4544f493394,7a5fd02b-2248-4492-bae9-2ab1670894bc,2026-04-13,unavailable,,,2026-04-13T08:54:41.340421+00:00,2026-04-13T08:54:40.863+00:00,,,
0eb515d9-05f7-40c9-84e5-f109e091d664,79bea6a3-4268-4ae7-8665-deb6b1cf1a9a,7a5fd02b-2248-4492-bae9-2ab1670894bc,2026-04-13,unavailable,,,2026-04-13T08:54:41.340421+00:00,2026-04-13T08:54:40.863+00:00,,,
705bec77-62a8-418d-b463-8cac8f19d25a,e0562212-cda5-4a74-ac19-db857f843dbd,7a5fd02b-2248-4492-bae9-2ab1670894bc,2026-04-13,unavailable,,,2026-04-13T08:54:41.340421+00:00,2026-04-13T08:54:40.863+00:00,,,
377e9555-2c19-4f1b-86a8-9be5aa044c87,35f4a879-0b57-4581-9e91-c47200a23c78,7a5fd02b-2248-4492-bae9-2ab1670894bc,2026-04-13,unavailable,,,2026-04-13T08:54:41.340421+00:00,2026-04-13T08:54:40.863+00:00,,,
55698972-9298-4723-a9da-c12098c52317,c0b5e2df-b927-4ac5-99f5-4368965722ab,7a5fd02b-2248-4492-bae9-2ab1670894bc,2026-04-13,unavailable,,,2026-04-13T08:54:41.340421+00:00,2026-04-13T08:54:40.863+00:00,,,
dde639db-c7f3-4606-a654-2f27b510d7eb,b66e80d0-7f23-44ac-a6d3-5db4212284e6,7a5fd02b-2248-4492-bae9-2ab1670894bc,2026-04-13,unavailable,,,2026-04-13T08:54:41.340421+00:00,2026-04-13T08:54:40.863+00:00,,,
f139e06a-2cec-40e2-82d8-8351588c65f1,4acd4dc2-eb69-48a4-8f0d-dc509f93beb4,7a5fd02b-2248-4492-bae9-2ab1670894bc,2026-04-13,unavailable,,,2026-04-13T08:54:41.340421+00:00,2026-04-13T08:54:40.863+00:00,,,
b66987f9-bf70-423c-abf2-bcbb0bf29005,604ea0ee-856f-4bd8-90a3-a067244e31db,7a5fd02b-2248-4492-bae9-2ab1670894bc,2026-04-13,unavailable,,,2026-04-13T08:54:41.340421+00:00,2026-04-13T08:54:40.863+00:00,,,
68ec1db7-e036-4a58-9975-8b58ccbc25bf,3c972950-a216-468e-b719-d3430d265c36,7a5fd02b-2248-4492-bae9-2ab1670894bc,2026-04-13,unavailable,,,2026-04-13T08:54:41.340421+00:00,2026-04-13T08:54:40.863+00:00,,,
d85409bf-64ef-449e-bc40-8192fdaaac4d,2ec9bf07-c28b-4a11-809e-a7be42c4db76,7a5fd02b-2248-4492-bae9-2ab1670894bc,2026-04-13,unavailable,,,2026-04-13T08:54:41.340421+00:00,2026-04-13T08:54:40.863+00:00,,,
ba133d24-8ad2-4c59-a536-c83a9f8de7e2,1d6856d9-51da-4f3d-9167-2140aa6f8eba,7a5fd02b-2248-4492-bae9-2ab1670894bc,2026-04-13,unavailable,,,2026-04-13T08:54:41.340421+00:00,2026-04-13T08:54:40.863+00:00,,,
e76c9d18-38d9-4407-adf8-3921b897d2c2,4f7e4826-6de8-458d-9fc7-dc135acf8c1e,7a5fd02b-2248-4492-bae9-2ab1670894bc,2026-04-13,unavailable,,,2026-04-13T08:54:41.340421+00:00,2026-04-13T08:54:40.863+00:00,,,
0753ae82-3958-432c-a0b6-939a6c152b2f,c60051a9-4d42-4198-bd08-b24181a2481d,7a5fd02b-2248-4492-bae9-2ab1670894bc,2026-04-13,unavailable,,,2026-04-13T08:54:41.340421+00:00,2026-04-13T08:54:40.863+00:00,,,
84159e76-1db4-49fa-802b-dc10dca15fb9,39f683dd-6e80-43b8-9c10-8f9505093d6e,7a5fd02b-2248-4492-bae9-2ab1670894bc,2026-04-13,unavailable,,,2026-04-13T08:54:41.340421+00:00,2026-04-13T08:54:40.863+00:00,,,
4cf1ad61-b954-462b-b7ea-efb86ad60718,2e754b98-4d62-4dde-abae-8fad7eb099d3,7a5fd02b-2248-4492-bae9-2ab1670894bc,2026-04-13,unavailable,,,2026-04-13T08:54:41.340421+00:00,2026-04-13T08:54:40.863+00:00,,,
22fe3283-070e-4235-a747-0b68b7539e21,b3abbd6a-b26d-4a7e-aa1a-d44346bf21b3,7a5fd02b-2248-4492-bae9-2ab1670894bc,2026-04-13,unavailable,,,2026-04-13T08:54:41.340421+00:00,2026-04-13T08:54:40.863+00:00,,,
d848b994-9764-4c7b-aaef-8de4fccd267f,d87652f1-bb0b-444f-ad23-97c5c4d8b7de,7a5fd02b-2248-4492-bae9-2ab1670894bc,2026-04-13,unavailable,,,2026-04-13T08:54:41.340421+00:00,2026-04-13T08:54:40.863+00:00,,,
3579c0c5-d101-4c35-a14e-2380a6b86025,09d6b27b-cbab-4ce2-b97b-cd849d5588b2,7a5fd02b-2248-4492-bae9-2ab1670894bc,2026-04-13,unavailable,,,2026-04-13T08:54:41.340421+00:00,2026-04-13T08:54:40.863+00:00,,,
2f247b5f-45de-46dd-975b-7f370b1b727a,d17e62b0-3615-4ac3-8fb3-f9b22955600f,7a5fd02b-2248-4492-bae9-2ab1670894bc,2026-04-13,unavailable,,,2026-04-13T08:54:41.340421+00:00,2026-04-13T08:54:40.863+00:00,,,
f3c534a6-9bad-48c5-95a8-cd8eb7b514bb,27d10606-8e7f-4afa-8c12-ce177d2f7e31,7a5fd02b-2248-4492-bae9-2ab1670894bc,2026-04-13,unavailable,,,2026-04-13T08:54:41.340421+00:00,2026-04-13T08:54:40.863+00:00,,,
1cf3c1a2-2106-45a5-9cf3-99edda43d0ba,e9697f64-3351-4f0c-80a2-97693a2ea2e5,7a5fd02b-2248-4492-bae9-2ab1670894bc,2026-04-13,unavailable,,,2026-04-13T08:54:41.340421+00:00,2026-04-13T08:54:40.863+00:00,,,
a14ca754-5679-4f8e-8ee2-fa8baf21df68,a252243e-ee4b-4544-8a0f-5f1fdfc8cf78,7a5fd02b-2248-4492-bae9-2ab1670894bc,2026-04-13,unavailable,,,2026-04-13T08:54:41.340421+00:00,2026-04-13T08:54:40.863+00:00,,,
3ba094cc-5dd9-4828-9171-28a79519377f,ec0e87bd-f105-4509-a148-beb9bf6eae42,7a5fd02b-2248-4492-bae9-2ab1670894bc,2026-04-13,unavailable,,,2026-04-13T08:54:41.340421+00:00,2026-04-13T08:54:40.863+00:00,,,
fe1ed1be-f568-4fcd-bcc7-5d0751a78797,9ba79172-9ab7-433c-a656-4b584d3eab1e,7a5fd02b-2248-4492-bae9-2ab1670894bc,2026-04-13,unavailable,,,2026-04-13T08:54:41.340421+00:00,2026-04-13T08:54:40.863+00:00,,,
9427602e-e6e5-4820-890e-b65e4c7e008b,6c3dfe2a-d412-409f-a2b0-15345fbd2981,7a5fd02b-2248-4492-bae9-2ab1670894bc,2026-04-13,unavailable,,,2026-04-13T08:54:41.340421+00:00,2026-04-13T08:54:40.863+00:00,,,
ee12b422-7181-4f76-9b1d-72ca6e3a3482,98073499-8a1a-4ca5-99ad-0486e2769c76,7a5fd02b-2248-4492-bae9-2ab1670894bc,2026-04-13,unavailable,,,2026-04-13T08:54:41.340421+00:00,2026-04-13T08:54:40.863+00:00,,,
cc54ca50-c715-4c30-aaa0-3473f46ef0e0,80e8b99d-e4fa-4b8d-b897-b9a26e96d8d3,7a5fd02b-2248-4492-bae9-2ab1670894bc,2026-04-13,unavailable,,,2026-04-13T08:54:41.340421+00:00,2026-04-13T08:54:40.863+00:00,,,
1973e26a-fd0b-4bbb-9100-3e5edae9688c,4be9d559-4c73-4ac4-90bf-cb2939b339f6,7a5fd02b-2248-4492-bae9-2ab1670894bc,2026-04-13,unavailable,,,2026-04-13T08:54:41.340421+00:00,2026-04-13T08:54:40.863+00:00,,,
71db9277-6711-4324-b1eb-27a6b5cb8d83,9f56c78e-827c-4cbe-bb50-b014f03485d7,7a5fd02b-2248-4492-bae9-2ab1670894bc,2026-04-13,unavailable,,,2026-04-13T08:54:41.340421+00:00,2026-04-13T08:54:40.863+00:00,,,
9d1d720f-1711-4f7e-beb5-ed852e0cd016,b7693f65-7b87-4620-a292-f9e60fd3cfa9,7a5fd02b-2248-4492-bae9-2ab1670894bc,2026-04-13,unavailable,,,2026-04-13T08:54:41.340421+00:00,2026-04-13T08:54:40.863+00:00,,,
f477b786-5d07-47ab-b899-2539317424e3,34ab878d-5fc3-40ab-8fb7-7c1496accbf0,7a5fd02b-2248-4492-bae9-2ab1670894bc,2026-04-13,unavailable,,,2026-04-13T08:54:41.340421+00:00,2026-04-13T08:54:40.863+00:00,,,
656e8e0a-21ff-40ec-b32a-b4f50732f6d2,f74886a6-2688-4903-92e2-b277ac3871b9,7a5fd02b-2248-4492-bae9-2ab1670894bc,2026-04-13,unavailable,,,2026-04-13T08:54:41.340421+00:00,2026-04-13T08:54:40.863+00:00,,,
ca0e0eae-3b36-4444-8e8f-5e3531a9b27b,ede7731f-5bf6-4a39-95f4-5d3301c929b8,7a5fd02b-2248-4492-bae9-2ab1670894bc,2026-04-13,unavailable,,,2026-04-13T08:54:41.340421+00:00,2026-04-13T08:54:40.863+00:00,,,
ee9ed67e-a4f9-4de6-949b-308d9930a6d4,1b44a5a2-7c8e-4381-b545-3cecb689cce4,7a5fd02b-2248-4492-bae9-2ab1670894bc,2026-04-13,unavailable,,,2026-04-13T08:54:41.340421+00:00,2026-04-13T08:54:40.863+00:00,,,
e653cf2f-127f-48b9-bbf6-cef42036c579,19a5d381-d434-4482-aee6-9b44308ff7d3,7a5fd02b-2248-4492-bae9-2ab1670894bc,2026-04-13,unavailable,,,2026-04-13T08:54:41.340421+00:00,2026-04-13T08:54:40.863+00:00,,,
7fac5485-562f-4052-83cd-0f8306bed8b0,d744e61c-c90f-4181-9247-ae706cf2295d,7a5fd02b-2248-4492-bae9-2ab1670894bc,2026-04-13,unavailable,,,2026-04-13T08:54:41.340421+00:00,2026-04-13T08:54:40.863+00:00,,,
26c11e24-1f0e-41a5-b61c-ae41901c98e2,1b5e7f69-0650-4d5d-a6bf-e6d54d03f21e,7a5fd02b-2248-4492-bae9-2ab1670894bc,2026-04-13,unavailable,,,2026-04-13T08:54:41.340421+00:00,2026-04-13T08:54:40.863+00:00,,,
86a1d115-c706-4242-a29d-3b24914191d4,aef96fc8-88ea-48ab-bc0f-0c812c919007,7a5fd02b-2248-4492-bae9-2ab1670894bc,2026-04-13,unavailable,,,2026-04-13T08:54:41.340421+00:00,2026-04-13T08:54:40.863+00:00,,,
417e0435-e4d0-4ca3-8489-12178af554c5,a6a57270-840f-41ff-998e-0b1d3cefbe24,7a5fd02b-2248-4492-bae9-2ab1670894bc,2026-04-13,unavailable,,,2026-04-13T08:54:41.340421+00:00,2026-04-13T08:54:40.863+00:00,,,
952f7dca-425e-4b3b-979b-1d522afd87ae,b78ea1c0-57d8-4155-bc7e-f9178f5c5ee1,7a5fd02b-2248-4492-bae9-2ab1670894bc,2026-04-13,unavailable,,,2026-04-13T08:54:41.340421+00:00,2026-04-13T08:54:40.863+00:00,,,
1c68d913-69d1-4ffe-878e-d5768da65b70,7070a97e-2956-4082-b31e-c16321071149,7a5fd02b-2248-4492-bae9-2ab1670894bc,2026-04-13,unavailable,,,2026-04-13T08:54:41.340421+00:00,2026-04-13T08:54:40.863+00:00,,,
e18c4c31-bd57-4bf6-8e2b-b2dbd022b16d,bbc3545a-c547-48c5-a757-735e33dc47ec,7a5fd02b-2248-4492-bae9-2ab1670894bc,2026-04-13,unavailable,,,2026-04-13T08:54:41.340421+00:00,2026-04-13T08:54:40.863+00:00,,,
93575bfb-ab25-475f-b62a-09061f901819,2fc8d3e9-f161-405f-8246-6a15a6c237cb,7a5fd02b-2248-4492-bae9-2ab1670894bc,2026-04-13,unavailable,,,2026-04-13T08:54:41.340421+00:00,2026-04-13T08:54:40.863+00:00,,,
4d9fa502-3735-41cf-8620-21ab896914c3,a2e7a71f-6efe-4d67-b41f-a1338754ff3b,7a5fd02b-2248-4492-bae9-2ab1670894bc,2026-04-13,unavailable,,,2026-04-13T08:54:41.340421+00:00,2026-04-13T08:54:40.863+00:00,,,
5c576b1c-c45d-4875-ab4f-f784cccb6cf0,407a2c77-9fc9-495a-ba00-749131cac905,7a5fd02b-2248-4492-bae9-2ab1670894bc,2026-04-13,unavailable,,,2026-04-13T08:54:41.340421+00:00,2026-04-13T08:54:40.863+00:00,,,
9c2de0ae-3b75-49e0-acf8-7b70d2a3285b,0dfe1789-64e1-4258-bf9b-f4b5deaa6bd9,7a5fd02b-2248-4492-bae9-2ab1670894bc,2026-04-13,unavailable,,,2026-04-13T08:54:41.340421+00:00,2026-04-13T08:54:40.863+00:00,,,
a8f96815-9a0f-4933-aecd-57dd477121be,682a4581-1f29-4cd9-ba52-2bf5deb40807,7a5fd02b-2248-4492-bae9-2ab1670894bc,2026-04-13,unavailable,,,2026-04-13T08:54:41.340421+00:00,2026-04-13T08:54:40.863+00:00,,,
0ae64df7-0f25-4866-bc01-eea9cf883368,0330dca4-2e34-4ccd-9ea0-e2eccbcb3ed9,7a5fd02b-2248-4492-bae9-2ab1670894bc,2026-04-13,unavailable,,,2026-04-13T08:54:41.340421+00:00,2026-04-13T08:54:40.863+00:00,,,
f1820f64-f871-429a-a8e8-dc62cfa7fa6c,46d57a11-f9d2-47d0-9096-e6a7b9ed81ad,7a5fd02b-2248-4492-bae9-2ab1670894bc,2026-04-13,unavailable,,,2026-04-13T08:54:41.340421+00:00,2026-04-13T08:54:40.863+00:00,,,
6094141c-23f0-4ae0-94d4-b265c873f542,7c3b600c-73e8-4df6-993e-effdb29ce957,7a5fd02b-2248-4492-bae9-2ab1670894bc,2026-04-13,unavailable,,,2026-04-13T08:54:41.340421+00:00,2026-04-13T08:54:40.863+00:00,,,
59448f7d-7c53-4d0b-9877-87cd6fb73b9b,d7284556-1c31-49af-9565-909063b93cc9,7a5fd02b-2248-4492-bae9-2ab1670894bc,2026-04-13,unavailable,,,2026-04-13T08:54:41.340421+00:00,2026-04-13T08:54:40.863+00:00,,,
b6040a4c-c162-45cd-b359-f4c153f23fcf,1f32ff5a-f9b7-440a-8285-ab2ad1ecaa05,7a5fd02b-2248-4492-bae9-2ab1670894bc,2026-04-13,unavailable,,,2026-04-13T08:54:41.340421+00:00,2026-04-13T08:54:40.863+00:00,,,
1c3b7f78-bd25-43d1-9263-6202def1a5e1,304ed108-096d-4022-b673-87feae1b5a1a,7a5fd02b-2248-4492-bae9-2ab1670894bc,2026-04-13,unavailable,,,2026-04-13T08:54:41.340421+00:00,2026-04-13T08:54:40.863+00:00,,,
f71cc3e7-bd36-40fa-bfac-e2d84b1c60f8,61a1375c-3254-4fe0-a471-8b8b660f4135,7a5fd02b-2248-4492-bae9-2ab1670894bc,2026-04-13,unavailable,,,2026-04-13T08:54:41.340421+00:00,2026-04-13T08:54:40.863+00:00,,,
88f81e3c-6168-463c-8fde-b5480a4d5039,41817459-03f8-4e71-8ba6-8fa63e5e1b4d,7a5fd02b-2248-4492-bae9-2ab1670894bc,2026-04-13,unavailable,,,2026-04-13T08:54:41.340421+00:00,2026-04-13T08:54:40.863+00:00,,,
978e0862-0a05-4b70-baa0-523f75e043de,ad22aeeb-e301-4beb-9bf9-36b11a302944,7a5fd02b-2248-4492-bae9-2ab1670894bc,2026-04-13,unavailable,,,2026-04-13T08:54:41.340421+00:00,2026-04-13T08:54:40.863+00:00,,,
f2bccb1d-ab32-4e8d-9e9e-f8db501fc239,5a9c3504-8fef-4b40-8129-d20f88fbe563,7a5fd02b-2248-4492-bae9-2ab1670894bc,2026-04-13,unavailable,,,2026-04-13T08:54:41.340421+00:00,2026-04-13T08:54:40.863+00:00,,,
22771708-bf5c-4081-a9c3-78596bd419ce,72705d6f-ba9c-45cc-a890-c2c7baf086c7,7a5fd02b-2248-4492-bae9-2ab1670894bc,2026-04-13,unavailable,,,2026-04-13T08:54:41.340421+00:00,2026-04-13T08:54:40.863+00:00,,,
05dada2f-aaa9-4061-9f99-b257e6682141,c6fdc2be-53bd-4c2a-8a6f-665e612aa3b5,7a5fd02b-2248-4492-bae9-2ab1670894bc,2026-04-13,unavailable,,,2026-04-13T08:54:41.340421+00:00,2026-04-13T08:54:40.863+00:00,,,
ec9c182d-1778-497e-a889-8705566f9784,3d50b41b-54e3-4ea7-b559-e40d8a1ea7e3,7a5fd02b-2248-4492-bae9-2ab1670894bc,2026-04-13,unavailable,,,2026-04-13T08:54:41.340421+00:00,2026-04-13T08:54:40.863+00:00,,,
8cb73344-2c5f-4376-a0f6-273a6cb89054,508960cd-999c-44de-8e17-218b5cfa40d9,7a5fd02b-2248-4492-bae9-2ab1670894bc,2026-04-13,unavailable,,,2026-04-13T08:54:41.340421+00:00,2026-04-13T08:54:40.863+00:00,,,
91884c84-75e8-4d22-9e23-1735bca43a02,6014e544-f4ea-4903-a691-9e2915ee2d07,7a5fd02b-2248-4492-bae9-2ab1670894bc,2026-04-13,unavailable,,,2026-04-13T08:54:41.340421+00:00,2026-04-13T08:54:40.863+00:00,,,
a10ad482-a4b9-4a0c-9987-0c54bed8534f,31738451-481f-400e-aba1-42b2a7452949,7a5fd02b-2248-4492-bae9-2ab1670894bc,2026-04-13,unavailable,,,2026-04-13T08:54:41.340421+00:00,2026-04-13T08:54:40.863+00:00,,,
bb08a1fd-c7ee-4eee-896d-2dafbed984cb,0acf89be-de62-4a14-9502-aab639d34f04,7a5fd02b-2248-4492-bae9-2ab1670894bc,2026-04-13,unavailable,,,2026-04-13T08:54:41.340421+00:00,2026-04-13T08:54:40.863+00:00,,,
d489334b-4af3-4254-ae15-bac95c1e0fe6,ab073af1-5ce8-4acb-b07f-4fa41d2a8a9d,7a5fd02b-2248-4492-bae9-2ab1670894bc,2026-04-13,unavailable,,,2026-04-13T08:54:41.340421+00:00,2026-04-13T08:54:40.863+00:00,,,
ea2ca27a-e7a2-41dd-bbe3-99c91befd01c,8627c1a1-62d7-49e3-9176-f295969b3c6d,7a5fd02b-2248-4492-bae9-2ab1670894bc,2026-04-13,unavailable,,,2026-04-13T08:54:41.340421+00:00,2026-04-13T08:54:40.863+00:00,,,
6f5e2af7-f3c6-451f-8165-e3892a5b0a98,aad00f76-4fe1-44ac-882a-9ad2eb664a5c,7a5fd02b-2248-4492-bae9-2ab1670894bc,2026-04-13,unavailable,,,2026-04-13T08:54:41.340421+00:00,2026-04-13T08:54:40.863+00:00,,,
4298a558-7ba3-4cc7-a5d2-e14bd894382f,759e7b56-07aa-4866-bfaa-46efdb0afe58,7a5fd02b-2248-4492-bae9-2ab1670894bc,2026-04-13,unavailable,,,2026-04-13T08:54:41.340421+00:00,2026-04-13T08:54:40.863+00:00,,,
e351ec1c-8f7b-496f-aab8-73829e39d9a0,38a11035-66a5-48ca-825b-8124f66d4478,7a5fd02b-2248-4492-bae9-2ab1670894bc,2026-04-13,unavailable,,,2026-04-13T08:54:41.340421+00:00,2026-04-13T08:54:40.863+00:00,,,
c3440d94-ec09-40b3-bff3-ee1caf276652,4898a864-3303-44d8-8c83-8f8996a19fa3,7a5fd02b-2248-4492-bae9-2ab1670894bc,2026-04-13,unavailable,,,2026-04-13T08:54:41.340421+00:00,2026-04-13T08:54:40.863+00:00,,,
61c84230-a262-4ae6-8664-b34fd77b6053,97ee9b66-2711-4df2-99bd-ed1a32f40eb4,7a5fd02b-2248-4492-bae9-2ab1670894bc,2026-04-13,unavailable,,,2026-04-13T08:54:41.340421+00:00,2026-04-13T08:54:40.863+00:00,,,
4ab457f4-1675-4727-a8c4-d922e45e43d0,4fd2406d-0cce-4013-9585-72c23407ceae,7a5fd02b-2248-4492-bae9-2ab1670894bc,2026-04-13,unavailable,,,2026-04-13T08:54:41.340421+00:00,2026-04-13T08:54:40.863+00:00,,,
acb783a2-320f-4e0b-94d1-e6d79ce7f2f2,334edaad-9be5-43ff-a28a-6a165d97d13e,7a5fd02b-2248-4492-bae9-2ab1670894bc,2026-04-13,unavailable,,,2026-04-13T08:54:41.340421+00:00,2026-04-13T08:54:40.863+00:00,,,
8d482233-8460-4ea1-94ff-465cc106e2d1,ad8151cf-0a93-4205-9f92-19b1bc595a8f,7a5fd02b-2248-4492-bae9-2ab1670894bc,2026-04-13,unavailable,,,2026-04-13T08:54:41.340421+00:00,2026-04-13T08:54:40.863+00:00,,,
dc0c4071-f26a-460a-a836-353d8e519dd7,9c2ebb31-687b-428e-a2c5-a5e552f7b5cc,7a5fd02b-2248-4492-bae9-2ab1670894bc,2026-04-13,unavailable,,,2026-04-13T08:54:41.340421+00:00,2026-04-13T08:54:40.863+00:00,,,
96033092-2a21-4a43-ac92-c2c89336b76a,0516781f-0290-44a1-9f8f-adbf8db38425,7a5fd02b-2248-4492-bae9-2ab1670894bc,2026-04-13,unavailable,,,2026-04-13T08:54:41.340421+00:00,2026-04-13T08:54:40.863+00:00,,,
80f6e429-6b44-4f31-9ff7-f13d2208046a,3f899f50-df5f-4364-ba3f-3ef814961309,7a5fd02b-2248-4492-bae9-2ab1670894bc,2026-04-13,unavailable,,,2026-04-13T08:54:41.340421+00:00,2026-04-13T08:54:40.863+00:00,,,
31b549a0-ecf9-4c77-9073-3966b75683ff,96c9c583-6be1-473c-8531-e58107199fa6,7a5fd02b-2248-4492-bae9-2ab1670894bc,2026-04-13,unavailable,,,2026-04-13T08:54:41.340421+00:00,2026-04-13T08:54:40.863+00:00,,,
a56c4bd5-f236-4398-870c-7e1767fdd353,949a9839-c640-4bf7-a7b6-59e93d5e927e,7a5fd02b-2248-4492-bae9-2ab1670894bc,2026-04-13,unavailable,,,2026-04-13T08:54:41.340421+00:00,2026-04-13T08:54:40.863+00:00,,,
3f84638c-232b-426e-947d-354dcb737106,1188873c-8be1-42d3-a242-da6f15bf5e4a,7a5fd02b-2248-4492-bae9-2ab1670894bc,2026-04-13,unavailable,,,2026-04-13T08:54:41.340421+00:00,2026-04-13T08:54:40.863+00:00,,,
71c52e15-0600-44c2-ade2-4c2c34fbd370,2d018036-1224-40a3-82ac-e3644690ab0a,7a5fd02b-2248-4492-bae9-2ab1670894bc,2026-04-13,unavailable,,,2026-04-13T08:54:41.340421+00:00,2026-04-13T08:54:40.863+00:00,,,
5a50a709-1849-4187-9059-baeb657b001c,924984fd-6cab-4b4a-8b62-1fc6860ad5a5,7a5fd02b-2248-4492-bae9-2ab1670894bc,2026-04-13,unavailable,,,2026-04-13T08:54:41.340421+00:00,2026-04-13T08:54:40.863+00:00,,,
b598b80a-fdd6-4542-92c2-b1bd54de5fc9,3c2f77cd-57af-4557-93a8-25f866c7ef0a,7a5fd02b-2248-4492-bae9-2ab1670894bc,2026-04-13,unavailable,,,2026-04-13T08:54:41.340421+00:00,2026-04-13T08:54:40.863+00:00,,,
44b7cc29-6f90-4572-a62a-0edfc3b1acc4,20af3438-94f4-44dd-a150-079cf139a7a5,7a5fd02b-2248-4492-bae9-2ab1670894bc,2026-04-13,unavailable,,,2026-04-13T08:54:41.340421+00:00,2026-04-13T08:54:40.863+00:00,,,
0df8cfb0-34a9-4a8e-b9df-44ede3a0dc05,4e30357c-cab4-454a-8698-3f7413a38b2c,7a5fd02b-2248-4492-bae9-2ab1670894bc,2026-04-13,unavailable,,,2026-04-13T08:54:41.340421+00:00,2026-04-13T08:54:40.863+00:00,,,
4cf748f1-9e5b-4655-9eef-af16560d14d3,a3d8e08f-8e02-46e5-af59-a2895bf61e63,7a5fd02b-2248-4492-bae9-2ab1670894bc,2026-04-13,unavailable,,,2026-04-13T08:54:41.340421+00:00,2026-04-13T08:54:40.863+00:00,,,
b6254978-0b24-433e-a055-c9d4110b7af4,fd5f8362-52f1-410c-97dc-bbe084c2c8e4,7a5fd02b-2248-4492-bae9-2ab1670894bc,2026-04-13,unavailable,,,2026-04-13T08:54:41.340421+00:00,2026-04-13T08:54:40.863+00:00,,,
0f7e7223-2106-4e60-9622-4af95dfdbf7d,5d083c30-fb85-4d4f-9757-9cda19fc2821,7a5fd02b-2248-4492-bae9-2ab1670894bc,2026-04-13,unavailable,,,2026-04-13T08:54:41.340421+00:00,2026-04-13T08:54:40.863+00:00,,,
3cb02b54-286a-41dc-be89-409e8eea0a47,e63f9153-d195-48fa-b7e7-19ad412c36da,7a5fd02b-2248-4492-bae9-2ab1670894bc,2026-04-13,unavailable,,,2026-04-13T08:54:41.340421+00:00,2026-04-13T08:54:40.863+00:00,,,
096d8bd6-ae2f-41b5-94a1-b680993d066a,314d5849-c300-477e-93a4-bc99aa664c23,7a5fd02b-2248-4492-bae9-2ab1670894bc,2026-04-13,unavailable,,,2026-04-13T08:54:41.340421+00:00,2026-04-13T08:54:40.863+00:00,,,
00ea04b1-54d1-4d38-8a94-480385246e19,afb8cdfd-4cc1-40f7-9f70-df7cbbb78d06,7a5fd02b-2248-4492-bae9-2ab1670894bc,2026-04-13,unavailable,,,2026-04-13T08:54:41.340421+00:00,2026-04-13T08:54:40.863+00:00,,,
5e97e41e-4063-4d68-aeb8-877435b36a4b,66732b90-15ff-4bb5-a9d8-b84ac997d183,7a5fd02b-2248-4492-bae9-2ab1670894bc,2026-04-13,unavailable,,,2026-04-13T08:54:41.340421+00:00,2026-04-13T08:54:40.863+00:00,,,
0605aed2-8ccd-4ea1-a56e-cbe285b9a9a3,29686763-0ead-43f0-9d3a-59f2ccfb2477,7a5fd02b-2248-4492-bae9-2ab1670894bc,2026-04-13,unavailable,,,2026-04-13T08:54:41.340421+00:00,2026-04-13T08:54:40.863+00:00,,,
7c63ce44-78e5-405c-ade8-3c1ab1fdb729,0a960158-e3fa-4ee6-aabd-55578dfe8faa,7a5fd02b-2248-4492-bae9-2ab1670894bc,2026-04-13,unavailable,,,2026-04-13T08:54:41.340421+00:00,2026-04-13T08:54:40.863+00:00,,,
01d8a90a-06ce-4be3-a398-001112fe5471,1dbf367f-4514-48e7-8853-81551967c94d,7a5fd02b-2248-4492-bae9-2ab1670894bc,2026-04-13,unavailable,,,2026-04-13T08:54:41.340421+00:00,2026-04-13T08:54:40.863+00:00,,,
86966a04-d782-4c54-9fb4-e15105bb70a5,52ecfb86-603a-49a2-bed5-ff0ced64f464,7a5fd02b-2248-4492-bae9-2ab1670894bc,2026-04-13,unavailable,,,2026-04-13T08:54:41.340421+00:00,2026-04-13T08:54:40.863+00:00,,,
ff982bca-bf91-4fc5-9c4b-7254c82c33bd,de3020b4-e754-4b71-a352-c99160240de4,7a5fd02b-2248-4492-bae9-2ab1670894bc,2026-04-13,unavailable,,,2026-04-13T08:54:41.340421+00:00,2026-04-13T08:54:40.863+00:00,,,
178dd190-f5a7-4618-a4b3-531c66c62970,d675726f-44a7-475c-9b4b-9ba2bf13996d,7a5fd02b-2248-4492-bae9-2ab1670894bc,2026-04-13,unavailable,,,2026-04-13T08:54:41.340421+00:00,2026-04-13T08:54:40.863+00:00,,,
d4503fd9-cf60-4883-a16c-d18c238b9605,07c6eec6-46c9-4e7c-8cab-a524795d38b7,7a5fd02b-2248-4492-bae9-2ab1670894bc,2026-04-13,unavailable,,,2026-04-13T08:54:41.340421+00:00,2026-04-13T08:54:40.863+00:00,,,
5fe88ca0-d920-4425-b4ee-bb384d1f8976,94301ae3-f29e-44c7-a4e4-94add65ee641,7a5fd02b-2248-4492-bae9-2ab1670894bc,2026-04-13,unavailable,,,2026-04-13T08:54:41.340421+00:00,2026-04-13T08:54:40.863+00:00,,,
b8a5c538-f413-4624-8d84-2d8a8280f752,f3c9bbbe-aef1-46f3-8e9c-83d1d05109d0,7a5fd02b-2248-4492-bae9-2ab1670894bc,2026-04-13,unavailable,,,2026-04-13T08:54:41.340421+00:00,2026-04-13T08:54:40.863+00:00,,,
0ec3e929-8c0b-48cc-a09d-916ae379a72c,60615a17-1ed6-46d4-9ea7-5733ae4770d1,7a5fd02b-2248-4492-bae9-2ab1670894bc,2026-04-13,unavailable,,,2026-04-13T08:54:41.340421+00:00,2026-04-13T08:54:40.863+00:00,,,
72bc6275-8b64-47fc-9de1-293f61c2f11a,dcb732ae-01fa-47ac-8c1d-20b1a9d0b47f,7a5fd02b-2248-4492-bae9-2ab1670894bc,2026-04-13,unavailable,,,2026-04-13T08:54:41.340421+00:00,2026-04-13T08:54:40.863+00:00,,,
5263601d-9131-4dfe-8005-953537f173f4,1231a2f3-61ad-405a-a710-a84a46c2ac8f,7a5fd02b-2248-4492-bae9-2ab1670894bc,2026-04-13,unavailable,,,2026-04-13T08:54:41.340421+00:00,2026-04-13T08:54:40.863+00:00,,,
3b5a004c-57fa-4e83-9035-cca40a8c1693,84c40ee2-5337-4ad7-9f94-14b23375badb,7a5fd02b-2248-4492-bae9-2ab1670894bc,2026-04-13,unavailable,,,2026-04-13T08:54:41.340421+00:00,2026-04-13T08:54:40.863+00:00,,,
0cde61ae-a91b-42bd-b2e9-6454e27d9e2c,d366129f-9ec9-4f9d-a4d9-dd76408778d2,7a5fd02b-2248-4492-bae9-2ab1670894bc,2026-04-13,unavailable,,,2026-04-13T08:54:41.340421+00:00,2026-04-13T08:54:40.863+00:00,,,
d680c772-55d2-4fc5-9078-c4887555f2a5,c2cbd94e-49da-4aa5-b4b5-070bb2aae1de,7a5fd02b-2248-4492-bae9-2ab1670894bc,2026-04-13,unavailable,,,2026-04-13T08:54:41.340421+00:00,2026-04-13T08:54:40.863+00:00,,,
bf358d5d-c2e3-4d91-8f68-36ba742e8ac4,2070ea5c-435b-4080-9a08-46095b69baca,7a5fd02b-2248-4492-bae9-2ab1670894bc,2026-04-13,unavailable,,,2026-04-13T08:54:41.340421+00:00,2026-04-13T08:54:40.863+00:00,,,
a442fced-9202-446f-bfb5-01ca77a139f2,d399f7cb-cd56-4360-9e60-ccab8382fb61,7a5fd02b-2248-4492-bae9-2ab1670894bc,2026-04-13,unavailable,,,2026-04-13T08:54:41.340421+00:00,2026-04-13T08:54:40.863+00:00,,,
f073455e-9bd8-43d7-a630-b26a5d4d24e0,e29757bb-c15b-4791-8b7e-c0e26dbc2d4c,7a5fd02b-2248-4492-bae9-2ab1670894bc,2026-04-13,unavailable,,,2026-04-13T08:54:41.340421+00:00,2026-04-13T08:54:40.863+00:00,,,
3f58a923-04a6-4edb-867d-ed73ee8d1d7c,72322dd6-8045-401b-aa0e-67ed58ebe0ff,7a5fd02b-2248-4492-bae9-2ab1670894bc,2026-04-13,unavailable,,,2026-04-13T08:54:41.340421+00:00,2026-04-13T08:54:40.863+00:00,,,
191aba58-fa46-4849-a173-7faf018e6aad,ad510ff3-14e5-40fa-b454-26ebc4bf299c,7a5fd02b-2248-4492-bae9-2ab1670894bc,2026-04-13,unavailable,,,2026-04-13T08:54:41.340421+00:00,2026-04-13T08:54:40.863+00:00,,,
60ad76ca-0f40-4b0c-81f8-f4c39cb79829,b90584d8-fc78-420b-91e1-490117cd30cd,7a5fd02b-2248-4492-bae9-2ab1670894bc,2026-04-13,unavailable,,,2026-04-13T08:54:41.340421+00:00,2026-04-13T08:54:40.863+00:00,,,
df1e5ec9-31e5-4e03-8575-7aea2b3656c7,dff21156-fd38-405e-a857-e7ad8bffa7f5,7a5fd02b-2248-4492-bae9-2ab1670894bc,2026-04-13,unavailable,,,2026-04-13T08:54:41.340421+00:00,2026-04-13T08:54:40.863+00:00,,,
cd0d7cac-0b66-4692-8da8-4ddf4da0fe50,cde06dcc-2c7a-4476-8a23-469ecb9e3940,7a5fd02b-2248-4492-bae9-2ab1670894bc,2026-04-13,unavailable,,,2026-04-13T08:54:41.340421+00:00,2026-04-13T08:54:40.863+00:00,,,
a3161c0d-1e96-4a62-8aca-ad578f55e4e9,e81c39b6-82fe-4505-b835-ed93e4220988,7a5fd02b-2248-4492-bae9-2ab1670894bc,2026-04-13,unavailable,,,2026-04-13T08:54:41.340421+00:00,2026-04-13T08:54:40.863+00:00,,,
4fbb2e02-ec41-4181-af59-9b6f5779cb2b,11848d52-fa67-4b56-8b9e-87239a753911,7a5fd02b-2248-4492-bae9-2ab1670894bc,2026-04-13,unavailable,,,2026-04-13T08:54:41.340421+00:00,2026-04-13T08:54:40.863+00:00,,,
7908c57b-dfd1-4e49-8434-49bb1fb1ad26,7dde3a19-d1ad-4170-a663-7bd83ee8d3a2,7a5fd02b-2248-4492-bae9-2ab1670894bc,2026-04-13,unavailable,,,2026-04-13T08:54:41.340421+00:00,2026-04-13T08:54:40.863+00:00,,,
b72b64c5-7900-41b0-8000-b01a65108c63,e17fe9fd-652f-4542-8a29-65e80a791a00,7a5fd02b-2248-4492-bae9-2ab1670894bc,2026-04-13,unavailable,,,2026-04-13T08:54:41.340421+00:00,2026-04-13T08:54:40.863+00:00,,,
12f7902a-a076-4879-9f04-65a7c2063ff4,f14e1eaa-9677-4120-b8b5-37209f399915,7a5fd02b-2248-4492-bae9-2ab1670894bc,2026-04-13,unavailable,,,2026-04-13T08:54:41.340421+00:00,2026-04-13T08:54:40.863+00:00,,,
62a1f6f1-10a8-4e0c-91c5-4dea06c5bd59,fb11eb56-4d65-413d-8125-ae24b42ae442,7a5fd02b-2248-4492-bae9-2ab1670894bc,2026-04-13,unavailable,,,2026-04-13T08:54:41.340421+00:00,2026-04-13T08:54:40.863+00:00,,,
a6a21eab-cd6b-4fd1-bd81-b1cd7fea445a,c9f1257a-9015-4783-86de-82819569ea0a,7a5fd02b-2248-4492-bae9-2ab1670894bc,2026-04-13,unavailable,,,2026-04-13T08:54:41.340421+00:00,2026-04-13T08:54:40.863+00:00,,,
f792fa67-f029-43be-8122-9005e2f4d8a3,336fc578-e349-4e59-bcd2-e1c2b1beadb3,7a5fd02b-2248-4492-bae9-2ab1670894bc,2026-04-13,unavailable,,,2026-04-13T08:54:41.340421+00:00,2026-04-13T08:54:40.863+00:00,,,
4ecf9aa9-8a03-47cc-82f4-217f702e82a9,f0c608fc-95ab-4c48-a3ba-877a7937f660,7a5fd02b-2248-4492-bae9-2ab1670894bc,2026-04-13,unavailable,,,2026-04-13T08:54:41.340421+00:00,2026-04-13T08:54:40.863+00:00,,,
938bb0bf-c3e2-4d60-a754-e41b9d41d385,10a1cffa-f6d9-4692-8d99-cec08f07ef0d,7a5fd02b-2248-4492-bae9-2ab1670894bc,2026-04-13,unavailable,,,2026-04-13T08:54:41.340421+00:00,2026-04-13T08:54:40.863+00:00,,,
1e121945-2ed0-4e55-b2cc-20830427f362,0ae60db8-9ea0-479d-aa4a-55755241cad5,7a5fd02b-2248-4492-bae9-2ab1670894bc,2026-04-13,unavailable,,,2026-04-13T08:54:41.340421+00:00,2026-04-13T08:54:40.863+00:00,,,
bb949617-145e-427d-b94c-a4c8924932c9,be637780-281f-4436-8c97-6efb129cfd2b,7a5fd02b-2248-4492-bae9-2ab1670894bc,2026-04-13,unavailable,,,2026-04-13T08:54:41.340421+00:00,2026-04-13T08:54:40.863+00:00,,,
0080eb42-bfb0-4ce9-831e-9bbfbb0280c7,c3916820-1dce-4d0e-a249-f47e95d54255,7a5fd02b-2248-4492-bae9-2ab1670894bc,2026-04-13,unavailable,,,2026-04-13T08:54:41.340421+00:00,2026-04-13T08:54:40.863+00:00,,,
852dd264-7d4d-4ed0-9fb7-07d7b859a3e8,f30e6ede-1de9-4e46-a56d-384b77d3780e,7a5fd02b-2248-4492-bae9-2ab1670894bc,2026-04-13,unavailable,,,2026-04-13T08:54:41.340421+00:00,2026-04-13T08:54:40.863+00:00,,,
3941a23e-2d46-4a9c-a0f7-bb2acca5fe18,f3d61783-a8b2-4f4d-bdca-caa6f8e0e54a,7a5fd02b-2248-4492-bae9-2ab1670894bc,2026-04-13,unavailable,,,2026-04-13T08:54:41.340421+00:00,2026-04-13T08:54:40.863+00:00,,,
e3f82942-0c5a-4111-88b4-7b6babfb1a65,2f002bb7-6444-4ace-87ff-7c547b3f03bd,7a5fd02b-2248-4492-bae9-2ab1670894bc,2026-04-13,unavailable,,,2026-04-13T08:54:41.340421+00:00,2026-04-13T08:54:40.863+00:00,,,
244adacd-e593-4c24-9436-557b1303dec9,0e124df5-de3e-4013-a192-423ea8975de4,7a5fd02b-2248-4492-bae9-2ab1670894bc,2026-04-13,unavailable,,,2026-04-13T08:54:41.340421+00:00,2026-04-13T08:54:40.863+00:00,,,
6a504171-48c9-4ffb-a06b-fb0ba115b981,04912bb8-8ae3-47d1-b26e-21cc9c673432,7a5fd02b-2248-4492-bae9-2ab1670894bc,2026-04-13,unavailable,,,2026-04-13T08:54:41.340421+00:00,2026-04-13T08:54:40.863+00:00,,,
ff9e31da-9cc8-4745-b945-a6107905c4f7,4ced9319-ef22-4afb-8131-15662b65ef52,7a5fd02b-2248-4492-bae9-2ab1670894bc,2026-04-13,unavailable,,,2026-04-13T08:54:41.340421+00:00,2026-04-13T08:54:40.863+00:00,,,
f5996687-1243-41ea-b8da-4ce4a03d3f94,111ca1c2-8e31-471a-bae3-0da35ce73b81,7a5fd02b-2248-4492-bae9-2ab1670894bc,2026-04-13,unavailable,,,2026-04-13T08:54:41.340421+00:00,2026-04-13T08:54:40.863+00:00,,,
462d11f2-8514-474f-908b-162a4f219e6d,e4368078-2f9e-44f5-bafe-48f8b1fa741f,7a5fd02b-2248-4492-bae9-2ab1670894bc,2026-04-13,unavailable,,,2026-04-13T08:54:41.340421+00:00,2026-04-13T08:54:40.863+00:00,,,
9e2ff992-17e8-4b1b-adc8-588d690f6fc3,6176833b-8baf-4d60-84c7-6e2546e070c0,7a5fd02b-2248-4492-bae9-2ab1670894bc,2026-04-13,unavailable,,,2026-04-13T08:54:41.340421+00:00,2026-04-13T08:54:40.863+00:00,,,
cf2bd619-c783-4762-b363-a5141c9f0259,f6145d14-6ea4-47b8-b171-5485403ce4a8,7a5fd02b-2248-4492-bae9-2ab1670894bc,2026-04-13,unavailable,,,2026-04-13T08:54:41.340421+00:00,2026-04-13T08:54:40.863+00:00,,,
d3493ec5-b4fa-4d5a-8882-36a2ca3ff6ee,d37629f0-f0aa-401f-931d-d6af6da3b86c,7a5fd02b-2248-4492-bae9-2ab1670894bc,2026-04-13,unavailable,,,2026-04-13T08:54:41.340421+00:00,2026-04-13T08:54:40.863+00:00,,,
c14736d2-483a-4fab-bca6-8743c086c982,405a5d42-18bf-4fed-9975-efc1f85edb15,7a5fd02b-2248-4492-bae9-2ab1670894bc,2026-04-13,unavailable,,,2026-04-13T08:54:41.340421+00:00,2026-04-13T08:54:40.863+00:00,,,
d3f7c07d-8afe-42e4-9191-dd67623e15fc,309781c4-ed69-40dc-860a-712d7414d66e,7a5fd02b-2248-4492-bae9-2ab1670894bc,2026-04-13,unavailable,,,2026-04-13T08:54:41.340421+00:00,2026-04-13T08:54:40.863+00:00,,,
5d07b11a-2c0f-49e7-b28f-14a250e63973,b0017451-3a96-49f3-9e48-ea4ef19383bf,7a5fd02b-2248-4492-bae9-2ab1670894bc,2026-04-13,unavailable,,,2026-04-13T08:54:41.340421+00:00,2026-04-13T08:54:40.863+00:00,,,
3233249a-8c3d-4138-906d-0ca3855f9d33,25317688-27ec-456d-8b73-c00ff0ad3284,7a5fd02b-2248-4492-bae9-2ab1670894bc,2026-04-13,unavailable,,,2026-04-13T08:54:41.340421+00:00,2026-04-13T08:54:40.863+00:00,,,
f026b47e-65fd-427a-9ef9-c22065ef8a29,048e8a46-b58e-4c8d-9cd8-f93ec8ad107a,7a5fd02b-2248-4492-bae9-2ab1670894bc,2026-04-13,unavailable,,,2026-04-13T08:54:41.340421+00:00,2026-04-13T08:54:40.863+00:00,,,
ceca9111-6116-4c8e-81d6-50748b7f44c9,1fcf3901-e345-4476-b740-0d01c2592627,7a5fd02b-2248-4492-bae9-2ab1670894bc,2026-04-13,unavailable,,,2026-04-13T08:54:41.340421+00:00,2026-04-13T08:54:40.863+00:00,,,
2468718a-6633-4e27-9e4f-cecfd8d00964,81c16996-0b85-475e-a250-65be09ccef20,7a5fd02b-2248-4492-bae9-2ab1670894bc,2026-04-13,unavailable,,,2026-04-13T08:54:41.340421+00:00,2026-04-13T08:54:40.863+00:00,,,
01524ef6-70d3-4a50-b185-d211b29457e7,daddf87a-52e4-4130-bcfb-6c57d484bf4f,7a5fd02b-2248-4492-bae9-2ab1670894bc,2026-04-13,unavailable,,,2026-04-13T08:54:41.340421+00:00,2026-04-13T08:54:40.863+00:00,,,
d61f95fc-c9fe-41fe-827b-beb63a521179,f5639c9e-b6d3-4ba5-a804-c0b05b0eecad,7a5fd02b-2248-4492-bae9-2ab1670894bc,2026-04-13,unavailable,,,2026-04-13T08:54:41.340421+00:00,2026-04-13T08:54:40.863+00:00,,,
97d2f624-7d6a-45ec-ae88-521434adc5fc,b8f48312-5ce2-436f-974e-3f41913ee188,7a5fd02b-2248-4492-bae9-2ab1670894bc,2026-04-13,unavailable,,,2026-04-13T08:54:41.340421+00:00,2026-04-13T08:54:40.863+00:00,,,
fe724409-4060-48ec-a70c-b8d1d703c682,c4880391-d815-4553-ad03-34066e1f1145,7a5fd02b-2248-4492-bae9-2ab1670894bc,2026-04-13,unavailable,,,2026-04-13T08:54:41.340421+00:00,2026-04-13T08:54:40.863+00:00,,,
d5c4a3f5-ae79-41d9-9283-105f2b9ad0bd,2ce5e1a4-8597-4d64-addc-651953a7a868,7a5fd02b-2248-4492-bae9-2ab1670894bc,2026-04-13,unavailable,,,2026-04-13T08:54:41.340421+00:00,2026-04-13T08:54:40.863+00:00,,,
77a665cd-2e94-4ab9-a8f2-b08ba3a17200,69393448-7532-4c5c-afd9-f21c8a87c021,7a5fd02b-2248-4492-bae9-2ab1670894bc,2026-04-13,unavailable,,,2026-04-13T08:54:41.340421+00:00,2026-04-13T08:54:40.863+00:00,,,
d70bb131-d1f1-4aca-b5d3-e46faf61348a,080205a7-44fc-49aa-a1c9-072aa3859d8f,7a5fd02b-2248-4492-bae9-2ab1670894bc,2026-04-13,unavailable,,,2026-04-13T08:54:41.340421+00:00,2026-04-13T08:54:40.863+00:00,,,
ee06f75c-24fb-49dd-85ea-4aace138d05b,2d7c5b8a-f3f9-462d-a7b0-06f5ac2dc976,fbb296de-dba2-4b23-9c3b-5c1285997b41,2026-04-13,available,,,2026-04-12T05:10:18.741985+00:00,2026-04-13T08:54:42.779628+00:00,,,
c6d3c090-20ec-423b-aeef-17e5097da248,3a05fc41-5bd0-49c1-8c7c-21a4a1c6fcf4,fbb296de-dba2-4b23-9c3b-5c1285997b41,2026-04-13,available,,,2026-04-12T05:10:18.741985+00:00,2026-04-13T08:54:42.779628+00:00,,,
25fe9aa7-8cfc-4934-96d5-08380edab42f,80715009-1569-4eb1-bc15-3f1b74e45280,fbb296de-dba2-4b23-9c3b-5c1285997b41,2026-04-13,unavailable,,,2026-04-12T05:10:18.741985+00:00,2026-04-13T08:54:42.779628+00:00,,,
4f0cb2e9-9fbb-4465-b30b-fae87c9bb579,aa1f52af-a81a-43fc-84f2-8739dc579d52,fbb296de-dba2-4b23-9c3b-5c1285997b41,2026-04-13,unavailable,,,2026-04-12T05:10:18.741985+00:00,2026-04-13T08:54:42.779628+00:00,,,
cf35af48-a13e-4f01-8efc-bfee7edd6d7b,70434006-1d15-4b04-aa28-3d45dde2a641,fbb296de-dba2-4b23-9c3b-5c1285997b41,2026-04-13,unavailable,,,2026-04-12T05:10:18.741985+00:00,2026-04-13T08:54:42.779628+00:00,,,
e43f90ba-e160-4136-be42-197977c8d7d7,0abbd494-b25b-4f13-a55e-dcf6db986965,fbb296de-dba2-4b23-9c3b-5c1285997b41,2026-04-13,unavailable,,,2026-04-12T05:10:18.741985+00:00,2026-04-13T08:54:42.779628+00:00,,,
baf4cc5e-81a3-4a91-86b8-1be064ab7833,bcd7e7fd-91d0-47a4-a561-3327481cd9ed,fbb296de-dba2-4b23-9c3b-5c1285997b41,2026-04-13,unavailable,,,2026-04-12T05:10:18.741985+00:00,2026-04-13T08:54:42.779628+00:00,,,
387f20d1-dda9-45af-9796-5282f1acfba7,62ef1b1f-0f0c-4ea8-ae97-8262c836aca4,fbb296de-dba2-4b23-9c3b-5c1285997b41,2026-04-13,unavailable,,,2026-04-12T05:10:18.741985+00:00,2026-04-13T08:54:42.779628+00:00,,,
3df17a26-430c-43db-aa10-c61673efa93e,b7208d85-35b3-448f-8cbe-35500f1559dd,fbb296de-dba2-4b23-9c3b-5c1285997b41,2026-04-13,unavailable,,,2026-04-12T05:10:18.741985+00:00,2026-04-13T08:54:42.779628+00:00,,,
7419afc7-bb93-4002-b72d-efc5fadde9b5,20a2301c-797c-4953-9efd-b28ccf27e775,fbb296de-dba2-4b23-9c3b-5c1285997b41,2026-04-13,unavailable,,,2026-04-12T05:10:18.741985+00:00,2026-04-13T08:54:42.779628+00:00,,,
95a99d86-f800-452d-b36f-cca11f4928d0,40b5c780-6569-4806-8e95-e2c92eaa87c9,fbb296de-dba2-4b23-9c3b-5c1285997b41,2026-04-13,available,,,2026-04-12T05:10:18.741985+00:00,2026-04-13T08:54:42.779628+00:00,,,
85074d6a-80ef-4c2a-87b7-58aff12a002b,d78ec394-051b-4132-aa11-92a24197f565,fbb296de-dba2-4b23-9c3b-5c1285997b41,2026-04-13,unavailable,,,2026-04-12T05:10:18.741985+00:00,2026-04-13T08:54:42.779628+00:00,,,
146b75f4-68f3-4291-853b-35f11550e437,4f62f2d1-3fe0-4f77-a6e4-747bc5e8c87e,fbb296de-dba2-4b23-9c3b-5c1285997b41,2026-04-13,unavailable,,,2026-04-12T05:10:18.741985+00:00,2026-04-13T08:54:42.779628+00:00,,,
8e1bdd43-8232-4ceb-8900-c12a540723e2,105a17f7-180a-4bb1-825c-6144eae25b9b,fbb296de-dba2-4b23-9c3b-5c1285997b41,2026-04-13,unavailable,,,2026-04-12T05:10:18.741985+00:00,2026-04-13T08:54:42.779628+00:00,,,
2e378ccc-c16c-4eca-b49b-5592259fad48,b56af66b-bf5b-40d8-9c9c-da4455afe5e3,fbb296de-dba2-4b23-9c3b-5c1285997b41,2026-04-13,unavailable,,,2026-04-12T05:10:18.741985+00:00,2026-04-13T08:54:42.779628+00:00,,,
89faef45-9b49-4aab-b1ab-332aa7f3fdf5,e61bb04a-6523-4f0a-b945-dae17b2ab3c6,fbb296de-dba2-4b23-9c3b-5c1285997b41,2026-04-13,unavailable,,,2026-04-12T05:10:18.741985+00:00,2026-04-13T08:54:42.779628+00:00,,,
16ea3499-5c63-4d02-ac6c-fe28dcb671be,1ef573f5-82a5-437f-b478-f09a7c3a3b06,fbb296de-dba2-4b23-9c3b-5c1285997b41,2026-04-13,unavailable,,,2026-04-12T05:10:18.741985+00:00,2026-04-13T08:54:42.779628+00:00,,,
3953ea3d-ad3e-472f-bb5a-417b2a7e135f,fc567f21-d1c4-4360-90b4-2837eaf9e2e8,fbb296de-dba2-4b23-9c3b-5c1285997b41,2026-04-13,unavailable,,,2026-04-12T05:10:18.741985+00:00,2026-04-13T08:54:42.779628+00:00,,,
5032535c-29b0-4c2d-b6a5-00b9ea67043b,1fba7f38-e8ac-4d0a-a165-40681248749a,fbb296de-dba2-4b23-9c3b-5c1285997b41,2026-04-13,unavailable,,,2026-04-12T05:10:18.741985+00:00,2026-04-13T08:54:42.779628+00:00,,,
2b8d599f-d6dc-45d4-9827-e682cdf5e40f,a2039f51-91f6-4381-a452-6b9f6c351a31,fbb296de-dba2-4b23-9c3b-5c1285997b41,2026-04-13,unavailable,,,2026-04-12T05:10:18.741985+00:00,2026-04-13T08:54:42.779628+00:00,,,
94fd7504-8d8a-41de-8aff-496f7b519313,d4056769-a0cc-4a7e-9ca6-7a0f6d868df5,fbb296de-dba2-4b23-9c3b-5c1285997b41,2026-04-13,unavailable,,,2026-04-12T05:10:18.741985+00:00,2026-04-13T08:54:42.779628+00:00,,,
9ca14d8b-d2a1-4d5f-bc2a-61e34854af7c,2c6f9099-8630-4310-9a1c-b81f5170e839,fbb296de-dba2-4b23-9c3b-5c1285997b41,2026-04-13,unavailable,,,2026-04-12T05:10:18.741985+00:00,2026-04-13T08:54:42.779628+00:00,,,
4830ebd1-c66a-4661-a0a2-48a28468bcdc,772df8d5-6962-487a-99d2-78d6ef150e85,fbb296de-dba2-4b23-9c3b-5c1285997b41,2026-04-13,unavailable,,,2026-04-12T05:10:18.741985+00:00,2026-04-13T08:54:42.779628+00:00,,,
8ab7c67e-04bc-494b-aba9-5a01e2f5b2c3,a02772eb-54d3-4b3f-97a6-223043efe589,fbb296de-dba2-4b23-9c3b-5c1285997b41,2026-04-13,unavailable,,,2026-04-12T05:10:18.741985+00:00,2026-04-13T08:54:42.779628+00:00,,,
50fe6c01-6cf5-4842-881d-98ac0b673e4b,1cd8cacb-9218-4990-9bbf-a2e7ce216f54,fbb296de-dba2-4b23-9c3b-5c1285997b41,2026-04-13,unavailable,,,2026-04-12T05:10:18.741985+00:00,2026-04-13T08:54:42.779628+00:00,,,
c050cd89-708c-4b90-b94b-0e2e7ce4b290,942cbf39-99e6-40cd-8034-2eacf88611f2,fbb296de-dba2-4b23-9c3b-5c1285997b41,2026-04-13,unavailable,,,2026-04-12T05:10:18.741985+00:00,2026-04-13T08:54:42.779628+00:00,,,
5d6bf986-e8dc-419b-94f9-3a5db4d19022,5d2be0b1-c8e4-4de7-becc-b24c8655215d,fbb296de-dba2-4b23-9c3b-5c1285997b41,2026-04-13,unavailable,,,2026-04-12T05:10:18.741985+00:00,2026-04-13T08:54:42.779628+00:00,,,
8416a88b-025b-4047-b49b-ffecc07997be,ff117f7e-e829-4c9b-94be-583211e2b8eb,fbb296de-dba2-4b23-9c3b-5c1285997b41,2026-04-13,unavailable,,,2026-04-12T05:10:18.741985+00:00,2026-04-13T08:54:42.779628+00:00,,,
ea189d70-efba-4854-9a8d-5560188645b7,47a0a430-3e3c-4cb4-85c9-47cc22a0b918,fbb296de-dba2-4b23-9c3b-5c1285997b41,2026-04-13,unavailable,,,2026-04-12T05:10:18.741985+00:00,2026-04-13T08:54:42.779628+00:00,,,
dcd6de31-9f53-4564-a5a5-992440fb520a,a5ac6324-2319-4372-a71b-2fcd580315da,fbb296de-dba2-4b23-9c3b-5c1285997b41,2026-04-13,unavailable,,,2026-04-12T05:10:18.741985+00:00,2026-04-13T08:54:42.779628+00:00,,,
c5ef17c0-fd77-4f55-ab97-ea3117233941,9da89b63-0331-4cc7-a3cd-61ca235b49f7,fbb296de-dba2-4b23-9c3b-5c1285997b41,2026-04-13,unavailable,,,2026-04-12T05:10:18.741985+00:00,2026-04-13T08:54:42.779628+00:00,,,
549da820-10b1-4c6a-bafa-af22a2866357,c6110ff1-93d1-471e-b0b1-bdb584068e25,fbb296de-dba2-4b23-9c3b-5c1285997b41,2026-04-13,unavailable,,,2026-04-12T05:10:18.741985+00:00,2026-04-13T08:54:42.779628+00:00,,,
c249af2a-251f-4076-b7c2-9b34b38501a4,f64ae6e9-98b8-4d49-96ba-8d2b7cb99216,fbb296de-dba2-4b23-9c3b-5c1285997b41,2026-04-13,unavailable,,,2026-04-12T05:10:18.741985+00:00,2026-04-13T08:54:42.779628+00:00,,,
9699fb2f-5d58-4966-90f7-12aec7b3814e,267a7ea2-953e-49dd-8b14-79e115a8efc7,fbb296de-dba2-4b23-9c3b-5c1285997b41,2026-04-13,unavailable,,,2026-04-12T05:10:18.741985+00:00,2026-04-13T08:54:42.779628+00:00,,,
94e61d74-5c52-43ab-a9e8-38a45b8954ec,1b643468-628a-4ec8-a769-b0ae8bc8af71,fbb296de-dba2-4b23-9c3b-5c1285997b41,2026-04-13,unavailable,,,2026-04-12T05:10:18.741985+00:00,2026-04-13T08:54:42.779628+00:00,,,
c755056d-e2ed-4af6-ac26-5467dc43d24a,ba787ccf-f590-4338-a42d-06071e35b23c,fbb296de-dba2-4b23-9c3b-5c1285997b41,2026-04-13,unavailable,,,2026-04-12T05:10:18.741985+00:00,2026-04-13T08:54:42.779628+00:00,,,
a91a7ab0-7fa2-4935-b162-413e79cb58da,aa3c24a5-eb55-4d6d-98a6-1c461b8b808c,fbb296de-dba2-4b23-9c3b-5c1285997b41,2026-04-13,unavailable,,,2026-04-12T05:10:18.741985+00:00,2026-04-13T08:54:42.779628+00:00,,,
aa94006c-04a4-48a0-9cdd-90176c5e6ffe,44bdbde8-576d-4d7f-b668-d2f2bf72fb2e,fbb296de-dba2-4b23-9c3b-5c1285997b41,2026-04-13,unavailable,,,2026-04-12T05:10:18.741985+00:00,2026-04-13T08:54:42.779628+00:00,,,
5d740151-84d6-41c9-9f7f-62e6252c5c79,5da6dc1f-43a1-4182-bea0-4d1036c97b6d,fbb296de-dba2-4b23-9c3b-5c1285997b41,2026-04-13,unavailable,,,2026-04-12T05:10:18.741985+00:00,2026-04-13T08:54:42.779628+00:00,,,
f766c8d8-76de-4b48-9a26-befc602371d8,49e1f495-eb85-494c-8013-2e0fdceeb50c,fbb296de-dba2-4b23-9c3b-5c1285997b41,2026-04-13,unavailable,,,2026-04-12T05:10:18.741985+00:00,2026-04-13T08:54:42.779628+00:00,,,
772178c0-edd3-487e-9ba6-f55703147002,3523ac42-08ca-43c3-97ae-7ecde7cdb297,fbb296de-dba2-4b23-9c3b-5c1285997b41,2026-04-13,unavailable,,,2026-04-12T05:10:18.741985+00:00,2026-04-13T08:54:42.779628+00:00,,,
a42a5384-4b50-4074-9ca8-70b48deeddd4,6a383d81-af24-4d74-a14e-ec5dd8b4653d,fbb296de-dba2-4b23-9c3b-5c1285997b41,2026-04-13,unavailable,,,2026-04-12T05:10:18.741985+00:00,2026-04-13T08:54:42.779628+00:00,,,
581a95cf-b780-440c-bc69-393fc8969540,21d117ac-f8fb-45fd-bf02-a0f11942e9a3,fbb296de-dba2-4b23-9c3b-5c1285997b41,2026-04-13,unavailable,,,2026-04-12T05:10:18.741985+00:00,2026-04-13T08:54:42.779628+00:00,,,
77ee1f6e-1f1e-42e0-b71b-12076380a3f0,5d480edd-15b4-4457-b01b-8b369f82cae4,fbb296de-dba2-4b23-9c3b-5c1285997b41,2026-04-13,unavailable,,,2026-04-12T05:10:18.741985+00:00,2026-04-13T08:54:42.779628+00:00,,,
d05b218b-3e8c-4336-8fff-c4ebcb30bc0b,b0d98b9a-7524-48e8-89b3-d8a93d7340c8,fbb296de-dba2-4b23-9c3b-5c1285997b41,2026-04-13,unavailable,,,2026-04-12T05:10:18.741985+00:00,2026-04-13T08:54:42.779628+00:00,,,
aedec083-9aec-4b74-95be-44f883c41314,cafd9f72-ec03-41b9-9660-321eb178895e,fbb296de-dba2-4b23-9c3b-5c1285997b41,2026-04-13,unavailable,,,2026-04-12T05:10:18.741985+00:00,2026-04-13T08:54:42.779628+00:00,,,
a29007b8-1ae5-41e9-ae97-bf8852565555,09a16f0b-ece0-4ad2-918d-5fef33c1becd,fbb296de-dba2-4b23-9c3b-5c1285997b41,2026-04-13,unavailable,,,2026-04-12T05:10:18.741985+00:00,2026-04-13T08:54:42.779628+00:00,,,
7b84cedf-8f9a-4e38-8e74-7f2872b255e3,3094309a-9f88-431b-8e3e-a2c8dfade33d,fbb296de-dba2-4b23-9c3b-5c1285997b41,2026-04-13,unavailable,,,2026-04-12T05:10:18.741985+00:00,2026-04-13T08:54:42.779628+00:00,,,
17c949a2-643a-441a-b4d9-c94e0e6e004a,f928dfeb-fbe7-4518-a98a-0d77b37478dc,fbb296de-dba2-4b23-9c3b-5c1285997b41,2026-04-13,unavailable,,,2026-04-12T05:10:18.741985+00:00,2026-04-13T08:54:42.779628+00:00,,,
1b50c906-1f44-45f2-8a75-107d79725735,0299c9ab-abbe-49fa-a8ea-2f63027fb6f5,fbb296de-dba2-4b23-9c3b-5c1285997b41,2026-04-13,unavailable,,,2026-04-12T05:10:18.741985+00:00,2026-04-13T08:54:42.779628+00:00,,,
bdb1c68a-cea7-46f8-ab4e-3344c76f2244,bad52eee-5a53-493c-9760-b6beca52b9cb,fbb296de-dba2-4b23-9c3b-5c1285997b41,2026-04-13,unavailable,,,2026-04-12T05:10:18.741985+00:00,2026-04-13T08:54:42.779628+00:00,,,
5b2547f8-55e1-4d4e-9a62-724ecdcb4432,7308a611-e53e-46be-bf03-8b6ba3d6776d,fbb296de-dba2-4b23-9c3b-5c1285997b41,2026-04-13,unavailable,,,2026-04-12T05:10:18.741985+00:00,2026-04-13T08:54:42.779628+00:00,,,
0789f823-74d5-4b3b-a0b4-00b3dfa0c61d,78352cbe-90e6-4e26-8e68-95ff4931e2a4,fbb296de-dba2-4b23-9c3b-5c1285997b41,2026-04-13,unavailable,,,2026-04-12T05:10:18.741985+00:00,2026-04-13T08:54:42.779628+00:00,,,
08a9bce3-c566-44a0-ad35-6e36e6c8ae40,02e3c03b-5da1-4900-9a00-7c22f8e54505,fbb296de-dba2-4b23-9c3b-5c1285997b41,2026-04-13,unavailable,,,2026-04-12T05:10:18.741985+00:00,2026-04-13T08:54:42.779628+00:00,,,
04f5efe1-5bfe-4ecc-9972-0cb2558814c3,eca26cbb-d6eb-4cf3-bded-833d0c82c2cc,fbb296de-dba2-4b23-9c3b-5c1285997b41,2026-04-13,unavailable,,,2026-04-12T05:10:18.741985+00:00,2026-04-13T08:54:42.779628+00:00,,,
ecae5476-dd60-4bb7-8f1f-8daba52da161,2f3c7437-50fb-4e17-a781-08f140fa8f77,fbb296de-dba2-4b23-9c3b-5c1285997b41,2026-04-13,unavailable,,,2026-04-12T05:10:18.741985+00:00,2026-04-13T08:54:42.779628+00:00,,,
c5aae980-608c-4ffb-8a01-552b8afeccfa,0a36520c-f191-437c-9745-c85a53861102,fbb296de-dba2-4b23-9c3b-5c1285997b41,2026-04-13,unavailable,,,2026-04-12T05:10:18.741985+00:00,2026-04-13T08:54:42.779628+00:00,,,
e7d1645e-bb8c-4fd3-98d2-500f30161b9c,feaad469-a829-41b2-988e-5efed6c64b6c,fbb296de-dba2-4b23-9c3b-5c1285997b41,2026-04-13,unavailable,,,2026-04-12T05:10:18.741985+00:00,2026-04-13T08:54:42.779628+00:00,,,
29d3a3da-1cb5-4bbc-a7d4-cabc1c3641ff,3cb29cc2-866b-4360-90a3-15d01db8714a,fbb296de-dba2-4b23-9c3b-5c1285997b41,2026-04-13,unavailable,,,2026-04-12T05:10:18.741985+00:00,2026-04-13T08:54:42.779628+00:00,,,
ee6e775d-8e29-416e-9ec1-9dc6267fe217,89deecdc-4aaf-4b43-9716-bc54563a3e98,fbb296de-dba2-4b23-9c3b-5c1285997b41,2026-04-13,unavailable,,,2026-04-12T05:10:18.741985+00:00,2026-04-13T08:54:42.779628+00:00,,,
341bbf5a-d1a0-46e2-9d91-53c1a4c3f57b,b11df9b7-4ce3-409d-9a00-1ccc44bf334f,fbb296de-dba2-4b23-9c3b-5c1285997b41,2026-04-13,unavailable,,,2026-04-12T05:10:18.741985+00:00,2026-04-13T08:54:42.779628+00:00,,,
62fc5b38-5397-4569-a7c3-6568da5aa1a8,47c5aed7-be06-44b8-8ca9-c898e5aeea76,fbb296de-dba2-4b23-9c3b-5c1285997b41,2026-04-13,unavailable,,,2026-04-12T05:10:18.741985+00:00,2026-04-13T08:54:42.779628+00:00,,,
ad5a319b-1b6b-4451-bfd0-91f28514ae1f,66056ffe-bed5-4f29-9efc-b3451224d474,fbb296de-dba2-4b23-9c3b-5c1285997b41,2026-04-13,unavailable,,,2026-04-12T05:10:18.741985+00:00,2026-04-13T08:54:42.779628+00:00,,,
1433851c-6df4-4a11-9d7e-50baec480b08,2c6d8e1e-5fca-4ef0-8171-db565a70bb02,fbb296de-dba2-4b23-9c3b-5c1285997b41,2026-04-13,unavailable,,,2026-04-12T05:10:18.741985+00:00,2026-04-13T08:54:42.779628+00:00,,,
02cb9e3b-544a-4de5-8d55-a599dad8377f,4cb1a70a-69ff-40a0-a510-294ba986d499,fbb296de-dba2-4b23-9c3b-5c1285997b41,2026-04-13,unavailable,,,2026-04-12T05:10:18.741985+00:00,2026-04-13T08:54:42.779628+00:00,,,
f2339d6b-a84e-486f-bb36-9027658e8089,51bd07e8-04c4-4564-af34-8d952def0f8d,fbb296de-dba2-4b23-9c3b-5c1285997b41,2026-04-13,unavailable,,,2026-04-12T05:10:18.741985+00:00,2026-04-13T08:54:42.779628+00:00,,,
7fcc4eb0-1711-4316-b8fb-63a96a33c068,7de4b628-ab0b-4d70-96e8-d8b7f23fbfdd,fbb296de-dba2-4b23-9c3b-5c1285997b41,2026-04-13,available,,,2026-04-12T05:10:18.741985+00:00,2026-04-13T08:54:42.779628+00:00,,,
a33499ed-d85f-4629-8e96-b447dbaf19fb,abe101e7-ab70-43a7-bba2-e161bcd2b73e,fbb296de-dba2-4b23-9c3b-5c1285997b41,2026-04-13,unavailable,,,2026-04-12T05:10:18.741985+00:00,2026-04-13T08:54:42.779628+00:00,,,
a64e9a0c-fa47-45ce-91b3-30f5a085128c,45a1142b-7760-4e8c-a1af-989c15a5fdc4,fbb296de-dba2-4b23-9c3b-5c1285997b41,2026-04-13,available,,,2026-04-12T05:10:18.741985+00:00,2026-04-13T08:54:42.779628+00:00,,,
e42cfa3c-9bc8-4f4c-929d-9777ad37f35b,5b3f4657-21b0-44a7-8f0a-3f0ecd43f712,fbb296de-dba2-4b23-9c3b-5c1285997b41,2026-04-13,unavailable,,,2026-04-12T05:10:18.741985+00:00,2026-04-13T08:54:42.779628+00:00,,,
037959f3-52a4-4214-9017-05410700793c,fc189420-99ea-4786-a143-2314e7653949,fbb296de-dba2-4b23-9c3b-5c1285997b41,2026-04-13,unavailable,,,2026-04-12T05:10:18.741985+00:00,2026-04-13T08:54:42.779628+00:00,,,
7c83358a-b450-450b-ad50-d2b556c9a82e,9bc2c597-4686-47a2-bdce-22b9ce02d3dd,fbb296de-dba2-4b23-9c3b-5c1285997b41,2026-04-13,unavailable,,,2026-04-12T05:10:18.741985+00:00,2026-04-13T08:54:42.779628+00:00,,,
ea32b1a3-37ef-4274-8475-80235275c7a0,10c6b8e6-72c6-4198-8dbb-9afc48473d68,fbb296de-dba2-4b23-9c3b-5c1285997b41,2026-04-13,unavailable,,,2026-04-12T05:10:18.741985+00:00,2026-04-13T08:54:42.779628+00:00,,,
46672779-e382-4101-97a6-87c6d70e80c1,c8b51b5d-7fe1-40db-ad18-7b79258828a1,fbb296de-dba2-4b23-9c3b-5c1285997b41,2026-04-13,unavailable,,,2026-04-12T05:10:18.741985+00:00,2026-04-13T08:54:42.779628+00:00,,,
7c613a99-c3cd-4e62-b87e-09674199ac1f,6f6dcd58-46f9-4796-8b12-f65aeb26ab1e,fbb296de-dba2-4b23-9c3b-5c1285997b41,2026-04-13,unavailable,,,2026-04-12T05:10:18.741985+00:00,2026-04-13T08:54:42.779628+00:00,,,
13cd30f5-4a09-4043-9b88-60d3f5180f5f,188cfea9-8ce2-4ee6-aa4a-8ace3bb24307,fbb296de-dba2-4b23-9c3b-5c1285997b41,2026-04-13,unavailable,,,2026-04-12T05:10:18.741985+00:00,2026-04-13T08:54:42.779628+00:00,,,
57208e23-ab36-49cb-a30c-9c39083dd51d,bb521bcd-ab51-4458-86ef-2f2b3e9dd4d7,fbb296de-dba2-4b23-9c3b-5c1285997b41,2026-04-13,unavailable,,,2026-04-12T05:10:18.741985+00:00,2026-04-13T08:54:42.779628+00:00,,,
c148d12c-d947-4d99-835a-0c48a069d759,28939fc7-49c1-4151-b66e-c707529eb24b,fbb296de-dba2-4b23-9c3b-5c1285997b41,2026-04-13,unavailable,,,2026-04-12T05:10:18.741985+00:00,2026-04-13T08:54:42.779628+00:00,,,
d368e464-637a-4c1e-a242-7b4c7021baa8,ecbae0c7-4bea-436b-9f87-b80c26ec150f,fbb296de-dba2-4b23-9c3b-5c1285997b41,2026-04-13,unavailable,,,2026-04-12T05:10:18.741985+00:00,2026-04-13T08:54:42.779628+00:00,,,
4083ae98-ea73-4827-96f7-b929a3241db7,4e678c0c-345b-4cad-8f84-08fb2e61cccd,fbb296de-dba2-4b23-9c3b-5c1285997b41,2026-04-13,unavailable,,,2026-04-12T05:10:18.741985+00:00,2026-04-13T08:54:42.779628+00:00,,,
6dd1df9a-072c-4b38-a587-435272670ae0,acc2e31f-8c70-4ae8-82e0-30c047f6bc1f,fbb296de-dba2-4b23-9c3b-5c1285997b41,2026-04-13,unavailable,,,2026-04-12T05:10:18.741985+00:00,2026-04-13T08:54:42.779628+00:00,,,
86db1f9b-8cf4-4f42-868b-7b5a02de20d7,8e08ef07-dafc-46a6-8d05-a8ed0e1cb79c,fbb296de-dba2-4b23-9c3b-5c1285997b41,2026-04-13,unavailable,,,2026-04-12T05:10:18.741985+00:00,2026-04-13T08:54:42.779628+00:00,,,
bb590a5b-6b1c-48b1-81f1-8ab0a6a5500e,5faef9e7-1115-4fbf-a391-fc83e8635b70,fbb296de-dba2-4b23-9c3b-5c1285997b41,2026-04-13,unavailable,,,2026-04-12T05:10:18.741985+00:00,2026-04-13T08:54:42.779628+00:00,,,
b88eb312-1d39-4af2-93b9-bcd6dab3bf36,53d4c1e2-c93c-4f45-8fb1-f0bd64ef921e,fbb296de-dba2-4b23-9c3b-5c1285997b41,2026-04-13,unavailable,,,2026-04-12T05:10:18.741985+00:00,2026-04-13T08:54:42.779628+00:00,,,
ca719136-68c1-43a1-8d1e-a4da54b8227e,953a114e-45a0-47ca-8ac0-c0e188cd65c2,fbb296de-dba2-4b23-9c3b-5c1285997b41,2026-04-13,unavailable,,,2026-04-12T05:10:18.741985+00:00,2026-04-13T08:54:42.779628+00:00,,,
28c73f9d-a8bc-46dc-a670-8c7bea42c66f,25149f32-ee59-48d7-a941-9f6c35ca2855,fbb296de-dba2-4b23-9c3b-5c1285997b41,2026-04-13,unavailable,,,2026-04-12T05:10:18.741985+00:00,2026-04-13T08:54:42.779628+00:00,,,
c6f41a81-862a-414a-971b-cfb6e0bd1bc7,a3d78333-79fb-4040-8a2f-6f43aa351556,fbb296de-dba2-4b23-9c3b-5c1285997b41,2026-04-13,unavailable,,,2026-04-12T05:10:18.741985+00:00,2026-04-13T08:54:42.779628+00:00,,,
21a61a44-e144-41e7-8bb4-5ba422b35189,e466e1b5-0324-484f-be32-9f1e792d73e0,fbb296de-dba2-4b23-9c3b-5c1285997b41,2026-04-13,unavailable,,,2026-04-12T05:10:18.741985+00:00,2026-04-13T08:54:42.779628+00:00,,,
52f9f1a3-56e1-43fe-bc21-9ef0537f3d04,afb9bf7c-248b-4142-8e01-029b5cbbd4c5,fbb296de-dba2-4b23-9c3b-5c1285997b41,2026-04-13,unavailable,,,2026-04-12T05:10:18.741985+00:00,2026-04-13T08:54:42.779628+00:00,,,
0e20dbeb-b1e5-4493-a0e9-86156720ecab,dea0d41c-bb8b-4b5d-a829-28e07fff0010,fbb296de-dba2-4b23-9c3b-5c1285997b41,2026-04-13,unavailable,,,2026-04-12T05:10:18.741985+00:00,2026-04-13T08:54:42.779628+00:00,,,
d5e9fd18-f974-406f-97b3-5785053e8581,b67bd172-bbd0-48ef-9cda-9d458718bae0,fbb296de-dba2-4b23-9c3b-5c1285997b41,2026-04-13,unavailable,,,2026-04-12T05:10:18.741985+00:00,2026-04-13T08:54:42.779628+00:00,,,
e38418f2-770c-4c9f-8527-831c890e9964,31bb4896-e136-4f61-8c9a-44f45a24b9db,fbb296de-dba2-4b23-9c3b-5c1285997b41,2026-04-13,unavailable,,,2026-04-12T05:10:18.741985+00:00,2026-04-13T08:54:42.779628+00:00,,,
92582ccd-1734-4439-be2a-6f9fa26ed0d6,e6c3b55d-0838-4760-b4e8-30ec6b724c69,fbb296de-dba2-4b23-9c3b-5c1285997b41,2026-04-13,unavailable,,,2026-04-12T05:10:18.741985+00:00,2026-04-13T08:54:42.779628+00:00,,,
904d9198-1205-44a5-9f50-3ace2834914e,b4e55d8f-e956-442f-a4ad-595da88885fb,fbb296de-dba2-4b23-9c3b-5c1285997b41,2026-04-13,unavailable,,,2026-04-12T05:10:18.741985+00:00,2026-04-13T08:54:42.779628+00:00,,,
871c0894-9219-4409-be5d-0674d2db6d7a,6058be35-369e-435d-8373-442cac7b65f8,fbb296de-dba2-4b23-9c3b-5c1285997b41,2026-04-13,unavailable,,,2026-04-12T05:10:18.741985+00:00,2026-04-13T08:54:42.779628+00:00,,,
75b93499-f492-41d4-a5fe-06caf78ba8a6,9adeb556-ece2-498f-abb0-869e7ea01aa8,fbb296de-dba2-4b23-9c3b-5c1285997b41,2026-04-13,unavailable,,,2026-04-12T05:10:18.741985+00:00,2026-04-13T08:54:42.779628+00:00,,,
a675e10d-1381-4a44-bc9e-7df267b636b4,bfa7d4bd-6923-4d5f-9b63-2801c4cd92b2,fbb296de-dba2-4b23-9c3b-5c1285997b41,2026-04-13,unavailable,,,2026-04-12T05:10:18.741985+00:00,2026-04-13T08:54:42.779628+00:00,,,
18f00e50-10ea-443c-9da1-8a85c0bd3130,bf479c71-9394-4a55-b9ac-c81c237fa309,fbb296de-dba2-4b23-9c3b-5c1285997b41,2026-04-13,unavailable,,,2026-04-12T05:10:18.741985+00:00,2026-04-13T08:54:42.779628+00:00,,,
52929cfa-72a2-454e-a31c-e17faf8791b4,4d8341f1-1d5f-49e5-95e6-bda4f2816a28,fbb296de-dba2-4b23-9c3b-5c1285997b41,2026-04-13,unavailable,,,2026-04-12T05:10:18.741985+00:00,2026-04-13T08:54:42.779628+00:00,,,
037a211e-e037-48f1-8853-f80316e8bf6a,f6723b26-0b45-4a30-bfa8-1ee732565796,fbb296de-dba2-4b23-9c3b-5c1285997b41,2026-04-13,unavailable,,,2026-04-12T05:10:18.741985+00:00,2026-04-13T08:54:42.779628+00:00,,,
c9d6184a-5cdd-4e40-af5b-74384aa53f98,6d8db724-4152-43b2-bf1b-ca96881952e6,fbb296de-dba2-4b23-9c3b-5c1285997b41,2026-04-13,unavailable,,,2026-04-12T05:10:18.741985+00:00,2026-04-13T08:54:42.779628+00:00,,,
20d2514b-4d60-4609-bc92-3335ee84921a,5aace772-3b44-4925-820b-042fba96ee1b,fbb296de-dba2-4b23-9c3b-5c1285997b41,2026-04-13,unavailable,,,2026-04-12T05:10:18.741985+00:00,2026-04-13T08:54:42.779628+00:00,,,
64f2fe8c-29ce-4a55-b90d-8a32fecda9da,c884d033-d490-4ccb-ba1f-646407b6ab42,fbb296de-dba2-4b23-9c3b-5c1285997b41,2026-04-13,unavailable,,,2026-04-12T05:10:18.741985+00:00,2026-04-13T08:54:42.779628+00:00,,,
4a6689dc-bb10-45f5-b537-1eef62f5ae4f,ddb4593f-6ae9-4e1d-b64b-9c0d989de317,fbb296de-dba2-4b23-9c3b-5c1285997b41,2026-04-13,unavailable,,,2026-04-12T05:10:18.741985+00:00,2026-04-13T08:54:42.779628+00:00,,,
719c96fe-f195-4115-826c-a20a7be2b591,1e313572-571e-46b4-b012-80449350cf3f,fbb296de-dba2-4b23-9c3b-5c1285997b41,2026-04-13,unavailable,,,2026-04-12T05:10:18.741985+00:00,2026-04-13T08:54:42.779628+00:00,,,
d54d3fe6-bbec-4809-8032-d3f924926c43,95a59580-6440-4afa-95b7-90e438e0b33b,fbb296de-dba2-4b23-9c3b-5c1285997b41,2026-04-13,unavailable,,,2026-04-12T05:10:18.741985+00:00,2026-04-13T08:54:42.779628+00:00,,,
2eed05a2-01f6-42ae-a365-d1a705b27861,1ce0b2b8-6262-4b17-98f9-60bed3365ecb,fbb296de-dba2-4b23-9c3b-5c1285997b41,2026-04-13,unavailable,,,2026-04-12T05:10:18.741985+00:00,2026-04-13T08:54:42.779628+00:00,,,
9a7313a4-0a58-446e-a185-0e0d968818ec,d9bf2e1e-2f9d-4952-97aa-c74fdd095b34,fbb296de-dba2-4b23-9c3b-5c1285997b41,2026-04-13,unavailable,,,2026-04-12T05:10:18.741985+00:00,2026-04-13T08:54:42.779628+00:00,,,
79e33519-a8c3-447d-baee-aabe4842d5b3,4af25fcb-085b-4071-97d0-4af42e4a5f0b,fbb296de-dba2-4b23-9c3b-5c1285997b41,2026-04-13,unavailable,,,2026-04-12T05:10:18.741985+00:00,2026-04-13T08:54:42.779628+00:00,,,
53b42140-d230-478b-9f24-aac086890f12,d04984bc-eb16-411e-8c99-ba6beb94db3c,fbb296de-dba2-4b23-9c3b-5c1285997b41,2026-04-13,unavailable,,,2026-04-12T05:10:18.741985+00:00,2026-04-13T08:54:42.779628+00:00,,,
d7328f1d-48ad-4ef6-940c-3e1a2c74bbe6,dfcf3978-e149-42ff-90c3-5ee66fc11c77,fbb296de-dba2-4b23-9c3b-5c1285997b41,2026-04-13,unavailable,,,2026-04-12T05:10:18.741985+00:00,2026-04-13T08:54:42.779628+00:00,,,
af2f7ce5-373d-46eb-a757-3c3ce0613c2a,f0fe9b25-dd6c-40ca-b3a2-5ad353a1c66e,fbb296de-dba2-4b23-9c3b-5c1285997b41,2026-04-13,unavailable,,,2026-04-12T05:10:18.741985+00:00,2026-04-13T08:54:42.779628+00:00,,,
8b1c5b1c-fa18-4db2-8827-43402a0308bd,e0ac9138-c667-4899-b1a7-25684d83684c,fbb296de-dba2-4b23-9c3b-5c1285997b41,2026-04-13,unavailable,,,2026-04-12T05:10:18.741985+00:00,2026-04-13T08:54:42.779628+00:00,,,
1fd874fd-a3c1-46d7-86e3-0057b65a8747,aec9b1ec-e511-4850-bfc1-ca8d1f749687,fbb296de-dba2-4b23-9c3b-5c1285997b41,2026-04-13,unavailable,,,2026-04-12T05:10:18.741985+00:00,2026-04-13T08:54:42.779628+00:00,,,
55131775-eff9-4b92-92ad-799082bc4248,03ac3e2a-cd94-4a27-a5eb-b34640786fae,fbb296de-dba2-4b23-9c3b-5c1285997b41,2026-04-13,unavailable,,,2026-04-12T05:10:18.741985+00:00,2026-04-13T08:54:42.779628+00:00,,,
71b8577e-1255-4015-8155-5a5f18ee9368,86233651-f0cf-4660-9e65-f1bda5ed5e58,fbb296de-dba2-4b23-9c3b-5c1285997b41,2026-04-13,unavailable,,,2026-04-12T05:10:18.741985+00:00,2026-04-13T08:54:42.779628+00:00,,,
f5d6bddf-81f8-4488-8cea-2f896504e3a6,bb300ba6-5a75-45b4-b42b-46a42914a3e7,fbb296de-dba2-4b23-9c3b-5c1285997b41,2026-04-13,unavailable,,,2026-04-12T05:10:18.741985+00:00,2026-04-13T08:54:42.779628+00:00,,,
1def2b97-1b4c-4dda-bb94-f80727fc8ee5,bf4ecc4d-e755-4605-8ac6-63d67ad62287,fbb296de-dba2-4b23-9c3b-5c1285997b41,2026-04-13,unavailable,,,2026-04-12T05:10:18.741985+00:00,2026-04-13T08:54:42.779628+00:00,,,
6e379ef6-403b-44d1-a53d-ae326e638b09,13cd1ce2-5e86-451c-8f87-2b6f0842b010,fbb296de-dba2-4b23-9c3b-5c1285997b41,2026-04-13,unavailable,,,2026-04-12T05:10:18.741985+00:00,2026-04-13T08:54:42.779628+00:00,,,
01d94a78-676f-4969-8f70-f4c511287e11,f6df221f-4b0c-45c9-b354-4b58b1b21450,fbb296de-dba2-4b23-9c3b-5c1285997b41,2026-04-13,unavailable,,,2026-04-12T05:10:18.741985+00:00,2026-04-13T08:54:42.779628+00:00,,,
597ab985-8cf0-49ec-8722-3c5a00d493e9,0b7d02c5-cd25-487a-ae38-30cf2c3199bb,fbb296de-dba2-4b23-9c3b-5c1285997b41,2026-04-13,unavailable,,,2026-04-12T05:10:18.741985+00:00,2026-04-13T08:54:42.779628+00:00,,,
40223e76-d46c-46e8-b137-ad05ef181a89,4f0ecc4f-9d09-4bab-9a9c-06ce5326a219,fbb296de-dba2-4b23-9c3b-5c1285997b41,2026-04-13,unavailable,,,2026-04-12T05:10:18.741985+00:00,2026-04-13T08:54:42.779628+00:00,,,
0dd9fbb9-7584-4678-b0ac-40116e172d5a,9f442f9e-040a-4c4a-bdd3-810ccf0019c2,fbb296de-dba2-4b23-9c3b-5c1285997b41,2026-04-13,unavailable,,,2026-04-12T05:10:18.741985+00:00,2026-04-13T08:54:42.779628+00:00,,,
0b68a006-b10a-4af2-a1b1-af412670a8e4,e507c000-08c5-4d9e-8da4-975f0affa937,fbb296de-dba2-4b23-9c3b-5c1285997b41,2026-04-13,available,,,2026-04-12T05:10:18.741985+00:00,2026-04-13T08:54:42.779628+00:00,,,
f6476a3b-cace-4dc4-b937-15bdc3d9ebb5,5920adcc-3687-45b2-a0ad-50b17f24faef,fbb296de-dba2-4b23-9c3b-5c1285997b41,2026-04-13,unavailable,,,2026-04-12T05:10:18.741985+00:00,2026-04-13T08:54:42.779628+00:00,,,
bd999c31-616a-40dd-b3f3-f8ddd8439d66,19508c8b-5f9f-4cda-bffa-d36ef4c07bc2,fbb296de-dba2-4b23-9c3b-5c1285997b41,2026-04-13,unavailable,,,2026-04-12T05:10:18.741985+00:00,2026-04-13T08:54:42.779628+00:00,,,
89bfee08-01bd-4e49-b4da-4636f2addb4b,3b390b60-bc5f-4a6c-8366-90501656ce20,fbb296de-dba2-4b23-9c3b-5c1285997b41,2026-04-13,unavailable,,,2026-04-12T05:10:18.741985+00:00,2026-04-13T08:54:42.779628+00:00,,,
1d4e5273-e69d-4256-92b5-cf6f6fd8779c,1312210e-9cd8-4bac-96a8-11da91414ca2,fbb296de-dba2-4b23-9c3b-5c1285997b41,2026-04-13,unavailable,,,2026-04-12T05:10:18.741985+00:00,2026-04-13T08:54:42.779628+00:00,,,
55ab8990-343c-4f1b-815e-52445a13ea4a,e3ec98c5-fd0d-4087-ae6f-8b84410a0199,fbb296de-dba2-4b23-9c3b-5c1285997b41,2026-04-13,unavailable,,,2026-04-12T05:10:18.741985+00:00,2026-04-13T08:54:42.779628+00:00,,,
d828ef14-16f5-47fa-b7ac-8177dc5abecf,3d082f2c-37ab-422a-bcad-71da0369d206,fbb296de-dba2-4b23-9c3b-5c1285997b41,2026-04-13,unavailable,,,2026-04-12T05:10:18.741985+00:00,2026-04-13T08:54:42.779628+00:00,,,
8be0e6ae-237f-4aa8-b2b7-e40d8dfdc9db,e704a939-0821-4540-b342-fec5e79de79a,fbb296de-dba2-4b23-9c3b-5c1285997b41,2026-04-13,unavailable,,,2026-04-12T05:10:18.741985+00:00,2026-04-13T08:54:42.779628+00:00,,,
1b4453a7-9007-42a0-bccf-2b889719d946,cd527a80-68b8-45c9-b657-a2bb8e48c3b3,fbb296de-dba2-4b23-9c3b-5c1285997b41,2026-04-13,unavailable,,,2026-04-12T05:10:18.741985+00:00,2026-04-13T08:54:42.779628+00:00,,,
11e08d39-0da8-47bc-b589-afb93c360a84,bbf210fa-39a3-4ce0-9091-558f93309281,fbb296de-dba2-4b23-9c3b-5c1285997b41,2026-04-13,unavailable,,,2026-04-12T05:10:18.741985+00:00,2026-04-13T08:54:42.779628+00:00,,,
8dd5461b-6cb1-44f8-b534-d4c6c337f114,20c89eec-afeb-4600-8a4d-ad8deff1e6ff,fbb296de-dba2-4b23-9c3b-5c1285997b41,2026-04-13,unavailable,,,2026-04-12T05:10:18.741985+00:00,2026-04-13T08:54:42.779628+00:00,,,
7b76660e-4568-40a9-97fe-db4a61b35cb0,472aebdc-b540-4f92-b4ca-98d5d526f416,fbb296de-dba2-4b23-9c3b-5c1285997b41,2026-04-13,unavailable,,,2026-04-12T05:10:18.741985+00:00,2026-04-13T08:54:42.779628+00:00,,,
2a8ea6be-986b-4d7c-a456-2a9483d69b8c,bf1dac2d-8dd9-4c40-8b2c-7aa56ffd633d,fbb296de-dba2-4b23-9c3b-5c1285997b41,2026-04-13,unavailable,,,2026-04-12T05:10:18.741985+00:00,2026-04-13T08:54:42.779628+00:00,,,
ab4e2ac9-2a5b-4e31-b9f0-48316e8156a6,75aeb2f5-22fa-47df-95a2-21976cfb1df9,fbb296de-dba2-4b23-9c3b-5c1285997b41,2026-04-13,unavailable,,,2026-04-12T05:10:18.741985+00:00,2026-04-13T08:54:42.779628+00:00,,,
8ab59157-2d7b-4702-b21a-dd19e464aaca,aba5c0fa-7f46-4f07-9ee2-f6e7bf39bc1d,fbb296de-dba2-4b23-9c3b-5c1285997b41,2026-04-13,available,,,2026-04-12T05:10:18.741985+00:00,2026-04-13T08:54:42.779628+00:00,,,
26a8f1da-52d1-4d5d-95d3-ff7dc170ae5c,faa337de-416b-4c93-bc16-3b37c4f24049,fbb296de-dba2-4b23-9c3b-5c1285997b41,2026-04-13,unavailable,,,2026-04-12T05:10:18.741985+00:00,2026-04-13T08:54:42.779628+00:00,,,
21764b70-027d-4a98-9162-f45ee31dd2a3,6b4c8cc4-4376-4ab6-9ee6-c624b72485a6,fbb296de-dba2-4b23-9c3b-5c1285997b41,2026-04-13,unavailable,,,2026-04-12T05:10:18.741985+00:00,2026-04-13T08:54:42.779628+00:00,,,
ee19debf-0956-4286-8807-0455110193c9,bfdd8bbb-5373-4e16-9c52-492471349f90,fbb296de-dba2-4b23-9c3b-5c1285997b41,2026-04-13,unavailable,,,2026-04-12T05:10:18.741985+00:00,2026-04-13T08:54:42.779628+00:00,,,
99b6a536-1cee-464d-9479-8fff6caf425d,ffa03313-d46c-46fc-a98c-fc495db887c8,fbb296de-dba2-4b23-9c3b-5c1285997b41,2026-04-13,unavailable,,,2026-04-12T05:10:18.741985+00:00,2026-04-13T08:54:42.779628+00:00,,,
abf43692-64c4-4363-a16a-8bfc3beeac33,254f04b8-24d1-4501-82ab-3de9aa297e4a,fbb296de-dba2-4b23-9c3b-5c1285997b41,2026-04-13,unavailable,,,2026-04-12T05:10:18.741985+00:00,2026-04-13T08:54:42.779628+00:00,,,
9985d257-8443-4b12-ac38-8a6e5cc15aed,668f76c5-00fa-45e0-a391-ada8940fe179,fbb296de-dba2-4b23-9c3b-5c1285997b41,2026-04-13,unavailable,,,2026-04-12T05:10:18.741985+00:00,2026-04-13T08:54:42.779628+00:00,,,
35f15259-f953-443a-80bf-bc9ce1089ab4,cc36fcf7-866b-4539-8745-9f9cde9890bc,fbb296de-dba2-4b23-9c3b-5c1285997b41,2026-04-13,unavailable,,,2026-04-12T05:10:18.741985+00:00,2026-04-13T08:54:42.779628+00:00,,,
a2154081-bfd2-4417-be09-ae86a2e2272c,3748ead8-de3e-4936-a66d-9d0b2b545b70,fbb296de-dba2-4b23-9c3b-5c1285997b41,2026-04-13,unavailable,,,2026-04-12T05:10:18.741985+00:00,2026-04-13T08:54:42.779628+00:00,,,
b7c52359-ec22-46da-a3e1-f67440e31be3,d738fe6a-8aae-4f9b-a997-d67179944468,fbb296de-dba2-4b23-9c3b-5c1285997b41,2026-04-13,unavailable,,,2026-04-12T05:10:18.741985+00:00,2026-04-13T08:54:42.779628+00:00,,,
ca8e6d48-1a78-42d0-bd57-fed9362cdd8e,da3fa041-df6e-4d09-8877-2f105c12936c,fbb296de-dba2-4b23-9c3b-5c1285997b41,2026-04-13,unavailable,,,2026-04-12T05:10:18.741985+00:00,2026-04-13T08:54:42.779628+00:00,,,
1dc78ddd-a6f5-4798-955d-664bbb54d8b9,c2a76342-b6cd-4037-89e3-ebfa887bbb51,fbb296de-dba2-4b23-9c3b-5c1285997b41,2026-04-13,unavailable,,,2026-04-12T05:10:18.741985+00:00,2026-04-13T08:54:42.779628+00:00,,,
30a1adaf-81fd-486e-9ba4-ea1bca9d2c5b,9e04d666-3178-44da-a5ad-75ca73a39c2b,fbb296de-dba2-4b23-9c3b-5c1285997b41,2026-04-13,unavailable,,,2026-04-12T05:10:18.741985+00:00,2026-04-13T08:54:42.779628+00:00,,,
316562bc-ed4c-4d7a-9380-1065a30bfc65,9111d6fd-f6d3-4ade-9915-bbfde0232f4b,fbb296de-dba2-4b23-9c3b-5c1285997b41,2026-04-13,unavailable,,,2026-04-12T05:10:18.741985+00:00,2026-04-13T08:54:42.779628+00:00,,,
56a315cb-40ed-4932-b14b-7759d49d00f4,b8e32f9a-56c0-4915-9d71-413234d11bff,fbb296de-dba2-4b23-9c3b-5c1285997b41,2026-04-13,available,,,2026-04-12T05:10:18.741985+00:00,2026-04-13T08:54:42.779628+00:00,,,
80fc7fb8-8675-4c7c-9652-588422150c89,c19c0355-5119-46a4-956d-310776ade079,fbb296de-dba2-4b23-9c3b-5c1285997b41,2026-04-13,unavailable,,,2026-04-12T05:10:18.741985+00:00,2026-04-13T08:54:42.779628+00:00,,,
c07a8d11-daca-493c-a4b5-c1a02e5c7bc7,fffc7b60-42d2-4f14-831e-1a4e4d71e26d,fbb296de-dba2-4b23-9c3b-5c1285997b41,2026-04-13,unavailable,,,2026-04-12T05:10:18.741985+00:00,2026-04-13T08:54:42.779628+00:00,,,
e77ed446-5055-4a3e-aee5-1f7771e98ebe,5f1621cc-8a4c-4563-88bf-daffe78af0ff,fbb296de-dba2-4b23-9c3b-5c1285997b41,2026-04-13,unavailable,,,2026-04-12T05:10:18.741985+00:00,2026-04-13T08:54:42.779628+00:00,,,
862fae5f-c340-4dbe-8d12-a051fbb07a15,148e5b83-9381-443e-9afd-b6991092c090,fbb296de-dba2-4b23-9c3b-5c1285997b41,2026-04-13,unavailable,,,2026-04-12T05:10:18.741985+00:00,2026-04-13T08:54:42.779628+00:00,,,
aedca4da-2ce7-42ce-b5c5-d008a0b20679,b2d63f78-299d-4331-911f-a96c4941df55,fbb296de-dba2-4b23-9c3b-5c1285997b41,2026-04-13,unavailable,,,2026-04-12T05:10:18.741985+00:00,2026-04-13T08:54:42.779628+00:00,,,
d47eefeb-42fc-48d3-84f4-5dacdfbe7d3e,06f3c06f-0fee-48b6-af1d-2f1e6d9ac65e,fbb296de-dba2-4b23-9c3b-5c1285997b41,2026-04-13,unavailable,,,2026-04-12T05:10:18.741985+00:00,2026-04-13T08:54:42.779628+00:00,,,
f01ffdf9-7cbe-4ddc-a80d-aec9b4a43e21,25992891-0940-467e-8aa4-4a02bb64c2f8,fbb296de-dba2-4b23-9c3b-5c1285997b41,2026-04-13,unavailable,,,2026-04-12T05:10:18.741985+00:00,2026-04-13T08:54:42.779628+00:00,,,
e639f0b4-f990-40a3-bf64-7c4297752d30,71b1d585-5919-4a6a-9676-9869a51fec0e,fbb296de-dba2-4b23-9c3b-5c1285997b41,2026-04-13,unavailable,,,2026-04-12T05:10:18.741985+00:00,2026-04-13T08:54:42.779628+00:00,,,
f4c362e3-1c76-44a4-8139-fbc5fd1e0ea6,07facaef-e20c-417b-9419-6486f1ac9071,fbb296de-dba2-4b23-9c3b-5c1285997b41,2026-04-13,unavailable,,,2026-04-12T05:10:18.741985+00:00,2026-04-13T08:54:42.779628+00:00,,,
a45e5dc9-bcaf-4176-8638-3c1d42646e63,27133740-8739-4086-b026-370f41fedf92,fbb296de-dba2-4b23-9c3b-5c1285997b41,2026-04-13,unavailable,,,2026-04-12T05:10:18.741985+00:00,2026-04-13T08:54:42.779628+00:00,,,
c86c4e33-f14c-4da6-aa5a-3e02b9991577,60ee9721-045f-41c3-91e8-d4c34e5d7175,fbb296de-dba2-4b23-9c3b-5c1285997b41,2026-04-13,unavailable,,,2026-04-12T05:10:18.741985+00:00,2026-04-13T08:54:42.779628+00:00,,,
7d165502-04fa-4d0e-a73b-4394901935e4,2d181b74-593a-452f-8b74-3505e6766893,fbb296de-dba2-4b23-9c3b-5c1285997b41,2026-04-13,unavailable,,,2026-04-12T05:10:18.741985+00:00,2026-04-13T08:54:42.779628+00:00,,,
a28492e0-8166-455a-b59a-72b392d8d02d,b026bfc6-eef8-4751-abbe-82fd7c107473,fbb296de-dba2-4b23-9c3b-5c1285997b41,2026-04-13,unavailable,,,2026-04-12T05:10:18.741985+00:00,2026-04-13T08:54:42.779628+00:00,,,
62a3ec25-09a3-42ad-a034-fc0b0a807508,f466852a-ef7b-4013-ac24-d40b4c4cf55b,fbb296de-dba2-4b23-9c3b-5c1285997b41,2026-04-13,unavailable,,,2026-04-12T05:10:18.741985+00:00,2026-04-13T08:54:42.779628+00:00,,,
4986eb75-d836-4c66-8ff3-c74c5ad92962,7f6dd06a-83e0-4750-b802-b1f90cefa97f,fbb296de-dba2-4b23-9c3b-5c1285997b41,2026-04-13,unavailable,,,2026-04-12T05:10:18.741985+00:00,2026-04-13T08:54:42.779628+00:00,,,
69e835af-3354-4076-a6d0-3db8216bd60c,ad7462a1-5295-4da0-81b8-fad9eb82b0e0,fbb296de-dba2-4b23-9c3b-5c1285997b41,2026-04-13,unavailable,,,2026-04-12T05:10:18.741985+00:00,2026-04-13T08:54:42.779628+00:00,,,
710d6ecf-a499-4a24-8682-c19f28bab599,e2ab0523-b78f-41b9-a50b-d55445e1c544,fbb296de-dba2-4b23-9c3b-5c1285997b41,2026-04-13,unavailable,,,2026-04-12T05:10:18.741985+00:00,2026-04-13T08:54:42.779628+00:00,,,
d0ab3734-dbc2-4c52-abe2-90033a3ea5de,05f66656-45df-4cb0-bf70-229ad1938df6,fbb296de-dba2-4b23-9c3b-5c1285997b41,2026-04-13,unavailable,,,2026-04-12T05:10:18.741985+00:00,2026-04-13T08:54:42.779628+00:00,,,
e02b3340-4483-48f9-b451-0e36a44936f8,ae35edf7-0f5f-42cb-b1da-7ab6b187d19d,fbb296de-dba2-4b23-9c3b-5c1285997b41,2026-04-13,unavailable,,,2026-04-12T05:10:18.741985+00:00,2026-04-13T08:54:42.779628+00:00,,,
7c0a6f46-8132-4d27-b3dc-459048108c0c,c1a8700d-9fe7-4842-97e2-84acd9d975b3,fbb296de-dba2-4b23-9c3b-5c1285997b41,2026-04-13,unavailable,,,2026-04-12T05:10:18.741985+00:00,2026-04-13T08:54:42.779628+00:00,,,
a2ca743c-2393-4104-97cd-fee706a3ee17,d2d10fe8-69a3-4554-89d2-dedf9ea06203,fbb296de-dba2-4b23-9c3b-5c1285997b41,2026-04-13,available,,,2026-04-12T05:10:18.741985+00:00,2026-04-13T08:54:42.779628+00:00,,,
67b34fd0-2c63-4ca8-9f7d-450bcc5f2017,c57fbfb5-1ed2-4e98-9b48-c9b6b97c44bd,fbb296de-dba2-4b23-9c3b-5c1285997b41,2026-04-13,unavailable,,,2026-04-12T05:10:18.741985+00:00,2026-04-13T08:54:42.779628+00:00,,,
7e539151-14ef-4917-8ad1-4db992b601d0,1c0ec68f-ce08-4e5e-b4ed-3ce89f333f42,fbb296de-dba2-4b23-9c3b-5c1285997b41,2026-04-13,unavailable,,,2026-04-12T05:10:18.741985+00:00,2026-04-13T08:54:42.779628+00:00,,,
424e557f-d74c-4c66-bb40-a3449a6225ae,d08761e2-5788-4a05-b0c0-5cb25f8a6403,fbb296de-dba2-4b23-9c3b-5c1285997b41,2026-04-13,unavailable,,,2026-04-12T05:10:18.741985+00:00,2026-04-13T08:54:42.779628+00:00,,,
ac56052d-b610-456e-9df8-3354f348af29,4f4e920c-2cf6-4d2e-bd9b-e81927d9a495,fbb296de-dba2-4b23-9c3b-5c1285997b41,2026-04-13,unavailable,,,2026-04-12T05:10:18.741985+00:00,2026-04-13T08:54:42.779628+00:00,,,
bdc9a049-0051-4483-ba7d-786e3ba539bc,834fd3ad-e3e0-411e-92e5-79b1e68a34d9,fbb296de-dba2-4b23-9c3b-5c1285997b41,2026-04-13,unavailable,,,2026-04-12T05:10:18.741985+00:00,2026-04-13T08:54:42.779628+00:00,,,
3fece3b7-049e-4da5-ae69-a513bf9b5b87,fe837eeb-c43f-4324-9484-e363c26f5829,fbb296de-dba2-4b23-9c3b-5c1285997b41,2026-04-13,unavailable,,,2026-04-12T05:10:18.741985+00:00,2026-04-13T08:54:42.779628+00:00,,,
fc50d4fa-17d1-42f2-b577-62938af2ed7f,5e50859d-1508-4fb1-84a9-adeef4b333ff,fbb296de-dba2-4b23-9c3b-5c1285997b41,2026-04-13,unavailable,,,2026-04-12T05:10:18.741985+00:00,2026-04-13T08:54:42.779628+00:00,,,
d5b9c7b3-99be-4162-a87d-b7a9d9f123b4,cb8885fa-21df-4a06-9dcc-911e9c6c474d,fbb296de-dba2-4b23-9c3b-5c1285997b41,2026-04-13,unavailable,,,2026-04-12T05:10:18.741985+00:00,2026-04-13T08:54:42.779628+00:00,,,
f640d98c-e02d-48ac-a8d4-ea6dc7d4910f,90df21cf-925e-4fb0-85eb-9ee42c1a1449,fbb296de-dba2-4b23-9c3b-5c1285997b41,2026-04-13,unavailable,,,2026-04-12T05:10:18.741985+00:00,2026-04-13T08:54:42.779628+00:00,,,
9876bc41-7db8-4592-bd44-122b387ae130,09dd43ee-5456-4692-9016-433d77d3b6cb,fbb296de-dba2-4b23-9c3b-5c1285997b41,2026-04-13,unavailable,,,2026-04-12T05:10:18.741985+00:00,2026-04-13T08:54:42.779628+00:00,,,
363bb04f-90d2-4bba-b050-e5af8c9c3f31,e617222f-90ba-4246-b04a-f3c5e9fe0529,fbb296de-dba2-4b23-9c3b-5c1285997b41,2026-04-13,unavailable,,,2026-04-12T05:10:18.741985+00:00,2026-04-13T08:54:42.779628+00:00,,,
f7f73a3a-cb26-4495-bdab-f9d077ebef14,c34f7e2a-f610-4e56-847b-495bf4739360,fbb296de-dba2-4b23-9c3b-5c1285997b41,2026-04-13,unavailable,,,2026-04-12T05:10:18.741985+00:00,2026-04-13T08:54:42.779628+00:00,,,
bbf1deed-9bc9-49c6-a868-bb1ec4b52432,07a79088-9fa0-477d-b4e2-42c943951872,fbb296de-dba2-4b23-9c3b-5c1285997b41,2026-04-13,unavailable,,,2026-04-12T05:10:18.741985+00:00,2026-04-13T08:54:42.779628+00:00,,,
e64fe1b7-ce60-4b69-8ed1-4cb8a9a6a602,f95b7a6f-37f8-4de1-9fdc-7ac2ef7d7af4,fbb296de-dba2-4b23-9c3b-5c1285997b41,2026-04-13,unavailable,,,2026-04-12T05:10:18.741985+00:00,2026-04-13T08:54:42.779628+00:00,,,
7da1aea4-e00c-44aa-becc-25c188ea20c4,4e67157b-7aca-400e-b55c-0bc10087721c,fbb296de-dba2-4b23-9c3b-5c1285997b41,2026-04-13,unavailable,,,2026-04-12T05:10:18.741985+00:00,2026-04-13T08:54:42.779628+00:00,,,
be35d6c6-5e39-4d39-a72e-23eb3f5c325f,4261d2fb-71d3-4a3f-a3a2-ae6a3306afd6,fbb296de-dba2-4b23-9c3b-5c1285997b41,2026-04-13,unavailable,,,2026-04-12T05:10:18.741985+00:00,2026-04-13T08:54:42.779628+00:00,,,
0de72d4b-0b58-46b9-a293-ab561b0293a2,7fd3cd92-6b83-4888-b0b5-3474f3e21904,fbb296de-dba2-4b23-9c3b-5c1285997b41,2026-04-13,unavailable,,,2026-04-12T05:10:18.741985+00:00,2026-04-13T08:54:42.779628+00:00,,,
a1cfae69-d635-4990-9336-9386b7732f83,5141ea5f-0740-4a1c-a517-c21f73bd6986,fbb296de-dba2-4b23-9c3b-5c1285997b41,2026-04-13,unavailable,,,2026-04-12T05:10:18.741985+00:00,2026-04-13T08:54:42.779628+00:00,,,
cc885b1a-cc6c-4669-b3f8-bf3bba669581,8db30369-f76c-4629-a6d6-a2a50959835a,fbb296de-dba2-4b23-9c3b-5c1285997b41,2026-04-13,unavailable,,,2026-04-12T05:10:18.741985+00:00,2026-04-13T08:54:42.779628+00:00,,,
b6e873fb-28b8-4fbd-bdcc-274a1c644194,e24c0340-b8f8-40e6-8346-fedd8d255826,fbb296de-dba2-4b23-9c3b-5c1285997b41,2026-04-13,unavailable,,,2026-04-12T05:10:18.741985+00:00,2026-04-13T08:54:42.779628+00:00,,,
f16899f8-cdd9-47fb-9edf-313a7a63c9eb,b9b71f11-fb3e-4476-8b78-7404bdae5973,fbb296de-dba2-4b23-9c3b-5c1285997b41,2026-04-13,unavailable,,,2026-04-12T05:10:18.741985+00:00,2026-04-13T08:54:42.779628+00:00,,,
b7cc1be4-f6c0-4c8a-b531-b186e60d80ae,269969e8-9b32-48b2-ad34-e9eb10892aa0,fbb296de-dba2-4b23-9c3b-5c1285997b41,2026-04-13,unavailable,,,2026-04-12T05:10:18.741985+00:00,2026-04-13T08:54:42.779628+00:00,,,
000b4b16-7b30-4f04-8210-f523c770843e,05bf9d69-e5d2-48cb-9592-6325e9b0cb39,fbb296de-dba2-4b23-9c3b-5c1285997b41,2026-04-13,available,,,2026-04-12T05:10:18.741985+00:00,2026-04-13T08:54:42.779628+00:00,,,
b7674b5f-749f-4381-9c0f-b610d6e08f5a,932a215a-a3c9-4327-8839-53e7802676c2,fbb296de-dba2-4b23-9c3b-5c1285997b41,2026-04-13,available,,,2026-04-12T05:10:18.741985+00:00,2026-04-13T08:54:42.779628+00:00,,,
964c1b2e-53a1-46d4-b744-44d05044deb7,11be587c-f07a-4b41-94bc-757516dda887,fbb296de-dba2-4b23-9c3b-5c1285997b41,2026-04-13,available,,,2026-04-12T05:10:18.741985+00:00,2026-04-13T08:54:42.779628+00:00,,,
9fb3de31-1898-4dd5-9d4e-b04d1c7eda54,8ee929fd-00ee-4ed8-9cc5-1bac874eb3d3,fbb296de-dba2-4b23-9c3b-5c1285997b41,2026-04-13,available,,,2026-04-12T05:10:18.741985+00:00,2026-04-13T08:54:42.779628+00:00,,,
3d33a8ca-8c77-4523-9c80-423dc218aca7,3c8b8fbc-4f9e-4953-a4bd-37799b337807,fbb296de-dba2-4b23-9c3b-5c1285997b41,2026-04-13,available,,,2026-04-12T05:10:18.741985+00:00,2026-04-13T08:54:42.779628+00:00,,,
4443e302-fa1d-48be-937d-9a0d927d3b71,28a2c4c0-22bf-4592-a7e7-88fd299fd33c,fbb296de-dba2-4b23-9c3b-5c1285997b41,2026-04-13,available,,,2026-04-12T05:10:18.741985+00:00,2026-04-13T08:54:42.779628+00:00,,,
2012292d-1132-475f-b7f3-ed618612875f,a65f4504-ba08-4da1-82ee-339201545673,fbb296de-dba2-4b23-9c3b-5c1285997b41,2026-04-13,unavailable,,,2026-04-12T05:10:18.741985+00:00,2026-04-13T08:54:42.779628+00:00,,,
0176f6ef-03b9-482e-aade-3a50261cb297,3827a1e9-8eb7-4bcc-8fe4-a96d02378b92,fbb296de-dba2-4b23-9c3b-5c1285997b41,2026-04-13,unavailable,,,2026-04-12T05:10:18.741985+00:00,2026-04-13T08:54:42.779628+00:00,,,
6ddf9b9c-c1a9-42f2-b394-1f57dee9c7bc,7ccef569-6034-454f-bc79-4368995ec492,fbb296de-dba2-4b23-9c3b-5c1285997b41,2026-04-13,unavailable,,,2026-04-12T05:10:18.741985+00:00,2026-04-13T08:54:42.779628+00:00,,,
e3c51603-ecbd-41fb-8276-4282e1022a83,bc40e179-aea5-4151-92b0-fe927c84fba3,fbb296de-dba2-4b23-9c3b-5c1285997b41,2026-04-13,unavailable,,,2026-04-12T05:10:18.741985+00:00,2026-04-13T08:54:42.779628+00:00,,,
185b2985-1dd8-4fd0-acc3-ee675a7bdb3c,f78aa6c9-4936-4695-8e1f-26ab48dbab93,fbb296de-dba2-4b23-9c3b-5c1285997b41,2026-04-13,unavailable,,,2026-04-12T05:10:18.741985+00:00,2026-04-13T08:54:42.779628+00:00,,,
05f4fc4d-ec1e-4597-83f2-800a9b672bdd,96989aa8-bb4c-456d-8bb4-605939db7a97,fbb296de-dba2-4b23-9c3b-5c1285997b41,2026-04-13,unavailable,,,2026-04-12T05:10:18.741985+00:00,2026-04-13T08:54:42.779628+00:00,,,
f674eb9e-c854-41be-b204-3c535a6eef19,99c52faa-b4fb-4403-a8c5-4880bc5d3691,fbb296de-dba2-4b23-9c3b-5c1285997b41,2026-04-13,unavailable,,,2026-04-12T05:10:18.741985+00:00,2026-04-13T08:54:42.779628+00:00,,,
8b019b9e-82ad-4bd0-a9c1-37658f5cc0a5,6e9d3e1b-8ead-4256-9d06-c0324b42f5ab,fbb296de-dba2-4b23-9c3b-5c1285997b41,2026-04-13,unavailable,,,2026-04-12T05:10:18.741985+00:00,2026-04-13T08:54:42.779628+00:00,,,
4768ed5d-b971-40a5-9102-95f541748d38,d4827392-69e6-4ecd-838d-fc9e8ce847cf,fbb296de-dba2-4b23-9c3b-5c1285997b41,2026-04-13,unavailable,,,2026-04-12T05:10:18.741985+00:00,2026-04-13T08:54:42.779628+00:00,,,
a2990808-ca0d-4bdd-aaf5-5a3ff106a1a8,38fcc94f-ba33-46f6-a1bb-3204823e9cb8,fbb296de-dba2-4b23-9c3b-5c1285997b41,2026-04-13,unavailable,,,2026-04-12T05:10:18.741985+00:00,2026-04-13T08:54:42.779628+00:00,,,
e41c9645-de62-48bb-8155-9034550266b2,04cc3ab8-f1fa-4e6c-a4aa-9a4d53f1dc53,fbb296de-dba2-4b23-9c3b-5c1285997b41,2026-04-13,unavailable,,,2026-04-12T05:10:18.741985+00:00,2026-04-13T08:54:42.779628+00:00,,,
4755f8ff-8867-4bfe-86f6-d6e5c74ffc17,56f75098-ef8d-4fde-86e8-fbfa21bd8964,fbb296de-dba2-4b23-9c3b-5c1285997b41,2026-04-13,available,,,2026-04-12T05:10:18.741985+00:00,2026-04-13T08:54:42.779628+00:00,,,
08457aa1-676e-4469-a675-73c73b67fdb6,b0c6ac67-3d61-415c-8d9a-8683b6ea618d,fbb296de-dba2-4b23-9c3b-5c1285997b41,2026-04-13,unavailable,,,2026-04-12T05:10:18.741985+00:00,2026-04-13T08:54:42.779628+00:00,,,
779d397e-43df-4c7c-8262-c92a9887c34b,1112445f-aba5-4629-b399-08d2c0baf4f8,fbb296de-dba2-4b23-9c3b-5c1285997b41,2026-04-13,unavailable,,,2026-04-12T05:10:18.741985+00:00,2026-04-13T08:54:42.779628+00:00,,,
fd58fdca-baf1-443a-a4cf-bd4b7f0daf5f,9b9060f3-6432-46c9-a091-a3d8e9560bb2,fbb296de-dba2-4b23-9c3b-5c1285997b41,2026-04-13,unavailable,,,2026-04-12T05:10:18.741985+00:00,2026-04-13T08:54:42.779628+00:00,,,
480ba532-746c-4824-9ab3-941133ec4b4f,af7f71ef-2b78-4595-ac2c-0a38c88a3ec9,fbb296de-dba2-4b23-9c3b-5c1285997b41,2026-04-13,unavailable,,,2026-04-12T05:10:18.741985+00:00,2026-04-13T08:54:42.779628+00:00,,,
397c706c-9e03-4b5f-9486-a09178e85eb8,264f35ff-4ff6-4417-91d3-f5d170297d71,fbb296de-dba2-4b23-9c3b-5c1285997b41,2026-04-13,unavailable,,,2026-04-12T05:10:18.741985+00:00,2026-04-13T08:54:42.779628+00:00,,,
0a3edba0-c96a-452d-8003-7636e4ba95f6,3b3371ba-d791-4f27-acd1-c9be0931ac67,fbb296de-dba2-4b23-9c3b-5c1285997b41,2026-04-13,unavailable,,,2026-04-12T05:10:18.741985+00:00,2026-04-13T08:54:42.779628+00:00,,,
c71062bf-325d-41cc-90e0-5da800b19fd8,6a8c2c77-2947-4263-b6a0-3ad7a26dd66c,fbb296de-dba2-4b23-9c3b-5c1285997b41,2026-04-13,unavailable,,,2026-04-12T05:10:18.741985+00:00,2026-04-13T08:54:42.779628+00:00,,,
c064b78b-bc1d-4b76-bd67-a53c514e6a72,e662ef45-6aed-4a2e-ab16-cead317ac5b0,fbb296de-dba2-4b23-9c3b-5c1285997b41,2026-04-13,available,,,2026-04-12T05:10:18.741985+00:00,2026-04-13T08:54:42.779628+00:00,,,
9863941d-798e-4aaf-a5a3-22c76da4aa43,79baadf2-9252-4ed8-bc44-5f183e823ed6,fbb296de-dba2-4b23-9c3b-5c1285997b41,2026-04-13,unavailable,,,2026-04-12T05:10:18.741985+00:00,2026-04-13T08:54:42.779628+00:00,,,
ca6cabad-2d74-41b8-8a4a-79563da24b50,7761e060-b17e-4cdf-811a-ddb5846d266e,fbb296de-dba2-4b23-9c3b-5c1285997b41,2026-04-13,unavailable,,,2026-04-12T05:10:18.741985+00:00,2026-04-13T08:54:42.779628+00:00,,,
43a3461b-92ba-4107-a96b-f0684834c87e,0b56583d-f70a-49bd-a226-d86b7983ad6c,fbb296de-dba2-4b23-9c3b-5c1285997b41,2026-04-13,unavailable,,,2026-04-12T05:10:18.741985+00:00,2026-04-13T08:54:42.779628+00:00,,,
f13cee32-ca33-49c3-9dad-a7f3f942d2c5,1e6a3cbe-88f7-4cf8-b0d8-b5c6d24cc7b5,fbb296de-dba2-4b23-9c3b-5c1285997b41,2026-04-13,unavailable,,,2026-04-12T05:10:18.741985+00:00,2026-04-13T08:54:42.779628+00:00,,,
233d9962-152a-49d1-ad8e-4086cd8ad07c,fea7d0a4-a2d7-4f78-8c00-7a0890303058,fbb296de-dba2-4b23-9c3b-5c1285997b41,2026-04-13,unavailable,,,2026-04-12T05:10:18.741985+00:00,2026-04-13T08:54:42.779628+00:00,,,
751cb21d-2524-4acf-bca6-d3d2513fff5a,c3573a8c-ee80-4e96-90b2-faedf186756a,fbb296de-dba2-4b23-9c3b-5c1285997b41,2026-04-13,unavailable,,,2026-04-12T05:10:18.741985+00:00,2026-04-13T08:54:42.779628+00:00,,,
0d7d0b05-aec2-42f3-8d15-18954c136fc1,324152b2-0646-40d1-be88-877c753f6ef2,fbb296de-dba2-4b23-9c3b-5c1285997b41,2026-04-13,unavailable,,,2026-04-12T05:10:18.741985+00:00,2026-04-13T08:54:42.779628+00:00,,,
66a97cab-c9b0-4c1b-8231-4cd5d28a61f0,3ddd0c43-44b1-49d6-92f3-047dbc5407c2,fbb296de-dba2-4b23-9c3b-5c1285997b41,2026-04-13,unavailable,,,2026-04-12T05:10:18.741985+00:00,2026-04-13T08:54:42.779628+00:00,,,
1c4a6a6d-82cf-41d7-9bfd-ecfae4222df0,dfd11754-81a7-4667-9c5e-f72a6f06c6a1,fbb296de-dba2-4b23-9c3b-5c1285997b41,2026-04-13,unavailable,,,2026-04-12T05:10:18.741985+00:00,2026-04-13T08:54:42.779628+00:00,,,
c390b6c7-080f-4b1a-bf04-1319d9261d89,76a7e596-d654-4fa0-b7ab-4d60ee3da1cb,fbb296de-dba2-4b23-9c3b-5c1285997b41,2026-04-13,unavailable,,,2026-04-12T05:10:18.741985+00:00,2026-04-13T08:54:42.779628+00:00,,,
2e5c927e-9b95-4086-a34a-8c708f3dd370,38af6777-f227-4692-8704-1fe94901ac9f,fbb296de-dba2-4b23-9c3b-5c1285997b41,2026-04-13,unavailable,,,2026-04-12T05:10:18.741985+00:00,2026-04-13T08:54:42.779628+00:00,,,
23d119a8-d975-4bcb-ba54-e3777725e9d6,258b9b82-338f-4fef-a2ec-fd339af13b9a,fbb296de-dba2-4b23-9c3b-5c1285997b41,2026-04-13,unavailable,,,2026-04-12T05:10:18.741985+00:00,2026-04-13T08:54:42.779628+00:00,,,
972de22b-7ecc-429d-88e9-963207e90123,2eaadb66-8823-4457-a67a-eaed6282bc1f,fbb296de-dba2-4b23-9c3b-5c1285997b41,2026-04-13,unavailable,,,2026-04-12T05:10:18.741985+00:00,2026-04-13T08:54:42.779628+00:00,,,
bdff71b9-0bd3-447c-a6ab-5ce7cc66b1a0,1a420063-ba38-4d7b-9dad-82b18a3fb04e,fbb296de-dba2-4b23-9c3b-5c1285997b41,2026-04-13,unavailable,,,2026-04-12T05:10:18.741985+00:00,2026-04-13T08:54:42.779628+00:00,,,
c9367962-bf00-48c8-a6d3-a94256ff2d1e,5ccbb607-f815-4a7f-b90c-feddcc6be27e,fbb296de-dba2-4b23-9c3b-5c1285997b41,2026-04-13,unavailable,,,2026-04-12T05:10:18.741985+00:00,2026-04-13T08:54:42.779628+00:00,,,
945b43a8-7eca-4d72-8f82-0372560e0c55,4e61147f-1e4a-4c78-9aad-365a3a25406b,fbb296de-dba2-4b23-9c3b-5c1285997b41,2026-04-13,unavailable,,,2026-04-12T05:10:18.741985+00:00,2026-04-13T08:54:42.779628+00:00,,,
3da04a74-b7b3-41ac-b6d8-5362d46dadd2,de69bc0d-febf-4b24-8450-eb1dd74bd7d8,fbb296de-dba2-4b23-9c3b-5c1285997b41,2026-04-13,unavailable,,,2026-04-12T05:10:18.741985+00:00,2026-04-13T08:54:42.779628+00:00,,,
c2fddd38-be70-44d9-8474-2826c13a7748,511d5694-6147-4322-960a-eb6e5cd1e291,fbb296de-dba2-4b23-9c3b-5c1285997b41,2026-04-13,unavailable,,,2026-04-12T05:10:18.741985+00:00,2026-04-13T08:54:42.779628+00:00,,,
47c32448-fb92-46a5-998c-a75d0bf3a1e2,ffbc1a44-8403-4ff8-98d1-fa7a17336156,fbb296de-dba2-4b23-9c3b-5c1285997b41,2026-04-13,unavailable,,,2026-04-12T05:10:18.741985+00:00,2026-04-13T08:54:42.779628+00:00,,,
15189cfd-ddba-4f7d-b193-b3b695449ac6,cbdadcf6-1004-4020-87e2-c3b5be4fd2dd,fbb296de-dba2-4b23-9c3b-5c1285997b41,2026-04-13,unavailable,,,2026-04-12T05:10:18.741985+00:00,2026-04-13T08:54:42.779628+00:00,,,
fb17c02a-5f1d-40fb-a7ef-daafca8f6984,69606083-2432-4ab8-9738-516864868879,fbb296de-dba2-4b23-9c3b-5c1285997b41,2026-04-13,unavailable,,,2026-04-12T05:10:18.741985+00:00,2026-04-13T08:54:42.779628+00:00,,,
4aa93548-5906-4cb2-b381-ae47bf951474,00bbde0b-08ee-4abd-8ede-4072e5a9b7ef,fbb296de-dba2-4b23-9c3b-5c1285997b41,2026-04-13,unavailable,,,2026-04-12T05:10:18.741985+00:00,2026-04-13T08:54:42.779628+00:00,,,
3b107f95-060a-4ad1-a965-0c23fff78a27,cd22ecb1-9eea-4ce8-ac14-289d2e8f5e9c,fbb296de-dba2-4b23-9c3b-5c1285997b41,2026-04-13,unavailable,,,2026-04-12T05:10:18.741985+00:00,2026-04-13T08:54:42.779628+00:00,,,
b4fa4586-2770-4c8c-a536-603bcfa2c700,2f04860a-b177-4a1c-8af1-08b2ac1ad567,fbb296de-dba2-4b23-9c3b-5c1285997b41,2026-04-13,unavailable,,,2026-04-12T05:10:18.741985+00:00,2026-04-13T08:54:42.779628+00:00,,,
5040ca4b-76cc-45c3-b258-a8c66891f469,cbf76c50-2ebd-4fee-a8a3-0eab9d8366ee,fbb296de-dba2-4b23-9c3b-5c1285997b41,2026-04-13,unavailable,,,2026-04-12T05:10:18.741985+00:00,2026-04-13T08:54:42.779628+00:00,,,
bce09f67-e5ed-4601-95f8-3f7bbb922143,1029d612-5e08-4acb-a939-a54b768987fd,fbb296de-dba2-4b23-9c3b-5c1285997b41,2026-04-13,unavailable,,,2026-04-12T05:10:18.741985+00:00,2026-04-13T08:54:42.779628+00:00,,,
3ad7c3bb-4ba1-4800-8281-157bc9ed6ee5,cb2f08e7-057b-4cb0-a9f0-b041a5b2e8dc,fbb296de-dba2-4b23-9c3b-5c1285997b41,2026-04-13,unavailable,,,2026-04-12T05:10:18.741985+00:00,2026-04-13T08:54:42.779628+00:00,,,
53e06a49-43f3-4b63-a1a3-1d09890eeb61,d00c8ebc-9fbe-4581-9e90-068368dde389,fbb296de-dba2-4b23-9c3b-5c1285997b41,2026-04-13,unavailable,,,2026-04-12T05:10:18.741985+00:00,2026-04-13T08:54:42.779628+00:00,,,
bfb8afe0-afe2-4de7-8090-c5f9ed89c28e,df88a062-1568-4a88-ac22-499b4effa2db,fbb296de-dba2-4b23-9c3b-5c1285997b41,2026-04-13,unavailable,,,2026-04-12T05:10:18.741985+00:00,2026-04-13T08:54:42.779628+00:00,,,
0d2ee8c6-1838-478b-92a7-fc972388d58d,8fe53475-a2ce-4dd6-802b-19151fab1430,fbb296de-dba2-4b23-9c3b-5c1285997b41,2026-04-13,unavailable,,,2026-04-12T05:10:18.741985+00:00,2026-04-13T08:54:42.779628+00:00,,,
dd0cc02f-d328-41a2-bab6-929a1b0bc4f8,f43cda55-dd93-4947-ae92-1129a86c1d82,fbb296de-dba2-4b23-9c3b-5c1285997b41,2026-04-13,unavailable,,,2026-04-12T05:10:18.741985+00:00,2026-04-13T08:54:42.779628+00:00,,,
2840fb93-421c-4ce6-9c31-5e9e0c1d150e,d7c99f48-1aa3-45ea-a247-2d7262cc3929,fbb296de-dba2-4b23-9c3b-5c1285997b41,2026-04-13,unavailable,,,2026-04-12T05:10:18.741985+00:00,2026-04-13T08:54:42.779628+00:00,,,
37cfabc7-9154-4849-b484-3b27adcf84a2,0c7cb9cf-e1ea-4476-ae2c-972475824bcb,fbb296de-dba2-4b23-9c3b-5c1285997b41,2026-04-13,unavailable,,,2026-04-12T05:10:18.741985+00:00,2026-04-13T08:54:42.779628+00:00,,,
fa0442b0-b05f-40b6-b73e-64f105bc9517,3a6f4115-4ec8-4772-abf6-144d0e48214b,fbb296de-dba2-4b23-9c3b-5c1285997b41,2026-04-13,unavailable,,,2026-04-12T05:10:18.741985+00:00,2026-04-13T08:54:42.779628+00:00,,,
9faf2b5f-541b-4328-a00e-e7a2e1aa50c2,de38634a-5fba-4125-835d-f248ee29f830,fbb296de-dba2-4b23-9c3b-5c1285997b41,2026-04-13,unavailable,,,2026-04-12T05:10:18.741985+00:00,2026-04-13T08:54:42.779628+00:00,,,
6bd170b6-830d-4c78-8620-8a3c83fb5b1b,947e461d-8872-41ee-b7de-9b7ecce25287,fbb296de-dba2-4b23-9c3b-5c1285997b41,2026-04-13,unavailable,,,2026-04-12T05:10:18.741985+00:00,2026-04-13T08:54:42.779628+00:00,,,
66b19999-bbef-499d-a5ea-7ff06c3c9feb,c314664e-d9e7-4d46-aa69-64a1ca26f59b,fbb296de-dba2-4b23-9c3b-5c1285997b41,2026-04-13,unavailable,,,2026-04-12T05:10:18.741985+00:00,2026-04-13T08:54:42.779628+00:00,,,
2a0b39d0-169b-49c9-9234-ce1d33988813,da0edabf-c611-4f36-ab53-1fd0188e5464,fbb296de-dba2-4b23-9c3b-5c1285997b41,2026-04-13,unavailable,,,2026-04-12T05:10:18.741985+00:00,2026-04-13T08:54:42.779628+00:00,,,
e72f0028-d979-455c-8c04-6192eb2bc160,a8bb4cea-3aad-45ff-96c4-a5af02335e12,fbb296de-dba2-4b23-9c3b-5c1285997b41,2026-04-13,unavailable,,,2026-04-12T05:10:18.741985+00:00,2026-04-13T08:54:42.779628+00:00,,,
388b01ad-32d3-4285-a5eb-5470a7988fa9,4e6a0de1-43b6-4120-a6cd-ef1457e85a6e,fbb296de-dba2-4b23-9c3b-5c1285997b41,2026-04-13,unavailable,,,2026-04-12T05:10:18.741985+00:00,2026-04-13T08:54:42.779628+00:00,,,
47414d14-32cd-400e-bbd6-66a3703be086,76881990-2ec7-40b9-8ea1-579a5e1192ad,fbb296de-dba2-4b23-9c3b-5c1285997b41,2026-04-13,unavailable,,,2026-04-12T05:10:18.741985+00:00,2026-04-13T08:54:42.779628+00:00,,,
6e66c2a3-7b8e-443e-b156-db09353080a4,cfb3d243-a1fd-4330-bfce-7e9f169f8277,fbb296de-dba2-4b23-9c3b-5c1285997b41,2026-04-13,unavailable,,,2026-04-12T05:10:18.741985+00:00,2026-04-13T08:54:42.779628+00:00,,,
e710dbd8-6684-44e6-bdfa-6350f2f80c72,0415b9aa-5c61-4f79-9479-7dce2c76d1a8,fbb296de-dba2-4b23-9c3b-5c1285997b41,2026-04-13,unavailable,,,2026-04-12T05:10:18.741985+00:00,2026-04-13T08:54:42.779628+00:00,,,
7b4c0b88-40f7-404d-912b-224f5bd26880,13ac7479-762b-4fc2-b36c-b94223caf3d5,fbb296de-dba2-4b23-9c3b-5c1285997b41,2026-04-13,available,,,2026-04-12T05:10:18.741985+00:00,2026-04-13T08:54:42.779628+00:00,,,
806ae493-0397-46df-80c9-f0cd4f7f507c,41197272-bc0f-47b6-8d09-56f414d3035b,fbb296de-dba2-4b23-9c3b-5c1285997b41,2026-04-13,unavailable,,,2026-04-12T05:10:18.741985+00:00,2026-04-13T08:54:42.779628+00:00,,,
78a837e4-8fa2-4b4a-8db4-2edbf1f5c36c,c451e667-831d-4237-9b09-79123b641d17,fbb296de-dba2-4b23-9c3b-5c1285997b41,2026-04-13,unavailable,,,2026-04-12T05:10:18.741985+00:00,2026-04-13T08:54:42.779628+00:00,,,
fa01015f-1f28-4a16-966f-c4fe850e5789,0f564608-78ba-405b-bd40-8d80a71c196e,fbb296de-dba2-4b23-9c3b-5c1285997b41,2026-04-13,unavailable,,,2026-04-12T05:10:18.741985+00:00,2026-04-13T08:54:42.779628+00:00,,,
0a787428-8cce-4736-8b28-d5add46fa451,ead59b1d-eeed-486b-8bf7-a3aaf55caa2b,fbb296de-dba2-4b23-9c3b-5c1285997b41,2026-04-13,unavailable,,,2026-04-12T05:10:18.741985+00:00,2026-04-13T08:54:42.779628+00:00,,,
d1c68bce-241b-40fc-b0d6-38c347e0bd4b,27e7c46d-f7dd-4593-9578-85a9c38acf4e,fbb296de-dba2-4b23-9c3b-5c1285997b41,2026-04-13,unavailable,,,2026-04-12T05:10:18.741985+00:00,2026-04-13T08:54:42.779628+00:00,,,
ca83db0d-fcdc-4adc-9823-d689a1c79800,aef966a7-cec2-4f64-a7c5-f461033d608a,fbb296de-dba2-4b23-9c3b-5c1285997b41,2026-04-13,available,,,2026-04-12T05:10:18.741985+00:00,2026-04-13T08:54:42.779628+00:00,,,
00b1d97f-9b03-4c9b-bcc5-b60e593903d0,8bbedffc-40e5-4f97-9e56-962bea1c24a4,fbb296de-dba2-4b23-9c3b-5c1285997b41,2026-04-13,unavailable,,,2026-04-12T05:10:18.741985+00:00,2026-04-13T08:54:42.779628+00:00,,,
d3dd4054-7b79-46d3-a504-1befbc4454c2,4cab8fc9-fc23-4a60-9cf8-8a1b08ef6e04,fbb296de-dba2-4b23-9c3b-5c1285997b41,2026-04-13,unavailable,,,2026-04-12T05:10:18.741985+00:00,2026-04-13T08:54:42.779628+00:00,,,
94616e22-c087-4cb2-8f79-31b59784d7d9,7aab3ed9-e8d8-4bf0-877b-d0e9722a850b,fbb296de-dba2-4b23-9c3b-5c1285997b41,2026-04-13,unavailable,,,2026-04-12T05:10:18.741985+00:00,2026-04-13T08:54:42.779628+00:00,,,
24402e47-6283-48c8-ad97-37340ea60560,a976be5b-40c5-4152-9f0d-5b4ef48dd44b,fbb296de-dba2-4b23-9c3b-5c1285997b41,2026-04-13,unavailable,,,2026-04-12T05:10:18.741985+00:00,2026-04-13T08:54:42.779628+00:00,,,
3655678c-e44f-4f3d-ab2b-abd00d6d458b,fd29e7ff-5086-468d-85a1-7f73829dd930,fbb296de-dba2-4b23-9c3b-5c1285997b41,2026-04-13,unavailable,,,2026-04-12T05:10:18.741985+00:00,2026-04-13T08:54:42.779628+00:00,,,
50189ed9-b523-4ac9-914e-d4369e648974,1d0c7241-19a1-401d-a709-4f16ed53f990,fbb296de-dba2-4b23-9c3b-5c1285997b41,2026-04-13,unavailable,,,2026-04-12T05:10:18.741985+00:00,2026-04-13T08:54:42.779628+00:00,,,
b0b270ae-7e2d-471e-9fc4-dca4493c4077,4013f053-8031-4c99-852b-aa0682793bca,fbb296de-dba2-4b23-9c3b-5c1285997b41,2026-04-13,unavailable,,,2026-04-12T05:10:18.741985+00:00,2026-04-13T08:54:42.779628+00:00,,,
bb74fbbe-e277-4f7f-b013-1f1ed73cba5d,90570ad5-2c58-4ab5-a1bd-a7dc59a50222,fbb296de-dba2-4b23-9c3b-5c1285997b41,2026-04-13,unavailable,,,2026-04-12T05:10:18.741985+00:00,2026-04-13T08:54:42.779628+00:00,,,
11434425-d83c-4c25-a990-5a5c53b37c3e,c8bbe30a-a177-430d-86c5-6616a6f62a0d,fbb296de-dba2-4b23-9c3b-5c1285997b41,2026-04-13,unavailable,,,2026-04-12T05:10:18.741985+00:00,2026-04-13T08:54:42.779628+00:00,,,
785040d8-6c5a-4a93-b91d-00e99707bfd3,332f1a66-feeb-4e51-8c9f-db3ac84453f3,fbb296de-dba2-4b23-9c3b-5c1285997b41,2026-04-13,unavailable,,,2026-04-12T05:10:18.741985+00:00,2026-04-13T08:54:42.779628+00:00,,,
e5773d1a-7d01-4fe7-87fc-84d91c892be3,7a452ff1-9cab-4d77-8e7f-81ab30889099,fbb296de-dba2-4b23-9c3b-5c1285997b41,2026-04-13,unavailable,,,2026-04-12T05:10:18.741985+00:00,2026-04-13T08:54:42.779628+00:00,,,
36c46a6e-7dfd-452a-9e27-4924c16f6fa2,cd0f66ef-f670-46a5-983a-60066c8c2825,fbb296de-dba2-4b23-9c3b-5c1285997b41,2026-04-13,unavailable,,,2026-04-12T05:10:18.741985+00:00,2026-04-13T08:54:42.779628+00:00,,,
5ae85981-a454-47e0-85ac-3c677d4b7e9b,185693e3-9895-45d7-ab62-3562a30a27e7,fbb296de-dba2-4b23-9c3b-5c1285997b41,2026-04-13,unavailable,,,2026-04-12T05:10:18.741985+00:00,2026-04-13T08:54:42.779628+00:00,,,
7ae061ad-611f-4b41-a440-df42ad88aa44,5d9fdebd-7dde-4fd3-9c41-021a59a373a0,fbb296de-dba2-4b23-9c3b-5c1285997b41,2026-04-13,unavailable,,,2026-04-12T05:10:18.741985+00:00,2026-04-13T08:54:42.779628+00:00,,,
5ab2f7d4-a48e-42bb-a098-0a8e914fe74c,89c1246f-c6d6-48c1-b253-ac897aeb1d11,fbb296de-dba2-4b23-9c3b-5c1285997b41,2026-04-13,unavailable,,,2026-04-12T05:10:18.741985+00:00,2026-04-13T08:54:42.779628+00:00,,,
580f1493-89c9-47e8-9470-8bd42d0dd93d,9c203b49-8a07-4319-aae9-fcfd68b34579,fbb296de-dba2-4b23-9c3b-5c1285997b41,2026-04-13,unavailable,,,2026-04-12T05:10:18.741985+00:00,2026-04-13T08:54:42.779628+00:00,,,
b711ac4f-e883-4ef2-98bc-e21644228243,d2d14373-69ff-4301-81a2-ba77a96b56cd,fbb296de-dba2-4b23-9c3b-5c1285997b41,2026-04-13,unavailable,,,2026-04-12T05:10:18.741985+00:00,2026-04-13T08:54:42.779628+00:00,,,
7f1725a4-10ed-42ce-8a98-93acc00f5c17,7387900d-0b1d-4fe5-b9e6-7c968c2003b3,fbb296de-dba2-4b23-9c3b-5c1285997b41,2026-04-13,unavailable,,,2026-04-12T05:10:18.741985+00:00,2026-04-13T08:54:42.779628+00:00,,,
b149bf68-463e-4c7d-9ffe-2ff8da879f31,22370f93-2d06-4891-841e-4cf159e301ca,fbb296de-dba2-4b23-9c3b-5c1285997b41,2026-04-13,unavailable,,,2026-04-12T05:10:18.741985+00:00,2026-04-13T08:54:42.779628+00:00,,,
0e35cf83-1422-41d3-87a6-0e0ad7363f42,0ca63d24-8e2c-4cb8-af36-ceb8ced7f103,fbb296de-dba2-4b23-9c3b-5c1285997b41,2026-04-13,unavailable,,,2026-04-12T05:10:18.741985+00:00,2026-04-13T08:54:42.779628+00:00,,,
f5751186-84e4-467d-8ea6-f2250e307053,924c513c-c422-4c24-9515-e4544f493394,fbb296de-dba2-4b23-9c3b-5c1285997b41,2026-04-13,unavailable,,,2026-04-12T05:10:18.741985+00:00,2026-04-13T08:54:42.779628+00:00,,,
f79732bc-4c2c-4e5f-8ffe-1629c0165f2f,79bea6a3-4268-4ae7-8665-deb6b1cf1a9a,fbb296de-dba2-4b23-9c3b-5c1285997b41,2026-04-13,unavailable,,,2026-04-12T05:10:18.741985+00:00,2026-04-13T08:54:42.779628+00:00,,,
e4f62a38-567a-40b6-97ed-b878fc7ba6be,e0562212-cda5-4a74-ac19-db857f843dbd,fbb296de-dba2-4b23-9c3b-5c1285997b41,2026-04-13,unavailable,,,2026-04-12T05:10:18.741985+00:00,2026-04-13T08:54:42.779628+00:00,,,
4cd86e63-11bb-4dba-8d0d-4affc7378634,35f4a879-0b57-4581-9e91-c47200a23c78,fbb296de-dba2-4b23-9c3b-5c1285997b41,2026-04-13,unavailable,,,2026-04-12T05:10:18.741985+00:00,2026-04-13T08:54:42.779628+00:00,,,
6a2dca47-1816-4477-a73f-5e3f35dea4d6,c0b5e2df-b927-4ac5-99f5-4368965722ab,fbb296de-dba2-4b23-9c3b-5c1285997b41,2026-04-13,unavailable,,,2026-04-12T05:10:18.741985+00:00,2026-04-13T08:54:42.779628+00:00,,,
a519becc-ac5b-4b9a-ad78-a4b7f4cc8711,b66e80d0-7f23-44ac-a6d3-5db4212284e6,fbb296de-dba2-4b23-9c3b-5c1285997b41,2026-04-13,unavailable,,,2026-04-12T05:10:18.741985+00:00,2026-04-13T08:54:42.779628+00:00,,,
15cc09cc-4f25-45fc-8982-b27d8290c3d6,4acd4dc2-eb69-48a4-8f0d-dc509f93beb4,fbb296de-dba2-4b23-9c3b-5c1285997b41,2026-04-13,unavailable,,,2026-04-12T05:10:18.741985+00:00,2026-04-13T08:54:42.779628+00:00,,,
d0d35de2-cc2c-46cf-9b8d-d7fec119f1d5,604ea0ee-856f-4bd8-90a3-a067244e31db,fbb296de-dba2-4b23-9c3b-5c1285997b41,2026-04-13,unavailable,,,2026-04-12T05:10:18.741985+00:00,2026-04-13T08:54:42.779628+00:00,,,
310ca48c-2fd6-4db4-9b67-7a1fefd42f2b,3c972950-a216-468e-b719-d3430d265c36,fbb296de-dba2-4b23-9c3b-5c1285997b41,2026-04-13,available,,,2026-04-12T05:10:18.741985+00:00,2026-04-13T08:54:42.779628+00:00,,,
d209ca94-35da-4972-b2ea-c8df6e58847f,2ec9bf07-c28b-4a11-809e-a7be42c4db76,fbb296de-dba2-4b23-9c3b-5c1285997b41,2026-04-13,unavailable,,,2026-04-12T05:10:18.741985+00:00,2026-04-13T08:54:42.779628+00:00,,,
3e449239-4148-49a6-878d-41ffa35ba127,1d6856d9-51da-4f3d-9167-2140aa6f8eba,fbb296de-dba2-4b23-9c3b-5c1285997b41,2026-04-13,unavailable,,,2026-04-12T05:10:18.741985+00:00,2026-04-13T08:54:42.779628+00:00,,,
89f9f36d-fc44-49e7-bce0-0d84f2900138,4f7e4826-6de8-458d-9fc7-dc135acf8c1e,fbb296de-dba2-4b23-9c3b-5c1285997b41,2026-04-13,unavailable,,,2026-04-12T05:10:18.741985+00:00,2026-04-13T08:54:42.779628+00:00,,,
b184469e-30b3-4b4b-bfb7-850a66a3bc12,c60051a9-4d42-4198-bd08-b24181a2481d,fbb296de-dba2-4b23-9c3b-5c1285997b41,2026-04-13,unavailable,,,2026-04-12T05:10:18.741985+00:00,2026-04-13T08:54:42.779628+00:00,,,
3c7da436-30a0-4b91-bfc8-6eb0f543c863,39f683dd-6e80-43b8-9c10-8f9505093d6e,fbb296de-dba2-4b23-9c3b-5c1285997b41,2026-04-13,unavailable,,,2026-04-12T05:10:18.741985+00:00,2026-04-13T08:54:42.779628+00:00,,,
bad326e1-77ef-43b0-8e3c-06ad0958b638,2e754b98-4d62-4dde-abae-8fad7eb099d3,fbb296de-dba2-4b23-9c3b-5c1285997b41,2026-04-13,unavailable,,,2026-04-12T05:10:18.741985+00:00,2026-04-13T08:54:42.779628+00:00,,,
7eaaeedb-4de8-4978-b54a-a6649c956556,b3abbd6a-b26d-4a7e-aa1a-d44346bf21b3,fbb296de-dba2-4b23-9c3b-5c1285997b41,2026-04-13,unavailable,,,2026-04-12T05:10:18.741985+00:00,2026-04-13T08:54:42.779628+00:00,,,
6a77cacd-051f-4887-9eda-b11fd946b17f,d87652f1-bb0b-444f-ad23-97c5c4d8b7de,fbb296de-dba2-4b23-9c3b-5c1285997b41,2026-04-13,unavailable,,,2026-04-12T05:10:18.741985+00:00,2026-04-13T08:54:42.779628+00:00,,,
33dc66f0-a242-4a50-bb49-c5a6ee5814b9,09d6b27b-cbab-4ce2-b97b-cd849d5588b2,fbb296de-dba2-4b23-9c3b-5c1285997b41,2026-04-13,unavailable,,,2026-04-12T05:10:18.741985+00:00,2026-04-13T08:54:42.779628+00:00,,,
ee5fbea0-14c7-4a9d-a73e-ef68762d55f7,d17e62b0-3615-4ac3-8fb3-f9b22955600f,fbb296de-dba2-4b23-9c3b-5c1285997b41,2026-04-13,unavailable,,,2026-04-12T05:10:18.741985+00:00,2026-04-13T08:54:42.779628+00:00,,,
257e45cf-4063-4b31-8643-2bb7625f83c3,27d10606-8e7f-4afa-8c12-ce177d2f7e31,fbb296de-dba2-4b23-9c3b-5c1285997b41,2026-04-13,unavailable,,,2026-04-12T05:10:18.741985+00:00,2026-04-13T08:54:42.779628+00:00,,,
e2e400fa-9d87-4a60-8c63-8b7c0d84b139,e9697f64-3351-4f0c-80a2-97693a2ea2e5,fbb296de-dba2-4b23-9c3b-5c1285997b41,2026-04-13,unavailable,,,2026-04-12T05:10:18.741985+00:00,2026-04-13T08:54:42.779628+00:00,,,
a3cafbf3-0213-423e-8dc0-f9d0c788394b,a252243e-ee4b-4544-8a0f-5f1fdfc8cf78,fbb296de-dba2-4b23-9c3b-5c1285997b41,2026-04-13,unavailable,,,2026-04-12T05:10:18.741985+00:00,2026-04-13T08:54:42.779628+00:00,,,
d5dfc9c0-152c-4487-9206-4799fa9cf941,ec0e87bd-f105-4509-a148-beb9bf6eae42,fbb296de-dba2-4b23-9c3b-5c1285997b41,2026-04-13,unavailable,,,2026-04-12T05:10:18.741985+00:00,2026-04-13T08:54:42.779628+00:00,,,
83c8c490-4ac2-472d-be29-1c352d40d899,9ba79172-9ab7-433c-a656-4b584d3eab1e,fbb296de-dba2-4b23-9c3b-5c1285997b41,2026-04-13,unavailable,,,2026-04-12T05:10:18.741985+00:00,2026-04-13T08:54:42.779628+00:00,,,
c976c987-dca3-444b-a5a4-21e5493a4a4b,6c3dfe2a-d412-409f-a2b0-15345fbd2981,fbb296de-dba2-4b23-9c3b-5c1285997b41,2026-04-13,unavailable,,,2026-04-12T05:10:18.741985+00:00,2026-04-13T08:54:42.779628+00:00,,,
b5992e1b-26ea-4082-9986-d632f1f682a8,98073499-8a1a-4ca5-99ad-0486e2769c76,fbb296de-dba2-4b23-9c3b-5c1285997b41,2026-04-13,unavailable,,,2026-04-12T05:10:18.741985+00:00,2026-04-13T08:54:42.779628+00:00,,,
67523a7b-e8e4-466f-b6ad-e676bad24ffe,80e8b99d-e4fa-4b8d-b897-b9a26e96d8d3,fbb296de-dba2-4b23-9c3b-5c1285997b41,2026-04-13,unavailable,,,2026-04-12T05:10:18.741985+00:00,2026-04-13T08:54:42.779628+00:00,,,
7849f72c-4f9a-4517-bf58-6e33e83df55b,4be9d559-4c73-4ac4-90bf-cb2939b339f6,fbb296de-dba2-4b23-9c3b-5c1285997b41,2026-04-13,unavailable,,,2026-04-12T05:10:18.741985+00:00,2026-04-13T08:54:42.779628+00:00,,,
a7926335-7222-479d-aac2-60e9c1e05e3d,9f56c78e-827c-4cbe-bb50-b014f03485d7,fbb296de-dba2-4b23-9c3b-5c1285997b41,2026-04-13,unavailable,,,2026-04-12T05:10:18.741985+00:00,2026-04-13T08:54:42.779628+00:00,,,
f8837fcb-9775-477b-866f-157e125242a2,b7693f65-7b87-4620-a292-f9e60fd3cfa9,fbb296de-dba2-4b23-9c3b-5c1285997b41,2026-04-13,unavailable,,,2026-04-12T05:10:18.741985+00:00,2026-04-13T08:54:42.779628+00:00,,,
8fd8418f-d27f-4c08-bcf6-7d9a21ddaea9,34ab878d-5fc3-40ab-8fb7-7c1496accbf0,fbb296de-dba2-4b23-9c3b-5c1285997b41,2026-04-13,unavailable,,,2026-04-12T05:10:18.741985+00:00,2026-04-13T08:54:42.779628+00:00,,,
71d5f8e5-b842-4ece-a68a-2d8e07874160,f74886a6-2688-4903-92e2-b277ac3871b9,fbb296de-dba2-4b23-9c3b-5c1285997b41,2026-04-13,unavailable,,,2026-04-12T05:10:18.741985+00:00,2026-04-13T08:54:42.779628+00:00,,,
d11e6ba1-332d-41be-9607-8308cc6d9621,ede7731f-5bf6-4a39-95f4-5d3301c929b8,fbb296de-dba2-4b23-9c3b-5c1285997b41,2026-04-13,unavailable,,,2026-04-12T05:10:18.741985+00:00,2026-04-13T08:54:42.779628+00:00,,,
3aa7d8d2-34b0-4e06-b4f2-66ecc4078ea7,1b44a5a2-7c8e-4381-b545-3cecb689cce4,fbb296de-dba2-4b23-9c3b-5c1285997b41,2026-04-13,unavailable,,,2026-04-12T05:10:18.741985+00:00,2026-04-13T08:54:42.779628+00:00,,,
848e1929-4d96-4c3a-853f-8ba8cac30e0d,19a5d381-d434-4482-aee6-9b44308ff7d3,fbb296de-dba2-4b23-9c3b-5c1285997b41,2026-04-13,unavailable,,,2026-04-12T05:10:18.741985+00:00,2026-04-13T08:54:42.779628+00:00,,,
da8fe7c5-a1ff-4886-a8fa-426d7af867dc,d744e61c-c90f-4181-9247-ae706cf2295d,fbb296de-dba2-4b23-9c3b-5c1285997b41,2026-04-13,unavailable,,,2026-04-12T05:10:18.741985+00:00,2026-04-13T08:54:42.779628+00:00,,,
f2f96ff2-d8f1-42fa-834a-3c73fa67c267,1b5e7f69-0650-4d5d-a6bf-e6d54d03f21e,fbb296de-dba2-4b23-9c3b-5c1285997b41,2026-04-13,unavailable,,,2026-04-12T05:10:18.741985+00:00,2026-04-13T08:54:42.779628+00:00,,,
215ef61b-6c40-492b-b150-385ac1d5d4dc,aef96fc8-88ea-48ab-bc0f-0c812c919007,fbb296de-dba2-4b23-9c3b-5c1285997b41,2026-04-13,unavailable,,,2026-04-12T05:10:18.741985+00:00,2026-04-13T08:54:42.779628+00:00,,,
f954fee7-ced9-4298-98db-4efcca975002,a6a57270-840f-41ff-998e-0b1d3cefbe24,fbb296de-dba2-4b23-9c3b-5c1285997b41,2026-04-13,unavailable,,,2026-04-12T05:10:18.741985+00:00,2026-04-13T08:54:42.779628+00:00,,,
9a8cfb8b-f058-42e9-a1c0-136d610eff42,b78ea1c0-57d8-4155-bc7e-f9178f5c5ee1,fbb296de-dba2-4b23-9c3b-5c1285997b41,2026-04-13,unavailable,,,2026-04-12T05:10:18.741985+00:00,2026-04-13T08:54:42.779628+00:00,,,
aab75919-121f-4fb0-86d5-4a6f7d830ecd,7070a97e-2956-4082-b31e-c16321071149,fbb296de-dba2-4b23-9c3b-5c1285997b41,2026-04-13,unavailable,,,2026-04-12T05:10:18.741985+00:00,2026-04-13T08:54:42.779628+00:00,,,
1ff36c18-5a2a-4b8c-b166-39d84805ef04,bbc3545a-c547-48c5-a757-735e33dc47ec,fbb296de-dba2-4b23-9c3b-5c1285997b41,2026-04-13,unavailable,,,2026-04-12T05:10:18.741985+00:00,2026-04-13T08:54:42.779628+00:00,,,
4abbcc34-5d77-473f-8bc6-8afb23a99310,2fc8d3e9-f161-405f-8246-6a15a6c237cb,fbb296de-dba2-4b23-9c3b-5c1285997b41,2026-04-13,unavailable,,,2026-04-12T05:10:18.741985+00:00,2026-04-13T08:54:42.779628+00:00,,,
9ab58f2a-dd79-42fb-b119-6b2866417df6,a2e7a71f-6efe-4d67-b41f-a1338754ff3b,fbb296de-dba2-4b23-9c3b-5c1285997b41,2026-04-13,unavailable,,,2026-04-12T05:10:18.741985+00:00,2026-04-13T08:54:42.779628+00:00,,,
b0c747bd-5106-46b3-9b0c-a3d4e3419340,407a2c77-9fc9-495a-ba00-749131cac905,fbb296de-dba2-4b23-9c3b-5c1285997b41,2026-04-13,unavailable,,,2026-04-12T05:10:18.741985+00:00,2026-04-13T08:54:42.779628+00:00,,,
c480fabd-f7b9-4c63-9a11-d0863771e8f0,0dfe1789-64e1-4258-bf9b-f4b5deaa6bd9,fbb296de-dba2-4b23-9c3b-5c1285997b41,2026-04-13,unavailable,,,2026-04-12T05:10:18.741985+00:00,2026-04-13T08:54:42.779628+00:00,,,
84a362c6-e89d-4171-bab5-754bdb0cb5c8,682a4581-1f29-4cd9-ba52-2bf5deb40807,fbb296de-dba2-4b23-9c3b-5c1285997b41,2026-04-13,unavailable,,,2026-04-12T05:10:18.741985+00:00,2026-04-13T08:54:42.779628+00:00,,,
8869239a-4c2f-4922-9551-c33e35086651,0330dca4-2e34-4ccd-9ea0-e2eccbcb3ed9,fbb296de-dba2-4b23-9c3b-5c1285997b41,2026-04-13,unavailable,,,2026-04-12T05:10:18.741985+00:00,2026-04-13T08:54:42.779628+00:00,,,
aa916b26-57e6-4216-bbab-d23a374ac5ca,46d57a11-f9d2-47d0-9096-e6a7b9ed81ad,fbb296de-dba2-4b23-9c3b-5c1285997b41,2026-04-13,unavailable,,,2026-04-12T05:10:18.741985+00:00,2026-04-13T08:54:42.779628+00:00,,,
df719279-3f31-423b-bb9a-1ae5ba2817dc,7c3b600c-73e8-4df6-993e-effdb29ce957,fbb296de-dba2-4b23-9c3b-5c1285997b41,2026-04-13,unavailable,,,2026-04-12T05:10:18.741985+00:00,2026-04-13T08:54:42.779628+00:00,,,
d9b96ed4-a037-4c6e-ab8f-6d38456fd49e,d7284556-1c31-49af-9565-909063b93cc9,fbb296de-dba2-4b23-9c3b-5c1285997b41,2026-04-13,unavailable,,,2026-04-12T05:10:18.741985+00:00,2026-04-13T08:54:42.779628+00:00,,,
dfc9d377-6b33-4401-bc4e-52e99beb8fc1,1f32ff5a-f9b7-440a-8285-ab2ad1ecaa05,fbb296de-dba2-4b23-9c3b-5c1285997b41,2026-04-13,unavailable,,,2026-04-12T05:10:18.741985+00:00,2026-04-13T08:54:42.779628+00:00,,,
c7be67c3-24eb-4c99-b786-bad65d0d4d2f,304ed108-096d-4022-b673-87feae1b5a1a,fbb296de-dba2-4b23-9c3b-5c1285997b41,2026-04-13,unavailable,,,2026-04-12T05:10:18.741985+00:00,2026-04-13T08:54:42.779628+00:00,,,
4b6a686c-2f99-4a2f-bb7d-8ad90a170a43,61a1375c-3254-4fe0-a471-8b8b660f4135,fbb296de-dba2-4b23-9c3b-5c1285997b41,2026-04-13,unavailable,,,2026-04-12T05:10:18.741985+00:00,2026-04-13T08:54:42.779628+00:00,,,
1e905b67-82d3-4328-8683-da0cca45fad4,41817459-03f8-4e71-8ba6-8fa63e5e1b4d,fbb296de-dba2-4b23-9c3b-5c1285997b41,2026-04-13,unavailable,,,2026-04-12T05:10:18.741985+00:00,2026-04-13T08:54:42.779628+00:00,,,
e36f3bb9-e618-4144-aab8-fe47107ef21a,ad22aeeb-e301-4beb-9bf9-36b11a302944,fbb296de-dba2-4b23-9c3b-5c1285997b41,2026-04-13,unavailable,,,2026-04-12T05:10:18.741985+00:00,2026-04-13T08:54:42.779628+00:00,,,
92b7d913-c997-41df-ac59-9ac8e9e8c8ba,5a9c3504-8fef-4b40-8129-d20f88fbe563,fbb296de-dba2-4b23-9c3b-5c1285997b41,2026-04-13,unavailable,,,2026-04-12T05:10:18.741985+00:00,2026-04-13T08:54:42.779628+00:00,,,
771f0d7a-46d4-45ae-9d99-6281a3829b59,72705d6f-ba9c-45cc-a890-c2c7baf086c7,fbb296de-dba2-4b23-9c3b-5c1285997b41,2026-04-13,unavailable,,,2026-04-12T05:10:18.741985+00:00,2026-04-13T08:54:42.779628+00:00,,,
feebf93a-97e0-4ad4-9dd0-ad5ad239fe68,c6fdc2be-53bd-4c2a-8a6f-665e612aa3b5,fbb296de-dba2-4b23-9c3b-5c1285997b41,2026-04-13,unavailable,,,2026-04-12T05:10:18.741985+00:00,2026-04-13T08:54:42.779628+00:00,,,
5530698d-4de0-4f5b-b437-b67acc398fd0,3d50b41b-54e3-4ea7-b559-e40d8a1ea7e3,fbb296de-dba2-4b23-9c3b-5c1285997b41,2026-04-13,unavailable,,,2026-04-12T05:10:18.741985+00:00,2026-04-13T08:54:42.779628+00:00,,,
c7719c63-4885-42dc-a6f2-a0c9e126681f,508960cd-999c-44de-8e17-218b5cfa40d9,fbb296de-dba2-4b23-9c3b-5c1285997b41,2026-04-13,unavailable,,,2026-04-12T05:10:18.741985+00:00,2026-04-13T08:54:42.779628+00:00,,,
2f889641-9659-4a83-8296-0cbc26bb17f0,6014e544-f4ea-4903-a691-9e2915ee2d07,fbb296de-dba2-4b23-9c3b-5c1285997b41,2026-04-13,unavailable,,,2026-04-12T05:10:18.741985+00:00,2026-04-13T08:54:42.779628+00:00,,,
68b28f29-a37d-42c7-b049-8ab1d06a1f8f,31738451-481f-400e-aba1-42b2a7452949,fbb296de-dba2-4b23-9c3b-5c1285997b41,2026-04-13,unavailable,,,2026-04-12T05:10:18.741985+00:00,2026-04-13T08:54:42.779628+00:00,,,
2f81866f-0989-4502-8de4-5352aa0fabe4,0acf89be-de62-4a14-9502-aab639d34f04,fbb296de-dba2-4b23-9c3b-5c1285997b41,2026-04-13,unavailable,,,2026-04-12T05:10:18.741985+00:00,2026-04-13T08:54:42.779628+00:00,,,
46ba2236-0918-4754-af33-d6fef9f03090,ab073af1-5ce8-4acb-b07f-4fa41d2a8a9d,fbb296de-dba2-4b23-9c3b-5c1285997b41,2026-04-13,unavailable,,,2026-04-12T05:10:18.741985+00:00,2026-04-13T08:54:42.779628+00:00,,,
45fd06bf-0430-4056-afe8-81992462affc,8627c1a1-62d7-49e3-9176-f295969b3c6d,fbb296de-dba2-4b23-9c3b-5c1285997b41,2026-04-13,unavailable,,,2026-04-12T05:10:18.741985+00:00,2026-04-13T08:54:42.779628+00:00,,,
b216448f-4835-4bb7-9654-944a3fbe6b70,aad00f76-4fe1-44ac-882a-9ad2eb664a5c,fbb296de-dba2-4b23-9c3b-5c1285997b41,2026-04-13,unavailable,,,2026-04-12T05:10:18.741985+00:00,2026-04-13T08:54:42.779628+00:00,,,
f299b0d5-485f-43e2-a19e-eda0b76d52b3,759e7b56-07aa-4866-bfaa-46efdb0afe58,fbb296de-dba2-4b23-9c3b-5c1285997b41,2026-04-13,unavailable,,,2026-04-12T05:10:18.741985+00:00,2026-04-13T08:54:42.779628+00:00,,,
d70a2b36-52a1-437f-8133-2cc0bad4b7e5,38a11035-66a5-48ca-825b-8124f66d4478,fbb296de-dba2-4b23-9c3b-5c1285997b41,2026-04-13,unavailable,,,2026-04-12T05:10:18.741985+00:00,2026-04-13T08:54:42.779628+00:00,,,
113b0db7-4ee2-41ea-93ca-4dc4b9742d86,4898a864-3303-44d8-8c83-8f8996a19fa3,fbb296de-dba2-4b23-9c3b-5c1285997b41,2026-04-13,unavailable,,,2026-04-12T05:10:18.741985+00:00,2026-04-13T08:54:42.779628+00:00,,,
4ba14e7a-38b7-41e2-809a-236928232da6,97ee9b66-2711-4df2-99bd-ed1a32f40eb4,fbb296de-dba2-4b23-9c3b-5c1285997b41,2026-04-13,unavailable,,,2026-04-12T05:10:18.741985+00:00,2026-04-13T08:54:42.779628+00:00,,,
393ad1a7-ee9b-449b-ab9a-2dd7f6e82aaa,4fd2406d-0cce-4013-9585-72c23407ceae,fbb296de-dba2-4b23-9c3b-5c1285997b41,2026-04-13,unavailable,,,2026-04-12T05:10:18.741985+00:00,2026-04-13T08:54:42.779628+00:00,,,
b153af73-01c4-417b-8cb3-24865bba36d5,334edaad-9be5-43ff-a28a-6a165d97d13e,fbb296de-dba2-4b23-9c3b-5c1285997b41,2026-04-13,unavailable,,,2026-04-12T05:10:18.741985+00:00,2026-04-13T08:54:42.779628+00:00,,,
355342c0-f15a-4b6e-a2b8-21ecabfd5195,ad8151cf-0a93-4205-9f92-19b1bc595a8f,fbb296de-dba2-4b23-9c3b-5c1285997b41,2026-04-13,unavailable,,,2026-04-12T05:10:18.741985+00:00,2026-04-13T08:54:42.779628+00:00,,,
4ba71e81-00c0-4109-9f03-013c22d92781,9c2ebb31-687b-428e-a2c5-a5e552f7b5cc,fbb296de-dba2-4b23-9c3b-5c1285997b41,2026-04-13,unavailable,,,2026-04-12T05:10:18.741985+00:00,2026-04-13T08:54:42.779628+00:00,,,
5c46ed71-f736-47f5-8b29-67b481c41503,0516781f-0290-44a1-9f8f-adbf8db38425,fbb296de-dba2-4b23-9c3b-5c1285997b41,2026-04-13,unavailable,,,2026-04-12T05:10:18.741985+00:00,2026-04-13T08:54:42.779628+00:00,,,
8221e798-8a03-496b-9c9d-9db9dfb8f319,3f899f50-df5f-4364-ba3f-3ef814961309,fbb296de-dba2-4b23-9c3b-5c1285997b41,2026-04-13,unavailable,,,2026-04-12T05:10:18.741985+00:00,2026-04-13T08:54:42.779628+00:00,,,
6bba8495-2b24-4fa2-855d-a1ce8b3f3290,96c9c583-6be1-473c-8531-e58107199fa6,fbb296de-dba2-4b23-9c3b-5c1285997b41,2026-04-13,unavailable,,,2026-04-12T05:10:18.741985+00:00,2026-04-13T08:54:42.779628+00:00,,,
17d99d9b-25e3-47f9-8c87-9a01ca2ac3af,949a9839-c640-4bf7-a7b6-59e93d5e927e,fbb296de-dba2-4b23-9c3b-5c1285997b41,2026-04-13,unavailable,,,2026-04-12T05:10:18.741985+00:00,2026-04-13T08:54:42.779628+00:00,,,
dfd00b49-ab31-4f54-a9c1-c8e445bb3f44,1188873c-8be1-42d3-a242-da6f15bf5e4a,fbb296de-dba2-4b23-9c3b-5c1285997b41,2026-04-13,unavailable,,,2026-04-12T05:10:18.741985+00:00,2026-04-13T08:54:42.779628+00:00,,,
5458cf77-dce1-401f-9ad5-e1e5e1c1d37d,2d018036-1224-40a3-82ac-e3644690ab0a,fbb296de-dba2-4b23-9c3b-5c1285997b41,2026-04-13,unavailable,,,2026-04-12T05:10:18.741985+00:00,2026-04-13T08:54:42.779628+00:00,,,
42cbddd9-eca9-485f-804b-d34990a7b3ce,924984fd-6cab-4b4a-8b62-1fc6860ad5a5,fbb296de-dba2-4b23-9c3b-5c1285997b41,2026-04-13,unavailable,,,2026-04-12T05:10:18.741985+00:00,2026-04-13T08:54:42.779628+00:00,,,
9be934ec-ad87-4d9d-afb9-d8f11fcb39f3,3c2f77cd-57af-4557-93a8-25f866c7ef0a,fbb296de-dba2-4b23-9c3b-5c1285997b41,2026-04-13,unavailable,,,2026-04-12T05:10:18.741985+00:00,2026-04-13T08:54:42.779628+00:00,,,
b4306e79-a066-4ab0-a8ed-f7fd2536f9be,20af3438-94f4-44dd-a150-079cf139a7a5,fbb296de-dba2-4b23-9c3b-5c1285997b41,2026-04-13,unavailable,,,2026-04-12T05:10:18.741985+00:00,2026-04-13T08:54:42.779628+00:00,,,
46334139-05bb-4e9c-b0de-4aee2f581c14,4e30357c-cab4-454a-8698-3f7413a38b2c,fbb296de-dba2-4b23-9c3b-5c1285997b41,2026-04-13,unavailable,,,2026-04-12T05:10:18.741985+00:00,2026-04-13T08:54:42.779628+00:00,,,
938038ec-8e05-4d95-bcf0-cb6bf38be038,a3d8e08f-8e02-46e5-af59-a2895bf61e63,fbb296de-dba2-4b23-9c3b-5c1285997b41,2026-04-13,unavailable,,,2026-04-12T05:10:18.741985+00:00,2026-04-13T08:54:42.779628+00:00,,,
04f8a7d8-7bfc-4325-a02c-34206d4241bd,fd5f8362-52f1-410c-97dc-bbe084c2c8e4,fbb296de-dba2-4b23-9c3b-5c1285997b41,2026-04-13,unavailable,,,2026-04-12T05:10:18.741985+00:00,2026-04-13T08:54:42.779628+00:00,,,
aa4ad0a8-14bd-4fe5-9c91-106e3d5305d4,5d083c30-fb85-4d4f-9757-9cda19fc2821,fbb296de-dba2-4b23-9c3b-5c1285997b41,2026-04-13,unavailable,,,2026-04-12T05:10:18.741985+00:00,2026-04-13T08:54:42.779628+00:00,,,
3197716d-b9e1-4e67-9940-3be95beff5ef,e63f9153-d195-48fa-b7e7-19ad412c36da,fbb296de-dba2-4b23-9c3b-5c1285997b41,2026-04-13,available,,,2026-04-12T05:10:18.741985+00:00,2026-04-13T08:54:42.779628+00:00,,,
627bcd78-2d2a-4381-8ad5-89fa22ee790e,314d5849-c300-477e-93a4-bc99aa664c23,fbb296de-dba2-4b23-9c3b-5c1285997b41,2026-04-13,unavailable,,,2026-04-12T05:10:18.741985+00:00,2026-04-13T08:54:42.779628+00:00,,,
19a63192-eddf-4b6c-aa47-bba4fd8e95c6,afb8cdfd-4cc1-40f7-9f70-df7cbbb78d06,fbb296de-dba2-4b23-9c3b-5c1285997b41,2026-04-13,unavailable,,,2026-04-12T05:10:18.741985+00:00,2026-04-13T08:54:42.779628+00:00,,,
7c7f3a86-c4e5-4b7d-a121-32de64310a8d,66732b90-15ff-4bb5-a9d8-b84ac997d183,fbb296de-dba2-4b23-9c3b-5c1285997b41,2026-04-13,unavailable,,,2026-04-12T05:10:18.741985+00:00,2026-04-13T08:54:42.779628+00:00,,,
6cbcabb6-c501-4975-bc75-b4f125284017,29686763-0ead-43f0-9d3a-59f2ccfb2477,fbb296de-dba2-4b23-9c3b-5c1285997b41,2026-04-13,unavailable,,,2026-04-12T05:10:18.741985+00:00,2026-04-13T08:54:42.779628+00:00,,,
dfc3b150-3900-49d5-a08f-1ce1e4f21494,0a960158-e3fa-4ee6-aabd-55578dfe8faa,fbb296de-dba2-4b23-9c3b-5c1285997b41,2026-04-13,unavailable,,,2026-04-12T05:10:18.741985+00:00,2026-04-13T08:54:42.779628+00:00,,,
62f7b4e3-b35a-4e07-929d-63aaf0a995bf,1dbf367f-4514-48e7-8853-81551967c94d,fbb296de-dba2-4b23-9c3b-5c1285997b41,2026-04-13,unavailable,,,2026-04-12T05:10:18.741985+00:00,2026-04-13T08:54:42.779628+00:00,,,
829fe66f-9ff4-4670-9938-3c8ccecec3b0,52ecfb86-603a-49a2-bed5-ff0ced64f464,fbb296de-dba2-4b23-9c3b-5c1285997b41,2026-04-13,unavailable,,,2026-04-12T05:10:18.741985+00:00,2026-04-13T08:54:42.779628+00:00,,,
4b866597-8f0f-4807-bc59-a5c5adf74292,de3020b4-e754-4b71-a352-c99160240de4,fbb296de-dba2-4b23-9c3b-5c1285997b41,2026-04-13,unavailable,,,2026-04-12T05:10:18.741985+00:00,2026-04-13T08:54:42.779628+00:00,,,
02f38aef-8b2e-439e-b104-d41d2fa0406c,d675726f-44a7-475c-9b4b-9ba2bf13996d,fbb296de-dba2-4b23-9c3b-5c1285997b41,2026-04-13,unavailable,,,2026-04-12T05:10:18.741985+00:00,2026-04-13T08:54:42.779628+00:00,,,
4714ad6b-3235-49bf-8516-4de79c0c6497,07c6eec6-46c9-4e7c-8cab-a524795d38b7,fbb296de-dba2-4b23-9c3b-5c1285997b41,2026-04-13,unavailable,,,2026-04-12T05:10:18.741985+00:00,2026-04-13T08:54:42.779628+00:00,,,
c9061eb7-0d90-4b44-83ba-dd196e40fd4e,94301ae3-f29e-44c7-a4e4-94add65ee641,fbb296de-dba2-4b23-9c3b-5c1285997b41,2026-04-13,unavailable,,,2026-04-12T05:10:18.741985+00:00,2026-04-13T08:54:42.779628+00:00,,,
9f836cf3-23e2-4854-b5b2-81e3650bf381,f3c9bbbe-aef1-46f3-8e9c-83d1d05109d0,fbb296de-dba2-4b23-9c3b-5c1285997b41,2026-04-13,unavailable,,,2026-04-12T05:10:18.741985+00:00,2026-04-13T08:54:42.779628+00:00,,,
00105579-e52f-4742-ba0f-e4d6853614b4,60615a17-1ed6-46d4-9ea7-5733ae4770d1,fbb296de-dba2-4b23-9c3b-5c1285997b41,2026-04-13,unavailable,,,2026-04-12T05:10:18.741985+00:00,2026-04-13T08:54:42.779628+00:00,,,
889250b8-738a-4abd-9964-63e0ebdb8793,dcb732ae-01fa-47ac-8c1d-20b1a9d0b47f,fbb296de-dba2-4b23-9c3b-5c1285997b41,2026-04-13,unavailable,,,2026-04-12T05:10:18.741985+00:00,2026-04-13T08:54:42.779628+00:00,,,
5cec6c33-b066-41a7-b03b-dbe9cc42d6b8,1231a2f3-61ad-405a-a710-a84a46c2ac8f,fbb296de-dba2-4b23-9c3b-5c1285997b41,2026-04-13,unavailable,,,2026-04-12T05:10:18.741985+00:00,2026-04-13T08:54:42.779628+00:00,,,
68602d68-7d4b-4d7c-ac13-23dd131a553c,84c40ee2-5337-4ad7-9f94-14b23375badb,fbb296de-dba2-4b23-9c3b-5c1285997b41,2026-04-13,unavailable,,,2026-04-12T05:10:18.741985+00:00,2026-04-13T08:54:42.779628+00:00,,,
ff275ac5-a6be-4c47-8017-472a1a367e49,d366129f-9ec9-4f9d-a4d9-dd76408778d2,fbb296de-dba2-4b23-9c3b-5c1285997b41,2026-04-13,unavailable,,,2026-04-12T05:10:18.741985+00:00,2026-04-13T08:54:42.779628+00:00,,,
6fa59522-e104-40a2-969c-ba43433374b6,c2cbd94e-49da-4aa5-b4b5-070bb2aae1de,fbb296de-dba2-4b23-9c3b-5c1285997b41,2026-04-13,unavailable,,,2026-04-12T05:10:18.741985+00:00,2026-04-13T08:54:42.779628+00:00,,,
08ba7f5a-6497-4196-b1e5-f26a11a818e5,2070ea5c-435b-4080-9a08-46095b69baca,fbb296de-dba2-4b23-9c3b-5c1285997b41,2026-04-13,unavailable,,,2026-04-12T05:10:18.741985+00:00,2026-04-13T08:54:42.779628+00:00,,,
62f824a1-25d1-4160-8761-4befc79976e4,d399f7cb-cd56-4360-9e60-ccab8382fb61,fbb296de-dba2-4b23-9c3b-5c1285997b41,2026-04-13,unavailable,,,2026-04-12T05:10:18.741985+00:00,2026-04-13T08:54:42.779628+00:00,,,
0df889df-096a-4016-ac3d-6916684dddff,e29757bb-c15b-4791-8b7e-c0e26dbc2d4c,fbb296de-dba2-4b23-9c3b-5c1285997b41,2026-04-13,unavailable,,,2026-04-12T05:10:18.741985+00:00,2026-04-13T08:54:42.779628+00:00,,,
ed883311-5d88-4cb1-9946-35a87caade31,72322dd6-8045-401b-aa0e-67ed58ebe0ff,fbb296de-dba2-4b23-9c3b-5c1285997b41,2026-04-13,unavailable,,,2026-04-12T05:10:18.741985+00:00,2026-04-13T08:54:42.779628+00:00,,,
2ef4467d-56b2-4bc8-abbc-15d032523df1,ad510ff3-14e5-40fa-b454-26ebc4bf299c,fbb296de-dba2-4b23-9c3b-5c1285997b41,2026-04-13,unavailable,,,2026-04-12T05:10:18.741985+00:00,2026-04-13T08:54:42.779628+00:00,,,
fc21d208-8a28-4a43-b339-9d889acd2e78,b90584d8-fc78-420b-91e1-490117cd30cd,fbb296de-dba2-4b23-9c3b-5c1285997b41,2026-04-13,unavailable,,,2026-04-12T05:10:18.741985+00:00,2026-04-13T08:54:42.779628+00:00,,,
79c62915-323b-4174-bd20-91f56131ce1e,dff21156-fd38-405e-a857-e7ad8bffa7f5,fbb296de-dba2-4b23-9c3b-5c1285997b41,2026-04-13,unavailable,,,2026-04-12T05:10:18.741985+00:00,2026-04-13T08:54:42.779628+00:00,,,
691fb5e1-e8e1-45c4-8508-8b9949be1930,cde06dcc-2c7a-4476-8a23-469ecb9e3940,fbb296de-dba2-4b23-9c3b-5c1285997b41,2026-04-13,unavailable,,,2026-04-12T05:10:18.741985+00:00,2026-04-13T08:54:42.779628+00:00,,,
2c470135-4dcb-4eb2-b5a0-09579764ce96,e81c39b6-82fe-4505-b835-ed93e4220988,fbb296de-dba2-4b23-9c3b-5c1285997b41,2026-04-13,available,,,2026-04-12T05:10:18.741985+00:00,2026-04-13T08:54:42.779628+00:00,,,
b808a6a9-80a3-4e19-877a-c64f5dce9bff,11848d52-fa67-4b56-8b9e-87239a753911,fbb296de-dba2-4b23-9c3b-5c1285997b41,2026-04-13,unavailable,,,2026-04-12T05:10:18.741985+00:00,2026-04-13T08:54:42.779628+00:00,,,
2e047581-938c-4d8d-8cfd-46c1b100dff5,7dde3a19-d1ad-4170-a663-7bd83ee8d3a2,fbb296de-dba2-4b23-9c3b-5c1285997b41,2026-04-13,unavailable,,,2026-04-12T05:10:18.741985+00:00,2026-04-13T08:54:42.779628+00:00,,,
74f3cd65-7bd3-4519-adfc-e72b659b7c7e,e17fe9fd-652f-4542-8a29-65e80a791a00,fbb296de-dba2-4b23-9c3b-5c1285997b41,2026-04-13,unavailable,,,2026-04-12T05:10:18.741985+00:00,2026-04-13T08:54:42.779628+00:00,,,
de944a14-7754-41fd-94d0-7d727818f292,f14e1eaa-9677-4120-b8b5-37209f399915,fbb296de-dba2-4b23-9c3b-5c1285997b41,2026-04-13,unavailable,,,2026-04-12T05:10:18.741985+00:00,2026-04-13T08:54:42.779628+00:00,,,
1ba8aaaa-ac3c-463b-9fda-ede3117cd5ae,fb11eb56-4d65-413d-8125-ae24b42ae442,fbb296de-dba2-4b23-9c3b-5c1285997b41,2026-04-13,unavailable,,,2026-04-12T05:10:18.741985+00:00,2026-04-13T08:54:42.779628+00:00,,,
7c84bb21-2534-4132-88bf-4101d317ca1b,c9f1257a-9015-4783-86de-82819569ea0a,fbb296de-dba2-4b23-9c3b-5c1285997b41,2026-04-13,available,,,2026-04-12T05:10:18.741985+00:00,2026-04-13T08:54:42.779628+00:00,,,
5a991d9c-5976-457e-946c-bd66adf06606,336fc578-e349-4e59-bcd2-e1c2b1beadb3,fbb296de-dba2-4b23-9c3b-5c1285997b41,2026-04-13,available,,,2026-04-12T05:10:18.741985+00:00,2026-04-13T08:54:42.779628+00:00,,,
39ea7080-41e9-4ae8-ba26-61522613150f,f0c608fc-95ab-4c48-a3ba-877a7937f660,fbb296de-dba2-4b23-9c3b-5c1285997b41,2026-04-13,unavailable,,,2026-04-12T05:10:18.741985+00:00,2026-04-13T08:54:42.779628+00:00,,,
6e5c1e1a-73c9-4f7a-afe2-d3fc7aa10f2e,10a1cffa-f6d9-4692-8d99-cec08f07ef0d,fbb296de-dba2-4b23-9c3b-5c1285997b41,2026-04-13,unavailable,,,2026-04-12T05:10:18.741985+00:00,2026-04-13T08:54:42.779628+00:00,,,
51668a77-a71b-4c28-af0b-3c0f4b8cd192,0ae60db8-9ea0-479d-aa4a-55755241cad5,fbb296de-dba2-4b23-9c3b-5c1285997b41,2026-04-13,available,,,2026-04-12T05:10:18.741985+00:00,2026-04-13T08:54:42.779628+00:00,,,
73eff887-0fbe-4384-a42e-47ac845c1120,be637780-281f-4436-8c97-6efb129cfd2b,fbb296de-dba2-4b23-9c3b-5c1285997b41,2026-04-13,available,,,2026-04-12T05:10:18.741985+00:00,2026-04-13T08:54:42.779628+00:00,,,
1b333fb2-c2c6-4b7d-a6ab-e53cbf661f4d,c3916820-1dce-4d0e-a249-f47e95d54255,fbb296de-dba2-4b23-9c3b-5c1285997b41,2026-04-13,unavailable,,,2026-04-12T05:10:18.741985+00:00,2026-04-13T08:54:42.779628+00:00,,,
b397a7ee-01fd-45e7-97ca-d023f1084851,f30e6ede-1de9-4e46-a56d-384b77d3780e,fbb296de-dba2-4b23-9c3b-5c1285997b41,2026-04-13,unavailable,,,2026-04-12T05:10:18.741985+00:00,2026-04-13T08:54:42.779628+00:00,,,
e97ffce7-86b9-424b-9f58-a7977759a449,f3d61783-a8b2-4f4d-bdca-caa6f8e0e54a,fbb296de-dba2-4b23-9c3b-5c1285997b41,2026-04-13,unavailable,,,2026-04-12T05:10:18.741985+00:00,2026-04-13T08:54:42.779628+00:00,,,
5205f55a-d4fa-44c3-8d6e-b243f4f7d44c,2f002bb7-6444-4ace-87ff-7c547b3f03bd,fbb296de-dba2-4b23-9c3b-5c1285997b41,2026-04-13,unavailable,,,2026-04-12T05:10:18.741985+00:00,2026-04-13T08:54:42.779628+00:00,,,
a9f3c396-bfa3-4a25-b179-b0f08c4a3aec,0e124df5-de3e-4013-a192-423ea8975de4,fbb296de-dba2-4b23-9c3b-5c1285997b41,2026-04-13,unavailable,,,2026-04-12T05:10:18.741985+00:00,2026-04-13T08:54:42.779628+00:00,,,
ca6a7ddb-33f3-4c20-975a-50748163db7d,04912bb8-8ae3-47d1-b26e-21cc9c673432,fbb296de-dba2-4b23-9c3b-5c1285997b41,2026-04-13,unavailable,,,2026-04-12T05:10:18.741985+00:00,2026-04-13T08:54:42.779628+00:00,,,
2b30f59f-ec32-46dc-b2f7-0a4ee0471165,4ced9319-ef22-4afb-8131-15662b65ef52,fbb296de-dba2-4b23-9c3b-5c1285997b41,2026-04-13,unavailable,,,2026-04-12T05:10:18.741985+00:00,2026-04-13T08:54:42.779628+00:00,,,
3dbfe54f-e147-4325-b13b-0504e91b9256,111ca1c2-8e31-471a-bae3-0da35ce73b81,fbb296de-dba2-4b23-9c3b-5c1285997b41,2026-04-13,unavailable,,,2026-04-12T05:10:18.741985+00:00,2026-04-13T08:54:42.779628+00:00,,,
52cd6fb7-180c-4f07-a959-1d5780fca2f7,e4368078-2f9e-44f5-bafe-48f8b1fa741f,fbb296de-dba2-4b23-9c3b-5c1285997b41,2026-04-13,unavailable,,,2026-04-12T05:10:18.741985+00:00,2026-04-13T08:54:42.779628+00:00,,,
cfaaf205-c777-4e3f-a1a1-94e6342ebbcc,6176833b-8baf-4d60-84c7-6e2546e070c0,fbb296de-dba2-4b23-9c3b-5c1285997b41,2026-04-13,unavailable,,,2026-04-12T05:10:18.741985+00:00,2026-04-13T08:54:42.779628+00:00,,,
999d2c91-06d9-4c4b-bd5c-4776b91bc43b,f6145d14-6ea4-47b8-b171-5485403ce4a8,fbb296de-dba2-4b23-9c3b-5c1285997b41,2026-04-13,unavailable,,,2026-04-12T05:10:18.741985+00:00,2026-04-13T08:54:42.779628+00:00,,,
2ec22766-1fba-4096-8ba6-77178287dd47,d37629f0-f0aa-401f-931d-d6af6da3b86c,fbb296de-dba2-4b23-9c3b-5c1285997b41,2026-04-13,unavailable,,,2026-04-12T05:10:18.741985+00:00,2026-04-13T08:54:42.779628+00:00,,,
175804dc-9f53-4b08-a56a-2ee28f241b13,405a5d42-18bf-4fed-9975-efc1f85edb15,fbb296de-dba2-4b23-9c3b-5c1285997b41,2026-04-13,unavailable,,,2026-04-12T05:10:18.741985+00:00,2026-04-13T08:54:42.779628+00:00,,,
b9bfdf83-91d4-4788-b391-e673909feb36,309781c4-ed69-40dc-860a-712d7414d66e,fbb296de-dba2-4b23-9c3b-5c1285997b41,2026-04-13,available,,,2026-04-12T05:10:18.741985+00:00,2026-04-13T08:54:42.779628+00:00,,,
280d55e7-1d19-49e6-b401-05d466220ee8,b0017451-3a96-49f3-9e48-ea4ef19383bf,fbb296de-dba2-4b23-9c3b-5c1285997b41,2026-04-13,available,,,2026-04-12T05:10:18.741985+00:00,2026-04-13T08:54:42.779628+00:00,,,
fa7e7081-e823-4de9-8552-b4a20b6131d3,25317688-27ec-456d-8b73-c00ff0ad3284,fbb296de-dba2-4b23-9c3b-5c1285997b41,2026-04-13,available,,,2026-04-12T05:10:18.741985+00:00,2026-04-13T08:54:42.779628+00:00,,,
78902f2a-fea1-4bf7-8823-b218200387b5,048e8a46-b58e-4c8d-9cd8-f93ec8ad107a,fbb296de-dba2-4b23-9c3b-5c1285997b41,2026-04-13,unavailable,,,2026-04-12T05:10:18.741985+00:00,2026-04-13T08:54:42.779628+00:00,,,
9c410421-9ba3-43e6-a299-8f6b79683eac,1fcf3901-e345-4476-b740-0d01c2592627,fbb296de-dba2-4b23-9c3b-5c1285997b41,2026-04-13,unavailable,,,2026-04-12T05:10:18.741985+00:00,2026-04-13T08:54:42.779628+00:00,,,
c7b5eb0c-c948-401a-87e2-ce35460fb280,81c16996-0b85-475e-a250-65be09ccef20,fbb296de-dba2-4b23-9c3b-5c1285997b41,2026-04-13,unavailable,,,2026-04-12T05:10:18.741985+00:00,2026-04-13T08:54:42.779628+00:00,,,
0ce0c0f1-65b4-4433-8636-6d37d2a25e48,daddf87a-52e4-4130-bcfb-6c57d484bf4f,fbb296de-dba2-4b23-9c3b-5c1285997b41,2026-04-13,unavailable,,,2026-04-12T05:10:18.741985+00:00,2026-04-13T08:54:42.779628+00:00,,,
976cc07b-cb78-4693-bda3-148f8826ae76,f5639c9e-b6d3-4ba5-a804-c0b05b0eecad,fbb296de-dba2-4b23-9c3b-5c1285997b41,2026-04-13,unavailable,,,2026-04-12T05:10:18.741985+00:00,2026-04-13T08:54:42.779628+00:00,,,
6b6037c9-b231-4850-83e3-d7e9bfba5484,b8f48312-5ce2-436f-974e-3f41913ee188,fbb296de-dba2-4b23-9c3b-5c1285997b41,2026-04-13,unavailable,,,2026-04-12T05:10:18.741985+00:00,2026-04-13T08:54:42.779628+00:00,,,
d82d9b12-7514-4f83-b285-3dbc0af47750,c4880391-d815-4553-ad03-34066e1f1145,fbb296de-dba2-4b23-9c3b-5c1285997b41,2026-04-13,unavailable,,,2026-04-12T05:10:18.741985+00:00,2026-04-13T08:54:42.779628+00:00,,,
e393df0e-188e-45f1-bf70-89bd1a2f9571,2ce5e1a4-8597-4d64-addc-651953a7a868,fbb296de-dba2-4b23-9c3b-5c1285997b41,2026-04-13,unavailable,,,2026-04-12T05:10:18.741985+00:00,2026-04-13T08:54:42.779628+00:00,,,
05623611-7b2f-415d-999e-119902c80c45,69393448-7532-4c5c-afd9-f21c8a87c021,fbb296de-dba2-4b23-9c3b-5c1285997b41,2026-04-13,unavailable,,,2026-04-12T05:10:18.741985+00:00,2026-04-13T08:54:42.779628+00:00,,,
57a246d2-cb9f-419b-a839-303f5cf4426a,080205a7-44fc-49aa-a1c9-072aa3859d8f,fbb296de-dba2-4b23-9c3b-5c1285997b41,2026-04-13,unavailable,,,2026-04-12T05:10:18.741985+00:00,2026-04-13T08:54:42.779628+00:00,,,
2e3969bb-fbd6-4fc4-8146-2c087d24a918,2d7c5b8a-f3f9-462d-a7b0-06f5ac2dc976,a7e93193-d6a7-4f39-b11b-6ceb9b0a17f1,2026-04-13,available,,,2026-04-13T04:16:03.800218+00:00,2026-04-13T08:54:44.753272+00:00,,,
16b70d8f-7beb-4b22-a41b-89b43432d281,3a05fc41-5bd0-49c1-8c7c-21a4a1c6fcf4,a7e93193-d6a7-4f39-b11b-6ceb9b0a17f1,2026-04-13,available,,,2026-04-13T04:16:03.800218+00:00,2026-04-13T08:54:44.753272+00:00,,,
c66eae6a-9cdc-4557-8caf-ba4952374d98,80715009-1569-4eb1-bc15-3f1b74e45280,a7e93193-d6a7-4f39-b11b-6ceb9b0a17f1,2026-04-13,unavailable,,,2026-04-13T04:16:03.800218+00:00,2026-04-13T08:54:44.753272+00:00,,,
3488c74c-6673-49a6-a1e1-02996172a348,aa1f52af-a81a-43fc-84f2-8739dc579d52,a7e93193-d6a7-4f39-b11b-6ceb9b0a17f1,2026-04-13,unavailable,,,2026-04-13T04:16:03.800218+00:00,2026-04-13T08:54:44.753272+00:00,,,
173a075c-3a2d-440b-9686-a31845776c45,70434006-1d15-4b04-aa28-3d45dde2a641,a7e93193-d6a7-4f39-b11b-6ceb9b0a17f1,2026-04-13,unavailable,,,2026-04-13T04:16:03.800218+00:00,2026-04-13T08:54:44.753272+00:00,,,
8dbe0bf4-28c2-45b7-82f5-eb70d240dd8f,0abbd494-b25b-4f13-a55e-dcf6db986965,a7e93193-d6a7-4f39-b11b-6ceb9b0a17f1,2026-04-13,unavailable,,,2026-04-13T04:16:03.800218+00:00,2026-04-13T08:54:44.753272+00:00,,,
011d26c4-5cb5-4b25-9f48-3f9bd77c2627,bcd7e7fd-91d0-47a4-a561-3327481cd9ed,a7e93193-d6a7-4f39-b11b-6ceb9b0a17f1,2026-04-13,unavailable,,,2026-04-13T04:16:03.800218+00:00,2026-04-13T08:54:44.753272+00:00,,,
4c67f9ee-27bb-4ebe-9628-229160f62047,62ef1b1f-0f0c-4ea8-ae97-8262c836aca4,a7e93193-d6a7-4f39-b11b-6ceb9b0a17f1,2026-04-13,unavailable,,,2026-04-13T04:16:03.800218+00:00,2026-04-13T08:54:44.753272+00:00,,,
186cc8bb-c0a4-4a48-b77d-e85c36d3c03d,b7208d85-35b3-448f-8cbe-35500f1559dd,a7e93193-d6a7-4f39-b11b-6ceb9b0a17f1,2026-04-13,unavailable,,,2026-04-13T04:16:03.800218+00:00,2026-04-13T08:54:44.753272+00:00,,,
6bce1826-8c17-45c3-aafd-9afb465aa6f8,20a2301c-797c-4953-9efd-b28ccf27e775,a7e93193-d6a7-4f39-b11b-6ceb9b0a17f1,2026-04-13,unavailable,,,2026-04-13T04:16:03.800218+00:00,2026-04-13T08:54:44.753272+00:00,,,
2a6966c8-88f2-42c6-896d-31769facdee2,40b5c780-6569-4806-8e95-e2c92eaa87c9,a7e93193-d6a7-4f39-b11b-6ceb9b0a17f1,2026-04-13,unavailable,,,2026-04-13T04:16:03.800218+00:00,2026-04-13T08:54:44.753272+00:00,,,
6a35b0ff-8b24-4b81-9643-f6ccc463c8a3,d78ec394-051b-4132-aa11-92a24197f565,a7e93193-d6a7-4f39-b11b-6ceb9b0a17f1,2026-04-13,unavailable,,,2026-04-13T04:16:03.800218+00:00,2026-04-13T08:54:44.753272+00:00,,,
e4e14e2e-0730-427f-9c8d-b7cbee666a2b,4f62f2d1-3fe0-4f77-a6e4-747bc5e8c87e,a7e93193-d6a7-4f39-b11b-6ceb9b0a17f1,2026-04-13,unavailable,,,2026-04-13T04:16:03.800218+00:00,2026-04-13T08:54:44.753272+00:00,,,
0ac9b6a6-00f8-4cda-8f78-791eb18b8f72,105a17f7-180a-4bb1-825c-6144eae25b9b,a7e93193-d6a7-4f39-b11b-6ceb9b0a17f1,2026-04-13,unavailable,,,2026-04-13T04:16:03.800218+00:00,2026-04-13T08:54:44.753272+00:00,,,
f3cf3374-e2a7-4047-9d49-8c13e77dfd32,b56af66b-bf5b-40d8-9c9c-da4455afe5e3,a7e93193-d6a7-4f39-b11b-6ceb9b0a17f1,2026-04-13,unavailable,,,2026-04-13T04:16:03.800218+00:00,2026-04-13T08:54:44.753272+00:00,,,
d744ef48-d7f2-4f82-bf9b-a50a2d50bb30,e61bb04a-6523-4f0a-b945-dae17b2ab3c6,a7e93193-d6a7-4f39-b11b-6ceb9b0a17f1,2026-04-13,unavailable,,,2026-04-13T04:16:03.800218+00:00,2026-04-13T08:54:44.753272+00:00,,,
a9836c1a-b41f-407f-af3e-c6a91820aef6,1ef573f5-82a5-437f-b478-f09a7c3a3b06,a7e93193-d6a7-4f39-b11b-6ceb9b0a17f1,2026-04-13,unavailable,,,2026-04-13T04:16:03.800218+00:00,2026-04-13T08:54:44.753272+00:00,,,
f0ee21c0-6250-4162-afb0-8b3b3115da30,fc567f21-d1c4-4360-90b4-2837eaf9e2e8,a7e93193-d6a7-4f39-b11b-6ceb9b0a17f1,2026-04-13,unavailable,,,2026-04-13T04:16:03.800218+00:00,2026-04-13T08:54:44.753272+00:00,,,
865bd9ff-a4e7-4c06-9471-820aee5c5ea3,1fba7f38-e8ac-4d0a-a165-40681248749a,a7e93193-d6a7-4f39-b11b-6ceb9b0a17f1,2026-04-13,unavailable,,,2026-04-13T04:16:03.800218+00:00,2026-04-13T08:54:44.753272+00:00,,,
ebc9e5fc-f480-4a70-b64e-f08ed2af8184,a2039f51-91f6-4381-a452-6b9f6c351a31,a7e93193-d6a7-4f39-b11b-6ceb9b0a17f1,2026-04-13,unavailable,,,2026-04-13T04:16:03.800218+00:00,2026-04-13T08:54:44.753272+00:00,,,
712e6e32-73ac-4e37-9a43-d8e8245d2384,d4056769-a0cc-4a7e-9ca6-7a0f6d868df5,a7e93193-d6a7-4f39-b11b-6ceb9b0a17f1,2026-04-13,unavailable,,,2026-04-13T04:16:03.800218+00:00,2026-04-13T08:54:44.753272+00:00,,,
a115b7f5-b9e2-4f5e-8e42-91a2692445c7,2c6f9099-8630-4310-9a1c-b81f5170e839,a7e93193-d6a7-4f39-b11b-6ceb9b0a17f1,2026-04-13,unavailable,,,2026-04-13T04:16:03.800218+00:00,2026-04-13T08:54:44.753272+00:00,,,
958f09c7-08ed-42eb-9d62-8d619cdb97ea,772df8d5-6962-487a-99d2-78d6ef150e85,a7e93193-d6a7-4f39-b11b-6ceb9b0a17f1,2026-04-13,unavailable,,,2026-04-13T04:16:03.800218+00:00,2026-04-13T08:54:44.753272+00:00,,,
df151c69-c887-432f-b0b8-25261d9dd07b,a02772eb-54d3-4b3f-97a6-223043efe589,a7e93193-d6a7-4f39-b11b-6ceb9b0a17f1,2026-04-13,unavailable,,,2026-04-13T04:16:03.800218+00:00,2026-04-13T08:54:44.753272+00:00,,,
0d4ac297-a2af-49f7-96d4-f240aa5efa84,1cd8cacb-9218-4990-9bbf-a2e7ce216f54,a7e93193-d6a7-4f39-b11b-6ceb9b0a17f1,2026-04-13,unavailable,,,2026-04-13T04:16:03.800218+00:00,2026-04-13T08:54:44.753272+00:00,,,
1c207594-b047-427f-8e83-aa6ff6f555e8,942cbf39-99e6-40cd-8034-2eacf88611f2,a7e93193-d6a7-4f39-b11b-6ceb9b0a17f1,2026-04-13,unavailable,,,2026-04-13T04:16:03.800218+00:00,2026-04-13T08:54:44.753272+00:00,,,
1e715a14-2182-471e-baec-4637e6c3f1f7,5d2be0b1-c8e4-4de7-becc-b24c8655215d,a7e93193-d6a7-4f39-b11b-6ceb9b0a17f1,2026-04-13,unavailable,,,2026-04-13T04:16:03.800218+00:00,2026-04-13T08:54:44.753272+00:00,,,
d7428bd2-0341-4e1d-bc5d-fc36c281f23d,ff117f7e-e829-4c9b-94be-583211e2b8eb,a7e93193-d6a7-4f39-b11b-6ceb9b0a17f1,2026-04-13,unavailable,,,2026-04-13T04:16:03.800218+00:00,2026-04-13T08:54:44.753272+00:00,,,
b1cca28c-c63d-4f7e-8549-06663b04ed64,47a0a430-3e3c-4cb4-85c9-47cc22a0b918,a7e93193-d6a7-4f39-b11b-6ceb9b0a17f1,2026-04-13,unavailable,,,2026-04-13T04:16:03.800218+00:00,2026-04-13T08:54:44.753272+00:00,,,
c1502ee4-3420-481d-bc9f-f8dd956b6d17,a5ac6324-2319-4372-a71b-2fcd580315da,a7e93193-d6a7-4f39-b11b-6ceb9b0a17f1,2026-04-13,unavailable,,,2026-04-13T04:16:03.800218+00:00,2026-04-13T08:54:44.753272+00:00,,,
ba53e83c-548b-4471-ad6f-8786e4f234df,9da89b63-0331-4cc7-a3cd-61ca235b49f7,a7e93193-d6a7-4f39-b11b-6ceb9b0a17f1,2026-04-13,unavailable,,,2026-04-13T04:16:03.800218+00:00,2026-04-13T08:54:44.753272+00:00,,,
26d1aa01-60a2-4283-8598-3a16f34b57d5,c6110ff1-93d1-471e-b0b1-bdb584068e25,a7e93193-d6a7-4f39-b11b-6ceb9b0a17f1,2026-04-13,unavailable,,,2026-04-13T04:16:03.800218+00:00,2026-04-13T08:54:44.753272+00:00,,,
d3acdd5d-263e-4927-a375-e0c7d607b34f,f64ae6e9-98b8-4d49-96ba-8d2b7cb99216,a7e93193-d6a7-4f39-b11b-6ceb9b0a17f1,2026-04-13,unavailable,,,2026-04-13T04:16:03.800218+00:00,2026-04-13T08:54:44.753272+00:00,,,
7eb46641-3f9b-4abd-a741-7b5716128c98,267a7ea2-953e-49dd-8b14-79e115a8efc7,a7e93193-d6a7-4f39-b11b-6ceb9b0a17f1,2026-04-13,unavailable,,,2026-04-13T04:16:03.800218+00:00,2026-04-13T08:54:44.753272+00:00,,,
168a78ea-ed0b-416b-ab0f-0f11b610d6ed,1b643468-628a-4ec8-a769-b0ae8bc8af71,a7e93193-d6a7-4f39-b11b-6ceb9b0a17f1,2026-04-13,unavailable,,,2026-04-13T04:16:03.800218+00:00,2026-04-13T08:54:44.753272+00:00,,,
12aefb01-4207-4513-aa19-0e3a8766a769,ba787ccf-f590-4338-a42d-06071e35b23c,a7e93193-d6a7-4f39-b11b-6ceb9b0a17f1,2026-04-13,unavailable,,,2026-04-13T04:16:03.800218+00:00,2026-04-13T08:54:44.753272+00:00,,,
c093d2df-5ea0-4f8a-b3d7-6143914c6fab,aa3c24a5-eb55-4d6d-98a6-1c461b8b808c,a7e93193-d6a7-4f39-b11b-6ceb9b0a17f1,2026-04-13,unavailable,,,2026-04-13T04:16:03.800218+00:00,2026-04-13T08:54:44.753272+00:00,,,
c7cad353-5331-492c-a750-016af8b0d761,44bdbde8-576d-4d7f-b668-d2f2bf72fb2e,a7e93193-d6a7-4f39-b11b-6ceb9b0a17f1,2026-04-13,unavailable,,,2026-04-13T04:16:03.800218+00:00,2026-04-13T08:54:44.753272+00:00,,,
9e529fc0-78bb-44da-8afd-99135ea224cb,5da6dc1f-43a1-4182-bea0-4d1036c97b6d,a7e93193-d6a7-4f39-b11b-6ceb9b0a17f1,2026-04-13,unavailable,,,2026-04-13T04:16:03.800218+00:00,2026-04-13T08:54:44.753272+00:00,,,
ec8130e3-48a0-44e2-bad6-1ee4efe16711,49e1f495-eb85-494c-8013-2e0fdceeb50c,a7e93193-d6a7-4f39-b11b-6ceb9b0a17f1,2026-04-13,unavailable,,,2026-04-13T04:16:03.800218+00:00,2026-04-13T08:54:44.753272+00:00,,,
7b7077bd-b843-408f-9bf0-dc1f71a470b2,3523ac42-08ca-43c3-97ae-7ecde7cdb297,a7e93193-d6a7-4f39-b11b-6ceb9b0a17f1,2026-04-13,unavailable,,,2026-04-13T04:16:03.800218+00:00,2026-04-13T08:54:44.753272+00:00,,,
d8738fd3-3a5b-4509-af07-740d7da29513,6a383d81-af24-4d74-a14e-ec5dd8b4653d,a7e93193-d6a7-4f39-b11b-6ceb9b0a17f1,2026-04-13,unavailable,,,2026-04-13T04:16:03.800218+00:00,2026-04-13T08:54:44.753272+00:00,,,
fd12ca92-3784-4055-968b-03db9a78cdcb,21d117ac-f8fb-45fd-bf02-a0f11942e9a3,a7e93193-d6a7-4f39-b11b-6ceb9b0a17f1,2026-04-13,unavailable,,,2026-04-13T04:16:03.800218+00:00,2026-04-13T08:54:44.753272+00:00,,,
686be4e2-ef47-445b-8ada-65e7e7544841,5d480edd-15b4-4457-b01b-8b369f82cae4,a7e93193-d6a7-4f39-b11b-6ceb9b0a17f1,2026-04-13,unavailable,,,2026-04-13T04:16:03.800218+00:00,2026-04-13T08:54:44.753272+00:00,,,
66968f96-020d-4ed0-b32b-24ef5e72320c,b0d98b9a-7524-48e8-89b3-d8a93d7340c8,a7e93193-d6a7-4f39-b11b-6ceb9b0a17f1,2026-04-13,unavailable,,,2026-04-13T04:16:03.800218+00:00,2026-04-13T08:54:44.753272+00:00,,,
5625daae-1610-4310-9f39-26bf68a18342,cafd9f72-ec03-41b9-9660-321eb178895e,a7e93193-d6a7-4f39-b11b-6ceb9b0a17f1,2026-04-13,unavailable,,,2026-04-13T04:16:03.800218+00:00,2026-04-13T08:54:44.753272+00:00,,,
0d1f2ba5-37dc-421e-85c5-48ded7f42833,09a16f0b-ece0-4ad2-918d-5fef33c1becd,a7e93193-d6a7-4f39-b11b-6ceb9b0a17f1,2026-04-13,unavailable,,,2026-04-13T04:16:03.800218+00:00,2026-04-13T08:54:44.753272+00:00,,,
22df7e31-5a2f-4294-846c-b01b9621cb48,3094309a-9f88-431b-8e3e-a2c8dfade33d,a7e93193-d6a7-4f39-b11b-6ceb9b0a17f1,2026-04-13,unavailable,,,2026-04-13T04:16:03.800218+00:00,2026-04-13T08:54:44.753272+00:00,,,
8db75f29-075e-4e17-9ecd-4d792ea8787f,f928dfeb-fbe7-4518-a98a-0d77b37478dc,a7e93193-d6a7-4f39-b11b-6ceb9b0a17f1,2026-04-13,unavailable,,,2026-04-13T04:16:03.800218+00:00,2026-04-13T08:54:44.753272+00:00,,,
f55de8f9-04d3-4d88-ab11-89f6aff7c723,0299c9ab-abbe-49fa-a8ea-2f63027fb6f5,a7e93193-d6a7-4f39-b11b-6ceb9b0a17f1,2026-04-13,unavailable,,,2026-04-13T04:16:03.800218+00:00,2026-04-13T08:54:44.753272+00:00,,,
1d6ec778-86a8-4d0f-bb4f-1a52b48ca87d,bad52eee-5a53-493c-9760-b6beca52b9cb,a7e93193-d6a7-4f39-b11b-6ceb9b0a17f1,2026-04-13,unavailable,,,2026-04-13T04:16:03.800218+00:00,2026-04-13T08:54:44.753272+00:00,,,
7a2a8d7b-c912-4e26-b920-c4c15ed3859c,7308a611-e53e-46be-bf03-8b6ba3d6776d,a7e93193-d6a7-4f39-b11b-6ceb9b0a17f1,2026-04-13,unavailable,,,2026-04-13T04:16:03.800218+00:00,2026-04-13T08:54:44.753272+00:00,,,
7b95c168-2696-47e2-9482-419c3ace08a3,78352cbe-90e6-4e26-8e68-95ff4931e2a4,a7e93193-d6a7-4f39-b11b-6ceb9b0a17f1,2026-04-13,unavailable,,,2026-04-13T04:16:03.800218+00:00,2026-04-13T08:54:44.753272+00:00,,,
c314f72f-3d8e-408f-acfd-005e3cba0e77,02e3c03b-5da1-4900-9a00-7c22f8e54505,a7e93193-d6a7-4f39-b11b-6ceb9b0a17f1,2026-04-13,unavailable,,,2026-04-13T04:16:03.800218+00:00,2026-04-13T08:54:44.753272+00:00,,,
ff71089c-65c6-40fe-8a3d-269069657968,eca26cbb-d6eb-4cf3-bded-833d0c82c2cc,a7e93193-d6a7-4f39-b11b-6ceb9b0a17f1,2026-04-13,unavailable,,,2026-04-13T04:16:03.800218+00:00,2026-04-13T08:54:44.753272+00:00,,,
379fe871-531c-4f21-ad76-b1ca341a8ab2,2f3c7437-50fb-4e17-a781-08f140fa8f77,a7e93193-d6a7-4f39-b11b-6ceb9b0a17f1,2026-04-13,unavailable,,,2026-04-13T04:16:03.800218+00:00,2026-04-13T08:54:44.753272+00:00,,,
a287cfab-4187-4d6f-93c8-0e16a3fbad37,0a36520c-f191-437c-9745-c85a53861102,a7e93193-d6a7-4f39-b11b-6ceb9b0a17f1,2026-04-13,unavailable,,,2026-04-13T04:16:03.800218+00:00,2026-04-13T08:54:44.753272+00:00,,,
3c4a4335-fa19-46fe-91fc-45ab232764cb,feaad469-a829-41b2-988e-5efed6c64b6c,a7e93193-d6a7-4f39-b11b-6ceb9b0a17f1,2026-04-13,unavailable,,,2026-04-13T04:16:03.800218+00:00,2026-04-13T08:54:44.753272+00:00,,,
af6fff30-c819-4e5a-a6a6-74570c763ae2,3cb29cc2-866b-4360-90a3-15d01db8714a,a7e93193-d6a7-4f39-b11b-6ceb9b0a17f1,2026-04-13,unavailable,,,2026-04-13T04:16:03.800218+00:00,2026-04-13T08:54:44.753272+00:00,,,
b9b214b5-8da2-45df-81e6-93b7c1ef4bb6,89deecdc-4aaf-4b43-9716-bc54563a3e98,a7e93193-d6a7-4f39-b11b-6ceb9b0a17f1,2026-04-13,unavailable,,,2026-04-13T04:16:03.800218+00:00,2026-04-13T08:54:44.753272+00:00,,,
49aa2f35-1775-4937-a3e7-cb4a3e326cb6,b11df9b7-4ce3-409d-9a00-1ccc44bf334f,a7e93193-d6a7-4f39-b11b-6ceb9b0a17f1,2026-04-13,unavailable,,,2026-04-13T04:16:03.800218+00:00,2026-04-13T08:54:44.753272+00:00,,,
699e18f9-218f-48b0-837f-6796a12c7f6b,47c5aed7-be06-44b8-8ca9-c898e5aeea76,a7e93193-d6a7-4f39-b11b-6ceb9b0a17f1,2026-04-13,unavailable,,,2026-04-13T04:16:03.800218+00:00,2026-04-13T08:54:44.753272+00:00,,,
fc21cbd7-20f3-4f2b-b0e6-00870a79f93d,66056ffe-bed5-4f29-9efc-b3451224d474,a7e93193-d6a7-4f39-b11b-6ceb9b0a17f1,2026-04-13,unavailable,,,2026-04-13T04:16:03.800218+00:00,2026-04-13T08:54:44.753272+00:00,,,
0e4ac3cd-a32e-445d-859e-fae0d35ef2b4,2c6d8e1e-5fca-4ef0-8171-db565a70bb02,a7e93193-d6a7-4f39-b11b-6ceb9b0a17f1,2026-04-13,unavailable,,,2026-04-13T04:16:03.800218+00:00,2026-04-13T08:54:44.753272+00:00,,,
2d1d627a-338d-49b5-9d2c-1f5ffd609c87,4cb1a70a-69ff-40a0-a510-294ba986d499,a7e93193-d6a7-4f39-b11b-6ceb9b0a17f1,2026-04-13,unavailable,,,2026-04-13T04:16:03.800218+00:00,2026-04-13T08:54:44.753272+00:00,,,
387070c7-6d02-458d-9f69-9af2401cfac9,51bd07e8-04c4-4564-af34-8d952def0f8d,a7e93193-d6a7-4f39-b11b-6ceb9b0a17f1,2026-04-13,unavailable,,,2026-04-13T04:16:03.800218+00:00,2026-04-13T08:54:44.753272+00:00,,,
4c0a8aba-e899-4310-8a74-41949738c023,7de4b628-ab0b-4d70-96e8-d8b7f23fbfdd,a7e93193-d6a7-4f39-b11b-6ceb9b0a17f1,2026-04-13,unavailable,,,2026-04-13T04:16:03.800218+00:00,2026-04-13T08:54:44.753272+00:00,,,
6e84ec11-df56-4890-8ea7-21f6379242ac,abe101e7-ab70-43a7-bba2-e161bcd2b73e,a7e93193-d6a7-4f39-b11b-6ceb9b0a17f1,2026-04-13,unavailable,,,2026-04-13T04:16:03.800218+00:00,2026-04-13T08:54:44.753272+00:00,,,
3b3a0f99-aa51-40a8-95bc-3335dab1bca1,45a1142b-7760-4e8c-a1af-989c15a5fdc4,a7e93193-d6a7-4f39-b11b-6ceb9b0a17f1,2026-04-13,unavailable,,,2026-04-13T04:16:03.800218+00:00,2026-04-13T08:54:44.753272+00:00,,,
f79f37ed-8a68-4da3-a710-530c06d098c5,5b3f4657-21b0-44a7-8f0a-3f0ecd43f712,a7e93193-d6a7-4f39-b11b-6ceb9b0a17f1,2026-04-13,unavailable,,,2026-04-13T04:16:03.800218+00:00,2026-04-13T08:54:44.753272+00:00,,,
4040a0ec-44a6-4527-b6d6-54f7e34031f8,fc189420-99ea-4786-a143-2314e7653949,a7e93193-d6a7-4f39-b11b-6ceb9b0a17f1,2026-04-13,unavailable,,,2026-04-13T04:16:03.800218+00:00,2026-04-13T08:54:44.753272+00:00,,,
9c5aba4e-1171-4064-b510-7d61e3d276fb,9bc2c597-4686-47a2-bdce-22b9ce02d3dd,a7e93193-d6a7-4f39-b11b-6ceb9b0a17f1,2026-04-13,unavailable,,,2026-04-13T04:16:03.800218+00:00,2026-04-13T08:54:44.753272+00:00,,,
7ddb25ba-8440-4257-9288-d0c6182d7337,10c6b8e6-72c6-4198-8dbb-9afc48473d68,a7e93193-d6a7-4f39-b11b-6ceb9b0a17f1,2026-04-13,unavailable,,,2026-04-13T04:16:03.800218+00:00,2026-04-13T08:54:44.753272+00:00,,,
0e8559a9-820a-443c-bf71-4fcf2126c44d,c8b51b5d-7fe1-40db-ad18-7b79258828a1,a7e93193-d6a7-4f39-b11b-6ceb9b0a17f1,2026-04-13,unavailable,,,2026-04-13T04:16:03.800218+00:00,2026-04-13T08:54:44.753272+00:00,,,
e384e7f6-f3b3-4d21-8995-29dcdb33da96,6f6dcd58-46f9-4796-8b12-f65aeb26ab1e,a7e93193-d6a7-4f39-b11b-6ceb9b0a17f1,2026-04-13,unavailable,,,2026-04-13T04:16:03.800218+00:00,2026-04-13T08:54:44.753272+00:00,,,
0138edba-6bef-4900-9b4d-0cfb5d8f9b8d,188cfea9-8ce2-4ee6-aa4a-8ace3bb24307,a7e93193-d6a7-4f39-b11b-6ceb9b0a17f1,2026-04-13,unavailable,,,2026-04-13T04:16:03.800218+00:00,2026-04-13T08:54:44.753272+00:00,,,
7f4384c8-a37f-4304-aa2f-91c6cd268412,bb521bcd-ab51-4458-86ef-2f2b3e9dd4d7,a7e93193-d6a7-4f39-b11b-6ceb9b0a17f1,2026-04-13,unavailable,,,2026-04-13T04:16:03.800218+00:00,2026-04-13T08:54:44.753272+00:00,,,
4ba30d11-b5aa-4868-8666-6ee2f752cf60,28939fc7-49c1-4151-b66e-c707529eb24b,a7e93193-d6a7-4f39-b11b-6ceb9b0a17f1,2026-04-13,unavailable,,,2026-04-13T04:16:03.800218+00:00,2026-04-13T08:54:44.753272+00:00,,,
1e4a4704-d0d5-4f16-add9-e554116b8164,ecbae0c7-4bea-436b-9f87-b80c26ec150f,a7e93193-d6a7-4f39-b11b-6ceb9b0a17f1,2026-04-13,unavailable,,,2026-04-13T04:16:03.800218+00:00,2026-04-13T08:54:44.753272+00:00,,,
5cee7f84-1f55-4051-b8e6-23d077552b00,4e678c0c-345b-4cad-8f84-08fb2e61cccd,a7e93193-d6a7-4f39-b11b-6ceb9b0a17f1,2026-04-13,unavailable,,,2026-04-13T04:16:03.800218+00:00,2026-04-13T08:54:44.753272+00:00,,,
551353f9-d184-4a57-a6ff-6ce33df512d9,acc2e31f-8c70-4ae8-82e0-30c047f6bc1f,a7e93193-d6a7-4f39-b11b-6ceb9b0a17f1,2026-04-13,unavailable,,,2026-04-13T04:16:03.800218+00:00,2026-04-13T08:54:44.753272+00:00,,,
b31308ee-82f2-42d4-858c-809fba31b9e7,8e08ef07-dafc-46a6-8d05-a8ed0e1cb79c,a7e93193-d6a7-4f39-b11b-6ceb9b0a17f1,2026-04-13,unavailable,,,2026-04-13T04:16:03.800218+00:00,2026-04-13T08:54:44.753272+00:00,,,
d955d4cf-1d80-43d3-b7cd-30e91d736916,5faef9e7-1115-4fbf-a391-fc83e8635b70,a7e93193-d6a7-4f39-b11b-6ceb9b0a17f1,2026-04-13,unavailable,,,2026-04-13T04:16:03.800218+00:00,2026-04-13T08:54:44.753272+00:00,,,
9bf3240e-e457-4cb3-af88-021cd6455747,53d4c1e2-c93c-4f45-8fb1-f0bd64ef921e,a7e93193-d6a7-4f39-b11b-6ceb9b0a17f1,2026-04-13,unavailable,,,2026-04-13T04:16:03.800218+00:00,2026-04-13T08:54:44.753272+00:00,,,
eafcfbc0-8ab1-4582-be18-7bc17b5aa38b,953a114e-45a0-47ca-8ac0-c0e188cd65c2,a7e93193-d6a7-4f39-b11b-6ceb9b0a17f1,2026-04-13,unavailable,,,2026-04-13T04:16:03.800218+00:00,2026-04-13T08:54:44.753272+00:00,,,
6e57bd5a-9ba7-46fd-aaa1-659603e9c334,25149f32-ee59-48d7-a941-9f6c35ca2855,a7e93193-d6a7-4f39-b11b-6ceb9b0a17f1,2026-04-13,unavailable,,,2026-04-13T04:16:03.800218+00:00,2026-04-13T08:54:44.753272+00:00,,,
71d519ca-ac9e-401d-b39e-e0eadf743e0d,a3d78333-79fb-4040-8a2f-6f43aa351556,a7e93193-d6a7-4f39-b11b-6ceb9b0a17f1,2026-04-13,unavailable,,,2026-04-13T04:16:03.800218+00:00,2026-04-13T08:54:44.753272+00:00,,,
ee51dfed-6403-4bed-bb8a-9d51e8ce4e6f,e466e1b5-0324-484f-be32-9f1e792d73e0,a7e93193-d6a7-4f39-b11b-6ceb9b0a17f1,2026-04-13,unavailable,,,2026-04-13T04:16:03.800218+00:00,2026-04-13T08:54:44.753272+00:00,,,
98c87b7e-9097-41ee-944c-a1f4024e19b0,afb9bf7c-248b-4142-8e01-029b5cbbd4c5,a7e93193-d6a7-4f39-b11b-6ceb9b0a17f1,2026-04-13,unavailable,,,2026-04-13T04:16:03.800218+00:00,2026-04-13T08:54:44.753272+00:00,,,
5d89be25-d74d-4bd1-8009-00dfed37969e,dea0d41c-bb8b-4b5d-a829-28e07fff0010,a7e93193-d6a7-4f39-b11b-6ceb9b0a17f1,2026-04-13,unavailable,,,2026-04-13T04:16:03.800218+00:00,2026-04-13T08:54:44.753272+00:00,,,
0d99b3d5-cf92-49ac-8f21-62b8829c90ed,b67bd172-bbd0-48ef-9cda-9d458718bae0,a7e93193-d6a7-4f39-b11b-6ceb9b0a17f1,2026-04-13,unavailable,,,2026-04-13T04:16:03.800218+00:00,2026-04-13T08:54:44.753272+00:00,,,
cf51c1e2-e9d3-46f8-8330-bb4002d43ec8,31bb4896-e136-4f61-8c9a-44f45a24b9db,a7e93193-d6a7-4f39-b11b-6ceb9b0a17f1,2026-04-13,unavailable,,,2026-04-13T04:16:03.800218+00:00,2026-04-13T08:54:44.753272+00:00,,,
dade68c6-fddf-483a-8112-ce03cdc9128d,e6c3b55d-0838-4760-b4e8-30ec6b724c69,a7e93193-d6a7-4f39-b11b-6ceb9b0a17f1,2026-04-13,unavailable,,,2026-04-13T04:16:03.800218+00:00,2026-04-13T08:54:44.753272+00:00,,,
837aec29-fe3d-4b85-b6d8-e1752a6d39cf,b4e55d8f-e956-442f-a4ad-595da88885fb,a7e93193-d6a7-4f39-b11b-6ceb9b0a17f1,2026-04-13,unavailable,,,2026-04-13T04:16:03.800218+00:00,2026-04-13T08:54:44.753272+00:00,,,
8b139dae-082a-4c15-ae77-987a1eae5cd1,6058be35-369e-435d-8373-442cac7b65f8,a7e93193-d6a7-4f39-b11b-6ceb9b0a17f1,2026-04-13,unavailable,,,2026-04-13T04:16:03.800218+00:00,2026-04-13T08:54:44.753272+00:00,,,
0ac6be45-d301-4b2b-af8b-32bddc961788,9adeb556-ece2-498f-abb0-869e7ea01aa8,a7e93193-d6a7-4f39-b11b-6ceb9b0a17f1,2026-04-13,unavailable,,,2026-04-13T04:16:03.800218+00:00,2026-04-13T08:54:44.753272+00:00,,,
13a4f3f3-b395-41f0-afa5-f07c841c85f6,bfa7d4bd-6923-4d5f-9b63-2801c4cd92b2,a7e93193-d6a7-4f39-b11b-6ceb9b0a17f1,2026-04-13,unavailable,,,2026-04-13T04:16:03.800218+00:00,2026-04-13T08:54:44.753272+00:00,,,
510196b3-34a0-460e-b224-6462af7218dd,bf479c71-9394-4a55-b9ac-c81c237fa309,a7e93193-d6a7-4f39-b11b-6ceb9b0a17f1,2026-04-13,unavailable,,,2026-04-13T04:16:03.800218+00:00,2026-04-13T08:54:44.753272+00:00,,,
774456c6-64b9-4eb3-a230-1cb944a23cbd,4d8341f1-1d5f-49e5-95e6-bda4f2816a28,a7e93193-d6a7-4f39-b11b-6ceb9b0a17f1,2026-04-13,unavailable,,,2026-04-13T04:16:03.800218+00:00,2026-04-13T08:54:44.753272+00:00,,,
3b194614-9be1-42de-98a4-442ddbb5cc06,f6723b26-0b45-4a30-bfa8-1ee732565796,a7e93193-d6a7-4f39-b11b-6ceb9b0a17f1,2026-04-13,unavailable,,,2026-04-13T04:16:03.800218+00:00,2026-04-13T08:54:44.753272+00:00,,,
762dc80c-60d4-4cf9-ae6d-9879fffe7f61,6d8db724-4152-43b2-bf1b-ca96881952e6,a7e93193-d6a7-4f39-b11b-6ceb9b0a17f1,2026-04-13,unavailable,,,2026-04-13T04:16:03.800218+00:00,2026-04-13T08:54:44.753272+00:00,,,
82df4b7e-56a2-4af0-8ac9-b9b4151f0f0b,5aace772-3b44-4925-820b-042fba96ee1b,a7e93193-d6a7-4f39-b11b-6ceb9b0a17f1,2026-04-13,unavailable,,,2026-04-13T04:16:03.800218+00:00,2026-04-13T08:54:44.753272+00:00,,,
98a95034-a5c0-438d-a035-1cea9ebd5fa7,c884d033-d490-4ccb-ba1f-646407b6ab42,a7e93193-d6a7-4f39-b11b-6ceb9b0a17f1,2026-04-13,unavailable,,,2026-04-13T04:16:03.800218+00:00,2026-04-13T08:54:44.753272+00:00,,,
fdbe2ca5-6a80-42f2-bd18-31ea40ef2a82,ddb4593f-6ae9-4e1d-b64b-9c0d989de317,a7e93193-d6a7-4f39-b11b-6ceb9b0a17f1,2026-04-13,unavailable,,,2026-04-13T04:16:03.800218+00:00,2026-04-13T08:54:44.753272+00:00,,,
9c4c38f2-7b8d-4003-81c1-4294829756c0,1e313572-571e-46b4-b012-80449350cf3f,a7e93193-d6a7-4f39-b11b-6ceb9b0a17f1,2026-04-13,unavailable,,,2026-04-13T04:16:03.800218+00:00,2026-04-13T08:54:44.753272+00:00,,,
b9079e51-78f9-4d3e-bd47-eb1c247b5f68,95a59580-6440-4afa-95b7-90e438e0b33b,a7e93193-d6a7-4f39-b11b-6ceb9b0a17f1,2026-04-13,unavailable,,,2026-04-13T04:16:03.800218+00:00,2026-04-13T08:54:44.753272+00:00,,,
bfd269a8-d128-4305-80ae-dbadc654d44f,1ce0b2b8-6262-4b17-98f9-60bed3365ecb,a7e93193-d6a7-4f39-b11b-6ceb9b0a17f1,2026-04-13,unavailable,,,2026-04-13T04:16:03.800218+00:00,2026-04-13T08:54:44.753272+00:00,,,
0130610a-9b5f-4e77-acb9-0f1a8f2f320c,d9bf2e1e-2f9d-4952-97aa-c74fdd095b34,a7e93193-d6a7-4f39-b11b-6ceb9b0a17f1,2026-04-13,unavailable,,,2026-04-13T04:16:03.800218+00:00,2026-04-13T08:54:44.753272+00:00,,,
a81c13d6-969e-4882-be59-ff9ea468e630,4af25fcb-085b-4071-97d0-4af42e4a5f0b,a7e93193-d6a7-4f39-b11b-6ceb9b0a17f1,2026-04-13,unavailable,,,2026-04-13T04:16:03.800218+00:00,2026-04-13T08:54:44.753272+00:00,,,
27215476-c7b1-4304-8dad-323e50f2aab7,d04984bc-eb16-411e-8c99-ba6beb94db3c,a7e93193-d6a7-4f39-b11b-6ceb9b0a17f1,2026-04-13,unavailable,,,2026-04-13T04:16:03.800218+00:00,2026-04-13T08:54:44.753272+00:00,,,
5369d4d0-cac1-4c97-b9c7-5e04cf6e91f3,dfcf3978-e149-42ff-90c3-5ee66fc11c77,a7e93193-d6a7-4f39-b11b-6ceb9b0a17f1,2026-04-13,unavailable,,,2026-04-13T04:16:03.800218+00:00,2026-04-13T08:54:44.753272+00:00,,,
32272f22-bbe3-4a3b-9cae-86b7d70984eb,f0fe9b25-dd6c-40ca-b3a2-5ad353a1c66e,a7e93193-d6a7-4f39-b11b-6ceb9b0a17f1,2026-04-13,unavailable,,,2026-04-13T04:16:03.800218+00:00,2026-04-13T08:54:44.753272+00:00,,,
d9d6447b-9eb4-4e97-9289-7752334ac6ac,e0ac9138-c667-4899-b1a7-25684d83684c,a7e93193-d6a7-4f39-b11b-6ceb9b0a17f1,2026-04-13,unavailable,,,2026-04-13T04:16:03.800218+00:00,2026-04-13T08:54:44.753272+00:00,,,
cbd859f1-25be-4482-951d-4ba77bf80d47,aec9b1ec-e511-4850-bfc1-ca8d1f749687,a7e93193-d6a7-4f39-b11b-6ceb9b0a17f1,2026-04-13,unavailable,,,2026-04-13T04:16:03.800218+00:00,2026-04-13T08:54:44.753272+00:00,,,
383d0fc0-4394-4aad-9fc3-cd4a31a9475b,03ac3e2a-cd94-4a27-a5eb-b34640786fae,a7e93193-d6a7-4f39-b11b-6ceb9b0a17f1,2026-04-13,unavailable,,,2026-04-13T04:16:03.800218+00:00,2026-04-13T08:54:44.753272+00:00,,,
89758698-9a16-4a77-86de-ddf744ac9186,86233651-f0cf-4660-9e65-f1bda5ed5e58,a7e93193-d6a7-4f39-b11b-6ceb9b0a17f1,2026-04-13,unavailable,,,2026-04-13T04:16:03.800218+00:00,2026-04-13T08:54:44.753272+00:00,,,
0cfe0e6b-52bd-4357-9f80-8f36234094f5,bb300ba6-5a75-45b4-b42b-46a42914a3e7,a7e93193-d6a7-4f39-b11b-6ceb9b0a17f1,2026-04-13,unavailable,,,2026-04-13T04:16:03.800218+00:00,2026-04-13T08:54:44.753272+00:00,,,
30001c99-2b0a-4955-96ff-11b066fef74f,bf4ecc4d-e755-4605-8ac6-63d67ad62287,a7e93193-d6a7-4f39-b11b-6ceb9b0a17f1,2026-04-13,unavailable,,,2026-04-13T04:16:03.800218+00:00,2026-04-13T08:54:44.753272+00:00,,,
b98755b1-6813-4386-b85d-5a5dd741020e,13cd1ce2-5e86-451c-8f87-2b6f0842b010,a7e93193-d6a7-4f39-b11b-6ceb9b0a17f1,2026-04-13,unavailable,,,2026-04-13T04:16:03.800218+00:00,2026-04-13T08:54:44.753272+00:00,,,
b85afce0-6a6e-4a51-9a5c-3a356b1a1529,f6df221f-4b0c-45c9-b354-4b58b1b21450,a7e93193-d6a7-4f39-b11b-6ceb9b0a17f1,2026-04-13,unavailable,,,2026-04-13T04:16:03.800218+00:00,2026-04-13T08:54:44.753272+00:00,,,
98bddc6e-30e1-4389-9d16-5b5fd10aa0d1,0b7d02c5-cd25-487a-ae38-30cf2c3199bb,a7e93193-d6a7-4f39-b11b-6ceb9b0a17f1,2026-04-13,unavailable,,,2026-04-13T04:16:03.800218+00:00,2026-04-13T08:54:44.753272+00:00,,,
58ed6d17-a697-4113-802d-d721ca44dd19,4f0ecc4f-9d09-4bab-9a9c-06ce5326a219,a7e93193-d6a7-4f39-b11b-6ceb9b0a17f1,2026-04-13,unavailable,,,2026-04-13T04:16:03.800218+00:00,2026-04-13T08:54:44.753272+00:00,,,
a283d5d1-990c-459e-80c1-698d55503770,9f442f9e-040a-4c4a-bdd3-810ccf0019c2,a7e93193-d6a7-4f39-b11b-6ceb9b0a17f1,2026-04-13,unavailable,,,2026-04-13T04:16:03.800218+00:00,2026-04-13T08:54:44.753272+00:00,,,
73469efa-f167-4b8b-bbb6-db9a35886ee0,e507c000-08c5-4d9e-8da4-975f0affa937,a7e93193-d6a7-4f39-b11b-6ceb9b0a17f1,2026-04-13,unavailable,,,2026-04-13T04:16:03.800218+00:00,2026-04-13T08:54:44.753272+00:00,,,
b331bb87-cb16-4d3a-a293-df74a249fa40,5920adcc-3687-45b2-a0ad-50b17f24faef,a7e93193-d6a7-4f39-b11b-6ceb9b0a17f1,2026-04-13,unavailable,,,2026-04-13T04:16:03.800218+00:00,2026-04-13T08:54:44.753272+00:00,,,
72fc791e-3044-459f-a9ff-7d9257c38cec,19508c8b-5f9f-4cda-bffa-d36ef4c07bc2,a7e93193-d6a7-4f39-b11b-6ceb9b0a17f1,2026-04-13,unavailable,,,2026-04-13T04:16:03.800218+00:00,2026-04-13T08:54:44.753272+00:00,,,
9b77060d-3d74-449c-89f6-0d512793c556,3b390b60-bc5f-4a6c-8366-90501656ce20,a7e93193-d6a7-4f39-b11b-6ceb9b0a17f1,2026-04-13,unavailable,,,2026-04-13T04:16:03.800218+00:00,2026-04-13T08:54:44.753272+00:00,,,
0df15f98-53c5-4dd3-904a-26053ac0b4e3,1312210e-9cd8-4bac-96a8-11da91414ca2,a7e93193-d6a7-4f39-b11b-6ceb9b0a17f1,2026-04-13,unavailable,,,2026-04-13T04:16:03.800218+00:00,2026-04-13T08:54:44.753272+00:00,,,
f9d43477-530c-4f33-a740-f7632795d338,e3ec98c5-fd0d-4087-ae6f-8b84410a0199,a7e93193-d6a7-4f39-b11b-6ceb9b0a17f1,2026-04-13,unavailable,,,2026-04-13T04:16:03.800218+00:00,2026-04-13T08:54:44.753272+00:00,,,
76b4fd6d-69d9-41f7-bb88-131fba9fed0a,3d082f2c-37ab-422a-bcad-71da0369d206,a7e93193-d6a7-4f39-b11b-6ceb9b0a17f1,2026-04-13,unavailable,,,2026-04-13T04:16:03.800218+00:00,2026-04-13T08:54:44.753272+00:00,,,
89d4f8fd-0076-427c-a9e5-f357f2886767,e704a939-0821-4540-b342-fec5e79de79a,a7e93193-d6a7-4f39-b11b-6ceb9b0a17f1,2026-04-13,unavailable,,,2026-04-13T04:16:03.800218+00:00,2026-04-13T08:54:44.753272+00:00,,,
36bd4c16-76a5-4edc-9c1e-b0440d5d3110,cd527a80-68b8-45c9-b657-a2bb8e48c3b3,a7e93193-d6a7-4f39-b11b-6ceb9b0a17f1,2026-04-13,unavailable,,,2026-04-13T04:16:03.800218+00:00,2026-04-13T08:54:44.753272+00:00,,,
46399a29-9b78-4a45-9e00-2e191deb9385,bbf210fa-39a3-4ce0-9091-558f93309281,a7e93193-d6a7-4f39-b11b-6ceb9b0a17f1,2026-04-13,unavailable,,,2026-04-13T04:16:03.800218+00:00,2026-04-13T08:54:44.753272+00:00,,,
592d6af0-739d-46c6-973b-ff853a9a6abe,20c89eec-afeb-4600-8a4d-ad8deff1e6ff,a7e93193-d6a7-4f39-b11b-6ceb9b0a17f1,2026-04-13,unavailable,,,2026-04-13T04:16:03.800218+00:00,2026-04-13T08:54:44.753272+00:00,,,
e3e88c75-70b5-4149-a184-68c0f0065054,472aebdc-b540-4f92-b4ca-98d5d526f416,a7e93193-d6a7-4f39-b11b-6ceb9b0a17f1,2026-04-13,unavailable,,,2026-04-13T04:16:03.800218+00:00,2026-04-13T08:54:44.753272+00:00,,,
56aaeaf2-8797-4778-aecb-5a561d9c1d42,bf1dac2d-8dd9-4c40-8b2c-7aa56ffd633d,a7e93193-d6a7-4f39-b11b-6ceb9b0a17f1,2026-04-13,unavailable,,,2026-04-13T04:16:03.800218+00:00,2026-04-13T08:54:44.753272+00:00,,,
3420d8ad-4a91-4cb9-aabb-1973f719f2dd,75aeb2f5-22fa-47df-95a2-21976cfb1df9,a7e93193-d6a7-4f39-b11b-6ceb9b0a17f1,2026-04-13,unavailable,,,2026-04-13T04:16:03.800218+00:00,2026-04-13T08:54:44.753272+00:00,,,
8d925ec7-caa5-4ce5-877a-702907592036,aba5c0fa-7f46-4f07-9ee2-f6e7bf39bc1d,a7e93193-d6a7-4f39-b11b-6ceb9b0a17f1,2026-04-13,unavailable,,,2026-04-13T04:16:03.800218+00:00,2026-04-13T08:54:44.753272+00:00,,,
ae63db3b-edc7-46b4-b531-14064f58c9c2,faa337de-416b-4c93-bc16-3b37c4f24049,a7e93193-d6a7-4f39-b11b-6ceb9b0a17f1,2026-04-13,unavailable,,,2026-04-13T04:16:03.800218+00:00,2026-04-13T08:54:44.753272+00:00,,,
8ca3ad68-497f-49b6-8997-ab96f88d509c,6b4c8cc4-4376-4ab6-9ee6-c624b72485a6,a7e93193-d6a7-4f39-b11b-6ceb9b0a17f1,2026-04-13,unavailable,,,2026-04-13T04:16:03.800218+00:00,2026-04-13T08:54:44.753272+00:00,,,
e191dd02-896d-4a9b-8d1c-87bca06aee84,bfdd8bbb-5373-4e16-9c52-492471349f90,a7e93193-d6a7-4f39-b11b-6ceb9b0a17f1,2026-04-13,unavailable,,,2026-04-13T04:16:03.800218+00:00,2026-04-13T08:54:44.753272+00:00,,,
26d9e169-d5b6-44f1-8e52-9b844855b864,ffa03313-d46c-46fc-a98c-fc495db887c8,a7e93193-d6a7-4f39-b11b-6ceb9b0a17f1,2026-04-13,unavailable,,,2026-04-13T04:16:03.800218+00:00,2026-04-13T08:54:44.753272+00:00,,,
1902140d-a6ed-49e1-97c7-8e907452952b,254f04b8-24d1-4501-82ab-3de9aa297e4a,a7e93193-d6a7-4f39-b11b-6ceb9b0a17f1,2026-04-13,unavailable,,,2026-04-13T04:16:03.800218+00:00,2026-04-13T08:54:44.753272+00:00,,,
3a2e18ee-e4f8-4fe9-8711-46ebdd14279b,668f76c5-00fa-45e0-a391-ada8940fe179,a7e93193-d6a7-4f39-b11b-6ceb9b0a17f1,2026-04-13,unavailable,,,2026-04-13T04:16:03.800218+00:00,2026-04-13T08:54:44.753272+00:00,,,
f234fe5b-64ba-4a10-8d86-d00ff9002951,cc36fcf7-866b-4539-8745-9f9cde9890bc,a7e93193-d6a7-4f39-b11b-6ceb9b0a17f1,2026-04-13,unavailable,,,2026-04-13T04:16:03.800218+00:00,2026-04-13T08:54:44.753272+00:00,,,
1d9f68b6-26c1-4bbb-a247-6b2b73747dc7,3748ead8-de3e-4936-a66d-9d0b2b545b70,a7e93193-d6a7-4f39-b11b-6ceb9b0a17f1,2026-04-13,unavailable,,,2026-04-13T04:16:03.800218+00:00,2026-04-13T08:54:44.753272+00:00,,,
76b887ba-dad5-41b1-a337-c2b2b0b222c6,d738fe6a-8aae-4f9b-a997-d67179944468,a7e93193-d6a7-4f39-b11b-6ceb9b0a17f1,2026-04-13,unavailable,,,2026-04-13T04:16:03.800218+00:00,2026-04-13T08:54:44.753272+00:00,,,
c2b868b2-31fe-41a2-af94-e1e775f03611,da3fa041-df6e-4d09-8877-2f105c12936c,a7e93193-d6a7-4f39-b11b-6ceb9b0a17f1,2026-04-13,unavailable,,,2026-04-13T04:16:03.800218+00:00,2026-04-13T08:54:44.753272+00:00,,,
27403b08-d7cd-49cb-bc5f-c0c02372160b,c2a76342-b6cd-4037-89e3-ebfa887bbb51,a7e93193-d6a7-4f39-b11b-6ceb9b0a17f1,2026-04-13,unavailable,,,2026-04-13T04:16:03.800218+00:00,2026-04-13T08:54:44.753272+00:00,,,
389adf0c-9ee7-4b5d-aa7c-b783af52b3a4,9e04d666-3178-44da-a5ad-75ca73a39c2b,a7e93193-d6a7-4f39-b11b-6ceb9b0a17f1,2026-04-13,unavailable,,,2026-04-13T04:16:03.800218+00:00,2026-04-13T08:54:44.753272+00:00,,,
1f3509fa-2908-4fac-8334-ce81044596f3,9111d6fd-f6d3-4ade-9915-bbfde0232f4b,a7e93193-d6a7-4f39-b11b-6ceb9b0a17f1,2026-04-13,unavailable,,,2026-04-13T04:16:03.800218+00:00,2026-04-13T08:54:44.753272+00:00,,,
f44b8ba4-3846-487a-80e9-52db04b3b917,b8e32f9a-56c0-4915-9d71-413234d11bff,a7e93193-d6a7-4f39-b11b-6ceb9b0a17f1,2026-04-13,unavailable,,,2026-04-13T04:16:03.800218+00:00,2026-04-13T08:54:44.753272+00:00,,,
16d61a42-6acb-47ac-b772-4abf357193c2,c19c0355-5119-46a4-956d-310776ade079,a7e93193-d6a7-4f39-b11b-6ceb9b0a17f1,2026-04-13,unavailable,,,2026-04-13T04:16:03.800218+00:00,2026-04-13T08:54:44.753272+00:00,,,
e688a16c-b846-46f3-93aa-e52386259a37,fffc7b60-42d2-4f14-831e-1a4e4d71e26d,a7e93193-d6a7-4f39-b11b-6ceb9b0a17f1,2026-04-13,unavailable,,,2026-04-13T04:16:03.800218+00:00,2026-04-13T08:54:44.753272+00:00,,,
d6d22d81-62db-4640-acf2-6b74200249c7,5f1621cc-8a4c-4563-88bf-daffe78af0ff,a7e93193-d6a7-4f39-b11b-6ceb9b0a17f1,2026-04-13,unavailable,,,2026-04-13T04:16:03.800218+00:00,2026-04-13T08:54:44.753272+00:00,,,
578bb958-8dc3-4a7f-a97d-4838070b622c,148e5b83-9381-443e-9afd-b6991092c090,a7e93193-d6a7-4f39-b11b-6ceb9b0a17f1,2026-04-13,unavailable,,,2026-04-13T04:16:03.800218+00:00,2026-04-13T08:54:44.753272+00:00,,,
467da4d1-d12e-4136-860d-530e39b268cd,b2d63f78-299d-4331-911f-a96c4941df55,a7e93193-d6a7-4f39-b11b-6ceb9b0a17f1,2026-04-13,unavailable,,,2026-04-13T04:16:03.800218+00:00,2026-04-13T08:54:44.753272+00:00,,,
b8a5a2f2-aaf3-4311-ba83-f81e25aaffb9,06f3c06f-0fee-48b6-af1d-2f1e6d9ac65e,a7e93193-d6a7-4f39-b11b-6ceb9b0a17f1,2026-04-13,unavailable,,,2026-04-13T04:16:03.800218+00:00,2026-04-13T08:54:44.753272+00:00,,,
570a54b8-c090-4d9e-9c6f-16a9241df982,25992891-0940-467e-8aa4-4a02bb64c2f8,a7e93193-d6a7-4f39-b11b-6ceb9b0a17f1,2026-04-13,unavailable,,,2026-04-13T04:16:03.800218+00:00,2026-04-13T08:54:44.753272+00:00,,,
9358bf2a-cb7a-4eea-b294-2e3217de1973,71b1d585-5919-4a6a-9676-9869a51fec0e,a7e93193-d6a7-4f39-b11b-6ceb9b0a17f1,2026-04-13,unavailable,,,2026-04-13T04:16:03.800218+00:00,2026-04-13T08:54:44.753272+00:00,,,
e747c5e0-4efc-46c7-be1e-ab21ab2ab095,07facaef-e20c-417b-9419-6486f1ac9071,a7e93193-d6a7-4f39-b11b-6ceb9b0a17f1,2026-04-13,unavailable,,,2026-04-13T04:16:03.800218+00:00,2026-04-13T08:54:44.753272+00:00,,,
b3fa1268-883d-4b86-8bbf-d4d829211f3b,27133740-8739-4086-b026-370f41fedf92,a7e93193-d6a7-4f39-b11b-6ceb9b0a17f1,2026-04-13,unavailable,,,2026-04-13T04:16:03.800218+00:00,2026-04-13T08:54:44.753272+00:00,,,
12fbd1fe-ff65-49df-b9ab-2c94afe57296,60ee9721-045f-41c3-91e8-d4c34e5d7175,a7e93193-d6a7-4f39-b11b-6ceb9b0a17f1,2026-04-13,unavailable,,,2026-04-13T04:16:03.800218+00:00,2026-04-13T08:54:44.753272+00:00,,,
f49dcebf-dbeb-4ec4-a245-3107ff49e03a,2d181b74-593a-452f-8b74-3505e6766893,a7e93193-d6a7-4f39-b11b-6ceb9b0a17f1,2026-04-13,unavailable,,,2026-04-13T04:16:03.800218+00:00,2026-04-13T08:54:44.753272+00:00,,,
ebe682ac-31e4-4c36-917c-ec6aa4011f3c,b026bfc6-eef8-4751-abbe-82fd7c107473,a7e93193-d6a7-4f39-b11b-6ceb9b0a17f1,2026-04-13,unavailable,,,2026-04-13T04:16:03.800218+00:00,2026-04-13T08:54:44.753272+00:00,,,
3434aef1-38a5-4436-b91d-5ed38c4f9206,f466852a-ef7b-4013-ac24-d40b4c4cf55b,a7e93193-d6a7-4f39-b11b-6ceb9b0a17f1,2026-04-13,unavailable,,,2026-04-13T04:16:03.800218+00:00,2026-04-13T08:54:44.753272+00:00,,,
e558041a-6dc9-4842-bc57-58a84eb92a81,7f6dd06a-83e0-4750-b802-b1f90cefa97f,a7e93193-d6a7-4f39-b11b-6ceb9b0a17f1,2026-04-13,unavailable,,,2026-04-13T04:16:03.800218+00:00,2026-04-13T08:54:44.753272+00:00,,,
dbfe8a12-737e-4cae-ae0b-193fae29bbaf,ad7462a1-5295-4da0-81b8-fad9eb82b0e0,a7e93193-d6a7-4f39-b11b-6ceb9b0a17f1,2026-04-13,unavailable,,,2026-04-13T04:16:03.800218+00:00,2026-04-13T08:54:44.753272+00:00,,,
1d9df61f-b9ef-4d53-b803-6801d768cd83,e2ab0523-b78f-41b9-a50b-d55445e1c544,a7e93193-d6a7-4f39-b11b-6ceb9b0a17f1,2026-04-13,unavailable,,,2026-04-13T04:16:03.800218+00:00,2026-04-13T08:54:44.753272+00:00,,,
81b8f669-8d3e-4eb2-a8c5-7b36c4a10dc7,05f66656-45df-4cb0-bf70-229ad1938df6,a7e93193-d6a7-4f39-b11b-6ceb9b0a17f1,2026-04-13,unavailable,,,2026-04-13T04:16:03.800218+00:00,2026-04-13T08:54:44.753272+00:00,,,
31c57a18-6433-4010-a656-4e8edc8c68b3,ae35edf7-0f5f-42cb-b1da-7ab6b187d19d,a7e93193-d6a7-4f39-b11b-6ceb9b0a17f1,2026-04-13,unavailable,,,2026-04-13T04:16:03.800218+00:00,2026-04-13T08:54:44.753272+00:00,,,
a0adb52b-59ae-47f1-91d7-4337e20090cf,c1a8700d-9fe7-4842-97e2-84acd9d975b3,a7e93193-d6a7-4f39-b11b-6ceb9b0a17f1,2026-04-13,unavailable,,,2026-04-13T04:16:03.800218+00:00,2026-04-13T08:54:44.753272+00:00,,,
0f1a697f-7a55-4102-84d2-1d5cac230b6a,d2d10fe8-69a3-4554-89d2-dedf9ea06203,a7e93193-d6a7-4f39-b11b-6ceb9b0a17f1,2026-04-13,unavailable,,,2026-04-13T04:16:03.800218+00:00,2026-04-13T08:54:44.753272+00:00,,,
cbf871d8-16f1-4752-ab17-dd5300dea8a5,c57fbfb5-1ed2-4e98-9b48-c9b6b97c44bd,a7e93193-d6a7-4f39-b11b-6ceb9b0a17f1,2026-04-13,unavailable,,,2026-04-13T04:16:03.800218+00:00,2026-04-13T08:54:44.753272+00:00,,,
3ef57a93-4836-4be6-a33c-436685af55f2,1c0ec68f-ce08-4e5e-b4ed-3ce89f333f42,a7e93193-d6a7-4f39-b11b-6ceb9b0a17f1,2026-04-13,unavailable,,,2026-04-13T04:16:03.800218+00:00,2026-04-13T08:54:44.753272+00:00,,,
c58e2663-8268-41bb-832e-303b2406754e,d08761e2-5788-4a05-b0c0-5cb25f8a6403,a7e93193-d6a7-4f39-b11b-6ceb9b0a17f1,2026-04-13,unavailable,,,2026-04-13T04:16:03.800218+00:00,2026-04-13T08:54:44.753272+00:00,,,
993ae467-5949-423f-a4b5-1fab95ba995c,4f4e920c-2cf6-4d2e-bd9b-e81927d9a495,a7e93193-d6a7-4f39-b11b-6ceb9b0a17f1,2026-04-13,unavailable,,,2026-04-13T04:16:03.800218+00:00,2026-04-13T08:54:44.753272+00:00,,,
6e1ceed9-0053-40da-8b79-dc9bf11a031c,834fd3ad-e3e0-411e-92e5-79b1e68a34d9,a7e93193-d6a7-4f39-b11b-6ceb9b0a17f1,2026-04-13,unavailable,,,2026-04-13T04:16:03.800218+00:00,2026-04-13T08:54:44.753272+00:00,,,
afd3ffe4-f3dd-451a-8d37-6981d34305c3,fe837eeb-c43f-4324-9484-e363c26f5829,a7e93193-d6a7-4f39-b11b-6ceb9b0a17f1,2026-04-13,unavailable,,,2026-04-13T04:16:03.800218+00:00,2026-04-13T08:54:44.753272+00:00,,,
ea490f02-1255-43e2-93af-41e8d79884c3,5e50859d-1508-4fb1-84a9-adeef4b333ff,a7e93193-d6a7-4f39-b11b-6ceb9b0a17f1,2026-04-13,unavailable,,,2026-04-13T04:16:03.800218+00:00,2026-04-13T08:54:44.753272+00:00,,,
73cedc59-7b4e-41d7-9674-c392eee52602,cb8885fa-21df-4a06-9dcc-911e9c6c474d,a7e93193-d6a7-4f39-b11b-6ceb9b0a17f1,2026-04-13,unavailable,,,2026-04-13T04:16:03.800218+00:00,2026-04-13T08:54:44.753272+00:00,,,
f383a485-7499-4748-8571-fad0137ca072,90df21cf-925e-4fb0-85eb-9ee42c1a1449,a7e93193-d6a7-4f39-b11b-6ceb9b0a17f1,2026-04-13,unavailable,,,2026-04-13T04:16:03.800218+00:00,2026-04-13T08:54:44.753272+00:00,,,
4d66aa0d-3b72-40c5-af33-8c584fc26272,09dd43ee-5456-4692-9016-433d77d3b6cb,a7e93193-d6a7-4f39-b11b-6ceb9b0a17f1,2026-04-13,unavailable,,,2026-04-13T04:16:03.800218+00:00,2026-04-13T08:54:44.753272+00:00,,,
f1e4c5b1-7671-46e7-9ad9-38a2beb46d10,e617222f-90ba-4246-b04a-f3c5e9fe0529,a7e93193-d6a7-4f39-b11b-6ceb9b0a17f1,2026-04-13,unavailable,,,2026-04-13T04:16:03.800218+00:00,2026-04-13T08:54:44.753272+00:00,,,
b0db3a8b-e29c-4c9f-8ea2-a57010d8230e,c34f7e2a-f610-4e56-847b-495bf4739360,a7e93193-d6a7-4f39-b11b-6ceb9b0a17f1,2026-04-13,unavailable,,,2026-04-13T04:16:03.800218+00:00,2026-04-13T08:54:44.753272+00:00,,,
d336dca5-216b-426b-a100-fe14d040537e,07a79088-9fa0-477d-b4e2-42c943951872,a7e93193-d6a7-4f39-b11b-6ceb9b0a17f1,2026-04-13,unavailable,,,2026-04-13T04:16:03.800218+00:00,2026-04-13T08:54:44.753272+00:00,,,
a174a78a-539b-4f8d-86a2-e24304dd3a90,f95b7a6f-37f8-4de1-9fdc-7ac2ef7d7af4,a7e93193-d6a7-4f39-b11b-6ceb9b0a17f1,2026-04-13,unavailable,,,2026-04-13T04:16:03.800218+00:00,2026-04-13T08:54:44.753272+00:00,,,
0382d61d-ad4b-4401-80a9-57dc029f866d,4e67157b-7aca-400e-b55c-0bc10087721c,a7e93193-d6a7-4f39-b11b-6ceb9b0a17f1,2026-04-13,unavailable,,,2026-04-13T04:16:03.800218+00:00,2026-04-13T08:54:44.753272+00:00,,,
55589845-2d93-48cf-9f49-36ade5c7a286,4261d2fb-71d3-4a3f-a3a2-ae6a3306afd6,a7e93193-d6a7-4f39-b11b-6ceb9b0a17f1,2026-04-13,unavailable,,,2026-04-13T04:16:03.800218+00:00,2026-04-13T08:54:44.753272+00:00,,,
ce2328f6-f161-42e6-8b2c-56118cf45d23,7fd3cd92-6b83-4888-b0b5-3474f3e21904,a7e93193-d6a7-4f39-b11b-6ceb9b0a17f1,2026-04-13,unavailable,,,2026-04-13T04:16:03.800218+00:00,2026-04-13T08:54:44.753272+00:00,,,
a84bbb58-725b-4e33-851a-e855868c9edb,5141ea5f-0740-4a1c-a517-c21f73bd6986,a7e93193-d6a7-4f39-b11b-6ceb9b0a17f1,2026-04-13,unavailable,,,2026-04-13T04:16:03.800218+00:00,2026-04-13T08:54:44.753272+00:00,,,
dc651adc-25dc-47cf-b9e2-85ffb04b1c0c,8db30369-f76c-4629-a6d6-a2a50959835a,a7e93193-d6a7-4f39-b11b-6ceb9b0a17f1,2026-04-13,unavailable,,,2026-04-13T04:16:03.800218+00:00,2026-04-13T08:54:44.753272+00:00,,,
74c2bdcd-36df-4f1b-bde5-5d3acb3569d0,e24c0340-b8f8-40e6-8346-fedd8d255826,a7e93193-d6a7-4f39-b11b-6ceb9b0a17f1,2026-04-13,unavailable,,,2026-04-13T04:16:03.800218+00:00,2026-04-13T08:54:44.753272+00:00,,,
d1ff6d12-6370-42ac-aa98-f2fec66b60bf,b9b71f11-fb3e-4476-8b78-7404bdae5973,a7e93193-d6a7-4f39-b11b-6ceb9b0a17f1,2026-04-13,unavailable,,,2026-04-13T04:16:03.800218+00:00,2026-04-13T08:54:44.753272+00:00,,,
b08d3432-d67d-42cd-8c65-0753230e18f5,269969e8-9b32-48b2-ad34-e9eb10892aa0,a7e93193-d6a7-4f39-b11b-6ceb9b0a17f1,2026-04-13,unavailable,,,2026-04-13T04:16:03.800218+00:00,2026-04-13T08:54:44.753272+00:00,,,
d5c2e8e7-ec05-4515-aa63-14d64963397f,05bf9d69-e5d2-48cb-9592-6325e9b0cb39,a7e93193-d6a7-4f39-b11b-6ceb9b0a17f1,2026-04-13,unavailable,,,2026-04-13T04:16:03.800218+00:00,2026-04-13T08:54:44.753272+00:00,,,
992ea61e-f724-4313-b064-1009bc4ea508,932a215a-a3c9-4327-8839-53e7802676c2,a7e93193-d6a7-4f39-b11b-6ceb9b0a17f1,2026-04-13,unavailable,,,2026-04-13T04:16:03.800218+00:00,2026-04-13T08:54:44.753272+00:00,,,
4db4ccf1-6c1e-47a7-a6b8-a3fba88d0cdb,11be587c-f07a-4b41-94bc-757516dda887,a7e93193-d6a7-4f39-b11b-6ceb9b0a17f1,2026-04-13,unavailable,,,2026-04-13T04:16:03.800218+00:00,2026-04-13T08:54:44.753272+00:00,,,
de30a74f-f10d-47b1-9975-986168b325e5,8ee929fd-00ee-4ed8-9cc5-1bac874eb3d3,a7e93193-d6a7-4f39-b11b-6ceb9b0a17f1,2026-04-13,unavailable,,,2026-04-13T04:16:03.800218+00:00,2026-04-13T08:54:44.753272+00:00,,,
49b3cf75-ba1d-4ef2-8ec1-e44592b87e54,3c8b8fbc-4f9e-4953-a4bd-37799b337807,a7e93193-d6a7-4f39-b11b-6ceb9b0a17f1,2026-04-13,unavailable,,,2026-04-13T04:16:03.800218+00:00,2026-04-13T08:54:44.753272+00:00,,,
28b0f706-4165-423c-858f-ac114d04db1e,28a2c4c0-22bf-4592-a7e7-88fd299fd33c,a7e93193-d6a7-4f39-b11b-6ceb9b0a17f1,2026-04-13,unavailable,,,2026-04-13T04:16:03.800218+00:00,2026-04-13T08:54:44.753272+00:00,,,
fd20d55c-fcad-4d27-90dd-09c6e6b92230,a65f4504-ba08-4da1-82ee-339201545673,a7e93193-d6a7-4f39-b11b-6ceb9b0a17f1,2026-04-13,unavailable,,,2026-04-13T04:16:03.800218+00:00,2026-04-13T08:54:44.753272+00:00,,,
d0be165b-4659-4325-b4f4-c2d5765bc7b2,3827a1e9-8eb7-4bcc-8fe4-a96d02378b92,a7e93193-d6a7-4f39-b11b-6ceb9b0a17f1,2026-04-13,unavailable,,,2026-04-13T04:16:03.800218+00:00,2026-04-13T08:54:44.753272+00:00,,,
eebf643b-64be-4cdb-bbd6-2ed25f980a99,7ccef569-6034-454f-bc79-4368995ec492,a7e93193-d6a7-4f39-b11b-6ceb9b0a17f1,2026-04-13,unavailable,,,2026-04-13T04:16:03.800218+00:00,2026-04-13T08:54:44.753272+00:00,,,
29b434a3-a0ad-437e-8ab0-3d10fa75b9e5,bc40e179-aea5-4151-92b0-fe927c84fba3,a7e93193-d6a7-4f39-b11b-6ceb9b0a17f1,2026-04-13,unavailable,,,2026-04-13T04:16:03.800218+00:00,2026-04-13T08:54:44.753272+00:00,,,
e0dc6cf2-562a-412f-af85-24bcc16c5deb,f78aa6c9-4936-4695-8e1f-26ab48dbab93,a7e93193-d6a7-4f39-b11b-6ceb9b0a17f1,2026-04-13,unavailable,,,2026-04-13T04:16:03.800218+00:00,2026-04-13T08:54:44.753272+00:00,,,
bb55f9dd-8cb0-43d0-b328-98f8c4164d6b,96989aa8-bb4c-456d-8bb4-605939db7a97,a7e93193-d6a7-4f39-b11b-6ceb9b0a17f1,2026-04-13,unavailable,,,2026-04-13T04:16:03.800218+00:00,2026-04-13T08:54:44.753272+00:00,,,
97f97705-232a-48f4-8b56-e03d3cb3abb7,99c52faa-b4fb-4403-a8c5-4880bc5d3691,a7e93193-d6a7-4f39-b11b-6ceb9b0a17f1,2026-04-13,unavailable,,,2026-04-13T04:16:03.800218+00:00,2026-04-13T08:54:44.753272+00:00,,,
1f2ed67d-1bca-4020-a97d-7bf01bf87275,6e9d3e1b-8ead-4256-9d06-c0324b42f5ab,a7e93193-d6a7-4f39-b11b-6ceb9b0a17f1,2026-04-13,unavailable,,,2026-04-13T04:16:03.800218+00:00,2026-04-13T08:54:44.753272+00:00,,,
2eb5dabf-f418-40f0-a2ca-05bf3dabd2a9,d4827392-69e6-4ecd-838d-fc9e8ce847cf,a7e93193-d6a7-4f39-b11b-6ceb9b0a17f1,2026-04-13,unavailable,,,2026-04-13T04:16:03.800218+00:00,2026-04-13T08:54:44.753272+00:00,,,
1ff35031-5dd7-4ac8-8976-ec5671acf52d,38fcc94f-ba33-46f6-a1bb-3204823e9cb8,a7e93193-d6a7-4f39-b11b-6ceb9b0a17f1,2026-04-13,unavailable,,,2026-04-13T04:16:03.800218+00:00,2026-04-13T08:54:44.753272+00:00,,,
9a93f37d-cea6-4b9c-830d-868177796c68,04cc3ab8-f1fa-4e6c-a4aa-9a4d53f1dc53,a7e93193-d6a7-4f39-b11b-6ceb9b0a17f1,2026-04-13,unavailable,,,2026-04-13T04:16:03.800218+00:00,2026-04-13T08:54:44.753272+00:00,,,
c73f2e1e-02a7-41c8-af4b-7d4bf892bee4,56f75098-ef8d-4fde-86e8-fbfa21bd8964,a7e93193-d6a7-4f39-b11b-6ceb9b0a17f1,2026-04-13,unavailable,,,2026-04-13T04:16:03.800218+00:00,2026-04-13T08:54:44.753272+00:00,,,
e4600673-47d5-4921-a061-793cc5efbf67,b0c6ac67-3d61-415c-8d9a-8683b6ea618d,a7e93193-d6a7-4f39-b11b-6ceb9b0a17f1,2026-04-13,unavailable,,,2026-04-13T04:16:03.800218+00:00,2026-04-13T08:54:44.753272+00:00,,,
6ef0a64b-ea5f-4a14-847a-ccf5cfd4ebc4,1112445f-aba5-4629-b399-08d2c0baf4f8,a7e93193-d6a7-4f39-b11b-6ceb9b0a17f1,2026-04-13,unavailable,,,2026-04-13T04:16:03.800218+00:00,2026-04-13T08:54:44.753272+00:00,,,
f30d42bd-c49c-4c76-bfd4-37376cf30129,9b9060f3-6432-46c9-a091-a3d8e9560bb2,a7e93193-d6a7-4f39-b11b-6ceb9b0a17f1,2026-04-13,unavailable,,,2026-04-13T04:16:03.800218+00:00,2026-04-13T08:54:44.753272+00:00,,,
c4800747-2a30-4491-8dc7-cb5ac5e86396,af7f71ef-2b78-4595-ac2c-0a38c88a3ec9,a7e93193-d6a7-4f39-b11b-6ceb9b0a17f1,2026-04-13,unavailable,,,2026-04-13T04:16:03.800218+00:00,2026-04-13T08:54:44.753272+00:00,,,
6ad6fc55-eddd-49ea-8328-9f31b9bf5dd8,264f35ff-4ff6-4417-91d3-f5d170297d71,a7e93193-d6a7-4f39-b11b-6ceb9b0a17f1,2026-04-13,unavailable,,,2026-04-13T04:16:03.800218+00:00,2026-04-13T08:54:44.753272+00:00,,,
2ad94144-6fa5-4641-97a9-869c539f1c0a,3b3371ba-d791-4f27-acd1-c9be0931ac67,a7e93193-d6a7-4f39-b11b-6ceb9b0a17f1,2026-04-13,unavailable,,,2026-04-13T04:16:03.800218+00:00,2026-04-13T08:54:44.753272+00:00,,,
3f132c7b-d8c8-4e38-823c-4d020de9b9ab,6a8c2c77-2947-4263-b6a0-3ad7a26dd66c,a7e93193-d6a7-4f39-b11b-6ceb9b0a17f1,2026-04-13,unavailable,,,2026-04-13T04:16:03.800218+00:00,2026-04-13T08:54:44.753272+00:00,,,
cd136377-4067-45bd-bd7a-208b5e6c31d5,e662ef45-6aed-4a2e-ab16-cead317ac5b0,a7e93193-d6a7-4f39-b11b-6ceb9b0a17f1,2026-04-13,unavailable,,,2026-04-13T04:16:03.800218+00:00,2026-04-13T08:54:44.753272+00:00,,,
bebb740b-2a10-4909-b81f-bcce9ebc55c6,79baadf2-9252-4ed8-bc44-5f183e823ed6,a7e93193-d6a7-4f39-b11b-6ceb9b0a17f1,2026-04-13,unavailable,,,2026-04-13T04:16:03.800218+00:00,2026-04-13T08:54:44.753272+00:00,,,
5e0a8544-352b-4c8f-824d-baa64f93c2db,7761e060-b17e-4cdf-811a-ddb5846d266e,a7e93193-d6a7-4f39-b11b-6ceb9b0a17f1,2026-04-13,unavailable,,,2026-04-13T04:16:03.800218+00:00,2026-04-13T08:54:44.753272+00:00,,,
25703e63-4733-4806-a96e-075408c2e060,0b56583d-f70a-49bd-a226-d86b7983ad6c,a7e93193-d6a7-4f39-b11b-6ceb9b0a17f1,2026-04-13,unavailable,,,2026-04-13T04:16:03.800218+00:00,2026-04-13T08:54:44.753272+00:00,,,
40705e75-56fc-4a3f-871a-8a84f9b5f207,1e6a3cbe-88f7-4cf8-b0d8-b5c6d24cc7b5,a7e93193-d6a7-4f39-b11b-6ceb9b0a17f1,2026-04-13,unavailable,,,2026-04-13T04:16:03.800218+00:00,2026-04-13T08:54:44.753272+00:00,,,
e58ae48a-c46d-4fe1-9572-d847bbde9150,fea7d0a4-a2d7-4f78-8c00-7a0890303058,a7e93193-d6a7-4f39-b11b-6ceb9b0a17f1,2026-04-13,unavailable,,,2026-04-13T04:16:03.800218+00:00,2026-04-13T08:54:44.753272+00:00,,,
8fccb193-4b62-4e09-b1ea-0fe0005fb207,c3573a8c-ee80-4e96-90b2-faedf186756a,a7e93193-d6a7-4f39-b11b-6ceb9b0a17f1,2026-04-13,unavailable,,,2026-04-13T04:16:03.800218+00:00,2026-04-13T08:54:44.753272+00:00,,,
22d0d116-e870-48fc-a029-d29f474c99b5,324152b2-0646-40d1-be88-877c753f6ef2,a7e93193-d6a7-4f39-b11b-6ceb9b0a17f1,2026-04-13,unavailable,,,2026-04-13T04:16:03.800218+00:00,2026-04-13T08:54:44.753272+00:00,,,
4cc805b7-2e47-4267-9bdd-16dae607e96b,3ddd0c43-44b1-49d6-92f3-047dbc5407c2,a7e93193-d6a7-4f39-b11b-6ceb9b0a17f1,2026-04-13,unavailable,,,2026-04-13T04:16:03.800218+00:00,2026-04-13T08:54:44.753272+00:00,,,
aa343f16-2156-4d3f-9fbc-1b282b8e301a,dfd11754-81a7-4667-9c5e-f72a6f06c6a1,a7e93193-d6a7-4f39-b11b-6ceb9b0a17f1,2026-04-13,unavailable,,,2026-04-13T04:16:03.800218+00:00,2026-04-13T08:54:44.753272+00:00,,,
849d73eb-41e3-4481-830b-3916d563ccf4,76a7e596-d654-4fa0-b7ab-4d60ee3da1cb,a7e93193-d6a7-4f39-b11b-6ceb9b0a17f1,2026-04-13,unavailable,,,2026-04-13T04:16:03.800218+00:00,2026-04-13T08:54:44.753272+00:00,,,
73d54ef0-f181-4ddf-8f3c-2daf6505f5f1,38af6777-f227-4692-8704-1fe94901ac9f,a7e93193-d6a7-4f39-b11b-6ceb9b0a17f1,2026-04-13,unavailable,,,2026-04-13T04:16:03.800218+00:00,2026-04-13T08:54:44.753272+00:00,,,
f4029dd8-8e5c-46f6-94f0-7b9b0b341f3f,258b9b82-338f-4fef-a2ec-fd339af13b9a,a7e93193-d6a7-4f39-b11b-6ceb9b0a17f1,2026-04-13,unavailable,,,2026-04-13T04:16:03.800218+00:00,2026-04-13T08:54:44.753272+00:00,,,
253d5a13-375c-493a-b8d8-4efdaa06a900,2eaadb66-8823-4457-a67a-eaed6282bc1f,a7e93193-d6a7-4f39-b11b-6ceb9b0a17f1,2026-04-13,unavailable,,,2026-04-13T04:16:03.800218+00:00,2026-04-13T08:54:44.753272+00:00,,,
58ed23f5-552b-4ecd-95d5-47af5ae8b491,1a420063-ba38-4d7b-9dad-82b18a3fb04e,a7e93193-d6a7-4f39-b11b-6ceb9b0a17f1,2026-04-13,unavailable,,,2026-04-13T04:16:03.800218+00:00,2026-04-13T08:54:44.753272+00:00,,,
fef61280-5e52-4c30-9aae-8a75b07095ec,5ccbb607-f815-4a7f-b90c-feddcc6be27e,a7e93193-d6a7-4f39-b11b-6ceb9b0a17f1,2026-04-13,unavailable,,,2026-04-13T04:16:03.800218+00:00,2026-04-13T08:54:44.753272+00:00,,,
f6e626cf-cecd-4a20-9137-b7f95fa95f57,4e61147f-1e4a-4c78-9aad-365a3a25406b,a7e93193-d6a7-4f39-b11b-6ceb9b0a17f1,2026-04-13,unavailable,,,2026-04-13T04:16:03.800218+00:00,2026-04-13T08:54:44.753272+00:00,,,
f2eafc7f-3502-42ae-b2c5-b89b82f403a2,de69bc0d-febf-4b24-8450-eb1dd74bd7d8,a7e93193-d6a7-4f39-b11b-6ceb9b0a17f1,2026-04-13,unavailable,,,2026-04-13T04:16:03.800218+00:00,2026-04-13T08:54:44.753272+00:00,,,
8f22a53f-180a-4b55-a3a3-66bdadeae41c,511d5694-6147-4322-960a-eb6e5cd1e291,a7e93193-d6a7-4f39-b11b-6ceb9b0a17f1,2026-04-13,unavailable,,,2026-04-13T04:16:03.800218+00:00,2026-04-13T08:54:44.753272+00:00,,,
fdb88348-cada-4f72-aa1c-c85ffa8b5136,ffbc1a44-8403-4ff8-98d1-fa7a17336156,a7e93193-d6a7-4f39-b11b-6ceb9b0a17f1,2026-04-13,unavailable,,,2026-04-13T04:16:03.800218+00:00,2026-04-13T08:54:44.753272+00:00,,,
a2a73b64-a27e-4fef-9cc2-dda752d19fb1,cbdadcf6-1004-4020-87e2-c3b5be4fd2dd,a7e93193-d6a7-4f39-b11b-6ceb9b0a17f1,2026-04-13,unavailable,,,2026-04-13T04:16:03.800218+00:00,2026-04-13T08:54:44.753272+00:00,,,
d7779547-ee04-4d40-903e-567f1fa430d9,69606083-2432-4ab8-9738-516864868879,a7e93193-d6a7-4f39-b11b-6ceb9b0a17f1,2026-04-13,unavailable,,,2026-04-13T04:16:03.800218+00:00,2026-04-13T08:54:44.753272+00:00,,,
9344a788-4afc-4cdf-9ba1-772347334112,00bbde0b-08ee-4abd-8ede-4072e5a9b7ef,a7e93193-d6a7-4f39-b11b-6ceb9b0a17f1,2026-04-13,unavailable,,,2026-04-13T04:16:03.800218+00:00,2026-04-13T08:54:44.753272+00:00,,,
39bef4ff-25f7-41c7-b6cc-356e03b42a0d,cd22ecb1-9eea-4ce8-ac14-289d2e8f5e9c,a7e93193-d6a7-4f39-b11b-6ceb9b0a17f1,2026-04-13,unavailable,,,2026-04-13T04:16:03.800218+00:00,2026-04-13T08:54:44.753272+00:00,,,
281d0fba-fee2-4e82-a85f-acc1d86c4731,2f04860a-b177-4a1c-8af1-08b2ac1ad567,a7e93193-d6a7-4f39-b11b-6ceb9b0a17f1,2026-04-13,unavailable,,,2026-04-13T04:16:03.800218+00:00,2026-04-13T08:54:44.753272+00:00,,,
454e4e83-9f2d-4627-bd78-1b9eab3bb542,cbf76c50-2ebd-4fee-a8a3-0eab9d8366ee,a7e93193-d6a7-4f39-b11b-6ceb9b0a17f1,2026-04-13,unavailable,,,2026-04-13T04:16:03.800218+00:00,2026-04-13T08:54:44.753272+00:00,,,
155b41ad-e783-4a2e-8b7c-95ff159abb45,1029d612-5e08-4acb-a939-a54b768987fd,a7e93193-d6a7-4f39-b11b-6ceb9b0a17f1,2026-04-13,unavailable,,,2026-04-13T04:16:03.800218+00:00,2026-04-13T08:54:44.753272+00:00,,,
b87fc8e2-4a19-467b-94bc-ee743908cde3,cb2f08e7-057b-4cb0-a9f0-b041a5b2e8dc,a7e93193-d6a7-4f39-b11b-6ceb9b0a17f1,2026-04-13,unavailable,,,2026-04-13T04:16:03.800218+00:00,2026-04-13T08:54:44.753272+00:00,,,
a1d64c14-675f-4ebd-a619-d3b9ac7aaf92,d00c8ebc-9fbe-4581-9e90-068368dde389,a7e93193-d6a7-4f39-b11b-6ceb9b0a17f1,2026-04-13,unavailable,,,2026-04-13T04:16:03.800218+00:00,2026-04-13T08:54:44.753272+00:00,,,
0e3f7ad6-003d-4c36-817f-87835aacc04c,df88a062-1568-4a88-ac22-499b4effa2db,a7e93193-d6a7-4f39-b11b-6ceb9b0a17f1,2026-04-13,unavailable,,,2026-04-13T04:16:03.800218+00:00,2026-04-13T08:54:44.753272+00:00,,,
d20bf8d6-d21d-48db-a71f-69597dcf79f2,8fe53475-a2ce-4dd6-802b-19151fab1430,a7e93193-d6a7-4f39-b11b-6ceb9b0a17f1,2026-04-13,unavailable,,,2026-04-13T04:16:03.800218+00:00,2026-04-13T08:54:44.753272+00:00,,,
daff4e9a-57e7-4979-b138-17a0bd3b8f49,f43cda55-dd93-4947-ae92-1129a86c1d82,a7e93193-d6a7-4f39-b11b-6ceb9b0a17f1,2026-04-13,unavailable,,,2026-04-13T04:16:03.800218+00:00,2026-04-13T08:54:44.753272+00:00,,,
0f9d2315-2a55-4b7a-8ffb-6ad25625647e,d7c99f48-1aa3-45ea-a247-2d7262cc3929,a7e93193-d6a7-4f39-b11b-6ceb9b0a17f1,2026-04-13,unavailable,,,2026-04-13T04:16:03.800218+00:00,2026-04-13T08:54:44.753272+00:00,,,
df8d8828-8b5c-4f9f-b8c8-c827c7164d7d,0c7cb9cf-e1ea-4476-ae2c-972475824bcb,a7e93193-d6a7-4f39-b11b-6ceb9b0a17f1,2026-04-13,unavailable,,,2026-04-13T04:16:03.800218+00:00,2026-04-13T08:54:44.753272+00:00,,,
151b32fb-3822-4954-9110-ccbe128f64ba,3a6f4115-4ec8-4772-abf6-144d0e48214b,a7e93193-d6a7-4f39-b11b-6ceb9b0a17f1,2026-04-13,unavailable,,,2026-04-13T04:16:03.800218+00:00,2026-04-13T08:54:44.753272+00:00,,,
7f32008f-61ef-415b-8261-25aed121b428,de38634a-5fba-4125-835d-f248ee29f830,a7e93193-d6a7-4f39-b11b-6ceb9b0a17f1,2026-04-13,unavailable,,,2026-04-13T04:16:03.800218+00:00,2026-04-13T08:54:44.753272+00:00,,,
01c48dcc-8d7b-4d8c-a6f4-0ed5b475ea07,947e461d-8872-41ee-b7de-9b7ecce25287,a7e93193-d6a7-4f39-b11b-6ceb9b0a17f1,2026-04-13,unavailable,,,2026-04-13T04:16:03.800218+00:00,2026-04-13T08:54:44.753272+00:00,,,
073fc0cf-bce2-4a80-83aa-9b0aa5226c3b,c314664e-d9e7-4d46-aa69-64a1ca26f59b,a7e93193-d6a7-4f39-b11b-6ceb9b0a17f1,2026-04-13,unavailable,,,2026-04-13T04:16:03.800218+00:00,2026-04-13T08:54:44.753272+00:00,,,
f497fb2f-0cde-4454-895a-0e2e21c88b90,da0edabf-c611-4f36-ab53-1fd0188e5464,a7e93193-d6a7-4f39-b11b-6ceb9b0a17f1,2026-04-13,unavailable,,,2026-04-13T04:16:03.800218+00:00,2026-04-13T08:54:44.753272+00:00,,,
df36b942-9cd3-4a64-8991-ea6c84aba0a4,a8bb4cea-3aad-45ff-96c4-a5af02335e12,a7e93193-d6a7-4f39-b11b-6ceb9b0a17f1,2026-04-13,unavailable,,,2026-04-13T04:16:03.800218+00:00,2026-04-13T08:54:44.753272+00:00,,,
19e41390-d10e-4deb-aca8-5265d831d8ec,4e6a0de1-43b6-4120-a6cd-ef1457e85a6e,a7e93193-d6a7-4f39-b11b-6ceb9b0a17f1,2026-04-13,unavailable,,,2026-04-13T04:16:03.800218+00:00,2026-04-13T08:54:44.753272+00:00,,,
c80cf7eb-1eb0-4f28-b42d-cd64324460cb,76881990-2ec7-40b9-8ea1-579a5e1192ad,a7e93193-d6a7-4f39-b11b-6ceb9b0a17f1,2026-04-13,unavailable,,,2026-04-13T04:16:03.800218+00:00,2026-04-13T08:54:44.753272+00:00,,,
e7024cbb-823f-422e-a059-77f2eba4ac05,cfb3d243-a1fd-4330-bfce-7e9f169f8277,a7e93193-d6a7-4f39-b11b-6ceb9b0a17f1,2026-04-13,unavailable,,,2026-04-13T04:16:03.800218+00:00,2026-04-13T08:54:44.753272+00:00,,,
7549f1c5-df0e-4095-8a96-78a983a6e3d4,0415b9aa-5c61-4f79-9479-7dce2c76d1a8,a7e93193-d6a7-4f39-b11b-6ceb9b0a17f1,2026-04-13,unavailable,,,2026-04-13T04:16:03.800218+00:00,2026-04-13T08:54:44.753272+00:00,,,
54808b22-fb5b-4314-884f-f2c1e49f2d68,13ac7479-762b-4fc2-b36c-b94223caf3d5,a7e93193-d6a7-4f39-b11b-6ceb9b0a17f1,2026-04-13,unavailable,,,2026-04-13T04:16:03.800218+00:00,2026-04-13T08:54:44.753272+00:00,,,
0c106ab5-e8d6-40e0-a3e0-827849747f6f,41197272-bc0f-47b6-8d09-56f414d3035b,a7e93193-d6a7-4f39-b11b-6ceb9b0a17f1,2026-04-13,unavailable,,,2026-04-13T04:16:03.800218+00:00,2026-04-13T08:54:44.753272+00:00,,,
2be2ea88-93e8-4483-867f-09419ea4aaf9,c451e667-831d-4237-9b09-79123b641d17,a7e93193-d6a7-4f39-b11b-6ceb9b0a17f1,2026-04-13,unavailable,,,2026-04-13T04:16:03.800218+00:00,2026-04-13T08:54:44.753272+00:00,,,
3b9426e0-65e8-493f-a4ba-00105de4680e,0f564608-78ba-405b-bd40-8d80a71c196e,a7e93193-d6a7-4f39-b11b-6ceb9b0a17f1,2026-04-13,unavailable,,,2026-04-13T04:16:03.800218+00:00,2026-04-13T08:54:44.753272+00:00,,,
97228152-2d36-4417-ab1d-721e9b622fe5,ead59b1d-eeed-486b-8bf7-a3aaf55caa2b,a7e93193-d6a7-4f39-b11b-6ceb9b0a17f1,2026-04-13,unavailable,,,2026-04-13T04:16:03.800218+00:00,2026-04-13T08:54:44.753272+00:00,,,
ae86e441-8c26-473a-b077-221dbc87c314,27e7c46d-f7dd-4593-9578-85a9c38acf4e,a7e93193-d6a7-4f39-b11b-6ceb9b0a17f1,2026-04-13,unavailable,,,2026-04-13T04:16:03.800218+00:00,2026-04-13T08:54:44.753272+00:00,,,
faa505ee-bf35-4297-bcff-69977d79c57b,aef966a7-cec2-4f64-a7c5-f461033d608a,a7e93193-d6a7-4f39-b11b-6ceb9b0a17f1,2026-04-13,unavailable,,,2026-04-13T04:16:03.800218+00:00,2026-04-13T08:54:44.753272+00:00,,,
364f09f7-e5d7-4f3f-a2f0-c2ed1b63ffb7,8bbedffc-40e5-4f97-9e56-962bea1c24a4,a7e93193-d6a7-4f39-b11b-6ceb9b0a17f1,2026-04-13,unavailable,,,2026-04-13T04:16:03.800218+00:00,2026-04-13T08:54:44.753272+00:00,,,
7bb2d601-2d46-4a72-9c7c-04f7b3986632,4cab8fc9-fc23-4a60-9cf8-8a1b08ef6e04,a7e93193-d6a7-4f39-b11b-6ceb9b0a17f1,2026-04-13,unavailable,,,2026-04-13T04:16:03.800218+00:00,2026-04-13T08:54:44.753272+00:00,,,
6e5eee67-540d-41ab-9b22-c78822a2e069,7aab3ed9-e8d8-4bf0-877b-d0e9722a850b,a7e93193-d6a7-4f39-b11b-6ceb9b0a17f1,2026-04-13,unavailable,,,2026-04-13T04:16:03.800218+00:00,2026-04-13T08:54:44.753272+00:00,,,
322eae93-bda8-494b-80c4-37a535df0ed0,a976be5b-40c5-4152-9f0d-5b4ef48dd44b,a7e93193-d6a7-4f39-b11b-6ceb9b0a17f1,2026-04-13,unavailable,,,2026-04-13T04:16:03.800218+00:00,2026-04-13T08:54:44.753272+00:00,,,
edae6cf0-5027-4023-9299-e6ff5f956236,fd29e7ff-5086-468d-85a1-7f73829dd930,a7e93193-d6a7-4f39-b11b-6ceb9b0a17f1,2026-04-13,unavailable,,,2026-04-13T04:16:03.800218+00:00,2026-04-13T08:54:44.753272+00:00,,,
c93b627a-0c7a-40c5-aa9f-db9566baaa13,1d0c7241-19a1-401d-a709-4f16ed53f990,a7e93193-d6a7-4f39-b11b-6ceb9b0a17f1,2026-04-13,unavailable,,,2026-04-13T04:16:03.800218+00:00,2026-04-13T08:54:44.753272+00:00,,,
991c0316-7ecf-477a-96a3-2b210fbf734b,4013f053-8031-4c99-852b-aa0682793bca,a7e93193-d6a7-4f39-b11b-6ceb9b0a17f1,2026-04-13,unavailable,,,2026-04-13T04:16:03.800218+00:00,2026-04-13T08:54:44.753272+00:00,,,
b429c923-e215-43ba-8ae9-55c305fb260a,90570ad5-2c58-4ab5-a1bd-a7dc59a50222,a7e93193-d6a7-4f39-b11b-6ceb9b0a17f1,2026-04-13,unavailable,,,2026-04-13T04:16:03.800218+00:00,2026-04-13T08:54:44.753272+00:00,,,
1f9b49e8-14e8-4c2b-8fcd-ebae4cc61cef,c8bbe30a-a177-430d-86c5-6616a6f62a0d,a7e93193-d6a7-4f39-b11b-6ceb9b0a17f1,2026-04-13,unavailable,,,2026-04-13T04:16:03.800218+00:00,2026-04-13T08:54:44.753272+00:00,,,
724257a1-1601-467c-be1f-ab0d8c1319fd,332f1a66-feeb-4e51-8c9f-db3ac84453f3,a7e93193-d6a7-4f39-b11b-6ceb9b0a17f1,2026-04-13,unavailable,,,2026-04-13T04:16:03.800218+00:00,2026-04-13T08:54:44.753272+00:00,,,
6bf3b0ad-8c15-48d6-9923-71e67a36209e,7a452ff1-9cab-4d77-8e7f-81ab30889099,a7e93193-d6a7-4f39-b11b-6ceb9b0a17f1,2026-04-13,unavailable,,,2026-04-13T04:16:03.800218+00:00,2026-04-13T08:54:44.753272+00:00,,,
4cb88c25-1848-4aa6-b170-46b9430eef02,cd0f66ef-f670-46a5-983a-60066c8c2825,a7e93193-d6a7-4f39-b11b-6ceb9b0a17f1,2026-04-13,unavailable,,,2026-04-13T04:16:03.800218+00:00,2026-04-13T08:54:44.753272+00:00,,,
d12eed7d-902d-422c-af5b-d6ca06a8cc97,185693e3-9895-45d7-ab62-3562a30a27e7,a7e93193-d6a7-4f39-b11b-6ceb9b0a17f1,2026-04-13,unavailable,,,2026-04-13T04:16:03.800218+00:00,2026-04-13T08:54:44.753272+00:00,,,
f1f70ec2-b970-43e4-9b3a-b0c82881d7a3,5d9fdebd-7dde-4fd3-9c41-021a59a373a0,a7e93193-d6a7-4f39-b11b-6ceb9b0a17f1,2026-04-13,unavailable,,,2026-04-13T04:16:03.800218+00:00,2026-04-13T08:54:44.753272+00:00,,,
b8674d5d-ba6c-4fde-9f06-f22aa38cc31f,89c1246f-c6d6-48c1-b253-ac897aeb1d11,a7e93193-d6a7-4f39-b11b-6ceb9b0a17f1,2026-04-13,unavailable,,,2026-04-13T04:16:03.800218+00:00,2026-04-13T08:54:44.753272+00:00,,,
40791a9c-0d6d-4cf9-bdf3-0569dd3afb6d,9c203b49-8a07-4319-aae9-fcfd68b34579,a7e93193-d6a7-4f39-b11b-6ceb9b0a17f1,2026-04-13,unavailable,,,2026-04-13T04:16:03.800218+00:00,2026-04-13T08:54:44.753272+00:00,,,
4341497f-5ede-4f15-b752-4290bf07a067,d2d14373-69ff-4301-81a2-ba77a96b56cd,a7e93193-d6a7-4f39-b11b-6ceb9b0a17f1,2026-04-13,unavailable,,,2026-04-13T04:16:03.800218+00:00,2026-04-13T08:54:44.753272+00:00,,,
53b423f8-437e-45ee-a996-3f5ed5906652,7387900d-0b1d-4fe5-b9e6-7c968c2003b3,a7e93193-d6a7-4f39-b11b-6ceb9b0a17f1,2026-04-13,unavailable,,,2026-04-13T04:16:03.800218+00:00,2026-04-13T08:54:44.753272+00:00,,,
2c4e67e3-73d8-4bbd-9306-eb27bcaba54d,22370f93-2d06-4891-841e-4cf159e301ca,a7e93193-d6a7-4f39-b11b-6ceb9b0a17f1,2026-04-13,unavailable,,,2026-04-13T04:16:03.800218+00:00,2026-04-13T08:54:44.753272+00:00,,,
0adb1d5d-b476-48fe-88cb-c31cac5c58bf,0ca63d24-8e2c-4cb8-af36-ceb8ced7f103,a7e93193-d6a7-4f39-b11b-6ceb9b0a17f1,2026-04-13,unavailable,,,2026-04-13T04:16:03.800218+00:00,2026-04-13T08:54:44.753272+00:00,,,
f2b74753-8fa0-475f-bdfb-7f0cda236ddb,924c513c-c422-4c24-9515-e4544f493394,a7e93193-d6a7-4f39-b11b-6ceb9b0a17f1,2026-04-13,unavailable,,,2026-04-13T04:16:03.800218+00:00,2026-04-13T08:54:44.753272+00:00,,,
da54b3b7-6a40-42cf-8369-626d783b7946,79bea6a3-4268-4ae7-8665-deb6b1cf1a9a,a7e93193-d6a7-4f39-b11b-6ceb9b0a17f1,2026-04-13,unavailable,,,2026-04-13T04:16:03.800218+00:00,2026-04-13T08:54:44.753272+00:00,,,
0d6d4d75-ecd1-42c2-be60-69bece40cb7d,e0562212-cda5-4a74-ac19-db857f843dbd,a7e93193-d6a7-4f39-b11b-6ceb9b0a17f1,2026-04-13,unavailable,,,2026-04-13T04:16:03.800218+00:00,2026-04-13T08:54:44.753272+00:00,,,
00742804-bac9-492a-922a-c21bb9700c92,35f4a879-0b57-4581-9e91-c47200a23c78,a7e93193-d6a7-4f39-b11b-6ceb9b0a17f1,2026-04-13,unavailable,,,2026-04-13T04:16:03.800218+00:00,2026-04-13T08:54:44.753272+00:00,,,
cbb2da09-1a5f-4d5c-9796-57e54b3f746d,c0b5e2df-b927-4ac5-99f5-4368965722ab,a7e93193-d6a7-4f39-b11b-6ceb9b0a17f1,2026-04-13,unavailable,,,2026-04-13T04:16:03.800218+00:00,2026-04-13T08:54:44.753272+00:00,,,
31c760a7-c04a-4f48-9fa0-7e4472f0cf12,b66e80d0-7f23-44ac-a6d3-5db4212284e6,a7e93193-d6a7-4f39-b11b-6ceb9b0a17f1,2026-04-13,unavailable,,,2026-04-13T04:16:03.800218+00:00,2026-04-13T08:54:44.753272+00:00,,,
199587db-945e-4bf9-bf64-d8679a7a6862,4acd4dc2-eb69-48a4-8f0d-dc509f93beb4,a7e93193-d6a7-4f39-b11b-6ceb9b0a17f1,2026-04-13,unavailable,,,2026-04-13T04:16:03.800218+00:00,2026-04-13T08:54:44.753272+00:00,,,
13d4231f-f611-4298-97ba-e277d99ea7f0,604ea0ee-856f-4bd8-90a3-a067244e31db,a7e93193-d6a7-4f39-b11b-6ceb9b0a17f1,2026-04-13,unavailable,,,2026-04-13T04:16:03.800218+00:00,2026-04-13T08:54:44.753272+00:00,,,
198be123-1ea1-4230-b6ec-a8f5c1f92beb,3c972950-a216-468e-b719-d3430d265c36,a7e93193-d6a7-4f39-b11b-6ceb9b0a17f1,2026-04-13,unavailable,,,2026-04-13T04:16:03.800218+00:00,2026-04-13T08:54:44.753272+00:00,,,
f9c3e0c1-85a6-4ab2-8506-52a21afb1729,2ec9bf07-c28b-4a11-809e-a7be42c4db76,a7e93193-d6a7-4f39-b11b-6ceb9b0a17f1,2026-04-13,unavailable,,,2026-04-13T04:16:03.800218+00:00,2026-04-13T08:54:44.753272+00:00,,,
aa47c252-7548-4c61-bae7-73443dfaaa38,1d6856d9-51da-4f3d-9167-2140aa6f8eba,a7e93193-d6a7-4f39-b11b-6ceb9b0a17f1,2026-04-13,unavailable,,,2026-04-13T04:16:03.800218+00:00,2026-04-13T08:54:44.753272+00:00,,,
9164c676-bb28-45ec-a8e8-1da899d571d2,4f7e4826-6de8-458d-9fc7-dc135acf8c1e,a7e93193-d6a7-4f39-b11b-6ceb9b0a17f1,2026-04-13,unavailable,,,2026-04-13T04:16:03.800218+00:00,2026-04-13T08:54:44.753272+00:00,,,
79089a05-bd95-49a8-af8b-19599a03ca79,c60051a9-4d42-4198-bd08-b24181a2481d,a7e93193-d6a7-4f39-b11b-6ceb9b0a17f1,2026-04-13,unavailable,,,2026-04-13T04:16:03.800218+00:00,2026-04-13T08:54:44.753272+00:00,,,
a5c97692-48ea-4279-98e4-710bca93626e,39f683dd-6e80-43b8-9c10-8f9505093d6e,a7e93193-d6a7-4f39-b11b-6ceb9b0a17f1,2026-04-13,unavailable,,,2026-04-13T04:16:03.800218+00:00,2026-04-13T08:54:44.753272+00:00,,,
77e04807-1877-4dea-9280-9e622f8caaa2,2e754b98-4d62-4dde-abae-8fad7eb099d3,a7e93193-d6a7-4f39-b11b-6ceb9b0a17f1,2026-04-13,unavailable,,,2026-04-13T04:16:03.800218+00:00,2026-04-13T08:54:44.753272+00:00,,,
ea4a40e3-f3fb-4f28-a5d9-dfb941788129,b3abbd6a-b26d-4a7e-aa1a-d44346bf21b3,a7e93193-d6a7-4f39-b11b-6ceb9b0a17f1,2026-04-13,unavailable,,,2026-04-13T04:16:03.800218+00:00,2026-04-13T08:54:44.753272+00:00,,,
69c8411e-cf90-43ee-85c8-ef1eb1fbf663,d87652f1-bb0b-444f-ad23-97c5c4d8b7de,a7e93193-d6a7-4f39-b11b-6ceb9b0a17f1,2026-04-13,unavailable,,,2026-04-13T04:16:03.800218+00:00,2026-04-13T08:54:44.753272+00:00,,,
f4ca9710-cd82-4ec5-bd0a-c6c335df42b8,09d6b27b-cbab-4ce2-b97b-cd849d5588b2,a7e93193-d6a7-4f39-b11b-6ceb9b0a17f1,2026-04-13,unavailable,,,2026-04-13T04:16:03.800218+00:00,2026-04-13T08:54:44.753272+00:00,,,
0ac62bf4-9003-474a-a307-b2ea5ec2c1bf,d17e62b0-3615-4ac3-8fb3-f9b22955600f,a7e93193-d6a7-4f39-b11b-6ceb9b0a17f1,2026-04-13,unavailable,,,2026-04-13T04:16:03.800218+00:00,2026-04-13T08:54:44.753272+00:00,,,
c33f33c6-2da7-4820-97d7-846fdecd4b17,27d10606-8e7f-4afa-8c12-ce177d2f7e31,a7e93193-d6a7-4f39-b11b-6ceb9b0a17f1,2026-04-13,unavailable,,,2026-04-13T04:16:03.800218+00:00,2026-04-13T08:54:44.753272+00:00,,,
9db95bbd-92d5-4ce0-a1c1-d8be39d06e95,e9697f64-3351-4f0c-80a2-97693a2ea2e5,a7e93193-d6a7-4f39-b11b-6ceb9b0a17f1,2026-04-13,unavailable,,,2026-04-13T04:16:03.800218+00:00,2026-04-13T08:54:44.753272+00:00,,,
d517c547-76da-4a91-966f-718d5bacced9,a252243e-ee4b-4544-8a0f-5f1fdfc8cf78,a7e93193-d6a7-4f39-b11b-6ceb9b0a17f1,2026-04-13,unavailable,,,2026-04-13T04:16:03.800218+00:00,2026-04-13T08:54:44.753272+00:00,,,
34060c7b-6d57-4637-a25c-6df15eae4c54,ec0e87bd-f105-4509-a148-beb9bf6eae42,a7e93193-d6a7-4f39-b11b-6ceb9b0a17f1,2026-04-13,unavailable,,,2026-04-13T04:16:03.800218+00:00,2026-04-13T08:54:44.753272+00:00,,,
32eb2fc2-5790-487f-bc1e-47abc5122c3a,9ba79172-9ab7-433c-a656-4b584d3eab1e,a7e93193-d6a7-4f39-b11b-6ceb9b0a17f1,2026-04-13,unavailable,,,2026-04-13T04:16:03.800218+00:00,2026-04-13T08:54:44.753272+00:00,,,
976780f7-78ae-4d40-ae04-5020a6c9654c,6c3dfe2a-d412-409f-a2b0-15345fbd2981,a7e93193-d6a7-4f39-b11b-6ceb9b0a17f1,2026-04-13,unavailable,,,2026-04-13T04:16:03.800218+00:00,2026-04-13T08:54:44.753272+00:00,,,
c5dc89ae-1c6b-41b7-b1e0-993d13427ecb,98073499-8a1a-4ca5-99ad-0486e2769c76,a7e93193-d6a7-4f39-b11b-6ceb9b0a17f1,2026-04-13,unavailable,,,2026-04-13T04:16:03.800218+00:00,2026-04-13T08:54:44.753272+00:00,,,
b4b7c9ca-7681-4b40-b5dd-0e0754bcd8c2,80e8b99d-e4fa-4b8d-b897-b9a26e96d8d3,a7e93193-d6a7-4f39-b11b-6ceb9b0a17f1,2026-04-13,unavailable,,,2026-04-13T04:16:03.800218+00:00,2026-04-13T08:54:44.753272+00:00,,,
779a0733-ffc5-4ce3-8db0-63b13f07a8fd,4be9d559-4c73-4ac4-90bf-cb2939b339f6,a7e93193-d6a7-4f39-b11b-6ceb9b0a17f1,2026-04-13,unavailable,,,2026-04-13T04:16:03.800218+00:00,2026-04-13T08:54:44.753272+00:00,,,
0d1b6253-c604-4283-8973-d664b9d7c966,9f56c78e-827c-4cbe-bb50-b014f03485d7,a7e93193-d6a7-4f39-b11b-6ceb9b0a17f1,2026-04-13,unavailable,,,2026-04-13T04:16:03.800218+00:00,2026-04-13T08:54:44.753272+00:00,,,
704e6b3d-46ad-4ac7-96ee-1dad1132a624,b7693f65-7b87-4620-a292-f9e60fd3cfa9,a7e93193-d6a7-4f39-b11b-6ceb9b0a17f1,2026-04-13,unavailable,,,2026-04-13T04:16:03.800218+00:00,2026-04-13T08:54:44.753272+00:00,,,
6ea00311-bc6e-4b08-a733-4bf351443ef1,34ab878d-5fc3-40ab-8fb7-7c1496accbf0,a7e93193-d6a7-4f39-b11b-6ceb9b0a17f1,2026-04-13,unavailable,,,2026-04-13T04:16:03.800218+00:00,2026-04-13T08:54:44.753272+00:00,,,
9eefb924-caf2-4ac3-b213-e202a2cff334,f74886a6-2688-4903-92e2-b277ac3871b9,a7e93193-d6a7-4f39-b11b-6ceb9b0a17f1,2026-04-13,unavailable,,,2026-04-13T04:16:03.800218+00:00,2026-04-13T08:54:44.753272+00:00,,,
485f8ca5-b6d7-47a3-afd5-ceda24188ed7,ede7731f-5bf6-4a39-95f4-5d3301c929b8,a7e93193-d6a7-4f39-b11b-6ceb9b0a17f1,2026-04-13,unavailable,,,2026-04-13T04:16:03.800218+00:00,2026-04-13T08:54:44.753272+00:00,,,
673e43f1-d995-4728-bd66-a52c8d4c376f,1b44a5a2-7c8e-4381-b545-3cecb689cce4,a7e93193-d6a7-4f39-b11b-6ceb9b0a17f1,2026-04-13,unavailable,,,2026-04-13T04:16:03.800218+00:00,2026-04-13T08:54:44.753272+00:00,,,
ba035bb4-3ef5-499d-bc22-a9a7d1f5a0cb,19a5d381-d434-4482-aee6-9b44308ff7d3,a7e93193-d6a7-4f39-b11b-6ceb9b0a17f1,2026-04-13,unavailable,,,2026-04-13T04:16:03.800218+00:00,2026-04-13T08:54:44.753272+00:00,,,
b491cf9f-5b64-498d-a00f-562662929e46,d744e61c-c90f-4181-9247-ae706cf2295d,a7e93193-d6a7-4f39-b11b-6ceb9b0a17f1,2026-04-13,unavailable,,,2026-04-13T04:16:03.800218+00:00,2026-04-13T08:54:44.753272+00:00,,,
443b915a-7e9b-4600-901a-8ca915f6b1ae,1b5e7f69-0650-4d5d-a6bf-e6d54d03f21e,a7e93193-d6a7-4f39-b11b-6ceb9b0a17f1,2026-04-13,unavailable,,,2026-04-13T04:16:03.800218+00:00,2026-04-13T08:54:44.753272+00:00,,,
691e9d2e-36dc-49f2-910c-0e6c49b2935e,aef96fc8-88ea-48ab-bc0f-0c812c919007,a7e93193-d6a7-4f39-b11b-6ceb9b0a17f1,2026-04-13,unavailable,,,2026-04-13T04:16:03.800218+00:00,2026-04-13T08:54:44.753272+00:00,,,
8b6f564b-f3a9-433d-9d5d-013e1907bc75,a6a57270-840f-41ff-998e-0b1d3cefbe24,a7e93193-d6a7-4f39-b11b-6ceb9b0a17f1,2026-04-13,unavailable,,,2026-04-13T04:16:03.800218+00:00,2026-04-13T08:54:44.753272+00:00,,,
6a78d3e4-9a8f-4e69-ba00-3973b5b0e135,b78ea1c0-57d8-4155-bc7e-f9178f5c5ee1,a7e93193-d6a7-4f39-b11b-6ceb9b0a17f1,2026-04-13,unavailable,,,2026-04-13T04:16:03.800218+00:00,2026-04-13T08:54:44.753272+00:00,,,
5bd1f923-95a9-4b07-9442-fab5350ea895,7070a97e-2956-4082-b31e-c16321071149,a7e93193-d6a7-4f39-b11b-6ceb9b0a17f1,2026-04-13,unavailable,,,2026-04-13T04:16:03.800218+00:00,2026-04-13T08:54:44.753272+00:00,,,
a5711794-c0d8-4be5-baba-b146c1b7c61b,bbc3545a-c547-48c5-a757-735e33dc47ec,a7e93193-d6a7-4f39-b11b-6ceb9b0a17f1,2026-04-13,unavailable,,,2026-04-13T04:16:03.800218+00:00,2026-04-13T08:54:44.753272+00:00,,,
f9ee86f2-9b14-4533-b645-eed86ebf33a3,2fc8d3e9-f161-405f-8246-6a15a6c237cb,a7e93193-d6a7-4f39-b11b-6ceb9b0a17f1,2026-04-13,unavailable,,,2026-04-13T04:16:03.800218+00:00,2026-04-13T08:54:44.753272+00:00,,,
fa0602b5-ffeb-4472-ba70-63f4b0bb1251,a2e7a71f-6efe-4d67-b41f-a1338754ff3b,a7e93193-d6a7-4f39-b11b-6ceb9b0a17f1,2026-04-13,unavailable,,,2026-04-13T04:16:03.800218+00:00,2026-04-13T08:54:44.753272+00:00,,,
3cb4995d-1dae-404b-a4f4-94c85369d6ff,407a2c77-9fc9-495a-ba00-749131cac905,a7e93193-d6a7-4f39-b11b-6ceb9b0a17f1,2026-04-13,unavailable,,,2026-04-13T04:16:03.800218+00:00,2026-04-13T08:54:44.753272+00:00,,,
6264ea3e-dbc5-4505-8fa5-314568b0b1fc,0dfe1789-64e1-4258-bf9b-f4b5deaa6bd9,a7e93193-d6a7-4f39-b11b-6ceb9b0a17f1,2026-04-13,unavailable,,,2026-04-13T04:16:03.800218+00:00,2026-04-13T08:54:44.753272+00:00,,,
6be2c45d-7a8d-4ec9-b208-317307155332,682a4581-1f29-4cd9-ba52-2bf5deb40807,a7e93193-d6a7-4f39-b11b-6ceb9b0a17f1,2026-04-13,unavailable,,,2026-04-13T04:16:03.800218+00:00,2026-04-13T08:54:44.753272+00:00,,,
0389954f-102c-4cf0-b281-199fe7bd8fc2,0330dca4-2e34-4ccd-9ea0-e2eccbcb3ed9,a7e93193-d6a7-4f39-b11b-6ceb9b0a17f1,2026-04-13,unavailable,,,2026-04-13T04:16:03.800218+00:00,2026-04-13T08:54:44.753272+00:00,,,
ea42bafe-7f03-475e-9473-cf8af2552b83,46d57a11-f9d2-47d0-9096-e6a7b9ed81ad,a7e93193-d6a7-4f39-b11b-6ceb9b0a17f1,2026-04-13,unavailable,,,2026-04-13T04:16:03.800218+00:00,2026-04-13T08:54:44.753272+00:00,,,
58d0cff7-e538-43e9-b748-aa5514f18908,7c3b600c-73e8-4df6-993e-effdb29ce957,a7e93193-d6a7-4f39-b11b-6ceb9b0a17f1,2026-04-13,unavailable,,,2026-04-13T04:16:03.800218+00:00,2026-04-13T08:54:44.753272+00:00,,,
0756d467-1691-407c-9d7b-1c520ecbe138,d7284556-1c31-49af-9565-909063b93cc9,a7e93193-d6a7-4f39-b11b-6ceb9b0a17f1,2026-04-13,unavailable,,,2026-04-13T04:16:03.800218+00:00,2026-04-13T08:54:44.753272+00:00,,,
426996b7-f69a-4d43-a049-9078a0ad8eab,1f32ff5a-f9b7-440a-8285-ab2ad1ecaa05,a7e93193-d6a7-4f39-b11b-6ceb9b0a17f1,2026-04-13,unavailable,,,2026-04-13T04:16:03.800218+00:00,2026-04-13T08:54:44.753272+00:00,,,
de719b1a-f0b1-4d80-b3e3-66121a2a094d,304ed108-096d-4022-b673-87feae1b5a1a,a7e93193-d6a7-4f39-b11b-6ceb9b0a17f1,2026-04-13,unavailable,,,2026-04-13T04:16:03.800218+00:00,2026-04-13T08:54:44.753272+00:00,,,
e2eeb576-0afb-4f05-baa8-dd38078ab9dc,61a1375c-3254-4fe0-a471-8b8b660f4135,a7e93193-d6a7-4f39-b11b-6ceb9b0a17f1,2026-04-13,unavailable,,,2026-04-13T04:16:03.800218+00:00,2026-04-13T08:54:44.753272+00:00,,,
32a476a6-cf57-460b-bb69-7c34fe7746d4,41817459-03f8-4e71-8ba6-8fa63e5e1b4d,a7e93193-d6a7-4f39-b11b-6ceb9b0a17f1,2026-04-13,unavailable,,,2026-04-13T04:16:03.800218+00:00,2026-04-13T08:54:44.753272+00:00,,,
3a5eaf7b-bd8b-422f-a9ec-5ff8e67804e5,ad22aeeb-e301-4beb-9bf9-36b11a302944,a7e93193-d6a7-4f39-b11b-6ceb9b0a17f1,2026-04-13,unavailable,,,2026-04-13T04:16:03.800218+00:00,2026-04-13T08:54:44.753272+00:00,,,
ba0ffaa6-1e19-4e62-ad7b-209f88f8b404,5a9c3504-8fef-4b40-8129-d20f88fbe563,a7e93193-d6a7-4f39-b11b-6ceb9b0a17f1,2026-04-13,unavailable,,,2026-04-13T04:16:03.800218+00:00,2026-04-13T08:54:44.753272+00:00,,,
d686284f-bf57-420f-93d7-d087b1be96dd,72705d6f-ba9c-45cc-a890-c2c7baf086c7,a7e93193-d6a7-4f39-b11b-6ceb9b0a17f1,2026-04-13,unavailable,,,2026-04-13T04:16:03.800218+00:00,2026-04-13T08:54:44.753272+00:00,,,
b73f39ee-7537-4b36-9c15-e209c8b54aae,c6fdc2be-53bd-4c2a-8a6f-665e612aa3b5,a7e93193-d6a7-4f39-b11b-6ceb9b0a17f1,2026-04-13,unavailable,,,2026-04-13T04:16:03.800218+00:00,2026-04-13T08:54:44.753272+00:00,,,
8ed44feb-da9f-45bd-b0b5-02fd74d3a3ef,3d50b41b-54e3-4ea7-b559-e40d8a1ea7e3,a7e93193-d6a7-4f39-b11b-6ceb9b0a17f1,2026-04-13,unavailable,,,2026-04-13T04:16:03.800218+00:00,2026-04-13T08:54:44.753272+00:00,,,
67bd4f5e-a7cb-4765-aa73-a24331da7f04,508960cd-999c-44de-8e17-218b5cfa40d9,a7e93193-d6a7-4f39-b11b-6ceb9b0a17f1,2026-04-13,unavailable,,,2026-04-13T04:16:03.800218+00:00,2026-04-13T08:54:44.753272+00:00,,,
24669157-50ae-4b40-8622-f5dba96ce2ca,6014e544-f4ea-4903-a691-9e2915ee2d07,a7e93193-d6a7-4f39-b11b-6ceb9b0a17f1,2026-04-13,unavailable,,,2026-04-13T04:16:03.800218+00:00,2026-04-13T08:54:44.753272+00:00,,,
34d01866-605b-4f03-8f47-2b4fdffd3af5,31738451-481f-400e-aba1-42b2a7452949,a7e93193-d6a7-4f39-b11b-6ceb9b0a17f1,2026-04-13,unavailable,,,2026-04-13T04:16:03.800218+00:00,2026-04-13T08:54:44.753272+00:00,,,
c2328c72-3ff3-4be6-a165-8b54b7dc0055,0acf89be-de62-4a14-9502-aab639d34f04,a7e93193-d6a7-4f39-b11b-6ceb9b0a17f1,2026-04-13,unavailable,,,2026-04-13T04:16:03.800218+00:00,2026-04-13T08:54:44.753272+00:00,,,
f1bcbb57-0d9b-45f3-9466-c60bbc5f096b,ab073af1-5ce8-4acb-b07f-4fa41d2a8a9d,a7e93193-d6a7-4f39-b11b-6ceb9b0a17f1,2026-04-13,unavailable,,,2026-04-13T04:16:03.800218+00:00,2026-04-13T08:54:44.753272+00:00,,,
dd1d3d08-fcb4-4ecb-b742-8924f9e1a45a,8627c1a1-62d7-49e3-9176-f295969b3c6d,a7e93193-d6a7-4f39-b11b-6ceb9b0a17f1,2026-04-13,unavailable,,,2026-04-13T04:16:03.800218+00:00,2026-04-13T08:54:44.753272+00:00,,,
ce7d8679-32f6-461b-9aff-940f5f13eff1,aad00f76-4fe1-44ac-882a-9ad2eb664a5c,a7e93193-d6a7-4f39-b11b-6ceb9b0a17f1,2026-04-13,unavailable,,,2026-04-13T04:16:03.800218+00:00,2026-04-13T08:54:44.753272+00:00,,,
3bfb0a40-ea60-45bb-b40f-a51a724ce7ad,759e7b56-07aa-4866-bfaa-46efdb0afe58,a7e93193-d6a7-4f39-b11b-6ceb9b0a17f1,2026-04-13,unavailable,,,2026-04-13T04:16:03.800218+00:00,2026-04-13T08:54:44.753272+00:00,,,
130a07f8-4c67-4382-9f76-ea995f5e8525,38a11035-66a5-48ca-825b-8124f66d4478,a7e93193-d6a7-4f39-b11b-6ceb9b0a17f1,2026-04-13,unavailable,,,2026-04-13T04:16:03.800218+00:00,2026-04-13T08:54:44.753272+00:00,,,
7be88f84-1ddb-4525-ad0a-361ded059c35,4898a864-3303-44d8-8c83-8f8996a19fa3,a7e93193-d6a7-4f39-b11b-6ceb9b0a17f1,2026-04-13,unavailable,,,2026-04-13T04:16:03.800218+00:00,2026-04-13T08:54:44.753272+00:00,,,
6e46183d-91d9-43d8-8d66-6f10b32e93cd,97ee9b66-2711-4df2-99bd-ed1a32f40eb4,a7e93193-d6a7-4f39-b11b-6ceb9b0a17f1,2026-04-13,unavailable,,,2026-04-13T04:16:03.800218+00:00,2026-04-13T08:54:44.753272+00:00,,,
c66f65c1-67d4-4afd-a2b6-56d5cd10c86b,4fd2406d-0cce-4013-9585-72c23407ceae,a7e93193-d6a7-4f39-b11b-6ceb9b0a17f1,2026-04-13,unavailable,,,2026-04-13T04:16:03.800218+00:00,2026-04-13T08:54:44.753272+00:00,,,
fffe23e7-22e7-4f20-90b5-12b97e6b2d24,334edaad-9be5-43ff-a28a-6a165d97d13e,a7e93193-d6a7-4f39-b11b-6ceb9b0a17f1,2026-04-13,unavailable,,,2026-04-13T04:16:03.800218+00:00,2026-04-13T08:54:44.753272+00:00,,,
5a32483e-4ab7-4159-a36c-c8275847d889,ad8151cf-0a93-4205-9f92-19b1bc595a8f,a7e93193-d6a7-4f39-b11b-6ceb9b0a17f1,2026-04-13,unavailable,,,2026-04-13T04:16:03.800218+00:00,2026-04-13T08:54:44.753272+00:00,,,
6e5c4fe1-bcef-41d6-8944-3e7706bb2435,9c2ebb31-687b-428e-a2c5-a5e552f7b5cc,a7e93193-d6a7-4f39-b11b-6ceb9b0a17f1,2026-04-13,unavailable,,,2026-04-13T04:16:03.800218+00:00,2026-04-13T08:54:44.753272+00:00,,,
b7274738-6a1d-4156-99ea-170000ff9f4c,0516781f-0290-44a1-9f8f-adbf8db38425,a7e93193-d6a7-4f39-b11b-6ceb9b0a17f1,2026-04-13,unavailable,,,2026-04-13T04:16:03.800218+00:00,2026-04-13T08:54:44.753272+00:00,,,
2751c121-0ca7-47c9-b79f-cf97f4537380,3f899f50-df5f-4364-ba3f-3ef814961309,a7e93193-d6a7-4f39-b11b-6ceb9b0a17f1,2026-04-13,unavailable,,,2026-04-13T04:16:03.800218+00:00,2026-04-13T08:54:44.753272+00:00,,,
98018f08-e237-442d-a69e-ff5a657ed06d,96c9c583-6be1-473c-8531-e58107199fa6,a7e93193-d6a7-4f39-b11b-6ceb9b0a17f1,2026-04-13,unavailable,,,2026-04-13T04:16:03.800218+00:00,2026-04-13T08:54:44.753272+00:00,,,
d9bdb892-4bed-4504-805f-0d6377e23e54,949a9839-c640-4bf7-a7b6-59e93d5e927e,a7e93193-d6a7-4f39-b11b-6ceb9b0a17f1,2026-04-13,unavailable,,,2026-04-13T04:16:03.800218+00:00,2026-04-13T08:54:44.753272+00:00,,,
9beefbac-e16b-46c1-bb8f-c3a30abc3046,1188873c-8be1-42d3-a242-da6f15bf5e4a,a7e93193-d6a7-4f39-b11b-6ceb9b0a17f1,2026-04-13,unavailable,,,2026-04-13T04:16:03.800218+00:00,2026-04-13T08:54:44.753272+00:00,,,
f871b58d-945b-4864-acda-b6d222f4d0fc,2d018036-1224-40a3-82ac-e3644690ab0a,a7e93193-d6a7-4f39-b11b-6ceb9b0a17f1,2026-04-13,unavailable,,,2026-04-13T04:16:03.800218+00:00,2026-04-13T08:54:44.753272+00:00,,,
ad69d33a-d16f-452c-8478-4640f4729c18,924984fd-6cab-4b4a-8b62-1fc6860ad5a5,a7e93193-d6a7-4f39-b11b-6ceb9b0a17f1,2026-04-13,unavailable,,,2026-04-13T04:16:03.800218+00:00,2026-04-13T08:54:44.753272+00:00,,,
725c5bf0-7185-4054-aba3-56ce5bdb242d,3c2f77cd-57af-4557-93a8-25f866c7ef0a,a7e93193-d6a7-4f39-b11b-6ceb9b0a17f1,2026-04-13,unavailable,,,2026-04-13T04:16:03.800218+00:00,2026-04-13T08:54:44.753272+00:00,,,
51ee0447-6442-4c7f-934d-59d34d68958b,20af3438-94f4-44dd-a150-079cf139a7a5,a7e93193-d6a7-4f39-b11b-6ceb9b0a17f1,2026-04-13,unavailable,,,2026-04-13T04:16:03.800218+00:00,2026-04-13T08:54:44.753272+00:00,,,
6f369bed-0179-44b5-8962-228b23ec1980,4e30357c-cab4-454a-8698-3f7413a38b2c,a7e93193-d6a7-4f39-b11b-6ceb9b0a17f1,2026-04-13,unavailable,,,2026-04-13T04:16:03.800218+00:00,2026-04-13T08:54:44.753272+00:00,,,
054b6afb-9e57-484c-85ba-e4ba533c54f7,a3d8e08f-8e02-46e5-af59-a2895bf61e63,a7e93193-d6a7-4f39-b11b-6ceb9b0a17f1,2026-04-13,unavailable,,,2026-04-13T04:16:03.800218+00:00,2026-04-13T08:54:44.753272+00:00,,,
1a32424b-2df8-4807-b469-74476f02380d,fd5f8362-52f1-410c-97dc-bbe084c2c8e4,a7e93193-d6a7-4f39-b11b-6ceb9b0a17f1,2026-04-13,unavailable,,,2026-04-13T04:16:03.800218+00:00,2026-04-13T08:54:44.753272+00:00,,,
b4aff5df-b0e9-4b63-9774-b28ef64a59ca,5d083c30-fb85-4d4f-9757-9cda19fc2821,a7e93193-d6a7-4f39-b11b-6ceb9b0a17f1,2026-04-13,unavailable,,,2026-04-13T04:16:03.800218+00:00,2026-04-13T08:54:44.753272+00:00,,,
be932414-e2ce-4404-b40d-67c109e86844,e63f9153-d195-48fa-b7e7-19ad412c36da,a7e93193-d6a7-4f39-b11b-6ceb9b0a17f1,2026-04-13,unavailable,,,2026-04-13T04:16:03.800218+00:00,2026-04-13T08:54:44.753272+00:00,,,
2426813f-ff8d-4ee7-92f8-a1d2e9e64c75,314d5849-c300-477e-93a4-bc99aa664c23,a7e93193-d6a7-4f39-b11b-6ceb9b0a17f1,2026-04-13,unavailable,,,2026-04-13T04:16:03.800218+00:00,2026-04-13T08:54:44.753272+00:00,,,
270fe861-4beb-4563-a8c5-87aa6ba69d1d,afb8cdfd-4cc1-40f7-9f70-df7cbbb78d06,a7e93193-d6a7-4f39-b11b-6ceb9b0a17f1,2026-04-13,unavailable,,,2026-04-13T04:16:03.800218+00:00,2026-04-13T08:54:44.753272+00:00,,,
437c6685-2d18-4fe4-b4bb-59a127ef8465,66732b90-15ff-4bb5-a9d8-b84ac997d183,a7e93193-d6a7-4f39-b11b-6ceb9b0a17f1,2026-04-13,unavailable,,,2026-04-13T04:16:03.800218+00:00,2026-04-13T08:54:44.753272+00:00,,,
f48ed0ed-e7f5-4e5f-96bf-041afb82e0d2,29686763-0ead-43f0-9d3a-59f2ccfb2477,a7e93193-d6a7-4f39-b11b-6ceb9b0a17f1,2026-04-13,unavailable,,,2026-04-13T04:16:03.800218+00:00,2026-04-13T08:54:44.753272+00:00,,,
17e0b567-34db-4bc5-9f97-b5701c5f22e3,0a960158-e3fa-4ee6-aabd-55578dfe8faa,a7e93193-d6a7-4f39-b11b-6ceb9b0a17f1,2026-04-13,unavailable,,,2026-04-13T04:16:03.800218+00:00,2026-04-13T08:54:44.753272+00:00,,,
ed6a6c62-1a98-4291-9d74-021bf6918039,1dbf367f-4514-48e7-8853-81551967c94d,a7e93193-d6a7-4f39-b11b-6ceb9b0a17f1,2026-04-13,unavailable,,,2026-04-13T04:16:03.800218+00:00,2026-04-13T08:54:44.753272+00:00,,,
6f826839-2c22-43b1-845d-4c4bd35acf4c,f3c9bbbe-aef1-46f3-8e9c-83d1d05109d0,a7e93193-d6a7-4f39-b11b-6ceb9b0a17f1,2026-04-13,unavailable,,,2026-04-13T04:16:03.800218+00:00,2026-04-13T08:54:44.753272+00:00,,,
3127b40e-8638-4ad5-9d26-ad2b2c84c488,60615a17-1ed6-46d4-9ea7-5733ae4770d1,a7e93193-d6a7-4f39-b11b-6ceb9b0a17f1,2026-04-13,unavailable,,,2026-04-13T04:16:03.800218+00:00,2026-04-13T08:54:44.753272+00:00,,,
decdb9fb-9bde-4af5-80cb-655f9685a049,dcb732ae-01fa-47ac-8c1d-20b1a9d0b47f,a7e93193-d6a7-4f39-b11b-6ceb9b0a17f1,2026-04-13,unavailable,,,2026-04-13T04:16:03.800218+00:00,2026-04-13T08:54:44.753272+00:00,,,
a1f4e36a-e637-4ded-9067-dfa0a1264518,1231a2f3-61ad-405a-a710-a84a46c2ac8f,a7e93193-d6a7-4f39-b11b-6ceb9b0a17f1,2026-04-13,unavailable,,,2026-04-13T04:16:03.800218+00:00,2026-04-13T08:54:44.753272+00:00,,,
82cb00d3-a41d-4f8b-b8ab-2be8fba973b8,84c40ee2-5337-4ad7-9f94-14b23375badb,a7e93193-d6a7-4f39-b11b-6ceb9b0a17f1,2026-04-13,unavailable,,,2026-04-13T04:16:03.800218+00:00,2026-04-13T08:54:44.753272+00:00,,,
f9fcd80a-8191-41b9-b723-3e16756c5ef5,d366129f-9ec9-4f9d-a4d9-dd76408778d2,a7e93193-d6a7-4f39-b11b-6ceb9b0a17f1,2026-04-13,unavailable,,,2026-04-13T04:16:03.800218+00:00,2026-04-13T08:54:44.753272+00:00,,,
f8475ee8-d2f2-495d-8438-b333d860d5dd,c2cbd94e-49da-4aa5-b4b5-070bb2aae1de,a7e93193-d6a7-4f39-b11b-6ceb9b0a17f1,2026-04-13,unavailable,,,2026-04-13T04:16:03.800218+00:00,2026-04-13T08:54:44.753272+00:00,,,
bd28dcad-ccb0-4324-8009-b713d7b1e6f9,2070ea5c-435b-4080-9a08-46095b69baca,a7e93193-d6a7-4f39-b11b-6ceb9b0a17f1,2026-04-13,unavailable,,,2026-04-13T04:16:03.800218+00:00,2026-04-13T08:54:44.753272+00:00,,,
6ce184c3-85c1-4011-8eeb-6655048a8145,d399f7cb-cd56-4360-9e60-ccab8382fb61,a7e93193-d6a7-4f39-b11b-6ceb9b0a17f1,2026-04-13,unavailable,,,2026-04-13T04:16:03.800218+00:00,2026-04-13T08:54:44.753272+00:00,,,
a5186d9d-e43b-4b0e-9519-ff887e28ffde,e29757bb-c15b-4791-8b7e-c0e26dbc2d4c,a7e93193-d6a7-4f39-b11b-6ceb9b0a17f1,2026-04-13,unavailable,,,2026-04-13T04:16:03.800218+00:00,2026-04-13T08:54:44.753272+00:00,,,
7e2c3a60-d198-4a9f-a1d4-05df8939c0f3,72322dd6-8045-401b-aa0e-67ed58ebe0ff,a7e93193-d6a7-4f39-b11b-6ceb9b0a17f1,2026-04-13,unavailable,,,2026-04-13T04:16:03.800218+00:00,2026-04-13T08:54:44.753272+00:00,,,
393a0845-bc52-4e3c-9ba7-516dedc091fb,ad510ff3-14e5-40fa-b454-26ebc4bf299c,a7e93193-d6a7-4f39-b11b-6ceb9b0a17f1,2026-04-13,unavailable,,,2026-04-13T04:16:03.800218+00:00,2026-04-13T08:54:44.753272+00:00,,,
26ce0379-bf9b-485a-8ac6-5adf40416e98,b90584d8-fc78-420b-91e1-490117cd30cd,a7e93193-d6a7-4f39-b11b-6ceb9b0a17f1,2026-04-13,unavailable,,,2026-04-13T04:16:03.800218+00:00,2026-04-13T08:54:44.753272+00:00,,,
08b3b0a3-9e0b-4db6-9a4f-a32c75e8cdf6,dff21156-fd38-405e-a857-e7ad8bffa7f5,a7e93193-d6a7-4f39-b11b-6ceb9b0a17f1,2026-04-13,unavailable,,,2026-04-13T04:16:03.800218+00:00,2026-04-13T08:54:44.753272+00:00,,,
d85c52e6-3151-4042-a610-92468ad2ed51,cde06dcc-2c7a-4476-8a23-469ecb9e3940,a7e93193-d6a7-4f39-b11b-6ceb9b0a17f1,2026-04-13,unavailable,,,2026-04-13T04:16:03.800218+00:00,2026-04-13T08:54:44.753272+00:00,,,
53e0f895-d814-4942-9798-dcb8f437a048,e81c39b6-82fe-4505-b835-ed93e4220988,a7e93193-d6a7-4f39-b11b-6ceb9b0a17f1,2026-04-13,unavailable,,,2026-04-13T04:16:03.800218+00:00,2026-04-13T08:54:44.753272+00:00,,,
16fb4a71-b48c-486c-91c9-b30e35dce3be,11848d52-fa67-4b56-8b9e-87239a753911,a7e93193-d6a7-4f39-b11b-6ceb9b0a17f1,2026-04-13,unavailable,,,2026-04-13T04:16:03.800218+00:00,2026-04-13T08:54:44.753272+00:00,,,
e784da4d-d6ec-4346-80fb-baa54c237cfb,7dde3a19-d1ad-4170-a663-7bd83ee8d3a2,a7e93193-d6a7-4f39-b11b-6ceb9b0a17f1,2026-04-13,unavailable,,,2026-04-13T04:16:03.800218+00:00,2026-04-13T08:54:44.753272+00:00,,,
c2e1d92f-9832-44f0-8c3a-43f13e7c4129,e17fe9fd-652f-4542-8a29-65e80a791a00,a7e93193-d6a7-4f39-b11b-6ceb9b0a17f1,2026-04-13,unavailable,,,2026-04-13T04:16:03.800218+00:00,2026-04-13T08:54:44.753272+00:00,,,
d614b82a-504f-47c3-83df-3bbed6aba9d3,f14e1eaa-9677-4120-b8b5-37209f399915,a7e93193-d6a7-4f39-b11b-6ceb9b0a17f1,2026-04-13,unavailable,,,2026-04-13T04:16:03.800218+00:00,2026-04-13T08:54:44.753272+00:00,,,
a4da8bb6-9541-4d10-b545-f1aeee7e388e,fb11eb56-4d65-413d-8125-ae24b42ae442,a7e93193-d6a7-4f39-b11b-6ceb9b0a17f1,2026-04-13,unavailable,,,2026-04-13T04:16:03.800218+00:00,2026-04-13T08:54:44.753272+00:00,,,
922e3850-7428-4917-a2e0-b2264ec35e51,c9f1257a-9015-4783-86de-82819569ea0a,a7e93193-d6a7-4f39-b11b-6ceb9b0a17f1,2026-04-13,unavailable,,,2026-04-13T04:16:03.800218+00:00,2026-04-13T08:54:44.753272+00:00,,,
b6c73b0e-a9e7-4521-88bd-54dd669ebbbc,336fc578-e349-4e59-bcd2-e1c2b1beadb3,a7e93193-d6a7-4f39-b11b-6ceb9b0a17f1,2026-04-13,unavailable,,,2026-04-13T04:16:03.800218+00:00,2026-04-13T08:54:44.753272+00:00,,,
e40cce6b-cfaf-4ae4-9968-8ba5a5790db3,f0c608fc-95ab-4c48-a3ba-877a7937f660,a7e93193-d6a7-4f39-b11b-6ceb9b0a17f1,2026-04-13,unavailable,,,2026-04-13T04:16:03.800218+00:00,2026-04-13T08:54:44.753272+00:00,,,
77131593-e2db-4d4a-8cf2-2ed91a1b9a5b,10a1cffa-f6d9-4692-8d99-cec08f07ef0d,a7e93193-d6a7-4f39-b11b-6ceb9b0a17f1,2026-04-13,unavailable,,,2026-04-13T04:16:03.800218+00:00,2026-04-13T08:54:44.753272+00:00,,,
0499572d-e3ac-4946-b3d0-e543414bff7f,0ae60db8-9ea0-479d-aa4a-55755241cad5,a7e93193-d6a7-4f39-b11b-6ceb9b0a17f1,2026-04-13,unavailable,,,2026-04-13T04:16:03.800218+00:00,2026-04-13T08:54:44.753272+00:00,,,
894b3a62-b5c6-4177-97b5-45b29faf9448,be637780-281f-4436-8c97-6efb129cfd2b,a7e93193-d6a7-4f39-b11b-6ceb9b0a17f1,2026-04-13,unavailable,,,2026-04-13T04:16:03.800218+00:00,2026-04-13T08:54:44.753272+00:00,,,
713b89a6-7676-4b1d-a8a8-a4589c5ba3b9,c3916820-1dce-4d0e-a249-f47e95d54255,a7e93193-d6a7-4f39-b11b-6ceb9b0a17f1,2026-04-13,unavailable,,,2026-04-13T04:16:03.800218+00:00,2026-04-13T08:54:44.753272+00:00,,,
a86dc0e3-d793-41bf-b50a-fa455b79e922,f30e6ede-1de9-4e46-a56d-384b77d3780e,a7e93193-d6a7-4f39-b11b-6ceb9b0a17f1,2026-04-13,unavailable,,,2026-04-13T04:16:03.800218+00:00,2026-04-13T08:54:44.753272+00:00,,,
1ee0bbe5-c396-403e-b5e6-1d0b13afd67c,f3d61783-a8b2-4f4d-bdca-caa6f8e0e54a,a7e93193-d6a7-4f39-b11b-6ceb9b0a17f1,2026-04-13,unavailable,,,2026-04-13T04:16:03.800218+00:00,2026-04-13T08:54:44.753272+00:00,,,
5d8f1aed-eae7-4311-8d71-892689ccf1bc,2f002bb7-6444-4ace-87ff-7c547b3f03bd,a7e93193-d6a7-4f39-b11b-6ceb9b0a17f1,2026-04-13,unavailable,,,2026-04-13T04:16:03.800218+00:00,2026-04-13T08:54:44.753272+00:00,,,
b4d0d866-baad-4f54-8bbc-a535578bcd53,0e124df5-de3e-4013-a192-423ea8975de4,a7e93193-d6a7-4f39-b11b-6ceb9b0a17f1,2026-04-13,unavailable,,,2026-04-13T04:16:03.800218+00:00,2026-04-13T08:54:44.753272+00:00,,,
22f9d390-33f6-4172-8622-e706caa1a3d4,04912bb8-8ae3-47d1-b26e-21cc9c673432,a7e93193-d6a7-4f39-b11b-6ceb9b0a17f1,2026-04-13,unavailable,,,2026-04-13T04:16:03.800218+00:00,2026-04-13T08:54:44.753272+00:00,,,
e06f0f96-c137-47d0-bea7-2ac528f0d6b2,4ced9319-ef22-4afb-8131-15662b65ef52,a7e93193-d6a7-4f39-b11b-6ceb9b0a17f1,2026-04-13,unavailable,,,2026-04-13T04:16:03.800218+00:00,2026-04-13T08:54:44.753272+00:00,,,
0c1fe1cc-d92f-4412-935d-592cc1bd020c,111ca1c2-8e31-471a-bae3-0da35ce73b81,a7e93193-d6a7-4f39-b11b-6ceb9b0a17f1,2026-04-13,unavailable,,,2026-04-13T04:16:03.800218+00:00,2026-04-13T08:54:44.753272+00:00,,,
82d28369-8461-4db2-993b-2235d106519b,e4368078-2f9e-44f5-bafe-48f8b1fa741f,a7e93193-d6a7-4f39-b11b-6ceb9b0a17f1,2026-04-13,unavailable,,,2026-04-13T04:16:03.800218+00:00,2026-04-13T08:54:44.753272+00:00,,,
625caf71-81dc-4c10-8ccc-723486ec0a0c,6176833b-8baf-4d60-84c7-6e2546e070c0,a7e93193-d6a7-4f39-b11b-6ceb9b0a17f1,2026-04-13,unavailable,,,2026-04-13T04:16:03.800218+00:00,2026-04-13T08:54:44.753272+00:00,,,
ec6793f7-0c3f-44e7-ad09-5eb9c2ce0387,f6145d14-6ea4-47b8-b171-5485403ce4a8,a7e93193-d6a7-4f39-b11b-6ceb9b0a17f1,2026-04-13,unavailable,,,2026-04-13T04:16:03.800218+00:00,2026-04-13T08:54:44.753272+00:00,,,
780fa185-e8be-4889-b097-86576cb8a7e2,d37629f0-f0aa-401f-931d-d6af6da3b86c,a7e93193-d6a7-4f39-b11b-6ceb9b0a17f1,2026-04-13,unavailable,,,2026-04-13T04:16:03.800218+00:00,2026-04-13T08:54:44.753272+00:00,,,
46e5055a-c39d-4b61-956a-db4901592ce0,405a5d42-18bf-4fed-9975-efc1f85edb15,a7e93193-d6a7-4f39-b11b-6ceb9b0a17f1,2026-04-13,unavailable,,,2026-04-13T04:16:03.800218+00:00,2026-04-13T08:54:44.753272+00:00,,,
ae46dada-b28b-405e-ba04-607de751ecb9,309781c4-ed69-40dc-860a-712d7414d66e,a7e93193-d6a7-4f39-b11b-6ceb9b0a17f1,2026-04-13,unavailable,,,2026-04-13T04:16:03.800218+00:00,2026-04-13T08:54:44.753272+00:00,,,
671e201f-e989-4da0-8ced-b311e0b60e3b,b0017451-3a96-49f3-9e48-ea4ef19383bf,a7e93193-d6a7-4f39-b11b-6ceb9b0a17f1,2026-04-13,unavailable,,,2026-04-13T04:16:03.800218+00:00,2026-04-13T08:54:44.753272+00:00,,,
41dd136a-e9fb-4eda-89d6-283cfc79a3f6,25317688-27ec-456d-8b73-c00ff0ad3284,a7e93193-d6a7-4f39-b11b-6ceb9b0a17f1,2026-04-13,unavailable,,,2026-04-13T04:16:03.800218+00:00,2026-04-13T08:54:44.753272+00:00,,,
f5c3e495-8eed-442d-b9c2-22b364f569f8,048e8a46-b58e-4c8d-9cd8-f93ec8ad107a,a7e93193-d6a7-4f39-b11b-6ceb9b0a17f1,2026-04-13,unavailable,,,2026-04-13T04:16:03.800218+00:00,2026-04-13T08:54:44.753272+00:00,,,
72c6f4a8-a652-4871-b413-cd10b3521576,1fcf3901-e345-4476-b740-0d01c2592627,a7e93193-d6a7-4f39-b11b-6ceb9b0a17f1,2026-04-13,unavailable,,,2026-04-13T04:16:03.800218+00:00,2026-04-13T08:54:44.753272+00:00,,,
ba47d70e-e76a-48fb-ba68-f585df354815,81c16996-0b85-475e-a250-65be09ccef20,a7e93193-d6a7-4f39-b11b-6ceb9b0a17f1,2026-04-13,unavailable,,,2026-04-13T04:16:03.800218+00:00,2026-04-13T08:54:44.753272+00:00,,,
8f136767-e953-4ca9-85f0-525aaee0d795,daddf87a-52e4-4130-bcfb-6c57d484bf4f,a7e93193-d6a7-4f39-b11b-6ceb9b0a17f1,2026-04-13,unavailable,,,2026-04-13T04:16:03.800218+00:00,2026-04-13T08:54:44.753272+00:00,,,
35b85912-f718-4ebc-85ca-9caed8554a1a,f5639c9e-b6d3-4ba5-a804-c0b05b0eecad,a7e93193-d6a7-4f39-b11b-6ceb9b0a17f1,2026-04-13,unavailable,,,2026-04-13T04:16:03.800218+00:00,2026-04-13T08:54:44.753272+00:00,,,
c5a522d0-a5ad-47db-ab67-7f5db84c4de9,b8f48312-5ce2-436f-974e-3f41913ee188,a7e93193-d6a7-4f39-b11b-6ceb9b0a17f1,2026-04-13,unavailable,,,2026-04-13T04:16:03.800218+00:00,2026-04-13T08:54:44.753272+00:00,,,
7c971c2a-8e9d-4bef-99e4-8046e7a6a4d4,c4880391-d815-4553-ad03-34066e1f1145,a7e93193-d6a7-4f39-b11b-6ceb9b0a17f1,2026-04-13,unavailable,,,2026-04-13T04:16:03.800218+00:00,2026-04-13T08:54:44.753272+00:00,,,
40bc6d1f-2afe-4ff3-a291-19c147b18790,2ce5e1a4-8597-4d64-addc-651953a7a868,a7e93193-d6a7-4f39-b11b-6ceb9b0a17f1,2026-04-13,unavailable,,,2026-04-13T04:16:03.800218+00:00,2026-04-13T08:54:44.753272+00:00,,,
b83e0065-3fb4-4257-ac27-ac65c8e93f38,69393448-7532-4c5c-afd9-f21c8a87c021,a7e93193-d6a7-4f39-b11b-6ceb9b0a17f1,2026-04-13,unavailable,,,2026-04-13T04:16:03.800218+00:00,2026-04-13T08:54:44.753272+00:00,,,
c28b4b80-79e7-44ab-8f9c-ba13c20c64c2,080205a7-44fc-49aa-a1c9-072aa3859d8f,a7e93193-d6a7-4f39-b11b-6ceb9b0a17f1,2026-04-13,unavailable,,,2026-04-13T04:16:03.800218+00:00,2026-04-13T08:54:44.753272+00:00,,,
34257a8a-64d9-47d7-a160-d4f27c2c9801,29686763-0ead-43f0-9d3a-59f2ccfb2477,fbb296de-dba2-4b23-9c3b-5c1285997b41,2026-04-27,unavailable,,,2026-04-26T16:27:58.690182+00:00,2026-04-26T16:27:58.576+00:00,,,
a887b8f3-d341-4a8c-86e9-5529f833e2eb,0a960158-e3fa-4ee6-aabd-55578dfe8faa,fbb296de-dba2-4b23-9c3b-5c1285997b41,2026-04-27,unavailable,,,2026-04-26T16:27:58.690182+00:00,2026-04-26T16:27:58.576+00:00,,,
16aa9e8d-69b7-410d-9dc1-820ad6d5cd93,1dbf367f-4514-48e7-8853-81551967c94d,fbb296de-dba2-4b23-9c3b-5c1285997b41,2026-04-27,unavailable,,,2026-04-26T16:27:58.690182+00:00,2026-04-26T16:27:58.576+00:00,,,
4799f01a-ffec-4b8b-86a7-9e163a2e14aa,52ecfb86-603a-49a2-bed5-ff0ced64f464,fbb296de-dba2-4b23-9c3b-5c1285997b41,2026-04-27,unavailable,,,2026-04-26T16:27:58.690182+00:00,2026-04-26T16:27:58.576+00:00,,,
ec04f739-b9c9-4fa0-9595-e74614ee65a5,de3020b4-e754-4b71-a352-c99160240de4,fbb296de-dba2-4b23-9c3b-5c1285997b41,2026-04-27,unavailable,,,2026-04-26T16:27:58.690182+00:00,2026-04-26T16:27:58.576+00:00,,,
fd24e0b6-1ba5-49fd-a9e6-e4cde743e39e,d675726f-44a7-475c-9b4b-9ba2bf13996d,fbb296de-dba2-4b23-9c3b-5c1285997b41,2026-04-27,unavailable,,,2026-04-26T16:27:58.690182+00:00,2026-04-26T16:27:58.576+00:00,,,
36828f99-2d0b-49d5-93bc-9c0afbfafa59,07c6eec6-46c9-4e7c-8cab-a524795d38b7,fbb296de-dba2-4b23-9c3b-5c1285997b41,2026-04-27,unavailable,,,2026-04-26T16:27:58.690182+00:00,2026-04-26T16:27:58.576+00:00,,,
d2271894-458f-4f09-8803-434498b5a37a,94301ae3-f29e-44c7-a4e4-94add65ee641,fbb296de-dba2-4b23-9c3b-5c1285997b41,2026-04-27,unavailable,,,2026-04-26T16:27:58.690182+00:00,2026-04-26T16:27:58.576+00:00,,,
3459e37b-7f76-4099-9189-da19a4c8096a,f3c9bbbe-aef1-46f3-8e9c-83d1d05109d0,fbb296de-dba2-4b23-9c3b-5c1285997b41,2026-04-27,unavailable,,,2026-04-26T16:27:58.690182+00:00,2026-04-26T16:27:58.576+00:00,,,
2ef0623a-f377-46c0-a03a-6a1831032ae7,60615a17-1ed6-46d4-9ea7-5733ae4770d1,fbb296de-dba2-4b23-9c3b-5c1285997b41,2026-04-27,unavailable,,,2026-04-26T16:27:58.690182+00:00,2026-04-26T16:27:58.576+00:00,,,
c10846c0-4e36-4b3f-b67d-c1262a1e09b4,dcb732ae-01fa-47ac-8c1d-20b1a9d0b47f,fbb296de-dba2-4b23-9c3b-5c1285997b41,2026-04-27,unavailable,,,2026-04-26T16:27:58.690182+00:00,2026-04-26T16:27:58.576+00:00,,,
faeebb0a-3a2b-4e51-8a1d-c0b5c02c31fd,44c4bb44-4ddb-4aee-a539-54b238955833,fbb296de-dba2-4b23-9c3b-5c1285997b41,2026-04-27,unavailable,,,2026-04-26T16:27:58.690182+00:00,2026-04-26T16:27:58.576+00:00,,,
50020a08-9e01-4288-8c3a-71869c6ad1b5,1231a2f3-61ad-405a-a710-a84a46c2ac8f,fbb296de-dba2-4b23-9c3b-5c1285997b41,2026-04-27,unavailable,,,2026-04-26T16:27:58.690182+00:00,2026-04-26T16:27:58.576+00:00,,,
e657442c-db7e-41fb-bad4-cec70cd3d2df,84c40ee2-5337-4ad7-9f94-14b23375badb,fbb296de-dba2-4b23-9c3b-5c1285997b41,2026-04-27,unavailable,,,2026-04-26T16:27:58.690182+00:00,2026-04-26T16:27:58.576+00:00,,,
ecbd42a5-f0e8-425e-bf4d-906f1df4ffd8,d366129f-9ec9-4f9d-a4d9-dd76408778d2,fbb296de-dba2-4b23-9c3b-5c1285997b41,2026-04-27,unavailable,,,2026-04-26T16:27:58.690182+00:00,2026-04-26T16:27:58.576+00:00,,,
44c7ff3c-b1fc-4ae0-b7a3-91e79a6ee495,c2cbd94e-49da-4aa5-b4b5-070bb2aae1de,fbb296de-dba2-4b23-9c3b-5c1285997b41,2026-04-27,unavailable,,,2026-04-26T16:27:58.690182+00:00,2026-04-26T16:27:58.576+00:00,,,
eb6bfb46-ef6e-469b-bba7-74c31b85ae66,2070ea5c-435b-4080-9a08-46095b69baca,fbb296de-dba2-4b23-9c3b-5c1285997b41,2026-04-27,unavailable,,,2026-04-26T16:27:58.690182+00:00,2026-04-26T16:27:58.576+00:00,,,
990aab8f-d3db-4300-9c35-a823c89b878b,d399f7cb-cd56-4360-9e60-ccab8382fb61,fbb296de-dba2-4b23-9c3b-5c1285997b41,2026-04-27,unavailable,,,2026-04-26T16:27:58.690182+00:00,2026-04-26T16:27:58.576+00:00,,,
84f2fc3c-1f9b-4621-8369-98c61c7a422c,e29757bb-c15b-4791-8b7e-c0e26dbc2d4c,fbb296de-dba2-4b23-9c3b-5c1285997b41,2026-04-27,unavailable,,,2026-04-26T16:27:58.690182+00:00,2026-04-26T16:27:58.576+00:00,,,
f3de8351-ecc9-4d0c-af87-0f56e5c2241b,72322dd6-8045-401b-aa0e-67ed58ebe0ff,fbb296de-dba2-4b23-9c3b-5c1285997b41,2026-04-27,unavailable,,,2026-04-26T16:27:58.690182+00:00,2026-04-26T16:27:58.576+00:00,,,
f49c1f4c-62f5-4539-81ae-5ee899d2d573,ad510ff3-14e5-40fa-b454-26ebc4bf299c,fbb296de-dba2-4b23-9c3b-5c1285997b41,2026-04-27,unavailable,,,2026-04-26T16:27:58.690182+00:00,2026-04-26T16:27:58.576+00:00,,,
1bf90fcb-62fb-4743-a731-738f8e1f3989,b90584d8-fc78-420b-91e1-490117cd30cd,fbb296de-dba2-4b23-9c3b-5c1285997b41,2026-04-27,unavailable,,,2026-04-26T16:27:58.690182+00:00,2026-04-26T16:27:58.576+00:00,,,
e0411f3a-45ed-46fb-8a79-71972a01cd93,dff21156-fd38-405e-a857-e7ad8bffa7f5,fbb296de-dba2-4b23-9c3b-5c1285997b41,2026-04-27,unavailable,,,2026-04-26T16:27:58.690182+00:00,2026-04-26T16:27:58.576+00:00,,,
6744ac1a-f25e-4f0a-a31a-81958c4fcd3d,cde06dcc-2c7a-4476-8a23-469ecb9e3940,fbb296de-dba2-4b23-9c3b-5c1285997b41,2026-04-27,unavailable,,,2026-04-26T16:27:58.690182+00:00,2026-04-26T16:27:58.576+00:00,,,
87af3a8c-fcd4-40aa-8709-930076f34a8a,e81c39b6-82fe-4505-b835-ed93e4220988,fbb296de-dba2-4b23-9c3b-5c1285997b41,2026-04-27,unavailable,,,2026-04-26T16:27:58.690182+00:00,2026-04-26T16:27:58.576+00:00,,,
d8742e56-4aa5-46b2-8e44-24862c41bdbb,11848d52-fa67-4b56-8b9e-87239a753911,fbb296de-dba2-4b23-9c3b-5c1285997b41,2026-04-27,unavailable,,,2026-04-26T16:27:58.690182+00:00,2026-04-26T16:27:58.576+00:00,,,
c0ff1670-047d-4204-83ac-5fb0e151c30d,7dde3a19-d1ad-4170-a663-7bd83ee8d3a2,fbb296de-dba2-4b23-9c3b-5c1285997b41,2026-04-27,unavailable,,,2026-04-26T16:27:58.690182+00:00,2026-04-26T16:27:58.576+00:00,,,
8b04f565-a487-450d-9803-2da2f1cb9cde,e17fe9fd-652f-4542-8a29-65e80a791a00,fbb296de-dba2-4b23-9c3b-5c1285997b41,2026-04-27,unavailable,,,2026-04-26T16:27:58.690182+00:00,2026-04-26T16:27:58.576+00:00,,,
3b424b22-34b0-4712-98c2-aa27b9bc1b03,f14e1eaa-9677-4120-b8b5-37209f399915,fbb296de-dba2-4b23-9c3b-5c1285997b41,2026-04-27,unavailable,,,2026-04-26T16:27:58.690182+00:00,2026-04-26T16:27:58.576+00:00,,,
8b789107-2c02-4eac-886e-6fff1e6e083b,fb11eb56-4d65-413d-8125-ae24b42ae442,fbb296de-dba2-4b23-9c3b-5c1285997b41,2026-04-27,unavailable,,,2026-04-26T16:27:58.690182+00:00,2026-04-26T16:27:58.576+00:00,,,
2ee2d7c3-38f8-401d-baec-27832425fc31,c9f1257a-9015-4783-86de-82819569ea0a,fbb296de-dba2-4b23-9c3b-5c1285997b41,2026-04-27,unavailable,,,2026-04-26T16:27:58.690182+00:00,2026-04-26T16:27:58.576+00:00,,,
0c6d9dfc-cf06-41f3-9a15-9acbf0660f0d,336fc578-e349-4e59-bcd2-e1c2b1beadb3,fbb296de-dba2-4b23-9c3b-5c1285997b41,2026-04-27,unavailable,,,2026-04-26T16:27:58.690182+00:00,2026-04-26T16:27:58.576+00:00,,,
6f72bd32-7fa0-40c5-8331-b30e9b3b4cf7,20a2301c-797c-4953-9efd-b28ccf27e775,a7e93193-d6a7-4f39-b11b-6ceb9b0a17f1,2026-04-27,unavailable,,,2026-04-26T16:27:59.756083+00:00,2026-04-26T16:27:59.574+00:00,,,
8786cb91-4d83-458c-8924-1f6cb256da0f,40b5c780-6569-4806-8e95-e2c92eaa87c9,a7e93193-d6a7-4f39-b11b-6ceb9b0a17f1,2026-04-27,unavailable,,,2026-04-26T16:27:59.756083+00:00,2026-04-26T16:27:59.574+00:00,,,
9b2c355b-0b8c-42e3-acd5-0af4b6fb9ce5,d78ec394-051b-4132-aa11-92a24197f565,a7e93193-d6a7-4f39-b11b-6ceb9b0a17f1,2026-04-27,unavailable,,,2026-04-26T16:27:59.756083+00:00,2026-04-26T16:27:59.574+00:00,,,
34b5ecf4-f121-42d5-92ce-e9fa06b92432,4f62f2d1-3fe0-4f77-a6e4-747bc5e8c87e,a7e93193-d6a7-4f39-b11b-6ceb9b0a17f1,2026-04-27,unavailable,,,2026-04-26T16:27:59.756083+00:00,2026-04-26T16:27:59.574+00:00,,,
cb1a3ac5-787c-4b66-8c05-bf5366dcb0df,105a17f7-180a-4bb1-825c-6144eae25b9b,a7e93193-d6a7-4f39-b11b-6ceb9b0a17f1,2026-04-27,unavailable,,,2026-04-26T16:27:59.756083+00:00,2026-04-26T16:27:59.574+00:00,,,
daf0e368-34a0-49a3-822c-b193c82cb1ba,b56af66b-bf5b-40d8-9c9c-da4455afe5e3,a7e93193-d6a7-4f39-b11b-6ceb9b0a17f1,2026-04-27,unavailable,,,2026-04-26T16:27:59.756083+00:00,2026-04-26T16:27:59.574+00:00,,,
1b60ff58-62ee-428b-b91e-ff242b0595f4,e61bb04a-6523-4f0a-b945-dae17b2ab3c6,a7e93193-d6a7-4f39-b11b-6ceb9b0a17f1,2026-04-27,unavailable,,,2026-04-26T16:27:59.756083+00:00,2026-04-26T16:27:59.574+00:00,,,
22f493a2-bd2c-40a8-aa16-39ffda6447a6,1ef573f5-82a5-437f-b478-f09a7c3a3b06,a7e93193-d6a7-4f39-b11b-6ceb9b0a17f1,2026-04-27,unavailable,,,2026-04-26T16:27:59.756083+00:00,2026-04-26T16:27:59.574+00:00,,,
4911af3e-ccb8-47e7-a17a-f8ea8bc46332,fc567f21-d1c4-4360-90b4-2837eaf9e2e8,a7e93193-d6a7-4f39-b11b-6ceb9b0a17f1,2026-04-27,unavailable,,,2026-04-26T16:27:59.756083+00:00,2026-04-26T16:27:59.574+00:00,,,
a80842b6-5e29-4b9c-9e7f-533523ee5ea6,1fba7f38-e8ac-4d0a-a165-40681248749a,a7e93193-d6a7-4f39-b11b-6ceb9b0a17f1,2026-04-27,unavailable,,,2026-04-26T16:27:59.756083+00:00,2026-04-26T16:27:59.574+00:00,,,
0fc9fdaa-d685-426e-bacc-07ec2cf50de6,a2039f51-91f6-4381-a452-6b9f6c351a31,a7e93193-d6a7-4f39-b11b-6ceb9b0a17f1,2026-04-27,unavailable,,,2026-04-26T16:27:59.756083+00:00,2026-04-26T16:27:59.574+00:00,,,
378510ae-2705-4837-9c60-4f7dc52205cf,d4056769-a0cc-4a7e-9ca6-7a0f6d868df5,a7e93193-d6a7-4f39-b11b-6ceb9b0a17f1,2026-04-27,unavailable,,,2026-04-26T16:27:59.756083+00:00,2026-04-26T16:27:59.574+00:00,,,
81e477f8-48dd-4020-9cbf-6e24727b8ab9,2c6f9099-8630-4310-9a1c-b81f5170e839,a7e93193-d6a7-4f39-b11b-6ceb9b0a17f1,2026-04-27,unavailable,,,2026-04-26T16:27:59.756083+00:00,2026-04-26T16:27:59.574+00:00,,,
e9ecfb4a-6e56-4b52-8418-87ad0be33543,772df8d5-6962-487a-99d2-78d6ef150e85,a7e93193-d6a7-4f39-b11b-6ceb9b0a17f1,2026-04-27,unavailable,,,2026-04-26T16:27:59.756083+00:00,2026-04-26T16:27:59.574+00:00,,,
f8b8e0b1-e887-40ff-8181-06eb6706d2ae,a02772eb-54d3-4b3f-97a6-223043efe589,a7e93193-d6a7-4f39-b11b-6ceb9b0a17f1,2026-04-27,unavailable,,,2026-04-26T16:27:59.756083+00:00,2026-04-26T16:27:59.574+00:00,,,
1dcdf3b7-ff04-4959-8106-7d3056b9fbc3,1cd8cacb-9218-4990-9bbf-a2e7ce216f54,a7e93193-d6a7-4f39-b11b-6ceb9b0a17f1,2026-04-27,unavailable,,,2026-04-26T16:27:59.756083+00:00,2026-04-26T16:27:59.574+00:00,,,
42178cd7-cfa7-493c-ae6a-e38a6387c174,942cbf39-99e6-40cd-8034-2eacf88611f2,a7e93193-d6a7-4f39-b11b-6ceb9b0a17f1,2026-04-27,unavailable,,,2026-04-26T16:27:59.756083+00:00,2026-04-26T16:27:59.574+00:00,,,
ae6f41a4-1dc6-4612-84e1-bba413eb85c1,5d2be0b1-c8e4-4de7-becc-b24c8655215d,a7e93193-d6a7-4f39-b11b-6ceb9b0a17f1,2026-04-27,unavailable,,,2026-04-26T16:27:59.756083+00:00,2026-04-26T16:27:59.574+00:00,,,
ca71b0c4-d063-45fa-9e97-3cda971984c4,ff117f7e-e829-4c9b-94be-583211e2b8eb,a7e93193-d6a7-4f39-b11b-6ceb9b0a17f1,2026-04-27,unavailable,,,2026-04-26T16:27:59.756083+00:00,2026-04-26T16:27:59.574+00:00,,,
400ba4f1-a769-4459-ba10-12010b38191e,47a0a430-3e3c-4cb4-85c9-47cc22a0b918,a7e93193-d6a7-4f39-b11b-6ceb9b0a17f1,2026-04-27,unavailable,,,2026-04-26T16:27:59.756083+00:00,2026-04-26T16:27:59.574+00:00,,,
ed295b26-44d2-4479-8ddf-ae9b67457151,a5ac6324-2319-4372-a71b-2fcd580315da,a7e93193-d6a7-4f39-b11b-6ceb9b0a17f1,2026-04-27,unavailable,,,2026-04-26T16:27:59.756083+00:00,2026-04-26T16:27:59.574+00:00,,,
8ff6e936-704e-44ff-be7d-e6f4ec0eacd9,9da89b63-0331-4cc7-a3cd-61ca235b49f7,a7e93193-d6a7-4f39-b11b-6ceb9b0a17f1,2026-04-27,unavailable,,,2026-04-26T16:27:59.756083+00:00,2026-04-26T16:27:59.574+00:00,,,
96a25869-9ddf-4a18-91ae-c70a038c1493,c6110ff1-93d1-471e-b0b1-bdb584068e25,a7e93193-d6a7-4f39-b11b-6ceb9b0a17f1,2026-04-27,unavailable,,,2026-04-26T16:27:59.756083+00:00,2026-04-26T16:27:59.574+00:00,,,
7868e593-0b22-42e8-93cf-c2e03457ef35,f64ae6e9-98b8-4d49-96ba-8d2b7cb99216,a7e93193-d6a7-4f39-b11b-6ceb9b0a17f1,2026-04-27,unavailable,,,2026-04-26T16:27:59.756083+00:00,2026-04-26T16:27:59.574+00:00,,,
01a18226-4845-48bf-aee4-d5701001a23e,267a7ea2-953e-49dd-8b14-79e115a8efc7,a7e93193-d6a7-4f39-b11b-6ceb9b0a17f1,2026-04-27,unavailable,,,2026-04-26T16:27:59.756083+00:00,2026-04-26T16:27:59.574+00:00,,,
60490a33-a15f-4a73-a27a-ac83135d6aa1,1b643468-628a-4ec8-a769-b0ae8bc8af71,a7e93193-d6a7-4f39-b11b-6ceb9b0a17f1,2026-04-27,unavailable,,,2026-04-26T16:27:59.756083+00:00,2026-04-26T16:27:59.574+00:00,,,
a6873b5b-226a-4311-b286-54bccf4b4aca,ba787ccf-f590-4338-a42d-06071e35b23c,a7e93193-d6a7-4f39-b11b-6ceb9b0a17f1,2026-04-27,unavailable,,,2026-04-26T16:27:59.756083+00:00,2026-04-26T16:27:59.574+00:00,,,
83be03f2-5fe3-4648-a7ab-6097c9a3493f,aa3c24a5-eb55-4d6d-98a6-1c461b8b808c,a7e93193-d6a7-4f39-b11b-6ceb9b0a17f1,2026-04-27,unavailable,,,2026-04-26T16:27:59.756083+00:00,2026-04-26T16:27:59.574+00:00,,,
9c486d8d-6afc-4fa2-b9f7-781dea14c676,5ebd0006-3ba4-436b-ad38-65e63495b4d5,a7e93193-d6a7-4f39-b11b-6ceb9b0a17f1,2026-04-27,unavailable,,,2026-04-26T16:27:59.756083+00:00,2026-04-26T16:27:59.574+00:00,,,
d5293fdd-3982-4c47-bc4c-894d904e8c77,44bdbde8-576d-4d7f-b668-d2f2bf72fb2e,a7e93193-d6a7-4f39-b11b-6ceb9b0a17f1,2026-04-27,unavailable,,,2026-04-26T16:27:59.756083+00:00,2026-04-26T16:27:59.574+00:00,,,
9f9cfc4b-807e-45c4-9594-dbcc5f193b72,5da6dc1f-43a1-4182-bea0-4d1036c97b6d,a7e93193-d6a7-4f39-b11b-6ceb9b0a17f1,2026-04-27,unavailable,,,2026-04-26T16:27:59.756083+00:00,2026-04-26T16:27:59.574+00:00,,,
7017f0d0-b6e7-4a54-9b01-faac002c08c7,49e1f495-eb85-494c-8013-2e0fdceeb50c,a7e93193-d6a7-4f39-b11b-6ceb9b0a17f1,2026-04-27,unavailable,,,2026-04-26T16:27:59.756083+00:00,2026-04-26T16:27:59.574+00:00,,,
aaf5eef8-90cc-48b6-bbca-6d1a688761e9,3523ac42-08ca-43c3-97ae-7ecde7cdb297,a7e93193-d6a7-4f39-b11b-6ceb9b0a17f1,2026-04-27,unavailable,,,2026-04-26T16:27:59.756083+00:00,2026-04-26T16:27:59.574+00:00,,,
3f4d120e-ec6c-4906-8478-0d8579d4caad,6a383d81-af24-4d74-a14e-ec5dd8b4653d,a7e93193-d6a7-4f39-b11b-6ceb9b0a17f1,2026-04-27,unavailable,,,2026-04-26T16:27:59.756083+00:00,2026-04-26T16:27:59.574+00:00,,,
fcccf351-ed87-4f62-bf8a-69df556ff69b,21d117ac-f8fb-45fd-bf02-a0f11942e9a3,a7e93193-d6a7-4f39-b11b-6ceb9b0a17f1,2026-04-27,unavailable,,,2026-04-26T16:27:59.756083+00:00,2026-04-26T16:27:59.574+00:00,,,
342b98f9-5d7e-4498-9e3e-ab706510fe74,5d480edd-15b4-4457-b01b-8b369f82cae4,a7e93193-d6a7-4f39-b11b-6ceb9b0a17f1,2026-04-27,unavailable,,,2026-04-26T16:27:59.756083+00:00,2026-04-26T16:27:59.574+00:00,,,
42df6bf8-91be-4e41-838f-017f0b97cf13,b0d98b9a-7524-48e8-89b3-d8a93d7340c8,a7e93193-d6a7-4f39-b11b-6ceb9b0a17f1,2026-04-27,unavailable,,,2026-04-26T16:27:59.756083+00:00,2026-04-26T16:27:59.574+00:00,,,
f4d8135e-fd43-4474-b214-3b069978e659,cafd9f72-ec03-41b9-9660-321eb178895e,a7e93193-d6a7-4f39-b11b-6ceb9b0a17f1,2026-04-27,unavailable,,,2026-04-26T16:27:59.756083+00:00,2026-04-26T16:27:59.574+00:00,,,
4667ad5b-e195-4695-b4a3-e755ddd11b26,09a16f0b-ece0-4ad2-918d-5fef33c1becd,a7e93193-d6a7-4f39-b11b-6ceb9b0a17f1,2026-04-27,unavailable,,,2026-04-26T16:27:59.756083+00:00,2026-04-26T16:27:59.574+00:00,,,
1890979b-ff6c-45eb-9970-8b51a65dd4c0,3094309a-9f88-431b-8e3e-a2c8dfade33d,a7e93193-d6a7-4f39-b11b-6ceb9b0a17f1,2026-04-27,unavailable,,,2026-04-26T16:27:59.756083+00:00,2026-04-26T16:27:59.574+00:00,,,
d40fefd4-7fc0-42e1-a729-6e67b9903e3d,f928dfeb-fbe7-4518-a98a-0d77b37478dc,a7e93193-d6a7-4f39-b11b-6ceb9b0a17f1,2026-04-27,unavailable,,,2026-04-26T16:27:59.756083+00:00,2026-04-26T16:27:59.574+00:00,,,
95594b8d-7a7d-46b1-ae3a-84e4070ab9b0,0299c9ab-abbe-49fa-a8ea-2f63027fb6f5,a7e93193-d6a7-4f39-b11b-6ceb9b0a17f1,2026-04-27,unavailable,,,2026-04-26T16:27:59.756083+00:00,2026-04-26T16:27:59.574+00:00,,,
aa0d902e-c5c5-4f6f-a61b-2c1d34a953ff,bad52eee-5a53-493c-9760-b6beca52b9cb,a7e93193-d6a7-4f39-b11b-6ceb9b0a17f1,2026-04-27,unavailable,,,2026-04-26T16:27:59.756083+00:00,2026-04-26T16:27:59.574+00:00,,,
f19d0718-db43-4d4b-ba0c-0e9352d9bd4e,7308a611-e53e-46be-bf03-8b6ba3d6776d,a7e93193-d6a7-4f39-b11b-6ceb9b0a17f1,2026-04-27,unavailable,,,2026-04-26T16:27:59.756083+00:00,2026-04-26T16:27:59.574+00:00,,,
3afaf678-3cc1-4a55-b414-fd13cc4eb123,78352cbe-90e6-4e26-8e68-95ff4931e2a4,a7e93193-d6a7-4f39-b11b-6ceb9b0a17f1,2026-04-27,unavailable,,,2026-04-26T16:27:59.756083+00:00,2026-04-26T16:27:59.574+00:00,,,
feb60561-4c12-4f79-995e-63e671500967,02e3c03b-5da1-4900-9a00-7c22f8e54505,a7e93193-d6a7-4f39-b11b-6ceb9b0a17f1,2026-04-27,unavailable,,,2026-04-26T16:27:59.756083+00:00,2026-04-26T16:27:59.574+00:00,,,
e72011d7-58f9-449f-9d15-442beacc630e,eca26cbb-d6eb-4cf3-bded-833d0c82c2cc,a7e93193-d6a7-4f39-b11b-6ceb9b0a17f1,2026-04-27,unavailable,,,2026-04-26T16:27:59.756083+00:00,2026-04-26T16:27:59.574+00:00,,,
7b4bb9a6-4b13-44d1-9b11-0d4a363a6e61,2f3c7437-50fb-4e17-a781-08f140fa8f77,a7e93193-d6a7-4f39-b11b-6ceb9b0a17f1,2026-04-27,unavailable,,,2026-04-26T16:27:59.756083+00:00,2026-04-26T16:27:59.574+00:00,,,
d30ec33b-8c2a-4280-b116-3f8cd38d8bc1,0a36520c-f191-437c-9745-c85a53861102,a7e93193-d6a7-4f39-b11b-6ceb9b0a17f1,2026-04-27,unavailable,,,2026-04-26T16:27:59.756083+00:00,2026-04-26T16:27:59.574+00:00,,,
6489c718-f5df-4e36-ab38-0fd6b3fc18d6,feaad469-a829-41b2-988e-5efed6c64b6c,a7e93193-d6a7-4f39-b11b-6ceb9b0a17f1,2026-04-27,unavailable,,,2026-04-26T16:27:59.756083+00:00,2026-04-26T16:27:59.574+00:00,,,
048fe9eb-c093-43ba-bd7d-3b4747e67d2b,3cb29cc2-866b-4360-90a3-15d01db8714a,a7e93193-d6a7-4f39-b11b-6ceb9b0a17f1,2026-04-27,unavailable,,,2026-04-26T16:27:59.756083+00:00,2026-04-26T16:27:59.574+00:00,,,
22907b7e-b155-47ef-a9b4-1ae0a47b44dc,89deecdc-4aaf-4b43-9716-bc54563a3e98,a7e93193-d6a7-4f39-b11b-6ceb9b0a17f1,2026-04-27,unavailable,,,2026-04-26T16:27:59.756083+00:00,2026-04-26T16:27:59.574+00:00,,,
9aa9f9ed-f807-4f10-992a-c1899d4fb8ca,b11df9b7-4ce3-409d-9a00-1ccc44bf334f,a7e93193-d6a7-4f39-b11b-6ceb9b0a17f1,2026-04-27,unavailable,,,2026-04-26T16:27:59.756083+00:00,2026-04-26T16:27:59.574+00:00,,,
b3ce8107-fa1b-4de6-9c10-2b037c24440f,47c5aed7-be06-44b8-8ca9-c898e5aeea76,a7e93193-d6a7-4f39-b11b-6ceb9b0a17f1,2026-04-27,unavailable,,,2026-04-26T16:27:59.756083+00:00,2026-04-26T16:27:59.574+00:00,,,
15e197b3-e00a-4d23-8421-522f284678c8,66056ffe-bed5-4f29-9efc-b3451224d474,a7e93193-d6a7-4f39-b11b-6ceb9b0a17f1,2026-04-27,unavailable,,,2026-04-26T16:27:59.756083+00:00,2026-04-26T16:27:59.574+00:00,,,
8bcbc4c2-a058-41e7-b4c8-68730fbb2219,2c6d8e1e-5fca-4ef0-8171-db565a70bb02,a7e93193-d6a7-4f39-b11b-6ceb9b0a17f1,2026-04-27,unavailable,,,2026-04-26T16:27:59.756083+00:00,2026-04-26T16:27:59.574+00:00,,,
6301db4c-3fa3-4d18-98a4-c20a25934599,4cb1a70a-69ff-40a0-a510-294ba986d499,a7e93193-d6a7-4f39-b11b-6ceb9b0a17f1,2026-04-27,unavailable,,,2026-04-26T16:27:59.756083+00:00,2026-04-26T16:27:59.574+00:00,,,
9cf70f3b-3646-4d24-a613-a6f5c5181fe1,51bd07e8-04c4-4564-af34-8d952def0f8d,a7e93193-d6a7-4f39-b11b-6ceb9b0a17f1,2026-04-27,unavailable,,,2026-04-26T16:27:59.756083+00:00,2026-04-26T16:27:59.574+00:00,,,
b313a08a-8ca1-491f-9406-50073da2f368,7de4b628-ab0b-4d70-96e8-d8b7f23fbfdd,a7e93193-d6a7-4f39-b11b-6ceb9b0a17f1,2026-04-27,unavailable,,,2026-04-26T16:27:59.756083+00:00,2026-04-26T16:27:59.574+00:00,,,
9b99fdf4-b81b-4eae-ae1e-0076941e0dd8,abe101e7-ab70-43a7-bba2-e161bcd2b73e,a7e93193-d6a7-4f39-b11b-6ceb9b0a17f1,2026-04-27,unavailable,,,2026-04-26T16:27:59.756083+00:00,2026-04-26T16:27:59.574+00:00,,,
6c091e4f-8eae-418a-8289-49c4f981bd1f,45a1142b-7760-4e8c-a1af-989c15a5fdc4,a7e93193-d6a7-4f39-b11b-6ceb9b0a17f1,2026-04-27,unavailable,,,2026-04-26T16:27:59.756083+00:00,2026-04-26T16:27:59.574+00:00,,,
598a1f0e-984a-4295-841b-0312bf0621b1,5b3f4657-21b0-44a7-8f0a-3f0ecd43f712,a7e93193-d6a7-4f39-b11b-6ceb9b0a17f1,2026-04-27,unavailable,,,2026-04-26T16:27:59.756083+00:00,2026-04-26T16:27:59.574+00:00,,,
77ce91f0-53af-458a-a35c-fa60d44f9d35,fc189420-99ea-4786-a143-2314e7653949,a7e93193-d6a7-4f39-b11b-6ceb9b0a17f1,2026-04-27,unavailable,,,2026-04-26T16:27:59.756083+00:00,2026-04-26T16:27:59.574+00:00,,,
fb63d8a6-f930-4231-9bf6-c702ca13ca2d,9bc2c597-4686-47a2-bdce-22b9ce02d3dd,a7e93193-d6a7-4f39-b11b-6ceb9b0a17f1,2026-04-27,unavailable,,,2026-04-26T16:27:59.756083+00:00,2026-04-26T16:27:59.574+00:00,,,
b95cf6e8-a2fc-4743-80ed-64d2a649e3d1,10c6b8e6-72c6-4198-8dbb-9afc48473d68,a7e93193-d6a7-4f39-b11b-6ceb9b0a17f1,2026-04-27,unavailable,,,2026-04-26T16:27:59.756083+00:00,2026-04-26T16:27:59.574+00:00,,,
841f83c8-c39f-4f27-bbbd-671ee985c15a,c8b51b5d-7fe1-40db-ad18-7b79258828a1,a7e93193-d6a7-4f39-b11b-6ceb9b0a17f1,2026-04-27,unavailable,,,2026-04-26T16:27:59.756083+00:00,2026-04-26T16:27:59.574+00:00,,,
239fe941-26fd-438e-87be-b454b7942491,6f6dcd58-46f9-4796-8b12-f65aeb26ab1e,a7e93193-d6a7-4f39-b11b-6ceb9b0a17f1,2026-04-27,unavailable,,,2026-04-26T16:27:59.756083+00:00,2026-04-26T16:27:59.574+00:00,,,
2de79e5c-a121-4a68-8987-956913ef5b2d,188cfea9-8ce2-4ee6-aa4a-8ace3bb24307,a7e93193-d6a7-4f39-b11b-6ceb9b0a17f1,2026-04-27,unavailable,,,2026-04-26T16:27:59.756083+00:00,2026-04-26T16:27:59.574+00:00,,,
e413255b-dabb-4d01-b389-a833cbcffead,bb521bcd-ab51-4458-86ef-2f2b3e9dd4d7,a7e93193-d6a7-4f39-b11b-6ceb9b0a17f1,2026-04-27,unavailable,,,2026-04-26T16:27:59.756083+00:00,2026-04-26T16:27:59.574+00:00,,,
b79c7aeb-4bb3-4441-95f5-6750caa8ef59,28939fc7-49c1-4151-b66e-c707529eb24b,a7e93193-d6a7-4f39-b11b-6ceb9b0a17f1,2026-04-27,unavailable,,,2026-04-26T16:27:59.756083+00:00,2026-04-26T16:27:59.574+00:00,,,
7d5dfcbd-cd4f-4841-a298-3dbb63c03838,ecbae0c7-4bea-436b-9f87-b80c26ec150f,a7e93193-d6a7-4f39-b11b-6ceb9b0a17f1,2026-04-27,unavailable,,,2026-04-26T16:27:59.756083+00:00,2026-04-26T16:27:59.574+00:00,,,
c3025cd6-b419-4885-8385-ba1bb66b9e4a,4e678c0c-345b-4cad-8f84-08fb2e61cccd,a7e93193-d6a7-4f39-b11b-6ceb9b0a17f1,2026-04-27,unavailable,,,2026-04-26T16:27:59.756083+00:00,2026-04-26T16:27:59.574+00:00,,,
12518eb1-a018-4eee-934b-41bbb57a2066,acc2e31f-8c70-4ae8-82e0-30c047f6bc1f,a7e93193-d6a7-4f39-b11b-6ceb9b0a17f1,2026-04-27,unavailable,,,2026-04-26T16:27:59.756083+00:00,2026-04-26T16:27:59.574+00:00,,,
ad4104c2-ed10-4933-a24e-1c39e8dfaaa1,8e08ef07-dafc-46a6-8d05-a8ed0e1cb79c,a7e93193-d6a7-4f39-b11b-6ceb9b0a17f1,2026-04-27,unavailable,,,2026-04-26T16:27:59.756083+00:00,2026-04-26T16:27:59.574+00:00,,,
dddc4e76-2c1c-4d08-8cf2-51efb0de3538,5faef9e7-1115-4fbf-a391-fc83e8635b70,a7e93193-d6a7-4f39-b11b-6ceb9b0a17f1,2026-04-27,unavailable,,,2026-04-26T16:27:59.756083+00:00,2026-04-26T16:27:59.574+00:00,,,
c9ee9c11-57c6-4420-8602-941ea5e8bf98,53d4c1e2-c93c-4f45-8fb1-f0bd64ef921e,a7e93193-d6a7-4f39-b11b-6ceb9b0a17f1,2026-04-27,unavailable,,,2026-04-26T16:27:59.756083+00:00,2026-04-26T16:27:59.574+00:00,,,
120f6417-d45c-4c6e-bc8c-f9cb3caa2f3b,953a114e-45a0-47ca-8ac0-c0e188cd65c2,a7e93193-d6a7-4f39-b11b-6ceb9b0a17f1,2026-04-27,unavailable,,,2026-04-26T16:27:59.756083+00:00,2026-04-26T16:27:59.574+00:00,,,
c707df2d-e497-4bbf-93cf-458724f406e6,25149f32-ee59-48d7-a941-9f6c35ca2855,a7e93193-d6a7-4f39-b11b-6ceb9b0a17f1,2026-04-27,unavailable,,,2026-04-26T16:27:59.756083+00:00,2026-04-26T16:27:59.574+00:00,,,
cf5cf5ad-e64d-4b2c-bcf7-31d296adee58,a3d78333-79fb-4040-8a2f-6f43aa351556,a7e93193-d6a7-4f39-b11b-6ceb9b0a17f1,2026-04-27,unavailable,,,2026-04-26T16:27:59.756083+00:00,2026-04-26T16:27:59.574+00:00,,,
d2acfcea-2e3b-4384-843f-e175b33f8d43,e466e1b5-0324-484f-be32-9f1e792d73e0,a7e93193-d6a7-4f39-b11b-6ceb9b0a17f1,2026-04-27,unavailable,,,2026-04-26T16:27:59.756083+00:00,2026-04-26T16:27:59.574+00:00,,,
23676714-98e2-4edd-adbd-fa243fa7f749,afb9bf7c-248b-4142-8e01-029b5cbbd4c5,a7e93193-d6a7-4f39-b11b-6ceb9b0a17f1,2026-04-27,unavailable,,,2026-04-26T16:27:59.756083+00:00,2026-04-26T16:27:59.574+00:00,,,
7323bbdf-4a60-4843-828f-11c6839ac8f0,dea0d41c-bb8b-4b5d-a829-28e07fff0010,a7e93193-d6a7-4f39-b11b-6ceb9b0a17f1,2026-04-27,unavailable,,,2026-04-26T16:27:59.756083+00:00,2026-04-26T16:27:59.574+00:00,,,
af2dc1b5-f71b-455c-a5cc-cfd21497f718,b67bd172-bbd0-48ef-9cda-9d458718bae0,a7e93193-d6a7-4f39-b11b-6ceb9b0a17f1,2026-04-27,unavailable,,,2026-04-26T16:27:59.756083+00:00,2026-04-26T16:27:59.574+00:00,,,
2e1ff995-c4cb-41ac-b50b-fcefdcf610ff,31bb4896-e136-4f61-8c9a-44f45a24b9db,a7e93193-d6a7-4f39-b11b-6ceb9b0a17f1,2026-04-27,unavailable,,,2026-04-26T16:27:59.756083+00:00,2026-04-26T16:27:59.574+00:00,,,
25fb2257-05c0-4c24-acc8-6e90bdc04aae,e6c3b55d-0838-4760-b4e8-30ec6b724c69,a7e93193-d6a7-4f39-b11b-6ceb9b0a17f1,2026-04-27,unavailable,,,2026-04-26T16:27:59.756083+00:00,2026-04-26T16:27:59.574+00:00,,,
74808a80-90e8-4ecf-a71a-6d58d28e3157,b4e55d8f-e956-442f-a4ad-595da88885fb,a7e93193-d6a7-4f39-b11b-6ceb9b0a17f1,2026-04-27,unavailable,,,2026-04-26T16:27:59.756083+00:00,2026-04-26T16:27:59.574+00:00,,,
63104c71-69bf-40bf-a610-e023b2525957,6058be35-369e-435d-8373-442cac7b65f8,a7e93193-d6a7-4f39-b11b-6ceb9b0a17f1,2026-04-27,unavailable,,,2026-04-26T16:27:59.756083+00:00,2026-04-26T16:27:59.574+00:00,,,
36388ea6-b442-4c11-98db-2f7562491cbc,9adeb556-ece2-498f-abb0-869e7ea01aa8,a7e93193-d6a7-4f39-b11b-6ceb9b0a17f1,2026-04-27,unavailable,,,2026-04-26T16:27:59.756083+00:00,2026-04-26T16:27:59.574+00:00,,,
dcc62760-2102-47e7-8ed9-7ee1bd755264,bfa7d4bd-6923-4d5f-9b63-2801c4cd92b2,a7e93193-d6a7-4f39-b11b-6ceb9b0a17f1,2026-04-27,unavailable,,,2026-04-26T16:27:59.756083+00:00,2026-04-26T16:27:59.574+00:00,,,
9a004e9a-94f3-4ed9-8515-c92657c3fa78,bf479c71-9394-4a55-b9ac-c81c237fa309,a7e93193-d6a7-4f39-b11b-6ceb9b0a17f1,2026-04-27,unavailable,,,2026-04-26T16:27:59.756083+00:00,2026-04-26T16:27:59.574+00:00,,,
952f7f30-3c7a-4d8e-86b3-4f8009ab4455,4d8341f1-1d5f-49e5-95e6-bda4f2816a28,a7e93193-d6a7-4f39-b11b-6ceb9b0a17f1,2026-04-27,unavailable,,,2026-04-26T16:27:59.756083+00:00,2026-04-26T16:27:59.574+00:00,,,
5a58780b-d713-44e5-8c56-ef1cf5644b5c,f6723b26-0b45-4a30-bfa8-1ee732565796,a7e93193-d6a7-4f39-b11b-6ceb9b0a17f1,2026-04-27,unavailable,,,2026-04-26T16:27:59.756083+00:00,2026-04-26T16:27:59.574+00:00,,,
0cdc43fc-c6c9-488c-b077-efbef3b7c437,6d8db724-4152-43b2-bf1b-ca96881952e6,a7e93193-d6a7-4f39-b11b-6ceb9b0a17f1,2026-04-27,unavailable,,,2026-04-26T16:27:59.756083+00:00,2026-04-26T16:27:59.574+00:00,,,
c7afef19-2b50-4aed-b6d7-de11b1669523,5aace772-3b44-4925-820b-042fba96ee1b,a7e93193-d6a7-4f39-b11b-6ceb9b0a17f1,2026-04-27,unavailable,,,2026-04-26T16:27:59.756083+00:00,2026-04-26T16:27:59.574+00:00,,,
1410271e-9cb3-4f68-af87-94e114295a3e,c884d033-d490-4ccb-ba1f-646407b6ab42,a7e93193-d6a7-4f39-b11b-6ceb9b0a17f1,2026-04-27,unavailable,,,2026-04-26T16:27:59.756083+00:00,2026-04-26T16:27:59.574+00:00,,,
5ac287e1-41e0-4efe-81f9-971d88235384,ddb4593f-6ae9-4e1d-b64b-9c0d989de317,a7e93193-d6a7-4f39-b11b-6ceb9b0a17f1,2026-04-27,unavailable,,,2026-04-26T16:27:59.756083+00:00,2026-04-26T16:27:59.574+00:00,,,
a542b25e-4955-4420-81ae-e4ddc94fbfc7,1e313572-571e-46b4-b012-80449350cf3f,a7e93193-d6a7-4f39-b11b-6ceb9b0a17f1,2026-04-27,unavailable,,,2026-04-26T16:27:59.756083+00:00,2026-04-26T16:27:59.574+00:00,,,
c58d31e3-600d-470f-a2a0-dfd5aa66ae3d,95a59580-6440-4afa-95b7-90e438e0b33b,a7e93193-d6a7-4f39-b11b-6ceb9b0a17f1,2026-04-27,unavailable,,,2026-04-26T16:27:59.756083+00:00,2026-04-26T16:27:59.574+00:00,,,
5813aaf9-ec9e-43c7-a129-0273f0ff33fe,1ce0b2b8-6262-4b17-98f9-60bed3365ecb,a7e93193-d6a7-4f39-b11b-6ceb9b0a17f1,2026-04-27,unavailable,,,2026-04-26T16:27:59.756083+00:00,2026-04-26T16:27:59.574+00:00,,,
f95523af-f284-450a-939b-90461552c717,d9bf2e1e-2f9d-4952-97aa-c74fdd095b34,a7e93193-d6a7-4f39-b11b-6ceb9b0a17f1,2026-04-27,unavailable,,,2026-04-26T16:27:59.756083+00:00,2026-04-26T16:27:59.574+00:00,,,
27a9f667-0029-4285-bb31-40de38e7b048,4af25fcb-085b-4071-97d0-4af42e4a5f0b,a7e93193-d6a7-4f39-b11b-6ceb9b0a17f1,2026-04-27,unavailable,,,2026-04-26T16:27:59.756083+00:00,2026-04-26T16:27:59.574+00:00,,,
04ad7763-1593-4d1f-ae19-3ea8dd587024,d04984bc-eb16-411e-8c99-ba6beb94db3c,a7e93193-d6a7-4f39-b11b-6ceb9b0a17f1,2026-04-27,unavailable,,,2026-04-26T16:27:59.756083+00:00,2026-04-26T16:27:59.574+00:00,,,
9757162d-4aaf-4d54-a174-cd524d25503f,dfcf3978-e149-42ff-90c3-5ee66fc11c77,a7e93193-d6a7-4f39-b11b-6ceb9b0a17f1,2026-04-27,unavailable,,,2026-04-26T16:27:59.756083+00:00,2026-04-26T16:27:59.574+00:00,,,
b73c6600-2ef6-4ce6-9021-1e1e59a4e23d,f0fe9b25-dd6c-40ca-b3a2-5ad353a1c66e,a7e93193-d6a7-4f39-b11b-6ceb9b0a17f1,2026-04-27,unavailable,,,2026-04-26T16:27:59.756083+00:00,2026-04-26T16:27:59.574+00:00,,,
a1896fc1-075a-4f1a-9134-276c6a9b2c54,e0ac9138-c667-4899-b1a7-25684d83684c,a7e93193-d6a7-4f39-b11b-6ceb9b0a17f1,2026-04-27,unavailable,,,2026-04-26T16:27:59.756083+00:00,2026-04-26T16:27:59.574+00:00,,,
db554dd9-5c29-4eb1-8dcc-b0acf41f2c29,aec9b1ec-e511-4850-bfc1-ca8d1f749687,a7e93193-d6a7-4f39-b11b-6ceb9b0a17f1,2026-04-27,unavailable,,,2026-04-26T16:27:59.756083+00:00,2026-04-26T16:27:59.574+00:00,,,
91e4d745-5e7d-4025-b082-ff7549647078,03ac3e2a-cd94-4a27-a5eb-b34640786fae,a7e93193-d6a7-4f39-b11b-6ceb9b0a17f1,2026-04-27,unavailable,,,2026-04-26T16:27:59.756083+00:00,2026-04-26T16:27:59.574+00:00,,,
d733c9b6-5e45-400c-a3a0-8c42840fd703,bb300ba6-5a75-45b4-b42b-46a42914a3e7,a7e93193-d6a7-4f39-b11b-6ceb9b0a17f1,2026-04-27,unavailable,,,2026-04-26T16:27:59.756083+00:00,2026-04-26T16:27:59.574+00:00,,,
92e3164b-c2af-470f-88a9-e6a34b5169ef,86233651-f0cf-4660-9e65-f1bda5ed5e58,a7e93193-d6a7-4f39-b11b-6ceb9b0a17f1,2026-04-27,available,,,2026-04-26T16:27:59.756083+00:00,2026-04-26T16:27:59.574+00:00,,,
9b42ac3e-3afb-4c83-888d-2880df488132,bf4ecc4d-e755-4605-8ac6-63d67ad62287,a7e93193-d6a7-4f39-b11b-6ceb9b0a17f1,2026-04-27,available,,,2026-04-26T16:27:59.756083+00:00,2026-04-26T16:27:59.574+00:00,,,
ef6f3773-a5d8-460b-af3c-9aafcfb204ff,13cd1ce2-5e86-451c-8f87-2b6f0842b010,a7e93193-d6a7-4f39-b11b-6ceb9b0a17f1,2026-04-27,unavailable,,,2026-04-26T16:27:59.756083+00:00,2026-04-26T16:27:59.574+00:00,,,
6e97a7dc-8f10-41b0-ba3e-43d8eb7e69fa,f6df221f-4b0c-45c9-b354-4b58b1b21450,a7e93193-d6a7-4f39-b11b-6ceb9b0a17f1,2026-04-27,unavailable,,,2026-04-26T16:27:59.756083+00:00,2026-04-26T16:27:59.574+00:00,,,
c2cffbff-4103-4cc6-ade2-926a5339f735,0b7d02c5-cd25-487a-ae38-30cf2c3199bb,a7e93193-d6a7-4f39-b11b-6ceb9b0a17f1,2026-04-27,unavailable,,,2026-04-26T16:27:59.756083+00:00,2026-04-26T16:27:59.574+00:00,,,
8a0ea235-b4e1-4838-b58d-1f811e538ace,4f0ecc4f-9d09-4bab-9a9c-06ce5326a219,a7e93193-d6a7-4f39-b11b-6ceb9b0a17f1,2026-04-27,unavailable,,,2026-04-26T16:27:59.756083+00:00,2026-04-26T16:27:59.574+00:00,,,
220c25c9-d808-4b8c-86a1-2010932bd3bd,9f442f9e-040a-4c4a-bdd3-810ccf0019c2,a7e93193-d6a7-4f39-b11b-6ceb9b0a17f1,2026-04-27,unavailable,,,2026-04-26T16:27:59.756083+00:00,2026-04-26T16:27:59.574+00:00,,,
c8be117e-5076-42e8-a2b5-9bb2ce29cfef,e507c000-08c5-4d9e-8da4-975f0affa937,a7e93193-d6a7-4f39-b11b-6ceb9b0a17f1,2026-04-27,unavailable,,,2026-04-26T16:27:59.756083+00:00,2026-04-26T16:27:59.574+00:00,,,
af922d2f-6741-4346-9969-d3ad4b295e9d,5920adcc-3687-45b2-a0ad-50b17f24faef,a7e93193-d6a7-4f39-b11b-6ceb9b0a17f1,2026-04-27,available,,,2026-04-26T16:27:59.756083+00:00,2026-04-26T16:27:59.574+00:00,,,
b46a0295-38f1-4d14-b9e3-5c162665dba3,19508c8b-5f9f-4cda-bffa-d36ef4c07bc2,a7e93193-d6a7-4f39-b11b-6ceb9b0a17f1,2026-04-27,unavailable,,,2026-04-26T16:27:59.756083+00:00,2026-04-26T16:27:59.574+00:00,,,
029f009c-62d5-4697-8297-6573ed10b435,3b390b60-bc5f-4a6c-8366-90501656ce20,a7e93193-d6a7-4f39-b11b-6ceb9b0a17f1,2026-04-27,unavailable,,,2026-04-26T16:27:59.756083+00:00,2026-04-26T16:27:59.574+00:00,,,
3fc3b069-e667-4279-a0cf-8874376c3f23,1312210e-9cd8-4bac-96a8-11da91414ca2,a7e93193-d6a7-4f39-b11b-6ceb9b0a17f1,2026-04-27,unavailable,,,2026-04-26T16:27:59.756083+00:00,2026-04-26T16:27:59.574+00:00,,,
32394fae-f42a-444d-af23-658f67d0c0f8,e3ec98c5-fd0d-4087-ae6f-8b84410a0199,a7e93193-d6a7-4f39-b11b-6ceb9b0a17f1,2026-04-27,unavailable,,,2026-04-26T16:27:59.756083+00:00,2026-04-26T16:27:59.574+00:00,,,
c472ef93-3b48-4dcc-96c6-92b363faf463,3d082f2c-37ab-422a-bcad-71da0369d206,a7e93193-d6a7-4f39-b11b-6ceb9b0a17f1,2026-04-27,unavailable,,,2026-04-26T16:27:59.756083+00:00,2026-04-26T16:27:59.574+00:00,,,
e777fdd7-b0a6-4c57-ae9d-f47b01e8098d,e704a939-0821-4540-b342-fec5e79de79a,a7e93193-d6a7-4f39-b11b-6ceb9b0a17f1,2026-04-27,unavailable,,,2026-04-26T16:27:59.756083+00:00,2026-04-26T16:27:59.574+00:00,,,
4eaa6bcc-7800-483c-96ed-17cca2152a3a,cd527a80-68b8-45c9-b657-a2bb8e48c3b3,a7e93193-d6a7-4f39-b11b-6ceb9b0a17f1,2026-04-27,unavailable,,,2026-04-26T16:27:59.756083+00:00,2026-04-26T16:27:59.574+00:00,,,
86fb92c1-5edd-4d92-a10d-c042ae9d3c9f,bbf210fa-39a3-4ce0-9091-558f93309281,a7e93193-d6a7-4f39-b11b-6ceb9b0a17f1,2026-04-27,unavailable,,,2026-04-26T16:27:59.756083+00:00,2026-04-26T16:27:59.574+00:00,,,
bae9d823-9a33-4bb1-96d7-93c4a0126cfc,20c89eec-afeb-4600-8a4d-ad8deff1e6ff,a7e93193-d6a7-4f39-b11b-6ceb9b0a17f1,2026-04-27,unavailable,,,2026-04-26T16:27:59.756083+00:00,2026-04-26T16:27:59.574+00:00,,,
01b468d3-caba-46f2-9cb6-cb097a277dc9,472aebdc-b540-4f92-b4ca-98d5d526f416,a7e93193-d6a7-4f39-b11b-6ceb9b0a17f1,2026-04-27,unavailable,,,2026-04-26T16:27:59.756083+00:00,2026-04-26T16:27:59.574+00:00,,,
f62c9662-fc48-49a0-81a1-bb26d500e64b,bf1dac2d-8dd9-4c40-8b2c-7aa56ffd633d,a7e93193-d6a7-4f39-b11b-6ceb9b0a17f1,2026-04-27,unavailable,,,2026-04-26T16:27:59.756083+00:00,2026-04-26T16:27:59.574+00:00,,,
fbb7c82b-03c1-4e03-a8fd-0c622f2920f7,75aeb2f5-22fa-47df-95a2-21976cfb1df9,a7e93193-d6a7-4f39-b11b-6ceb9b0a17f1,2026-04-27,unavailable,,,2026-04-26T16:27:59.756083+00:00,2026-04-26T16:27:59.574+00:00,,,
f7a2d9ed-ff77-46fd-81a1-c38a77cc210c,aba5c0fa-7f46-4f07-9ee2-f6e7bf39bc1d,a7e93193-d6a7-4f39-b11b-6ceb9b0a17f1,2026-04-27,unavailable,,,2026-04-26T16:27:59.756083+00:00,2026-04-26T16:27:59.574+00:00,,,
e107696f-57ca-413c-9728-1feb52ed66a6,faa337de-416b-4c93-bc16-3b37c4f24049,a7e93193-d6a7-4f39-b11b-6ceb9b0a17f1,2026-04-27,unavailable,,,2026-04-26T16:27:59.756083+00:00,2026-04-26T16:27:59.574+00:00,,,
8a8e1cd7-a43a-4891-b831-75f6d5e61f30,6b4c8cc4-4376-4ab6-9ee6-c624b72485a6,a7e93193-d6a7-4f39-b11b-6ceb9b0a17f1,2026-04-27,unavailable,,,2026-04-26T16:27:59.756083+00:00,2026-04-26T16:27:59.574+00:00,,,
bc405199-5017-4d35-a9b3-cfdb23e42553,bfdd8bbb-5373-4e16-9c52-492471349f90,a7e93193-d6a7-4f39-b11b-6ceb9b0a17f1,2026-04-27,unavailable,,,2026-04-26T16:27:59.756083+00:00,2026-04-26T16:27:59.574+00:00,,,
f5cfbd56-8f6e-49fa-a0c2-850bbb4de7fa,ffa03313-d46c-46fc-a98c-fc495db887c8,a7e93193-d6a7-4f39-b11b-6ceb9b0a17f1,2026-04-27,unavailable,,,2026-04-26T16:27:59.756083+00:00,2026-04-26T16:27:59.574+00:00,,,
a76a574f-e35b-4119-ad2c-a377af4102b0,254f04b8-24d1-4501-82ab-3de9aa297e4a,a7e93193-d6a7-4f39-b11b-6ceb9b0a17f1,2026-04-27,unavailable,,,2026-04-26T16:27:59.756083+00:00,2026-04-26T16:27:59.574+00:00,,,
267e6f16-4b68-4be2-a899-8fb97b8e55e3,668f76c5-00fa-45e0-a391-ada8940fe179,a7e93193-d6a7-4f39-b11b-6ceb9b0a17f1,2026-04-27,unavailable,,,2026-04-26T16:27:59.756083+00:00,2026-04-26T16:27:59.574+00:00,,,
04891187-342e-4ba1-92ff-eea649c57789,cc36fcf7-866b-4539-8745-9f9cde9890bc,a7e93193-d6a7-4f39-b11b-6ceb9b0a17f1,2026-04-27,unavailable,,,2026-04-26T16:27:59.756083+00:00,2026-04-26T16:27:59.574+00:00,,,
ec4c8981-f0bb-46ea-9c06-ae6bb30a93f2,3748ead8-de3e-4936-a66d-9d0b2b545b70,a7e93193-d6a7-4f39-b11b-6ceb9b0a17f1,2026-04-27,unavailable,,,2026-04-26T16:27:59.756083+00:00,2026-04-26T16:27:59.574+00:00,,,
4d4dcc41-71b6-4f30-b0a9-a01ad08fed86,d738fe6a-8aae-4f9b-a997-d67179944468,a7e93193-d6a7-4f39-b11b-6ceb9b0a17f1,2026-04-27,unavailable,,,2026-04-26T16:27:59.756083+00:00,2026-04-26T16:27:59.574+00:00,,,
c5e9a931-6d57-4d3c-95f3-fbc6130f6224,da3fa041-df6e-4d09-8877-2f105c12936c,a7e93193-d6a7-4f39-b11b-6ceb9b0a17f1,2026-04-27,unavailable,,,2026-04-26T16:27:59.756083+00:00,2026-04-26T16:27:59.574+00:00,,,
13ee8ae9-4c6f-41ef-b627-c10eaff95a8a,c2a76342-b6cd-4037-89e3-ebfa887bbb51,a7e93193-d6a7-4f39-b11b-6ceb9b0a17f1,2026-04-27,unavailable,,,2026-04-26T16:27:59.756083+00:00,2026-04-26T16:27:59.574+00:00,,,
e2362380-8fd8-4c68-85f5-f0e85ff84cfa,9e04d666-3178-44da-a5ad-75ca73a39c2b,a7e93193-d6a7-4f39-b11b-6ceb9b0a17f1,2026-04-27,unavailable,,,2026-04-26T16:27:59.756083+00:00,2026-04-26T16:27:59.574+00:00,,,
49de438e-99b2-4e02-86d4-13a29cf79fbe,9111d6fd-f6d3-4ade-9915-bbfde0232f4b,a7e93193-d6a7-4f39-b11b-6ceb9b0a17f1,2026-04-27,available,,,2026-04-26T16:27:59.756083+00:00,2026-04-26T16:27:59.574+00:00,,,
ae06b923-3a8c-4097-b444-acf04bbe01e6,b8e32f9a-56c0-4915-9d71-413234d11bff,a7e93193-d6a7-4f39-b11b-6ceb9b0a17f1,2026-04-27,unavailable,,,2026-04-26T16:27:59.756083+00:00,2026-04-26T16:27:59.574+00:00,,,
a047dc85-f970-4b04-9654-89d3291568c0,1319b9ad-0c60-4137-9117-9f6bcd77f1ac,a7e93193-d6a7-4f39-b11b-6ceb9b0a17f1,2026-04-27,unavailable,,,2026-04-26T16:27:59.756083+00:00,2026-04-26T16:27:59.574+00:00,,,
05ad30e7-294a-4a93-9737-696a5e797b79,c19c0355-5119-46a4-956d-310776ade079,a7e93193-d6a7-4f39-b11b-6ceb9b0a17f1,2026-04-27,unavailable,,,2026-04-26T16:27:59.756083+00:00,2026-04-26T16:27:59.574+00:00,,,
12cd229b-9b2a-4214-a90a-5bc38d1f3d0a,fffc7b60-42d2-4f14-831e-1a4e4d71e26d,a7e93193-d6a7-4f39-b11b-6ceb9b0a17f1,2026-04-27,unavailable,,,2026-04-26T16:27:59.756083+00:00,2026-04-26T16:27:59.574+00:00,,,
4eb6fe8d-bdf9-4478-b80f-8447f4b16c02,5f1621cc-8a4c-4563-88bf-daffe78af0ff,a7e93193-d6a7-4f39-b11b-6ceb9b0a17f1,2026-04-27,unavailable,,,2026-04-26T16:27:59.756083+00:00,2026-04-26T16:27:59.574+00:00,,,
96451749-02cf-4e7a-9efc-aabe06862800,148e5b83-9381-443e-9afd-b6991092c090,a7e93193-d6a7-4f39-b11b-6ceb9b0a17f1,2026-04-27,unavailable,,,2026-04-26T16:27:59.756083+00:00,2026-04-26T16:27:59.574+00:00,,,
8fe919fb-b1f8-4bb4-b921-f06de3be0a27,b2d63f78-299d-4331-911f-a96c4941df55,a7e93193-d6a7-4f39-b11b-6ceb9b0a17f1,2026-04-27,unavailable,,,2026-04-26T16:27:59.756083+00:00,2026-04-26T16:27:59.574+00:00,,,
bc479eb1-4e88-4ac6-868e-7eb87e80d85d,06f3c06f-0fee-48b6-af1d-2f1e6d9ac65e,a7e93193-d6a7-4f39-b11b-6ceb9b0a17f1,2026-04-27,unavailable,,,2026-04-26T16:27:59.756083+00:00,2026-04-26T16:27:59.574+00:00,,,
b84ffad5-f2dd-4f0a-acf9-ca8eba64ace7,25992891-0940-467e-8aa4-4a02bb64c2f8,a7e93193-d6a7-4f39-b11b-6ceb9b0a17f1,2026-04-27,unavailable,,,2026-04-26T16:27:59.756083+00:00,2026-04-26T16:27:59.574+00:00,,,
57dc0ae0-b56d-4a99-895c-db8ce62b021f,71b1d585-5919-4a6a-9676-9869a51fec0e,a7e93193-d6a7-4f39-b11b-6ceb9b0a17f1,2026-04-27,unavailable,,,2026-04-26T16:27:59.756083+00:00,2026-04-26T16:27:59.574+00:00,,,
d9a67df2-cc7f-4773-a8b6-29b43dc38699,07facaef-e20c-417b-9419-6486f1ac9071,a7e93193-d6a7-4f39-b11b-6ceb9b0a17f1,2026-04-27,unavailable,,,2026-04-26T16:27:59.756083+00:00,2026-04-26T16:27:59.574+00:00,,,
da24ff73-8683-4e05-89b3-def0314666f6,27133740-8739-4086-b026-370f41fedf92,a7e93193-d6a7-4f39-b11b-6ceb9b0a17f1,2026-04-27,available,,,2026-04-26T16:27:59.756083+00:00,2026-04-26T16:27:59.574+00:00,,,
50be792f-3afb-4fc1-a1b8-aeede685ff6d,60ee9721-045f-41c3-91e8-d4c34e5d7175,a7e93193-d6a7-4f39-b11b-6ceb9b0a17f1,2026-04-27,unavailable,,,2026-04-26T16:27:59.756083+00:00,2026-04-26T16:27:59.574+00:00,,,
e369807f-3333-4875-9aad-9e379004a09c,2d181b74-593a-452f-8b74-3505e6766893,a7e93193-d6a7-4f39-b11b-6ceb9b0a17f1,2026-04-27,unavailable,,,2026-04-26T16:27:59.756083+00:00,2026-04-26T16:27:59.574+00:00,,,
8db49a7a-2beb-429d-bad8-7df6d87f467d,b026bfc6-eef8-4751-abbe-82fd7c107473,a7e93193-d6a7-4f39-b11b-6ceb9b0a17f1,2026-04-27,unavailable,,,2026-04-26T16:27:59.756083+00:00,2026-04-26T16:27:59.574+00:00,,,
1ba02487-1daf-493e-b432-7a715b153d83,f466852a-ef7b-4013-ac24-d40b4c4cf55b,a7e93193-d6a7-4f39-b11b-6ceb9b0a17f1,2026-04-27,unavailable,,,2026-04-26T16:27:59.756083+00:00,2026-04-26T16:27:59.574+00:00,,,
e810e408-b702-477b-98bf-897ca2100acd,7f6dd06a-83e0-4750-b802-b1f90cefa97f,a7e93193-d6a7-4f39-b11b-6ceb9b0a17f1,2026-04-27,unavailable,,,2026-04-26T16:27:59.756083+00:00,2026-04-26T16:27:59.574+00:00,,,
7ff5f948-841c-49fa-8684-67a9f4086dd3,ad7462a1-5295-4da0-81b8-fad9eb82b0e0,a7e93193-d6a7-4f39-b11b-6ceb9b0a17f1,2026-04-27,unavailable,,,2026-04-26T16:27:59.756083+00:00,2026-04-26T16:27:59.574+00:00,,,
14d83b0a-0e9a-4fa9-9c12-e792ee1097c5,e2ab0523-b78f-41b9-a50b-d55445e1c544,a7e93193-d6a7-4f39-b11b-6ceb9b0a17f1,2026-04-27,unavailable,,,2026-04-26T16:27:59.756083+00:00,2026-04-26T16:27:59.574+00:00,,,
9bb84f8f-7a45-4977-b5fd-9672c011a5ba,05f66656-45df-4cb0-bf70-229ad1938df6,a7e93193-d6a7-4f39-b11b-6ceb9b0a17f1,2026-04-27,unavailable,,,2026-04-26T16:27:59.756083+00:00,2026-04-26T16:27:59.574+00:00,,,
7639b7ff-db91-4e82-a588-4823f0d4faf1,ae35edf7-0f5f-42cb-b1da-7ab6b187d19d,a7e93193-d6a7-4f39-b11b-6ceb9b0a17f1,2026-04-27,unavailable,,,2026-04-26T16:27:59.756083+00:00,2026-04-26T16:27:59.574+00:00,,,
7479ea90-eaf2-4697-abc7-23dee6909874,c1a8700d-9fe7-4842-97e2-84acd9d975b3,a7e93193-d6a7-4f39-b11b-6ceb9b0a17f1,2026-04-27,unavailable,,,2026-04-26T16:27:59.756083+00:00,2026-04-26T16:27:59.574+00:00,,,
4b3e43bd-b700-4a28-b5aa-884ea8397340,d2d10fe8-69a3-4554-89d2-dedf9ea06203,a7e93193-d6a7-4f39-b11b-6ceb9b0a17f1,2026-04-27,unavailable,,,2026-04-26T16:27:59.756083+00:00,2026-04-26T16:27:59.574+00:00,,,
d44cf51c-16da-41da-a859-f75faf19d80a,c57fbfb5-1ed2-4e98-9b48-c9b6b97c44bd,a7e93193-d6a7-4f39-b11b-6ceb9b0a17f1,2026-04-27,unavailable,,,2026-04-26T16:27:59.756083+00:00,2026-04-26T16:27:59.574+00:00,,,
0d885479-bf65-494c-9975-95c093f1ee56,1c0ec68f-ce08-4e5e-b4ed-3ce89f333f42,a7e93193-d6a7-4f39-b11b-6ceb9b0a17f1,2026-04-27,unavailable,,,2026-04-26T16:27:59.756083+00:00,2026-04-26T16:27:59.574+00:00,,,
e8691fcb-e237-4790-a33f-d3d7dec132d9,d08761e2-5788-4a05-b0c0-5cb25f8a6403,a7e93193-d6a7-4f39-b11b-6ceb9b0a17f1,2026-04-27,unavailable,,,2026-04-26T16:27:59.756083+00:00,2026-04-26T16:27:59.574+00:00,,,
08fca22e-5905-42a8-bb1e-9c9e33a9f3f3,4f4e920c-2cf6-4d2e-bd9b-e81927d9a495,a7e93193-d6a7-4f39-b11b-6ceb9b0a17f1,2026-04-27,unavailable,,,2026-04-26T16:27:59.756083+00:00,2026-04-26T16:27:59.574+00:00,,,
2f3481be-08e1-4f5e-b218-8a0ac728e5e1,834fd3ad-e3e0-411e-92e5-79b1e68a34d9,a7e93193-d6a7-4f39-b11b-6ceb9b0a17f1,2026-04-27,unavailable,,,2026-04-26T16:27:59.756083+00:00,2026-04-26T16:27:59.574+00:00,,,
42c6282e-1082-4dd6-8e1c-4877c6f89359,fe837eeb-c43f-4324-9484-e363c26f5829,a7e93193-d6a7-4f39-b11b-6ceb9b0a17f1,2026-04-27,unavailable,,,2026-04-26T16:27:59.756083+00:00,2026-04-26T16:27:59.574+00:00,,,
8772118f-1e70-4cc7-9a2a-362856246d7f,5e50859d-1508-4fb1-84a9-adeef4b333ff,a7e93193-d6a7-4f39-b11b-6ceb9b0a17f1,2026-04-27,unavailable,,,2026-04-26T16:27:59.756083+00:00,2026-04-26T16:27:59.574+00:00,,,
53879c0e-4428-4082-a74b-3ac371622813,cb8885fa-21df-4a06-9dcc-911e9c6c474d,a7e93193-d6a7-4f39-b11b-6ceb9b0a17f1,2026-04-27,unavailable,,,2026-04-26T16:27:59.756083+00:00,2026-04-26T16:27:59.574+00:00,,,
9d599a0b-1881-41a1-a032-e67c7b23140e,90df21cf-925e-4fb0-85eb-9ee42c1a1449,a7e93193-d6a7-4f39-b11b-6ceb9b0a17f1,2026-04-27,unavailable,,,2026-04-26T16:27:59.756083+00:00,2026-04-26T16:27:59.574+00:00,,,
0c05de85-60de-4e35-a8f3-13ebca70edb5,09dd43ee-5456-4692-9016-433d77d3b6cb,a7e93193-d6a7-4f39-b11b-6ceb9b0a17f1,2026-04-27,unavailable,,,2026-04-26T16:27:59.756083+00:00,2026-04-26T16:27:59.574+00:00,,,
0971a097-11ed-41af-bd47-b939d289ce1e,e617222f-90ba-4246-b04a-f3c5e9fe0529,a7e93193-d6a7-4f39-b11b-6ceb9b0a17f1,2026-04-27,unavailable,,,2026-04-26T16:27:59.756083+00:00,2026-04-26T16:27:59.574+00:00,,,
76ddf1bf-f6ea-4f88-ae18-f1a172aaaaf9,c34f7e2a-f610-4e56-847b-495bf4739360,a7e93193-d6a7-4f39-b11b-6ceb9b0a17f1,2026-04-27,unavailable,,,2026-04-26T16:27:59.756083+00:00,2026-04-26T16:27:59.574+00:00,,,
a7c2a3d9-2921-4998-b916-61966e53d7f7,07a79088-9fa0-477d-b4e2-42c943951872,a7e93193-d6a7-4f39-b11b-6ceb9b0a17f1,2026-04-27,unavailable,,,2026-04-26T16:27:59.756083+00:00,2026-04-26T16:27:59.574+00:00,,,
1f4ddec1-50dd-4015-af02-0a2945834cf8,f95b7a6f-37f8-4de1-9fdc-7ac2ef7d7af4,a7e93193-d6a7-4f39-b11b-6ceb9b0a17f1,2026-04-27,unavailable,,,2026-04-26T16:27:59.756083+00:00,2026-04-26T16:27:59.574+00:00,,,
b0987ad2-0dc2-4d64-829f-e423db5d8575,4e67157b-7aca-400e-b55c-0bc10087721c,a7e93193-d6a7-4f39-b11b-6ceb9b0a17f1,2026-04-27,unavailable,,,2026-04-26T16:27:59.756083+00:00,2026-04-26T16:27:59.574+00:00,,,
22d661ee-9c83-4dd7-9fae-b6d0f2f11924,4261d2fb-71d3-4a3f-a3a2-ae6a3306afd6,a7e93193-d6a7-4f39-b11b-6ceb9b0a17f1,2026-04-27,unavailable,,,2026-04-26T16:27:59.756083+00:00,2026-04-26T16:27:59.574+00:00,,,
9698e831-6cb6-46f2-92b5-c52d39d7ad4a,cce17ece-976b-4312-8212-c63feb877194,a7e93193-d6a7-4f39-b11b-6ceb9b0a17f1,2026-04-27,unavailable,,,2026-04-26T16:27:59.756083+00:00,2026-04-26T16:27:59.574+00:00,,,
f684b099-63bf-4d05-8475-04b227cb7588,7fd3cd92-6b83-4888-b0b5-3474f3e21904,a7e93193-d6a7-4f39-b11b-6ceb9b0a17f1,2026-04-27,unavailable,,,2026-04-26T16:27:59.756083+00:00,2026-04-26T16:27:59.574+00:00,,,
5a17e3ea-981b-49d5-ab2f-154db0a74642,5141ea5f-0740-4a1c-a517-c21f73bd6986,a7e93193-d6a7-4f39-b11b-6ceb9b0a17f1,2026-04-27,unavailable,,,2026-04-26T16:27:59.756083+00:00,2026-04-26T16:27:59.574+00:00,,,
f47f63fc-558e-4e96-88e1-7d456cdb815c,8db30369-f76c-4629-a6d6-a2a50959835a,a7e93193-d6a7-4f39-b11b-6ceb9b0a17f1,2026-04-27,unavailable,,,2026-04-26T16:27:59.756083+00:00,2026-04-26T16:27:59.574+00:00,,,
fcfea1cf-8a58-4463-8b1f-66b585be7e5e,e24c0340-b8f8-40e6-8346-fedd8d255826,a7e93193-d6a7-4f39-b11b-6ceb9b0a17f1,2026-04-27,unavailable,,,2026-04-26T16:27:59.756083+00:00,2026-04-26T16:27:59.574+00:00,,,
13345bf8-606c-43f9-9c93-daca423a305f,b9b71f11-fb3e-4476-8b78-7404bdae5973,a7e93193-d6a7-4f39-b11b-6ceb9b0a17f1,2026-04-27,unavailable,,,2026-04-26T16:27:59.756083+00:00,2026-04-26T16:27:59.574+00:00,,,
64eee29f-fd5c-4591-8313-fa7b4938b992,269969e8-9b32-48b2-ad34-e9eb10892aa0,a7e93193-d6a7-4f39-b11b-6ceb9b0a17f1,2026-04-27,unavailable,,,2026-04-26T16:27:59.756083+00:00,2026-04-26T16:27:59.574+00:00,,,
699efa48-8068-442e-b124-aa6cf5cb2432,05bf9d69-e5d2-48cb-9592-6325e9b0cb39,a7e93193-d6a7-4f39-b11b-6ceb9b0a17f1,2026-04-27,unavailable,,,2026-04-26T16:27:59.756083+00:00,2026-04-26T16:27:59.574+00:00,,,
39fafa8b-d111-452d-b387-52cc68c84ecb,932a215a-a3c9-4327-8839-53e7802676c2,a7e93193-d6a7-4f39-b11b-6ceb9b0a17f1,2026-04-27,unavailable,,,2026-04-26T16:27:59.756083+00:00,2026-04-26T16:27:59.574+00:00,,,
fbfbd35b-e1f4-4816-b61f-487d1011276d,11be587c-f07a-4b41-94bc-757516dda887,a7e93193-d6a7-4f39-b11b-6ceb9b0a17f1,2026-04-27,unavailable,,,2026-04-26T16:27:59.756083+00:00,2026-04-26T16:27:59.574+00:00,,,
2b9dbe0b-d284-4a17-bd87-b1c147975d10,8ee929fd-00ee-4ed8-9cc5-1bac874eb3d3,a7e93193-d6a7-4f39-b11b-6ceb9b0a17f1,2026-04-27,unavailable,,,2026-04-26T16:27:59.756083+00:00,2026-04-26T16:27:59.574+00:00,,,
33130759-b739-4a55-b9ee-862457093d2e,3c8b8fbc-4f9e-4953-a4bd-37799b337807,a7e93193-d6a7-4f39-b11b-6ceb9b0a17f1,2026-04-27,unavailable,,,2026-04-26T16:27:59.756083+00:00,2026-04-26T16:27:59.574+00:00,,,
daffb550-7b6f-416c-b323-7c7e36354257,28a2c4c0-22bf-4592-a7e7-88fd299fd33c,a7e93193-d6a7-4f39-b11b-6ceb9b0a17f1,2026-04-27,unavailable,,,2026-04-26T16:27:59.756083+00:00,2026-04-26T16:27:59.574+00:00,,,
62714b95-8293-4d91-bdbd-6b3627868aea,a65f4504-ba08-4da1-82ee-339201545673,a7e93193-d6a7-4f39-b11b-6ceb9b0a17f1,2026-04-27,unavailable,,,2026-04-26T16:27:59.756083+00:00,2026-04-26T16:27:59.574+00:00,,,
f891ac46-b9b1-4efe-9f73-5cb8b7046d67,3827a1e9-8eb7-4bcc-8fe4-a96d02378b92,a7e93193-d6a7-4f39-b11b-6ceb9b0a17f1,2026-04-27,unavailable,,,2026-04-26T16:27:59.756083+00:00,2026-04-26T16:27:59.574+00:00,,,
f9c83ad2-6e7a-4cdd-8dbb-009e1c19db23,7ccef569-6034-454f-bc79-4368995ec492,a7e93193-d6a7-4f39-b11b-6ceb9b0a17f1,2026-04-27,unavailable,,,2026-04-26T16:27:59.756083+00:00,2026-04-26T16:27:59.574+00:00,,,
59115891-2ee4-4507-b40e-5c46dcb17064,bc40e179-aea5-4151-92b0-fe927c84fba3,a7e93193-d6a7-4f39-b11b-6ceb9b0a17f1,2026-04-27,unavailable,,,2026-04-26T16:27:59.756083+00:00,2026-04-26T16:27:59.574+00:00,,,
61b80d06-1c48-44b7-a70a-6dde32c237e5,f78aa6c9-4936-4695-8e1f-26ab48dbab93,a7e93193-d6a7-4f39-b11b-6ceb9b0a17f1,2026-04-27,unavailable,,,2026-04-26T16:27:59.756083+00:00,2026-04-26T16:27:59.574+00:00,,,
b819aec0-9312-4ef1-a708-d9fa0dd387ad,96989aa8-bb4c-456d-8bb4-605939db7a97,a7e93193-d6a7-4f39-b11b-6ceb9b0a17f1,2026-04-27,unavailable,,,2026-04-26T16:27:59.756083+00:00,2026-04-26T16:27:59.574+00:00,,,
93dbdae9-9532-4683-ad7b-6f8c2c495436,99c52faa-b4fb-4403-a8c5-4880bc5d3691,a7e93193-d6a7-4f39-b11b-6ceb9b0a17f1,2026-04-27,unavailable,,,2026-04-26T16:27:59.756083+00:00,2026-04-26T16:27:59.574+00:00,,,
8737eeb9-ac5f-430c-93a2-0f5f1613d434,6e9d3e1b-8ead-4256-9d06-c0324b42f5ab,a7e93193-d6a7-4f39-b11b-6ceb9b0a17f1,2026-04-27,unavailable,,,2026-04-26T16:27:59.756083+00:00,2026-04-26T16:27:59.574+00:00,,,
d7917399-0ad8-4a54-8924-532b906e388c,d4827392-69e6-4ecd-838d-fc9e8ce847cf,a7e93193-d6a7-4f39-b11b-6ceb9b0a17f1,2026-04-27,unavailable,,,2026-04-26T16:27:59.756083+00:00,2026-04-26T16:27:59.574+00:00,,,
725e350a-b557-4c62-82a5-749e43a5015a,38fcc94f-ba33-46f6-a1bb-3204823e9cb8,a7e93193-d6a7-4f39-b11b-6ceb9b0a17f1,2026-04-27,unavailable,,,2026-04-26T16:27:59.756083+00:00,2026-04-26T16:27:59.574+00:00,,,
c4eb8878-922f-4b42-a380-c6fab878ea8c,04cc3ab8-f1fa-4e6c-a4aa-9a4d53f1dc53,a7e93193-d6a7-4f39-b11b-6ceb9b0a17f1,2026-04-27,unavailable,,,2026-04-26T16:27:59.756083+00:00,2026-04-26T16:27:59.574+00:00,,,
70f359d3-902d-4f9c-b14c-a61c8cb82b38,56f75098-ef8d-4fde-86e8-fbfa21bd8964,a7e93193-d6a7-4f39-b11b-6ceb9b0a17f1,2026-04-27,unavailable,,,2026-04-26T16:27:59.756083+00:00,2026-04-26T16:27:59.574+00:00,,,
f246ab22-75b0-4289-97e7-95501b66e1c0,b0c6ac67-3d61-415c-8d9a-8683b6ea618d,a7e93193-d6a7-4f39-b11b-6ceb9b0a17f1,2026-04-27,unavailable,,,2026-04-26T16:27:59.756083+00:00,2026-04-26T16:27:59.574+00:00,,,
caad78b9-cbae-4d8a-afe8-296b540038dc,1112445f-aba5-4629-b399-08d2c0baf4f8,a7e93193-d6a7-4f39-b11b-6ceb9b0a17f1,2026-04-27,unavailable,,,2026-04-26T16:27:59.756083+00:00,2026-04-26T16:27:59.574+00:00,,,
cfbba359-968a-42db-b6fa-d2b2586b9764,9b9060f3-6432-46c9-a091-a3d8e9560bb2,a7e93193-d6a7-4f39-b11b-6ceb9b0a17f1,2026-04-27,unavailable,,,2026-04-26T16:27:59.756083+00:00,2026-04-26T16:27:59.574+00:00,,,
a4c15a08-c0bd-4e85-a38c-14e3ed4f6ee5,af7f71ef-2b78-4595-ac2c-0a38c88a3ec9,a7e93193-d6a7-4f39-b11b-6ceb9b0a17f1,2026-04-27,unavailable,,,2026-04-26T16:27:59.756083+00:00,2026-04-26T16:27:59.574+00:00,,,
fbb54665-81f0-4aad-b450-36e146d8d445,264f35ff-4ff6-4417-91d3-f5d170297d71,a7e93193-d6a7-4f39-b11b-6ceb9b0a17f1,2026-04-27,unavailable,,,2026-04-26T16:27:59.756083+00:00,2026-04-26T16:27:59.574+00:00,,,
a3cb7250-ed61-428f-9c7b-911c3056d590,3b3371ba-d791-4f27-acd1-c9be0931ac67,a7e93193-d6a7-4f39-b11b-6ceb9b0a17f1,2026-04-27,unavailable,,,2026-04-26T16:27:59.756083+00:00,2026-04-26T16:27:59.574+00:00,,,
b35c90d4-9be6-4617-968d-395b03f82a81,6a8c2c77-2947-4263-b6a0-3ad7a26dd66c,a7e93193-d6a7-4f39-b11b-6ceb9b0a17f1,2026-04-27,unavailable,,,2026-04-26T16:27:59.756083+00:00,2026-04-26T16:27:59.574+00:00,,,
35837f84-c10c-473b-805b-28fa4b2c0fc2,d45982d6-a597-419b-8f2e-7321660ab99a,a7e93193-d6a7-4f39-b11b-6ceb9b0a17f1,2026-04-27,unavailable,,,2026-04-26T16:27:59.756083+00:00,2026-04-26T16:27:59.574+00:00,,,
bf2d865e-350c-4ef5-b0ad-98b6077931e9,e662ef45-6aed-4a2e-ab16-cead317ac5b0,a7e93193-d6a7-4f39-b11b-6ceb9b0a17f1,2026-04-27,unavailable,,,2026-04-26T16:27:59.756083+00:00,2026-04-26T16:27:59.574+00:00,,,
5f749ec5-87d1-4e50-b683-902124406699,79baadf2-9252-4ed8-bc44-5f183e823ed6,a7e93193-d6a7-4f39-b11b-6ceb9b0a17f1,2026-04-27,unavailable,,,2026-04-26T16:27:59.756083+00:00,2026-04-26T16:27:59.574+00:00,,,
7d0c022f-2a7a-4921-95f8-c90a5137e882,7761e060-b17e-4cdf-811a-ddb5846d266e,a7e93193-d6a7-4f39-b11b-6ceb9b0a17f1,2026-04-27,unavailable,,,2026-04-26T16:27:59.756083+00:00,2026-04-26T16:27:59.574+00:00,,,
4a8dd96c-3d07-440f-99fc-9a8038e24be8,0b56583d-f70a-49bd-a226-d86b7983ad6c,a7e93193-d6a7-4f39-b11b-6ceb9b0a17f1,2026-04-27,unavailable,,,2026-04-26T16:27:59.756083+00:00,2026-04-26T16:27:59.574+00:00,,,
67c7f655-0567-4c51-9331-b41c358ae322,1e6a3cbe-88f7-4cf8-b0d8-b5c6d24cc7b5,a7e93193-d6a7-4f39-b11b-6ceb9b0a17f1,2026-04-27,unavailable,,,2026-04-26T16:27:59.756083+00:00,2026-04-26T16:27:59.574+00:00,,,
66459001-8e09-4414-b01a-d45c3065acdf,fea7d0a4-a2d7-4f78-8c00-7a0890303058,a7e93193-d6a7-4f39-b11b-6ceb9b0a17f1,2026-04-27,unavailable,,,2026-04-26T16:27:59.756083+00:00,2026-04-26T16:27:59.574+00:00,,,
64fdbc91-2cd0-49df-9868-22498fd508b0,c3573a8c-ee80-4e96-90b2-faedf186756a,a7e93193-d6a7-4f39-b11b-6ceb9b0a17f1,2026-04-27,unavailable,,,2026-04-26T16:27:59.756083+00:00,2026-04-26T16:27:59.574+00:00,,,
81c9d429-5bea-4ea3-b376-d3c2f86ec7c3,324152b2-0646-40d1-be88-877c753f6ef2,a7e93193-d6a7-4f39-b11b-6ceb9b0a17f1,2026-04-27,unavailable,,,2026-04-26T16:27:59.756083+00:00,2026-04-26T16:27:59.574+00:00,,,
b83247aa-14ce-4485-b92c-aaaf9229b2a2,7c8d4998-c5bb-4845-a3e4-444d47ebc795,a7e93193-d6a7-4f39-b11b-6ceb9b0a17f1,2026-04-27,unavailable,,,2026-04-26T16:27:59.756083+00:00,2026-04-26T16:27:59.574+00:00,,,
044b971d-aec0-4289-8767-0432fbed1d0a,3ddd0c43-44b1-49d6-92f3-047dbc5407c2,a7e93193-d6a7-4f39-b11b-6ceb9b0a17f1,2026-04-27,unavailable,,,2026-04-26T16:27:59.756083+00:00,2026-04-26T16:27:59.574+00:00,,,
f77195c7-c50d-41d7-903c-42e1694f4920,dfd11754-81a7-4667-9c5e-f72a6f06c6a1,a7e93193-d6a7-4f39-b11b-6ceb9b0a17f1,2026-04-27,unavailable,,,2026-04-26T16:27:59.756083+00:00,2026-04-26T16:27:59.574+00:00,,,
509b5706-e348-48fb-86c9-2cac3517a23e,76a7e596-d654-4fa0-b7ab-4d60ee3da1cb,a7e93193-d6a7-4f39-b11b-6ceb9b0a17f1,2026-04-27,unavailable,,,2026-04-26T16:27:59.756083+00:00,2026-04-26T16:27:59.574+00:00,,,
abb45e14-576b-42e9-9cd8-a08ffb78d323,38af6777-f227-4692-8704-1fe94901ac9f,a7e93193-d6a7-4f39-b11b-6ceb9b0a17f1,2026-04-27,unavailable,,,2026-04-26T16:27:59.756083+00:00,2026-04-26T16:27:59.574+00:00,,,
7407a557-bee1-4adb-bf01-d24cf828e1bb,258b9b82-338f-4fef-a2ec-fd339af13b9a,a7e93193-d6a7-4f39-b11b-6ceb9b0a17f1,2026-04-27,unavailable,,,2026-04-26T16:27:59.756083+00:00,2026-04-26T16:27:59.574+00:00,,,
7c2b3deb-d0e3-404d-80cb-81bd4d008a77,2eaadb66-8823-4457-a67a-eaed6282bc1f,a7e93193-d6a7-4f39-b11b-6ceb9b0a17f1,2026-04-27,unavailable,,,2026-04-26T16:27:59.756083+00:00,2026-04-26T16:27:59.574+00:00,,,
7bdbf491-270b-4de0-932d-907537655613,ad048662-fccc-44a6-b61e-5b92abe57761,a7e93193-d6a7-4f39-b11b-6ceb9b0a17f1,2026-04-27,unavailable,,,2026-04-26T16:27:59.756083+00:00,2026-04-26T16:27:59.574+00:00,,,
6a4819ad-7376-405f-9316-1c78d158b18e,1a420063-ba38-4d7b-9dad-82b18a3fb04e,a7e93193-d6a7-4f39-b11b-6ceb9b0a17f1,2026-04-27,unavailable,,,2026-04-26T16:27:59.756083+00:00,2026-04-26T16:27:59.574+00:00,,,
dd7a650f-79ca-4cf3-b7d6-d293ea9eeb88,5ccbb607-f815-4a7f-b90c-feddcc6be27e,a7e93193-d6a7-4f39-b11b-6ceb9b0a17f1,2026-04-27,unavailable,,,2026-04-26T16:27:59.756083+00:00,2026-04-26T16:27:59.574+00:00,,,
bfd0bc81-97b6-4adb-8e82-8c2d1cff4217,4e61147f-1e4a-4c78-9aad-365a3a25406b,a7e93193-d6a7-4f39-b11b-6ceb9b0a17f1,2026-04-27,unavailable,,,2026-04-26T16:27:59.756083+00:00,2026-04-26T16:27:59.574+00:00,,,
3c3a1547-2ea6-4535-a0e5-d0700ca60113,de69bc0d-febf-4b24-8450-eb1dd74bd7d8,a7e93193-d6a7-4f39-b11b-6ceb9b0a17f1,2026-04-27,unavailable,,,2026-04-26T16:27:59.756083+00:00,2026-04-26T16:27:59.574+00:00,,,
e865f971-06e9-4477-aa26-b89fb69a0e0b,511d5694-6147-4322-960a-eb6e5cd1e291,a7e93193-d6a7-4f39-b11b-6ceb9b0a17f1,2026-04-27,unavailable,,,2026-04-26T16:27:59.756083+00:00,2026-04-26T16:27:59.574+00:00,,,
83120430-3d00-45d2-b39e-9c20dbdc0bd0,ffbc1a44-8403-4ff8-98d1-fa7a17336156,a7e93193-d6a7-4f39-b11b-6ceb9b0a17f1,2026-04-27,unavailable,,,2026-04-26T16:27:59.756083+00:00,2026-04-26T16:27:59.574+00:00,,,
a5c03507-21f5-495b-b35b-117d47209754,cbdadcf6-1004-4020-87e2-c3b5be4fd2dd,a7e93193-d6a7-4f39-b11b-6ceb9b0a17f1,2026-04-27,unavailable,,,2026-04-26T16:27:59.756083+00:00,2026-04-26T16:27:59.574+00:00,,,
36d69bb5-04be-4ed8-a733-793ed4937ad8,69606083-2432-4ab8-9738-516864868879,a7e93193-d6a7-4f39-b11b-6ceb9b0a17f1,2026-04-27,unavailable,,,2026-04-26T16:27:59.756083+00:00,2026-04-26T16:27:59.574+00:00,,,
91fcb790-98e9-45ef-bde2-63817b64cbef,00bbde0b-08ee-4abd-8ede-4072e5a9b7ef,a7e93193-d6a7-4f39-b11b-6ceb9b0a17f1,2026-04-27,unavailable,,,2026-04-26T16:27:59.756083+00:00,2026-04-26T16:27:59.574+00:00,,,
bd5d40c7-668f-485a-b03c-793ba708dcec,cd22ecb1-9eea-4ce8-ac14-289d2e8f5e9c,a7e93193-d6a7-4f39-b11b-6ceb9b0a17f1,2026-04-27,unavailable,,,2026-04-26T16:27:59.756083+00:00,2026-04-26T16:27:59.574+00:00,,,
15e5831e-c21d-4758-b7c4-3d8fb7e31d94,2f04860a-b177-4a1c-8af1-08b2ac1ad567,a7e93193-d6a7-4f39-b11b-6ceb9b0a17f1,2026-04-27,unavailable,,,2026-04-26T16:27:59.756083+00:00,2026-04-26T16:27:59.574+00:00,,,
77b48a3b-bcb1-449e-b6ee-ada6d374125b,cbf76c50-2ebd-4fee-a8a3-0eab9d8366ee,a7e93193-d6a7-4f39-b11b-6ceb9b0a17f1,2026-04-27,unavailable,,,2026-04-26T16:27:59.756083+00:00,2026-04-26T16:27:59.574+00:00,,,
5a7aed98-4315-4ffa-b62f-10e7c99e0a43,1029d612-5e08-4acb-a939-a54b768987fd,a7e93193-d6a7-4f39-b11b-6ceb9b0a17f1,2026-04-27,unavailable,,,2026-04-26T16:27:59.756083+00:00,2026-04-26T16:27:59.574+00:00,,,
55ea2a5c-b666-41f6-9273-13965e7d506a,cb2f08e7-057b-4cb0-a9f0-b041a5b2e8dc,a7e93193-d6a7-4f39-b11b-6ceb9b0a17f1,2026-04-27,unavailable,,,2026-04-26T16:27:59.756083+00:00,2026-04-26T16:27:59.574+00:00,,,
b4c4a34d-fcd3-4d1b-8d8c-736f7c974335,d00c8ebc-9fbe-4581-9e90-068368dde389,a7e93193-d6a7-4f39-b11b-6ceb9b0a17f1,2026-04-27,unavailable,,,2026-04-26T16:27:59.756083+00:00,2026-04-26T16:27:59.574+00:00,,,
dc1f0db9-db6f-407d-87cc-621b72f8a339,df88a062-1568-4a88-ac22-499b4effa2db,a7e93193-d6a7-4f39-b11b-6ceb9b0a17f1,2026-04-27,unavailable,,,2026-04-26T16:27:59.756083+00:00,2026-04-26T16:27:59.574+00:00,,,
5511b7a7-e73e-4894-b0fb-ea7831286b27,8fe53475-a2ce-4dd6-802b-19151fab1430,a7e93193-d6a7-4f39-b11b-6ceb9b0a17f1,2026-04-27,unavailable,,,2026-04-26T16:27:59.756083+00:00,2026-04-26T16:27:59.574+00:00,,,
51a93765-cf34-4957-9764-c9714c515aa4,f43cda55-dd93-4947-ae92-1129a86c1d82,a7e93193-d6a7-4f39-b11b-6ceb9b0a17f1,2026-04-27,unavailable,,,2026-04-26T16:27:59.756083+00:00,2026-04-26T16:27:59.574+00:00,,,
d673b904-a3e2-488e-b9ae-98070a48d7b8,d7c99f48-1aa3-45ea-a247-2d7262cc3929,a7e93193-d6a7-4f39-b11b-6ceb9b0a17f1,2026-04-27,unavailable,,,2026-04-26T16:27:59.756083+00:00,2026-04-26T16:27:59.574+00:00,,,
1e1cbc49-7e20-4416-9d33-ba8f97485c67,0c7cb9cf-e1ea-4476-ae2c-972475824bcb,a7e93193-d6a7-4f39-b11b-6ceb9b0a17f1,2026-04-27,unavailable,,,2026-04-26T16:27:59.756083+00:00,2026-04-26T16:27:59.574+00:00,,,
dde61faf-dd93-43bc-b417-a36155a06345,3a6f4115-4ec8-4772-abf6-144d0e48214b,a7e93193-d6a7-4f39-b11b-6ceb9b0a17f1,2026-04-27,unavailable,,,2026-04-26T16:27:59.756083+00:00,2026-04-26T16:27:59.574+00:00,,,
db91b0fe-b492-42a2-981e-6624a73dfd54,de38634a-5fba-4125-835d-f248ee29f830,a7e93193-d6a7-4f39-b11b-6ceb9b0a17f1,2026-04-27,unavailable,,,2026-04-26T16:27:59.756083+00:00,2026-04-26T16:27:59.574+00:00,,,
9601a0c5-b01f-4b59-877f-4d153442e40f,947e461d-8872-41ee-b7de-9b7ecce25287,a7e93193-d6a7-4f39-b11b-6ceb9b0a17f1,2026-04-27,unavailable,,,2026-04-26T16:27:59.756083+00:00,2026-04-26T16:27:59.574+00:00,,,
2993f455-5e31-4025-a1ff-e3a339209f39,c314664e-d9e7-4d46-aa69-64a1ca26f59b,a7e93193-d6a7-4f39-b11b-6ceb9b0a17f1,2026-04-27,unavailable,,,2026-04-26T16:27:59.756083+00:00,2026-04-26T16:27:59.574+00:00,,,
821a96fa-13b5-4dcd-be6b-dd4f53989804,86f5e406-a161-4e7a-b8e6-f0db8a178694,a7e93193-d6a7-4f39-b11b-6ceb9b0a17f1,2026-04-27,unavailable,,,2026-04-26T16:27:59.756083+00:00,2026-04-26T16:27:59.574+00:00,,,
9fd34863-acfa-4b7c-b70a-913a20658cdc,abbb81a1-4121-4a72-b684-74c6430b7051,a7e93193-d6a7-4f39-b11b-6ceb9b0a17f1,2026-04-27,unavailable,,,2026-04-26T16:27:59.756083+00:00,2026-04-26T16:27:59.574+00:00,,,
bfbe856d-3b92-4043-948b-a997ff2e0ba0,da0edabf-c611-4f36-ab53-1fd0188e5464,a7e93193-d6a7-4f39-b11b-6ceb9b0a17f1,2026-04-27,unavailable,,,2026-04-26T16:27:59.756083+00:00,2026-04-26T16:27:59.574+00:00,,,
501eeadb-9c57-4c1c-98d6-1f1ea0350a32,a8bb4cea-3aad-45ff-96c4-a5af02335e12,a7e93193-d6a7-4f39-b11b-6ceb9b0a17f1,2026-04-27,unavailable,,,2026-04-26T16:27:59.756083+00:00,2026-04-26T16:27:59.574+00:00,,,
343d7f55-a6da-4272-9037-36559192718a,4e6a0de1-43b6-4120-a6cd-ef1457e85a6e,a7e93193-d6a7-4f39-b11b-6ceb9b0a17f1,2026-04-27,unavailable,,,2026-04-26T16:27:59.756083+00:00,2026-04-26T16:27:59.574+00:00,,,
acddd1cb-56a2-4080-9758-8cdf419fda44,76881990-2ec7-40b9-8ea1-579a5e1192ad,a7e93193-d6a7-4f39-b11b-6ceb9b0a17f1,2026-04-27,unavailable,,,2026-04-26T16:27:59.756083+00:00,2026-04-26T16:27:59.574+00:00,,,
f6f2dbbc-63a8-4669-b91c-113f8b63f8f8,cfb3d243-a1fd-4330-bfce-7e9f169f8277,a7e93193-d6a7-4f39-b11b-6ceb9b0a17f1,2026-04-27,unavailable,,,2026-04-26T16:27:59.756083+00:00,2026-04-26T16:27:59.574+00:00,,,
12cf1c9c-ba7d-4385-a94b-5669f61b424e,0415b9aa-5c61-4f79-9479-7dce2c76d1a8,a7e93193-d6a7-4f39-b11b-6ceb9b0a17f1,2026-04-27,unavailable,,,2026-04-26T16:27:59.756083+00:00,2026-04-26T16:27:59.574+00:00,,,
243304a6-31a7-4d24-a378-4a6ce6959546,13ac7479-762b-4fc2-b36c-b94223caf3d5,a7e93193-d6a7-4f39-b11b-6ceb9b0a17f1,2026-04-27,unavailable,,,2026-04-26T16:27:59.756083+00:00,2026-04-26T16:27:59.574+00:00,,,
ed5ff5d4-7bd2-4bfe-9d71-83dd0396b610,41197272-bc0f-47b6-8d09-56f414d3035b,a7e93193-d6a7-4f39-b11b-6ceb9b0a17f1,2026-04-27,unavailable,,,2026-04-26T16:27:59.756083+00:00,2026-04-26T16:27:59.574+00:00,,,
2caef70d-7d9e-43a2-a7af-9da1977e7a61,c451e667-831d-4237-9b09-79123b641d17,a7e93193-d6a7-4f39-b11b-6ceb9b0a17f1,2026-04-27,unavailable,,,2026-04-26T16:27:59.756083+00:00,2026-04-26T16:27:59.574+00:00,,,
3692a764-2672-4fbd-a8aa-a510b1c38642,0f564608-78ba-405b-bd40-8d80a71c196e,a7e93193-d6a7-4f39-b11b-6ceb9b0a17f1,2026-04-27,unavailable,,,2026-04-26T16:27:59.756083+00:00,2026-04-26T16:27:59.574+00:00,,,
4dcd9d03-5a8b-453b-9106-9a15c42187d8,ead59b1d-eeed-486b-8bf7-a3aaf55caa2b,a7e93193-d6a7-4f39-b11b-6ceb9b0a17f1,2026-04-27,unavailable,,,2026-04-26T16:27:59.756083+00:00,2026-04-26T16:27:59.574+00:00,,,
5b8e238d-dd32-4b79-8091-b9661905638c,27e7c46d-f7dd-4593-9578-85a9c38acf4e,a7e93193-d6a7-4f39-b11b-6ceb9b0a17f1,2026-04-27,unavailable,,,2026-04-26T16:27:59.756083+00:00,2026-04-26T16:27:59.574+00:00,,,
42d12e02-cb96-4a46-93dd-8ce56dacee54,aef966a7-cec2-4f64-a7c5-f461033d608a,a7e93193-d6a7-4f39-b11b-6ceb9b0a17f1,2026-04-27,unavailable,,,2026-04-26T16:27:59.756083+00:00,2026-04-26T16:27:59.574+00:00,,,
10c7173c-d004-4293-9ae2-00b7342c6107,8bbedffc-40e5-4f97-9e56-962bea1c24a4,a7e93193-d6a7-4f39-b11b-6ceb9b0a17f1,2026-04-27,unavailable,,,2026-04-26T16:27:59.756083+00:00,2026-04-26T16:27:59.574+00:00,,,
790fb540-29fc-495c-9e47-76929f090a0b,4cab8fc9-fc23-4a60-9cf8-8a1b08ef6e04,a7e93193-d6a7-4f39-b11b-6ceb9b0a17f1,2026-04-27,unavailable,,,2026-04-26T16:27:59.756083+00:00,2026-04-26T16:27:59.574+00:00,,,
a8ee410d-37fb-456d-8e9c-e9c0d5938c4f,7aab3ed9-e8d8-4bf0-877b-d0e9722a850b,a7e93193-d6a7-4f39-b11b-6ceb9b0a17f1,2026-04-27,unavailable,,,2026-04-26T16:27:59.756083+00:00,2026-04-26T16:27:59.574+00:00,,,
f5bf7980-5f92-4b91-9960-ea2d5dd63037,a976be5b-40c5-4152-9f0d-5b4ef48dd44b,a7e93193-d6a7-4f39-b11b-6ceb9b0a17f1,2026-04-27,unavailable,,,2026-04-26T16:27:59.756083+00:00,2026-04-26T16:27:59.574+00:00,,,
71ac24fe-a00d-4565-bf45-41ac1cd5c37a,fd29e7ff-5086-468d-85a1-7f73829dd930,a7e93193-d6a7-4f39-b11b-6ceb9b0a17f1,2026-04-27,unavailable,,,2026-04-26T16:27:59.756083+00:00,2026-04-26T16:27:59.574+00:00,,,
f369d685-1c64-4c6b-ba97-7d40baa5b430,1d0c7241-19a1-401d-a709-4f16ed53f990,a7e93193-d6a7-4f39-b11b-6ceb9b0a17f1,2026-04-27,unavailable,,,2026-04-26T16:27:59.756083+00:00,2026-04-26T16:27:59.574+00:00,,,
133fdc20-a1f7-4534-a2eb-5a9d09b2a8d4,4013f053-8031-4c99-852b-aa0682793bca,a7e93193-d6a7-4f39-b11b-6ceb9b0a17f1,2026-04-27,unavailable,,,2026-04-26T16:27:59.756083+00:00,2026-04-26T16:27:59.574+00:00,,,
07353650-f063-491f-89a5-ae75563cc1e7,90570ad5-2c58-4ab5-a1bd-a7dc59a50222,a7e93193-d6a7-4f39-b11b-6ceb9b0a17f1,2026-04-27,unavailable,,,2026-04-26T16:27:59.756083+00:00,2026-04-26T16:27:59.574+00:00,,,
f3f86480-cabe-4b3c-841b-4db6d8ca3709,c8bbe30a-a177-430d-86c5-6616a6f62a0d,a7e93193-d6a7-4f39-b11b-6ceb9b0a17f1,2026-04-27,unavailable,,,2026-04-26T16:27:59.756083+00:00,2026-04-26T16:27:59.574+00:00,,,
bd034c08-3cc5-4793-a754-26968330b45b,332f1a66-feeb-4e51-8c9f-db3ac84453f3,a7e93193-d6a7-4f39-b11b-6ceb9b0a17f1,2026-04-27,unavailable,,,2026-04-26T16:27:59.756083+00:00,2026-04-26T16:27:59.574+00:00,,,
980fd8ab-6581-4bef-a79a-f80aa4deee0a,7a452ff1-9cab-4d77-8e7f-81ab30889099,a7e93193-d6a7-4f39-b11b-6ceb9b0a17f1,2026-04-27,unavailable,,,2026-04-26T16:27:59.756083+00:00,2026-04-26T16:27:59.574+00:00,,,
aee93408-18fe-4ad4-8752-b89b35a2e397,cd0f66ef-f670-46a5-983a-60066c8c2825,a7e93193-d6a7-4f39-b11b-6ceb9b0a17f1,2026-04-27,unavailable,,,2026-04-26T16:27:59.756083+00:00,2026-04-26T16:27:59.574+00:00,,,
5b4d1204-ccfa-473a-b7ec-e59d19cca57b,185693e3-9895-45d7-ab62-3562a30a27e7,a7e93193-d6a7-4f39-b11b-6ceb9b0a17f1,2026-04-27,unavailable,,,2026-04-26T16:27:59.756083+00:00,2026-04-26T16:27:59.574+00:00,,,
0610bef7-0231-442e-9210-5fffb042b250,5d9fdebd-7dde-4fd3-9c41-021a59a373a0,a7e93193-d6a7-4f39-b11b-6ceb9b0a17f1,2026-04-27,unavailable,,,2026-04-26T16:27:59.756083+00:00,2026-04-26T16:27:59.574+00:00,,,
2b990bba-897c-4920-a40c-fcf53c821d5a,89c1246f-c6d6-48c1-b253-ac897aeb1d11,a7e93193-d6a7-4f39-b11b-6ceb9b0a17f1,2026-04-27,unavailable,,,2026-04-26T16:27:59.756083+00:00,2026-04-26T16:27:59.574+00:00,,,
d9e8669d-bea2-46ae-85f9-b7d87f09fbe6,9c203b49-8a07-4319-aae9-fcfd68b34579,a7e93193-d6a7-4f39-b11b-6ceb9b0a17f1,2026-04-27,unavailable,,,2026-04-26T16:27:59.756083+00:00,2026-04-26T16:27:59.574+00:00,,,
be92a3b7-8879-4894-8d12-46ff886cb02e,d2d14373-69ff-4301-81a2-ba77a96b56cd,a7e93193-d6a7-4f39-b11b-6ceb9b0a17f1,2026-04-27,unavailable,,,2026-04-26T16:27:59.756083+00:00,2026-04-26T16:27:59.574+00:00,,,
0ba3f2d1-0edf-4d1f-8ff7-db8b0ecec9c8,7387900d-0b1d-4fe5-b9e6-7c968c2003b3,a7e93193-d6a7-4f39-b11b-6ceb9b0a17f1,2026-04-27,unavailable,,,2026-04-26T16:27:59.756083+00:00,2026-04-26T16:27:59.574+00:00,,,
23e79030-5ca6-4d52-9e42-ff94b306b8ad,22370f93-2d06-4891-841e-4cf159e301ca,a7e93193-d6a7-4f39-b11b-6ceb9b0a17f1,2026-04-27,unavailable,,,2026-04-26T16:27:59.756083+00:00,2026-04-26T16:27:59.574+00:00,,,
e850d5ac-5762-4d38-aef6-fa02c6ccc8b4,0ca63d24-8e2c-4cb8-af36-ceb8ced7f103,a7e93193-d6a7-4f39-b11b-6ceb9b0a17f1,2026-04-27,unavailable,,,2026-04-26T16:27:59.756083+00:00,2026-04-26T16:27:59.574+00:00,,,
8992535b-6819-4a6d-ac07-58e51d4cbaf2,924c513c-c422-4c24-9515-e4544f493394,a7e93193-d6a7-4f39-b11b-6ceb9b0a17f1,2026-04-27,unavailable,,,2026-04-26T16:27:59.756083+00:00,2026-04-26T16:27:59.574+00:00,,,
5216412f-f658-44f7-ac65-3c71c89fd9a1,79bea6a3-4268-4ae7-8665-deb6b1cf1a9a,a7e93193-d6a7-4f39-b11b-6ceb9b0a17f1,2026-04-27,unavailable,,,2026-04-26T16:27:59.756083+00:00,2026-04-26T16:27:59.574+00:00,,,
c272b58b-d1b2-4498-9125-021501ec6679,e0562212-cda5-4a74-ac19-db857f843dbd,a7e93193-d6a7-4f39-b11b-6ceb9b0a17f1,2026-04-27,unavailable,,,2026-04-26T16:27:59.756083+00:00,2026-04-26T16:27:59.574+00:00,,,
8ff3e235-7467-4bdc-943f-d1bc7548b201,35f4a879-0b57-4581-9e91-c47200a23c78,a7e93193-d6a7-4f39-b11b-6ceb9b0a17f1,2026-04-27,unavailable,,,2026-04-26T16:27:59.756083+00:00,2026-04-26T16:27:59.574+00:00,,,
73c77303-5b67-49dc-b535-26045a9c7573,c0b5e2df-b927-4ac5-99f5-4368965722ab,a7e93193-d6a7-4f39-b11b-6ceb9b0a17f1,2026-04-27,unavailable,,,2026-04-26T16:27:59.756083+00:00,2026-04-26T16:27:59.574+00:00,,,
3a71c6dd-f60c-424f-a89b-420112e3befe,b66e80d0-7f23-44ac-a6d3-5db4212284e6,a7e93193-d6a7-4f39-b11b-6ceb9b0a17f1,2026-04-27,unavailable,,,2026-04-26T16:27:59.756083+00:00,2026-04-26T16:27:59.574+00:00,,,
ea8df0a3-6372-4642-a2b3-d20714145937,4acd4dc2-eb69-48a4-8f0d-dc509f93beb4,a7e93193-d6a7-4f39-b11b-6ceb9b0a17f1,2026-04-27,unavailable,,,2026-04-26T16:27:59.756083+00:00,2026-04-26T16:27:59.574+00:00,,,
e9c47920-2448-4edb-b501-0006885aa968,604ea0ee-856f-4bd8-90a3-a067244e31db,a7e93193-d6a7-4f39-b11b-6ceb9b0a17f1,2026-04-27,unavailable,,,2026-04-26T16:27:59.756083+00:00,2026-04-26T16:27:59.574+00:00,,,
7aa03368-2613-4355-be95-ef8e4fb68704,3c972950-a216-468e-b719-d3430d265c36,a7e93193-d6a7-4f39-b11b-6ceb9b0a17f1,2026-04-27,unavailable,,,2026-04-26T16:27:59.756083+00:00,2026-04-26T16:27:59.574+00:00,,,
694423a9-993d-49e0-bdc4-c3961559687c,2ec9bf07-c28b-4a11-809e-a7be42c4db76,a7e93193-d6a7-4f39-b11b-6ceb9b0a17f1,2026-04-27,unavailable,,,2026-04-26T16:27:59.756083+00:00,2026-04-26T16:27:59.574+00:00,,,
fff0114f-032a-40b4-ac1c-e81727dca53a,1d6856d9-51da-4f3d-9167-2140aa6f8eba,a7e93193-d6a7-4f39-b11b-6ceb9b0a17f1,2026-04-27,unavailable,,,2026-04-26T16:27:59.756083+00:00,2026-04-26T16:27:59.574+00:00,,,
d095ef01-55c8-492a-96bb-71846d03ff29,4f7e4826-6de8-458d-9fc7-dc135acf8c1e,a7e93193-d6a7-4f39-b11b-6ceb9b0a17f1,2026-04-27,unavailable,,,2026-04-26T16:27:59.756083+00:00,2026-04-26T16:27:59.574+00:00,,,
98f9e748-488e-4aaa-9114-9ea25f30764d,c60051a9-4d42-4198-bd08-b24181a2481d,a7e93193-d6a7-4f39-b11b-6ceb9b0a17f1,2026-04-27,unavailable,,,2026-04-26T16:27:59.756083+00:00,2026-04-26T16:27:59.574+00:00,,,
36ebd825-0ce2-4de2-ad51-ea8b88e8183c,39f683dd-6e80-43b8-9c10-8f9505093d6e,a7e93193-d6a7-4f39-b11b-6ceb9b0a17f1,2026-04-27,unavailable,,,2026-04-26T16:27:59.756083+00:00,2026-04-26T16:27:59.574+00:00,,,
b6c6c67b-724e-4cce-bdd7-1678a3603724,2e754b98-4d62-4dde-abae-8fad7eb099d3,a7e93193-d6a7-4f39-b11b-6ceb9b0a17f1,2026-04-27,unavailable,,,2026-04-26T16:27:59.756083+00:00,2026-04-26T16:27:59.574+00:00,,,
41c46b67-a712-4252-938f-ae53a889748a,b3abbd6a-b26d-4a7e-aa1a-d44346bf21b3,a7e93193-d6a7-4f39-b11b-6ceb9b0a17f1,2026-04-27,unavailable,,,2026-04-26T16:27:59.756083+00:00,2026-04-26T16:27:59.574+00:00,,,
0527be1d-8188-4fb5-935c-7e4cfa58e747,d87652f1-bb0b-444f-ad23-97c5c4d8b7de,a7e93193-d6a7-4f39-b11b-6ceb9b0a17f1,2026-04-27,unavailable,,,2026-04-26T16:27:59.756083+00:00,2026-04-26T16:27:59.574+00:00,,,
af4a278c-37ba-4a86-828a-e3d72e9eea45,09d6b27b-cbab-4ce2-b97b-cd849d5588b2,a7e93193-d6a7-4f39-b11b-6ceb9b0a17f1,2026-04-27,unavailable,,,2026-04-26T16:27:59.756083+00:00,2026-04-26T16:27:59.574+00:00,,,
c8dd1f53-34ac-440c-a912-6e9b9504f796,d17e62b0-3615-4ac3-8fb3-f9b22955600f,a7e93193-d6a7-4f39-b11b-6ceb9b0a17f1,2026-04-27,unavailable,,,2026-04-26T16:27:59.756083+00:00,2026-04-26T16:27:59.574+00:00,,,
c661a173-5249-4a76-b3d6-971955ee086d,27d10606-8e7f-4afa-8c12-ce177d2f7e31,a7e93193-d6a7-4f39-b11b-6ceb9b0a17f1,2026-04-27,unavailable,,,2026-04-26T16:27:59.756083+00:00,2026-04-26T16:27:59.574+00:00,,,
9b7d7741-ca0c-42e2-9843-c81dbb5db3f8,e9697f64-3351-4f0c-80a2-97693a2ea2e5,a7e93193-d6a7-4f39-b11b-6ceb9b0a17f1,2026-04-27,unavailable,,,2026-04-26T16:27:59.756083+00:00,2026-04-26T16:27:59.574+00:00,,,
f34aab48-e44a-4faa-bd9b-e123a267c1ef,a252243e-ee4b-4544-8a0f-5f1fdfc8cf78,a7e93193-d6a7-4f39-b11b-6ceb9b0a17f1,2026-04-27,unavailable,,,2026-04-26T16:27:59.756083+00:00,2026-04-26T16:27:59.574+00:00,,,
0f7915bd-0687-4a44-9ec1-c99f53f977a8,ec0e87bd-f105-4509-a148-beb9bf6eae42,a7e93193-d6a7-4f39-b11b-6ceb9b0a17f1,2026-04-27,unavailable,,,2026-04-26T16:27:59.756083+00:00,2026-04-26T16:27:59.574+00:00,,,
059115fa-fde7-4041-8bd0-b03e034ba540,9ba79172-9ab7-433c-a656-4b584d3eab1e,a7e93193-d6a7-4f39-b11b-6ceb9b0a17f1,2026-04-27,unavailable,,,2026-04-26T16:27:59.756083+00:00,2026-04-26T16:27:59.574+00:00,,,
723cb30b-0395-482f-a55d-9e456c3a398c,6c3dfe2a-d412-409f-a2b0-15345fbd2981,a7e93193-d6a7-4f39-b11b-6ceb9b0a17f1,2026-04-27,unavailable,,,2026-04-26T16:27:59.756083+00:00,2026-04-26T16:27:59.574+00:00,,,
3700857f-6a05-487f-bdb7-8151b3e93db3,98073499-8a1a-4ca5-99ad-0486e2769c76,a7e93193-d6a7-4f39-b11b-6ceb9b0a17f1,2026-04-27,unavailable,,,2026-04-26T16:27:59.756083+00:00,2026-04-26T16:27:59.574+00:00,,,
08e0d65d-a682-4470-aa4d-c49d45fd1e54,80e8b99d-e4fa-4b8d-b897-b9a26e96d8d3,a7e93193-d6a7-4f39-b11b-6ceb9b0a17f1,2026-04-27,unavailable,,,2026-04-26T16:27:59.756083+00:00,2026-04-26T16:27:59.574+00:00,,,
f1a783e9-aa89-4b1e-aa2a-cceca2892c9e,4be9d559-4c73-4ac4-90bf-cb2939b339f6,a7e93193-d6a7-4f39-b11b-6ceb9b0a17f1,2026-04-27,unavailable,,,2026-04-26T16:27:59.756083+00:00,2026-04-26T16:27:59.574+00:00,,,
d0a6aca8-7adf-4159-ba37-4ca92621a0ed,9f56c78e-827c-4cbe-bb50-b014f03485d7,a7e93193-d6a7-4f39-b11b-6ceb9b0a17f1,2026-04-27,unavailable,,,2026-04-26T16:27:59.756083+00:00,2026-04-26T16:27:59.574+00:00,,,
3548f708-4448-4e3a-abe1-e971482723ec,b7693f65-7b87-4620-a292-f9e60fd3cfa9,a7e93193-d6a7-4f39-b11b-6ceb9b0a17f1,2026-04-27,unavailable,,,2026-04-26T16:27:59.756083+00:00,2026-04-26T16:27:59.574+00:00,,,
8735bf49-57da-400d-9b65-8cbf9c532cfd,34ab878d-5fc3-40ab-8fb7-7c1496accbf0,a7e93193-d6a7-4f39-b11b-6ceb9b0a17f1,2026-04-27,unavailable,,,2026-04-26T16:27:59.756083+00:00,2026-04-26T16:27:59.574+00:00,,,
a70c3421-fd1f-4541-859d-0e91a40807a2,f74886a6-2688-4903-92e2-b277ac3871b9,a7e93193-d6a7-4f39-b11b-6ceb9b0a17f1,2026-04-27,unavailable,,,2026-04-26T16:27:59.756083+00:00,2026-04-26T16:27:59.574+00:00,,,
8aa3b7e5-94e9-42fa-9747-4b65d8c75800,ede7731f-5bf6-4a39-95f4-5d3301c929b8,a7e93193-d6a7-4f39-b11b-6ceb9b0a17f1,2026-04-27,unavailable,,,2026-04-26T16:27:59.756083+00:00,2026-04-26T16:27:59.574+00:00,,,
f1c11c13-ff6a-49ad-8860-8d199669cbc2,1b44a5a2-7c8e-4381-b545-3cecb689cce4,a7e93193-d6a7-4f39-b11b-6ceb9b0a17f1,2026-04-27,unavailable,,,2026-04-26T16:27:59.756083+00:00,2026-04-26T16:27:59.574+00:00,,,
e6f4c000-e8e9-480e-9368-0e45ba70639c,19a5d381-d434-4482-aee6-9b44308ff7d3,a7e93193-d6a7-4f39-b11b-6ceb9b0a17f1,2026-04-27,unavailable,,,2026-04-26T16:27:59.756083+00:00,2026-04-26T16:27:59.574+00:00,,,
0cfa87c0-2f7d-4ac5-b45f-931bd715b58f,d744e61c-c90f-4181-9247-ae706cf2295d,a7e93193-d6a7-4f39-b11b-6ceb9b0a17f1,2026-04-27,unavailable,,,2026-04-26T16:27:59.756083+00:00,2026-04-26T16:27:59.574+00:00,,,
562da4f6-8e2e-487f-892c-e9775c2f2f02,1b5e7f69-0650-4d5d-a6bf-e6d54d03f21e,a7e93193-d6a7-4f39-b11b-6ceb9b0a17f1,2026-04-27,unavailable,,,2026-04-26T16:27:59.756083+00:00,2026-04-26T16:27:59.574+00:00,,,
851117a6-6599-443a-8997-396ceda623e6,aef96fc8-88ea-48ab-bc0f-0c812c919007,a7e93193-d6a7-4f39-b11b-6ceb9b0a17f1,2026-04-27,unavailable,,,2026-04-26T16:27:59.756083+00:00,2026-04-26T16:27:59.574+00:00,,,
4ac9a51a-3bdc-4061-b9bc-702fa95ea862,a6a57270-840f-41ff-998e-0b1d3cefbe24,a7e93193-d6a7-4f39-b11b-6ceb9b0a17f1,2026-04-27,unavailable,,,2026-04-26T16:27:59.756083+00:00,2026-04-26T16:27:59.574+00:00,,,
5a518909-9c4e-467f-84a7-80da592f5c88,b78ea1c0-57d8-4155-bc7e-f9178f5c5ee1,a7e93193-d6a7-4f39-b11b-6ceb9b0a17f1,2026-04-27,unavailable,,,2026-04-26T16:27:59.756083+00:00,2026-04-26T16:27:59.574+00:00,,,
d0864fdc-ca2c-4ecb-995e-76aa14047fc2,7070a97e-2956-4082-b31e-c16321071149,a7e93193-d6a7-4f39-b11b-6ceb9b0a17f1,2026-04-27,unavailable,,,2026-04-26T16:27:59.756083+00:00,2026-04-26T16:27:59.574+00:00,,,
04670bcb-1874-4277-8dd1-7cfb9b5800a4,bbc3545a-c547-48c5-a757-735e33dc47ec,a7e93193-d6a7-4f39-b11b-6ceb9b0a17f1,2026-04-27,unavailable,,,2026-04-26T16:27:59.756083+00:00,2026-04-26T16:27:59.574+00:00,,,
351eeb8e-0dd3-4b24-8604-0f4438a320a3,2fc8d3e9-f161-405f-8246-6a15a6c237cb,a7e93193-d6a7-4f39-b11b-6ceb9b0a17f1,2026-04-27,unavailable,,,2026-04-26T16:27:59.756083+00:00,2026-04-26T16:27:59.574+00:00,,,
f7df9559-51df-4307-8a60-0dfe090efa6d,a2e7a71f-6efe-4d67-b41f-a1338754ff3b,a7e93193-d6a7-4f39-b11b-6ceb9b0a17f1,2026-04-27,unavailable,,,2026-04-26T16:27:59.756083+00:00,2026-04-26T16:27:59.574+00:00,,,
fd042d0a-cecb-4ca7-8120-395396083f82,407a2c77-9fc9-495a-ba00-749131cac905,a7e93193-d6a7-4f39-b11b-6ceb9b0a17f1,2026-04-27,unavailable,,,2026-04-26T16:27:59.756083+00:00,2026-04-26T16:27:59.574+00:00,,,
7e30a8c1-710a-4653-bdb3-d777be86695d,0dfe1789-64e1-4258-bf9b-f4b5deaa6bd9,a7e93193-d6a7-4f39-b11b-6ceb9b0a17f1,2026-04-27,unavailable,,,2026-04-26T16:27:59.756083+00:00,2026-04-26T16:27:59.574+00:00,,,
907ab28d-c8fd-434c-9698-ebd89a37255a,682a4581-1f29-4cd9-ba52-2bf5deb40807,a7e93193-d6a7-4f39-b11b-6ceb9b0a17f1,2026-04-27,unavailable,,,2026-04-26T16:27:59.756083+00:00,2026-04-26T16:27:59.574+00:00,,,
4c1cf7c1-a71a-4207-b213-f6e90a8fdf7e,0330dca4-2e34-4ccd-9ea0-e2eccbcb3ed9,a7e93193-d6a7-4f39-b11b-6ceb9b0a17f1,2026-04-27,unavailable,,,2026-04-26T16:27:59.756083+00:00,2026-04-26T16:27:59.574+00:00,,,
fd890a54-ca74-4bcf-8562-20b35c24be95,46d57a11-f9d2-47d0-9096-e6a7b9ed81ad,a7e93193-d6a7-4f39-b11b-6ceb9b0a17f1,2026-04-27,unavailable,,,2026-04-26T16:27:59.756083+00:00,2026-04-26T16:27:59.574+00:00,,,
54b37bbe-540e-4e76-a9ba-5667e0989216,7c3b600c-73e8-4df6-993e-effdb29ce957,a7e93193-d6a7-4f39-b11b-6ceb9b0a17f1,2026-04-27,unavailable,,,2026-04-26T16:27:59.756083+00:00,2026-04-26T16:27:59.574+00:00,,,
5311d200-05fd-44c5-816d-f7dd0095ba23,d7284556-1c31-49af-9565-909063b93cc9,a7e93193-d6a7-4f39-b11b-6ceb9b0a17f1,2026-04-27,unavailable,,,2026-04-26T16:27:59.756083+00:00,2026-04-26T16:27:59.574+00:00,,,
2fe00e6c-c5dd-45b4-8f1b-2fe9a40a3a3e,1f32ff5a-f9b7-440a-8285-ab2ad1ecaa05,a7e93193-d6a7-4f39-b11b-6ceb9b0a17f1,2026-04-27,unavailable,,,2026-04-26T16:27:59.756083+00:00,2026-04-26T16:27:59.574+00:00,,,
1d5f6fee-fa92-4ff7-8256-8a23fc18a5d5,304ed108-096d-4022-b673-87feae1b5a1a,a7e93193-d6a7-4f39-b11b-6ceb9b0a17f1,2026-04-27,unavailable,,,2026-04-26T16:27:59.756083+00:00,2026-04-26T16:27:59.574+00:00,,,
0ab104a9-ad52-4ad0-ab74-1cc7594bbc35,61a1375c-3254-4fe0-a471-8b8b660f4135,a7e93193-d6a7-4f39-b11b-6ceb9b0a17f1,2026-04-27,unavailable,,,2026-04-26T16:27:59.756083+00:00,2026-04-26T16:27:59.574+00:00,,,
3085a47f-92fb-49e5-9ba7-3121cff78bc7,41817459-03f8-4e71-8ba6-8fa63e5e1b4d,a7e93193-d6a7-4f39-b11b-6ceb9b0a17f1,2026-04-27,unavailable,,,2026-04-26T16:27:59.756083+00:00,2026-04-26T16:27:59.574+00:00,,,
5122bda2-4ad1-4f3f-ad5f-663a6c50ec18,ad22aeeb-e301-4beb-9bf9-36b11a302944,a7e93193-d6a7-4f39-b11b-6ceb9b0a17f1,2026-04-27,unavailable,,,2026-04-26T16:27:59.756083+00:00,2026-04-26T16:27:59.574+00:00,,,
84fa667b-057d-4163-9742-2e179ccfdf7e,5a9c3504-8fef-4b40-8129-d20f88fbe563,a7e93193-d6a7-4f39-b11b-6ceb9b0a17f1,2026-04-27,unavailable,,,2026-04-26T16:27:59.756083+00:00,2026-04-26T16:27:59.574+00:00,,,
d0c6383f-6f71-476f-b62e-94b32e25d6f3,72705d6f-ba9c-45cc-a890-c2c7baf086c7,a7e93193-d6a7-4f39-b11b-6ceb9b0a17f1,2026-04-27,unavailable,,,2026-04-26T16:27:59.756083+00:00,2026-04-26T16:27:59.574+00:00,,,
6649eafe-4c15-435c-b4cb-934c8cc929e4,c6fdc2be-53bd-4c2a-8a6f-665e612aa3b5,a7e93193-d6a7-4f39-b11b-6ceb9b0a17f1,2026-04-27,unavailable,,,2026-04-26T16:27:59.756083+00:00,2026-04-26T16:27:59.574+00:00,,,
30d61f2b-c096-49a2-b701-c0be5d435787,3d50b41b-54e3-4ea7-b559-e40d8a1ea7e3,a7e93193-d6a7-4f39-b11b-6ceb9b0a17f1,2026-04-27,unavailable,,,2026-04-26T16:27:59.756083+00:00,2026-04-26T16:27:59.574+00:00,,,
3692d6b3-c4c4-4c56-b85d-34e60ac8bf33,508960cd-999c-44de-8e17-218b5cfa40d9,a7e93193-d6a7-4f39-b11b-6ceb9b0a17f1,2026-04-27,unavailable,,,2026-04-26T16:27:59.756083+00:00,2026-04-26T16:27:59.574+00:00,,,
fdb70137-64d6-419c-ae0c-3add74563c17,6014e544-f4ea-4903-a691-9e2915ee2d07,a7e93193-d6a7-4f39-b11b-6ceb9b0a17f1,2026-04-27,unavailable,,,2026-04-26T16:27:59.756083+00:00,2026-04-26T16:27:59.574+00:00,,,
a560bc83-bd6a-4ac3-a96f-9b482f5130c9,31738451-481f-400e-aba1-42b2a7452949,a7e93193-d6a7-4f39-b11b-6ceb9b0a17f1,2026-04-27,unavailable,,,2026-04-26T16:27:59.756083+00:00,2026-04-26T16:27:59.574+00:00,,,
ab33fad2-1d92-4a7f-90dd-11b75e3a17e7,0acf89be-de62-4a14-9502-aab639d34f04,a7e93193-d6a7-4f39-b11b-6ceb9b0a17f1,2026-04-27,unavailable,,,2026-04-26T16:27:59.756083+00:00,2026-04-26T16:27:59.574+00:00,,,
3f1358d0-3dda-414c-9048-fe7fcae85c56,ab073af1-5ce8-4acb-b07f-4fa41d2a8a9d,a7e93193-d6a7-4f39-b11b-6ceb9b0a17f1,2026-04-27,unavailable,,,2026-04-26T16:27:59.756083+00:00,2026-04-26T16:27:59.574+00:00,,,
116c4d5d-dcc4-403c-b97b-1bf60a553424,8627c1a1-62d7-49e3-9176-f295969b3c6d,a7e93193-d6a7-4f39-b11b-6ceb9b0a17f1,2026-04-27,unavailable,,,2026-04-26T16:27:59.756083+00:00,2026-04-26T16:27:59.574+00:00,,,
03578566-4b51-4770-b3ad-d857f524ec55,aad00f76-4fe1-44ac-882a-9ad2eb664a5c,a7e93193-d6a7-4f39-b11b-6ceb9b0a17f1,2026-04-27,unavailable,,,2026-04-26T16:27:59.756083+00:00,2026-04-26T16:27:59.574+00:00,,,
afbd9b37-e026-4b87-b9a9-76158d58da9d,759e7b56-07aa-4866-bfaa-46efdb0afe58,a7e93193-d6a7-4f39-b11b-6ceb9b0a17f1,2026-04-27,unavailable,,,2026-04-26T16:27:59.756083+00:00,2026-04-26T16:27:59.574+00:00,,,
f2d214bf-8aa1-48ed-b892-a939f17bda46,38a11035-66a5-48ca-825b-8124f66d4478,a7e93193-d6a7-4f39-b11b-6ceb9b0a17f1,2026-04-27,unavailable,,,2026-04-26T16:27:59.756083+00:00,2026-04-26T16:27:59.574+00:00,,,
551f6017-e22e-4105-8628-6f2f3964b1c6,4898a864-3303-44d8-8c83-8f8996a19fa3,a7e93193-d6a7-4f39-b11b-6ceb9b0a17f1,2026-04-27,unavailable,,,2026-04-26T16:27:59.756083+00:00,2026-04-26T16:27:59.574+00:00,,,
d43aaa44-98eb-4c33-bc86-58cc75699d1b,97ee9b66-2711-4df2-99bd-ed1a32f40eb4,a7e93193-d6a7-4f39-b11b-6ceb9b0a17f1,2026-04-27,unavailable,,,2026-04-26T16:27:59.756083+00:00,2026-04-26T16:27:59.574+00:00,,,
75f6464e-a61b-433b-a217-c9414ae3e79a,4fd2406d-0cce-4013-9585-72c23407ceae,a7e93193-d6a7-4f39-b11b-6ceb9b0a17f1,2026-04-27,unavailable,,,2026-04-26T16:27:59.756083+00:00,2026-04-26T16:27:59.574+00:00,,,
b0f81484-34bb-4ae5-bbb5-5e0fac2ffd7f,334edaad-9be5-43ff-a28a-6a165d97d13e,a7e93193-d6a7-4f39-b11b-6ceb9b0a17f1,2026-04-27,unavailable,,,2026-04-26T16:27:59.756083+00:00,2026-04-26T16:27:59.574+00:00,,,
0e92d1e5-5d0e-4f51-8c78-eabeef9a301a,ad8151cf-0a93-4205-9f92-19b1bc595a8f,a7e93193-d6a7-4f39-b11b-6ceb9b0a17f1,2026-04-27,unavailable,,,2026-04-26T16:27:59.756083+00:00,2026-04-26T16:27:59.574+00:00,,,
cb93722b-9578-4b7b-bee8-691f49bbf9bf,9c2ebb31-687b-428e-a2c5-a5e552f7b5cc,a7e93193-d6a7-4f39-b11b-6ceb9b0a17f1,2026-04-27,unavailable,,,2026-04-26T16:27:59.756083+00:00,2026-04-26T16:27:59.574+00:00,,,
5a328680-a529-4847-8e66-df8e2eb38e67,0516781f-0290-44a1-9f8f-adbf8db38425,a7e93193-d6a7-4f39-b11b-6ceb9b0a17f1,2026-04-27,unavailable,,,2026-04-26T16:27:59.756083+00:00,2026-04-26T16:27:59.574+00:00,,,
cbfb6152-d80f-4ad6-8598-0510018e40bf,3f899f50-df5f-4364-ba3f-3ef814961309,a7e93193-d6a7-4f39-b11b-6ceb9b0a17f1,2026-04-27,unavailable,,,2026-04-26T16:27:59.756083+00:00,2026-04-26T16:27:59.574+00:00,,,
4b049042-eb55-4bab-9cb1-228543350d0e,96c9c583-6be1-473c-8531-e58107199fa6,a7e93193-d6a7-4f39-b11b-6ceb9b0a17f1,2026-04-27,unavailable,,,2026-04-26T16:27:59.756083+00:00,2026-04-26T16:27:59.574+00:00,,,
75b76cfb-2d93-4f90-af01-3256c65a2bf3,949a9839-c640-4bf7-a7b6-59e93d5e927e,a7e93193-d6a7-4f39-b11b-6ceb9b0a17f1,2026-04-27,unavailable,,,2026-04-26T16:27:59.756083+00:00,2026-04-26T16:27:59.574+00:00,,,
e28bc912-3b6e-45c2-8b1d-25a240272c05,1188873c-8be1-42d3-a242-da6f15bf5e4a,a7e93193-d6a7-4f39-b11b-6ceb9b0a17f1,2026-04-27,unavailable,,,2026-04-26T16:27:59.756083+00:00,2026-04-26T16:27:59.574+00:00,,,
5ceabcaf-6345-4cdd-b337-9415c8bd78d3,2d018036-1224-40a3-82ac-e3644690ab0a,a7e93193-d6a7-4f39-b11b-6ceb9b0a17f1,2026-04-27,unavailable,,,2026-04-26T16:27:59.756083+00:00,2026-04-26T16:27:59.574+00:00,,,
6ef63c27-5488-4c75-b221-a98fd786a5a5,924984fd-6cab-4b4a-8b62-1fc6860ad5a5,a7e93193-d6a7-4f39-b11b-6ceb9b0a17f1,2026-04-27,unavailable,,,2026-04-26T16:27:59.756083+00:00,2026-04-26T16:27:59.574+00:00,,,
633465d9-62dc-4907-9faa-9177f34593a6,3c2f77cd-57af-4557-93a8-25f866c7ef0a,a7e93193-d6a7-4f39-b11b-6ceb9b0a17f1,2026-04-27,unavailable,,,2026-04-26T16:27:59.756083+00:00,2026-04-26T16:27:59.574+00:00,,,
5c276364-67e5-44ab-a6ab-9d1ac1e844d7,20af3438-94f4-44dd-a150-079cf139a7a5,a7e93193-d6a7-4f39-b11b-6ceb9b0a17f1,2026-04-27,unavailable,,,2026-04-26T16:27:59.756083+00:00,2026-04-26T16:27:59.574+00:00,,,
4161e619-e515-4ddd-a339-f77e8c44d3b0,4e30357c-cab4-454a-8698-3f7413a38b2c,a7e93193-d6a7-4f39-b11b-6ceb9b0a17f1,2026-04-27,unavailable,,,2026-04-26T16:27:59.756083+00:00,2026-04-26T16:27:59.574+00:00,,,
e37a946c-88e5-415e-b070-d913303afcad,a3d8e08f-8e02-46e5-af59-a2895bf61e63,a7e93193-d6a7-4f39-b11b-6ceb9b0a17f1,2026-04-27,unavailable,,,2026-04-26T16:27:59.756083+00:00,2026-04-26T16:27:59.574+00:00,,,
6612945e-b707-41c1-a757-dceeb2d2f50a,fd5f8362-52f1-410c-97dc-bbe084c2c8e4,a7e93193-d6a7-4f39-b11b-6ceb9b0a17f1,2026-04-27,unavailable,,,2026-04-26T16:27:59.756083+00:00,2026-04-26T16:27:59.574+00:00,,,
537c2a03-e807-457f-8379-395faff50671,5d083c30-fb85-4d4f-9757-9cda19fc2821,a7e93193-d6a7-4f39-b11b-6ceb9b0a17f1,2026-04-27,unavailable,,,2026-04-26T16:27:59.756083+00:00,2026-04-26T16:27:59.574+00:00,,,
1728e42b-9aad-4c79-abb3-a667ac8f1f70,e63f9153-d195-48fa-b7e7-19ad412c36da,a7e93193-d6a7-4f39-b11b-6ceb9b0a17f1,2026-04-27,unavailable,,,2026-04-26T16:27:59.756083+00:00,2026-04-26T16:27:59.574+00:00,,,
3781a337-b98a-4b0f-a658-859978716520,314d5849-c300-477e-93a4-bc99aa664c23,a7e93193-d6a7-4f39-b11b-6ceb9b0a17f1,2026-04-27,unavailable,,,2026-04-26T16:27:59.756083+00:00,2026-04-26T16:27:59.574+00:00,,,
66406eb7-10d8-4707-bc1f-982cc036d51a,afb8cdfd-4cc1-40f7-9f70-df7cbbb78d06,a7e93193-d6a7-4f39-b11b-6ceb9b0a17f1,2026-04-27,unavailable,,,2026-04-26T16:27:59.756083+00:00,2026-04-26T16:27:59.574+00:00,,,
864264fd-03e8-45b7-8ecc-6a00a1b5fe6b,66732b90-15ff-4bb5-a9d8-b84ac997d183,a7e93193-d6a7-4f39-b11b-6ceb9b0a17f1,2026-04-27,unavailable,,,2026-04-26T16:27:59.756083+00:00,2026-04-26T16:27:59.574+00:00,,,
e31c3653-ee20-4a79-b62f-41f55b9ad77d,29686763-0ead-43f0-9d3a-59f2ccfb2477,a7e93193-d6a7-4f39-b11b-6ceb9b0a17f1,2026-04-27,unavailable,,,2026-04-26T16:27:59.756083+00:00,2026-04-26T16:27:59.574+00:00,,,
fced35a1-b2b5-4887-93d9-d68c2a6db2d0,0a960158-e3fa-4ee6-aabd-55578dfe8faa,a7e93193-d6a7-4f39-b11b-6ceb9b0a17f1,2026-04-27,unavailable,,,2026-04-26T16:27:59.756083+00:00,2026-04-26T16:27:59.574+00:00,,,
12f72f1e-f0b5-4791-a52c-9cc0d3f1ad86,1dbf367f-4514-48e7-8853-81551967c94d,a7e93193-d6a7-4f39-b11b-6ceb9b0a17f1,2026-04-27,unavailable,,,2026-04-26T16:27:59.756083+00:00,2026-04-26T16:27:59.574+00:00,,,
fb92032a-2bc5-462a-bb49-b248ef2cf320,52ecfb86-603a-49a2-bed5-ff0ced64f464,a7e93193-d6a7-4f39-b11b-6ceb9b0a17f1,2026-04-27,unavailable,,,2026-04-26T16:27:59.756083+00:00,2026-04-26T16:27:59.574+00:00,,,
4ffb0987-5f87-4e3c-a841-18b4dcf7bf95,de3020b4-e754-4b71-a352-c99160240de4,a7e93193-d6a7-4f39-b11b-6ceb9b0a17f1,2026-04-27,unavailable,,,2026-04-26T16:27:59.756083+00:00,2026-04-26T16:27:59.574+00:00,,,
52261c1d-f77f-4b52-bab1-62b998f0d2ec,d675726f-44a7-475c-9b4b-9ba2bf13996d,a7e93193-d6a7-4f39-b11b-6ceb9b0a17f1,2026-04-27,unavailable,,,2026-04-26T16:27:59.756083+00:00,2026-04-26T16:27:59.574+00:00,,,
e49270c8-c116-4c24-b228-8d514b1f25fe,07c6eec6-46c9-4e7c-8cab-a524795d38b7,a7e93193-d6a7-4f39-b11b-6ceb9b0a17f1,2026-04-27,unavailable,,,2026-04-26T16:27:59.756083+00:00,2026-04-26T16:27:59.574+00:00,,,
938d6acb-44de-4da9-bbed-650f2d90ff47,94301ae3-f29e-44c7-a4e4-94add65ee641,a7e93193-d6a7-4f39-b11b-6ceb9b0a17f1,2026-04-27,unavailable,,,2026-04-26T16:27:59.756083+00:00,2026-04-26T16:27:59.574+00:00,,,
c61c92aa-9c85-4f7d-b39f-2d012284f895,f3c9bbbe-aef1-46f3-8e9c-83d1d05109d0,a7e93193-d6a7-4f39-b11b-6ceb9b0a17f1,2026-04-27,unavailable,,,2026-04-26T16:27:59.756083+00:00,2026-04-26T16:27:59.574+00:00,,,
c3838f93-9244-48e4-b6fb-650f614c651c,60615a17-1ed6-46d4-9ea7-5733ae4770d1,a7e93193-d6a7-4f39-b11b-6ceb9b0a17f1,2026-04-27,unavailable,,,2026-04-26T16:27:59.756083+00:00,2026-04-26T16:27:59.574+00:00,,,
2afea607-47f1-4d8c-bc5e-03e69980cdf2,dcb732ae-01fa-47ac-8c1d-20b1a9d0b47f,a7e93193-d6a7-4f39-b11b-6ceb9b0a17f1,2026-04-27,unavailable,,,2026-04-26T16:27:59.756083+00:00,2026-04-26T16:27:59.574+00:00,,,
04a057c0-c0ca-4c52-a3ca-ab90a31e08b3,44c4bb44-4ddb-4aee-a539-54b238955833,a7e93193-d6a7-4f39-b11b-6ceb9b0a17f1,2026-04-27,unavailable,,,2026-04-26T16:27:59.756083+00:00,2026-04-26T16:27:59.574+00:00,,,
5ddf9db8-58e6-48ad-b989-cfde418cbaa3,1231a2f3-61ad-405a-a710-a84a46c2ac8f,a7e93193-d6a7-4f39-b11b-6ceb9b0a17f1,2026-04-27,unavailable,,,2026-04-26T16:27:59.756083+00:00,2026-04-26T16:27:59.574+00:00,,,
d35a9e5c-d4ed-4257-8211-e592f8959b45,84c40ee2-5337-4ad7-9f94-14b23375badb,a7e93193-d6a7-4f39-b11b-6ceb9b0a17f1,2026-04-27,unavailable,,,2026-04-26T16:27:59.756083+00:00,2026-04-26T16:27:59.574+00:00,,,
23f68f28-aa89-42fb-9d01-5a2bf9e72ae0,d366129f-9ec9-4f9d-a4d9-dd76408778d2,a7e93193-d6a7-4f39-b11b-6ceb9b0a17f1,2026-04-27,unavailable,,,2026-04-26T16:27:59.756083+00:00,2026-04-26T16:27:59.574+00:00,,,
e503b581-12df-4e00-bff0-cb10d5b84191,c2cbd94e-49da-4aa5-b4b5-070bb2aae1de,a7e93193-d6a7-4f39-b11b-6ceb9b0a17f1,2026-04-27,unavailable,,,2026-04-26T16:27:59.756083+00:00,2026-04-26T16:27:59.574+00:00,,,
cc59aa94-dda3-4aca-a8dc-19c421b8dcae,2070ea5c-435b-4080-9a08-46095b69baca,a7e93193-d6a7-4f39-b11b-6ceb9b0a17f1,2026-04-27,unavailable,,,2026-04-26T16:27:59.756083+00:00,2026-04-26T16:27:59.574+00:00,,,
198c10cf-4947-44ab-97a6-c4550acda3f7,d399f7cb-cd56-4360-9e60-ccab8382fb61,a7e93193-d6a7-4f39-b11b-6ceb9b0a17f1,2026-04-27,unavailable,,,2026-04-26T16:27:59.756083+00:00,2026-04-26T16:27:59.574+00:00,,,
c657e161-54df-4d5c-b727-96c6148e17a4,e29757bb-c15b-4791-8b7e-c0e26dbc2d4c,a7e93193-d6a7-4f39-b11b-6ceb9b0a17f1,2026-04-27,unavailable,,,2026-04-26T16:27:59.756083+00:00,2026-04-26T16:27:59.574+00:00,,,
28e4bcef-6396-440a-af5b-a92f9ce8a52d,72322dd6-8045-401b-aa0e-67ed58ebe0ff,a7e93193-d6a7-4f39-b11b-6ceb9b0a17f1,2026-04-27,unavailable,,,2026-04-26T16:27:59.756083+00:00,2026-04-26T16:27:59.574+00:00,,,
e44f0481-b340-4a8c-911a-b08aba9e4766,ad510ff3-14e5-40fa-b454-26ebc4bf299c,a7e93193-d6a7-4f39-b11b-6ceb9b0a17f1,2026-04-27,unavailable,,,2026-04-26T16:27:59.756083+00:00,2026-04-26T16:27:59.574+00:00,,,
74cf14b7-0de0-408b-8e2d-b8a20a9898a0,b90584d8-fc78-420b-91e1-490117cd30cd,a7e93193-d6a7-4f39-b11b-6ceb9b0a17f1,2026-04-27,unavailable,,,2026-04-26T16:27:59.756083+00:00,2026-04-26T16:27:59.574+00:00,,,
5dcd5cd4-5a0c-4e8d-9cbf-24b2f08f75ee,dff21156-fd38-405e-a857-e7ad8bffa7f5,a7e93193-d6a7-4f39-b11b-6ceb9b0a17f1,2026-04-27,unavailable,,,2026-04-26T16:27:59.756083+00:00,2026-04-26T16:27:59.574+00:00,,,
1d4a13d4-334e-4bb0-b0bf-c96ea27ed6df,cde06dcc-2c7a-4476-8a23-469ecb9e3940,a7e93193-d6a7-4f39-b11b-6ceb9b0a17f1,2026-04-27,unavailable,,,2026-04-26T16:27:59.756083+00:00,2026-04-26T16:27:59.574+00:00,,,
a2743d4c-73dc-4142-a72a-0a549cd4e9ed,e81c39b6-82fe-4505-b835-ed93e4220988,a7e93193-d6a7-4f39-b11b-6ceb9b0a17f1,2026-04-27,unavailable,,,2026-04-26T16:27:59.756083+00:00,2026-04-26T16:27:59.574+00:00,,,
4e17deb9-b454-4f16-b82a-2bcc814b09dd,11848d52-fa67-4b56-8b9e-87239a753911,a7e93193-d6a7-4f39-b11b-6ceb9b0a17f1,2026-04-27,unavailable,,,2026-04-26T16:27:59.756083+00:00,2026-04-26T16:27:59.574+00:00,,,
adb29b68-4dde-4e22-ba0f-7daf2d172173,7dde3a19-d1ad-4170-a663-7bd83ee8d3a2,a7e93193-d6a7-4f39-b11b-6ceb9b0a17f1,2026-04-27,unavailable,,,2026-04-26T16:27:59.756083+00:00,2026-04-26T16:27:59.574+00:00,,,
22d120ff-925b-48cf-b899-d9df2cf0fe7a,e17fe9fd-652f-4542-8a29-65e80a791a00,a7e93193-d6a7-4f39-b11b-6ceb9b0a17f1,2026-04-27,unavailable,,,2026-04-26T16:27:59.756083+00:00,2026-04-26T16:27:59.574+00:00,,,
e61d5762-130a-46fe-9484-436fc3b0fc55,f14e1eaa-9677-4120-b8b5-37209f399915,a7e93193-d6a7-4f39-b11b-6ceb9b0a17f1,2026-04-27,unavailable,,,2026-04-26T16:27:59.756083+00:00,2026-04-26T16:27:59.574+00:00,,,
0e294e2b-5a89-4680-a695-349c31b0d29c,fb11eb56-4d65-413d-8125-ae24b42ae442,a7e93193-d6a7-4f39-b11b-6ceb9b0a17f1,2026-04-27,unavailable,,,2026-04-26T16:27:59.756083+00:00,2026-04-26T16:27:59.574+00:00,,,
516c5d39-46a6-4207-a3ed-cc6482dd9649,c9f1257a-9015-4783-86de-82819569ea0a,a7e93193-d6a7-4f39-b11b-6ceb9b0a17f1,2026-04-27,unavailable,,,2026-04-26T16:27:59.756083+00:00,2026-04-26T16:27:59.574+00:00,,,
17162bb4-724d-430d-91b1-25a078539d40,336fc578-e349-4e59-bcd2-e1c2b1beadb3,a7e93193-d6a7-4f39-b11b-6ceb9b0a17f1,2026-04-27,unavailable,,,2026-04-26T16:27:59.756083+00:00,2026-04-26T16:27:59.574+00:00,,,
822273cd-599c-46c3-b70b-344ea29a424f,f0c608fc-95ab-4c48-a3ba-877a7937f660,a7e93193-d6a7-4f39-b11b-6ceb9b0a17f1,2026-04-27,unavailable,,,2026-04-26T16:27:59.756083+00:00,2026-04-26T16:27:59.574+00:00,,,
28751afc-a381-4bcf-b37c-51f87cc03e44,10a1cffa-f6d9-4692-8d99-cec08f07ef0d,a7e93193-d6a7-4f39-b11b-6ceb9b0a17f1,2026-04-27,unavailable,,,2026-04-26T16:27:59.756083+00:00,2026-04-26T16:27:59.574+00:00,,,
72391c31-098e-428a-9bd9-90f8618d5130,0ae60db8-9ea0-479d-aa4a-55755241cad5,a7e93193-d6a7-4f39-b11b-6ceb9b0a17f1,2026-04-27,unavailable,,,2026-04-26T16:27:59.756083+00:00,2026-04-26T16:27:59.574+00:00,,,
2a706be7-1227-4fce-a255-230de01258a8,be637780-281f-4436-8c97-6efb129cfd2b,a7e93193-d6a7-4f39-b11b-6ceb9b0a17f1,2026-04-27,unavailable,,,2026-04-26T16:27:59.756083+00:00,2026-04-26T16:27:59.574+00:00,,,
aa8130a7-60f9-49ae-ad4f-4ddfdc524589,c3916820-1dce-4d0e-a249-f47e95d54255,a7e93193-d6a7-4f39-b11b-6ceb9b0a17f1,2026-04-27,unavailable,,,2026-04-26T16:27:59.756083+00:00,2026-04-26T16:27:59.574+00:00,,,
a4c0dbf8-4669-4809-ac81-7d8496c1ae2e,f30e6ede-1de9-4e46-a56d-384b77d3780e,a7e93193-d6a7-4f39-b11b-6ceb9b0a17f1,2026-04-27,unavailable,,,2026-04-26T16:27:59.756083+00:00,2026-04-26T16:27:59.574+00:00,,,
23327180-6cc7-49dc-b658-167319974308,f3d61783-a8b2-4f4d-bdca-caa6f8e0e54a,a7e93193-d6a7-4f39-b11b-6ceb9b0a17f1,2026-04-27,unavailable,,,2026-04-26T16:27:59.756083+00:00,2026-04-26T16:27:59.574+00:00,,,
96e41c5a-589a-47c7-ae0e-264af24b8a38,2f002bb7-6444-4ace-87ff-7c547b3f03bd,a7e93193-d6a7-4f39-b11b-6ceb9b0a17f1,2026-04-27,unavailable,,,2026-04-26T16:27:59.756083+00:00,2026-04-26T16:27:59.574+00:00,,,
f78ad743-6f2c-4c48-b431-d67f2cfeae3f,0e124df5-de3e-4013-a192-423ea8975de4,a7e93193-d6a7-4f39-b11b-6ceb9b0a17f1,2026-04-27,unavailable,,,2026-04-26T16:27:59.756083+00:00,2026-04-26T16:27:59.574+00:00,,,
15a38671-77af-4f7a-931b-c6b546b22d71,04912bb8-8ae3-47d1-b26e-21cc9c673432,a7e93193-d6a7-4f39-b11b-6ceb9b0a17f1,2026-04-27,unavailable,,,2026-04-26T16:27:59.756083+00:00,2026-04-26T16:27:59.574+00:00,,,
4cf4f0e9-1430-4627-8fcb-f6056040244d,4ced9319-ef22-4afb-8131-15662b65ef52,a7e93193-d6a7-4f39-b11b-6ceb9b0a17f1,2026-04-27,unavailable,,,2026-04-26T16:27:59.756083+00:00,2026-04-26T16:27:59.574+00:00,,,
aa2c8071-e91f-40ab-9b0d-0b5f1d9e0e2f,111ca1c2-8e31-471a-bae3-0da35ce73b81,a7e93193-d6a7-4f39-b11b-6ceb9b0a17f1,2026-04-27,unavailable,,,2026-04-26T16:27:59.756083+00:00,2026-04-26T16:27:59.574+00:00,,,
63d56d44-3582-435b-9443-9acc55a289da,e4368078-2f9e-44f5-bafe-48f8b1fa741f,a7e93193-d6a7-4f39-b11b-6ceb9b0a17f1,2026-04-27,unavailable,,,2026-04-26T16:27:59.756083+00:00,2026-04-26T16:27:59.574+00:00,,,
c5a1956c-a8ab-4315-bce4-f8ab73987c51,6176833b-8baf-4d60-84c7-6e2546e070c0,a7e93193-d6a7-4f39-b11b-6ceb9b0a17f1,2026-04-27,unavailable,,,2026-04-26T16:27:59.756083+00:00,2026-04-26T16:27:59.574+00:00,,,
c5c46e12-96f6-4ba8-9a6a-e6550dab2873,f6145d14-6ea4-47b8-b171-5485403ce4a8,a7e93193-d6a7-4f39-b11b-6ceb9b0a17f1,2026-04-27,unavailable,,,2026-04-26T16:27:59.756083+00:00,2026-04-26T16:27:59.574+00:00,,,
09ea79a1-1ec6-4243-a373-3e5a17e18cc9,d37629f0-f0aa-401f-931d-d6af6da3b86c,a7e93193-d6a7-4f39-b11b-6ceb9b0a17f1,2026-04-27,unavailable,,,2026-04-26T16:27:59.756083+00:00,2026-04-26T16:27:59.574+00:00,,,
a3f51fd3-c97b-4193-b2b0-76e7ce8c1853,405a5d42-18bf-4fed-9975-efc1f85edb15,a7e93193-d6a7-4f39-b11b-6ceb9b0a17f1,2026-04-27,unavailable,,,2026-04-26T16:27:59.756083+00:00,2026-04-26T16:27:59.574+00:00,,,
1c7431dd-99f4-4647-946a-0c567792ad62,309781c4-ed69-40dc-860a-712d7414d66e,a7e93193-d6a7-4f39-b11b-6ceb9b0a17f1,2026-04-27,unavailable,,,2026-04-26T16:27:59.756083+00:00,2026-04-26T16:27:59.574+00:00,,,
0d22b57e-d713-4860-afbe-3e2ff2a38502,b0017451-3a96-49f3-9e48-ea4ef19383bf,a7e93193-d6a7-4f39-b11b-6ceb9b0a17f1,2026-04-27,unavailable,,,2026-04-26T16:27:59.756083+00:00,2026-04-26T16:27:59.574+00:00,,,
b4f1c2c4-42e3-4735-b869-c54c3b3563e6,25317688-27ec-456d-8b73-c00ff0ad3284,a7e93193-d6a7-4f39-b11b-6ceb9b0a17f1,2026-04-27,unavailable,,,2026-04-26T16:27:59.756083+00:00,2026-04-26T16:27:59.574+00:00,,,
c5bb65e0-0c53-465c-88d8-4cdfcc759626,048e8a46-b58e-4c8d-9cd8-f93ec8ad107a,a7e93193-d6a7-4f39-b11b-6ceb9b0a17f1,2026-04-27,unavailable,,,2026-04-26T16:27:59.756083+00:00,2026-04-26T16:27:59.574+00:00,,,
f1a921af-b98d-42a4-9304-27e35bef5ebc,1fcf3901-e345-4476-b740-0d01c2592627,a7e93193-d6a7-4f39-b11b-6ceb9b0a17f1,2026-04-27,unavailable,,,2026-04-26T16:27:59.756083+00:00,2026-04-26T16:27:59.574+00:00,,,
1db82241-ff0a-4c97-8655-4eec69f38f82,81c16996-0b85-475e-a250-65be09ccef20,a7e93193-d6a7-4f39-b11b-6ceb9b0a17f1,2026-04-27,unavailable,,,2026-04-26T16:27:59.756083+00:00,2026-04-26T16:27:59.574+00:00,,,
95f63f79-b1e6-4f70-9ef4-99345193f89e,daddf87a-52e4-4130-bcfb-6c57d484bf4f,a7e93193-d6a7-4f39-b11b-6ceb9b0a17f1,2026-04-27,unavailable,,,2026-04-26T16:27:59.756083+00:00,2026-04-26T16:27:59.574+00:00,,,
f2f2beb8-b83e-4095-9c9e-3f6fb73b4ca5,f5639c9e-b6d3-4ba5-a804-c0b05b0eecad,a7e93193-d6a7-4f39-b11b-6ceb9b0a17f1,2026-04-27,unavailable,,,2026-04-26T16:27:59.756083+00:00,2026-04-26T16:27:59.574+00:00,,,
f90ab15a-16d5-4a9d-a5a2-5c363c33733d,b8f48312-5ce2-436f-974e-3f41913ee188,a7e93193-d6a7-4f39-b11b-6ceb9b0a17f1,2026-04-27,unavailable,,,2026-04-26T16:27:59.756083+00:00,2026-04-26T16:27:59.574+00:00,,,
0c01bd28-66a1-4287-9a10-73b884af15db,c4880391-d815-4553-ad03-34066e1f1145,a7e93193-d6a7-4f39-b11b-6ceb9b0a17f1,2026-04-27,unavailable,,,2026-04-26T16:27:59.756083+00:00,2026-04-26T16:27:59.574+00:00,,,
6c599d40-ddcc-460c-97e5-5811c928ab62,2ce5e1a4-8597-4d64-addc-651953a7a868,a7e93193-d6a7-4f39-b11b-6ceb9b0a17f1,2026-04-27,unavailable,,,2026-04-26T16:27:59.756083+00:00,2026-04-26T16:27:59.574+00:00,,,
500c0a9e-150b-4447-8a54-f0cd54961ee4,69393448-7532-4c5c-afd9-f21c8a87c021,a7e93193-d6a7-4f39-b11b-6ceb9b0a17f1,2026-04-27,unavailable,,,2026-04-26T16:27:59.756083+00:00,2026-04-26T16:27:59.574+00:00,,,
669d28bf-f577-4f81-963d-adf9cff5bba1,080205a7-44fc-49aa-a1c9-072aa3859d8f,a7e93193-d6a7-4f39-b11b-6ceb9b0a17f1,2026-04-27,unavailable,,,2026-04-26T16:27:59.756083+00:00,2026-04-26T16:27:59.574+00:00,,,
aeeadae4-7e09-439e-b420-932ec2cd6b56,2d7c5b8a-f3f9-462d-a7b0-06f5ac2dc976,7a5fd02b-2248-4492-bae9-2ab1670894bc,2026-04-30,unavailable,,,2026-04-29T20:35:05.171504+00:00,2026-04-29T20:35:04.718+00:00,,,
b73eda47-beea-4d49-b208-5f799e1403ce,3a05fc41-5bd0-49c1-8c7c-21a4a1c6fcf4,7a5fd02b-2248-4492-bae9-2ab1670894bc,2026-04-30,unavailable,,,2026-04-29T20:35:05.171504+00:00,2026-04-29T20:35:04.718+00:00,,,
0fdf63f1-550a-4317-a2dc-e6ef8521210c,80715009-1569-4eb1-bc15-3f1b74e45280,7a5fd02b-2248-4492-bae9-2ab1670894bc,2026-04-30,unavailable,,,2026-04-29T20:35:05.171504+00:00,2026-04-29T20:35:04.718+00:00,,,
f070e91e-1268-43f9-9c52-1d43b51c02d9,aa1f52af-a81a-43fc-84f2-8739dc579d52,7a5fd02b-2248-4492-bae9-2ab1670894bc,2026-04-30,unavailable,,,2026-04-29T20:35:05.171504+00:00,2026-04-29T20:35:04.718+00:00,,,
75eb4fbe-74f8-4d54-93f0-a4e1356cad00,70434006-1d15-4b04-aa28-3d45dde2a641,7a5fd02b-2248-4492-bae9-2ab1670894bc,2026-04-30,unavailable,,,2026-04-29T20:35:05.171504+00:00,2026-04-29T20:35:04.718+00:00,,,
07822776-3416-4fb9-a573-a3e9df8f442a,0abbd494-b25b-4f13-a55e-dcf6db986965,7a5fd02b-2248-4492-bae9-2ab1670894bc,2026-04-30,unavailable,,,2026-04-29T20:35:05.171504+00:00,2026-04-29T20:35:04.719+00:00,,,
d2c058a4-c1ba-435a-86e0-8aae25e704e1,62ef1b1f-0f0c-4ea8-ae97-8262c836aca4,7a5fd02b-2248-4492-bae9-2ab1670894bc,2026-04-30,unavailable,,,2026-04-29T20:35:05.171504+00:00,2026-04-29T20:35:04.719+00:00,,,
3d105dd4-c284-413d-8365-4105af3b501e,bcd7e7fd-91d0-47a4-a561-3327481cd9ed,7a5fd02b-2248-4492-bae9-2ab1670894bc,2026-04-30,unavailable,,,2026-04-29T20:35:05.171504+00:00,2026-04-29T20:35:04.719+00:00,,,
7345bde3-a6f2-40ea-a47b-d4d89cf4390b,b7208d85-35b3-448f-8cbe-35500f1559dd,7a5fd02b-2248-4492-bae9-2ab1670894bc,2026-04-30,unavailable,,,2026-04-29T20:35:05.171504+00:00,2026-04-29T20:35:04.719+00:00,,,
ad5b7af7-9bfd-42e9-9c45-63e0e02efda6,20a2301c-797c-4953-9efd-b28ccf27e775,7a5fd02b-2248-4492-bae9-2ab1670894bc,2026-04-30,unavailable,,,2026-04-29T20:35:05.171504+00:00,2026-04-29T20:35:04.719+00:00,,,
727a871f-bbaf-4007-b19e-8dc32201a0fb,40b5c780-6569-4806-8e95-e2c92eaa87c9,7a5fd02b-2248-4492-bae9-2ab1670894bc,2026-04-30,unavailable,,,2026-04-29T20:35:05.171504+00:00,2026-04-29T20:35:04.719+00:00,,,
df5f1ca8-a30f-427a-9b5c-685df440eb6d,4f62f2d1-3fe0-4f77-a6e4-747bc5e8c87e,7a5fd02b-2248-4492-bae9-2ab1670894bc,2026-04-30,unavailable,,,2026-04-29T20:35:05.171504+00:00,2026-04-29T20:35:04.719+00:00,,,
4dfb243c-7533-4f38-8340-a3d53a4a5e26,d78ec394-051b-4132-aa11-92a24197f565,7a5fd02b-2248-4492-bae9-2ab1670894bc,2026-04-30,unavailable,,,2026-04-29T20:35:05.171504+00:00,2026-04-29T20:35:04.719+00:00,,,
c1d5fb4f-b6cc-4fc8-8210-a727fc1c7585,105a17f7-180a-4bb1-825c-6144eae25b9b,7a5fd02b-2248-4492-bae9-2ab1670894bc,2026-04-30,unavailable,,,2026-04-29T20:35:05.171504+00:00,2026-04-29T20:35:04.719+00:00,,,
29d2b226-c8fd-4451-8e24-620ef29d6b7d,b56af66b-bf5b-40d8-9c9c-da4455afe5e3,7a5fd02b-2248-4492-bae9-2ab1670894bc,2026-04-30,unavailable,,,2026-04-29T20:35:05.171504+00:00,2026-04-29T20:35:04.719+00:00,,,
47b8e1c0-3de3-47b9-92a1-7b164b2559d9,e61bb04a-6523-4f0a-b945-dae17b2ab3c6,7a5fd02b-2248-4492-bae9-2ab1670894bc,2026-04-30,unavailable,,,2026-04-29T20:35:05.171504+00:00,2026-04-29T20:35:04.719+00:00,,,
8567a7bc-bf35-4b4e-a184-14c18a9c7706,1ef573f5-82a5-437f-b478-f09a7c3a3b06,7a5fd02b-2248-4492-bae9-2ab1670894bc,2026-04-30,unavailable,,,2026-04-29T20:35:05.171504+00:00,2026-04-29T20:35:04.719+00:00,,,
61aad030-b27a-4ed7-b2ca-46b7dec59d99,fc567f21-d1c4-4360-90b4-2837eaf9e2e8,7a5fd02b-2248-4492-bae9-2ab1670894bc,2026-04-30,unavailable,,,2026-04-29T20:35:05.171504+00:00,2026-04-29T20:35:04.719+00:00,,,
55b9a1c4-e62e-42cf-9c61-db1a2ab02640,1fba7f38-e8ac-4d0a-a165-40681248749a,7a5fd02b-2248-4492-bae9-2ab1670894bc,2026-04-30,unavailable,,,2026-04-29T20:35:05.171504+00:00,2026-04-29T20:35:04.719+00:00,,,
2b394cba-6498-4a10-9adb-22f5bf29f6b6,a2039f51-91f6-4381-a452-6b9f6c351a31,7a5fd02b-2248-4492-bae9-2ab1670894bc,2026-04-30,unavailable,,,2026-04-29T20:35:05.171504+00:00,2026-04-29T20:35:04.719+00:00,,,
5681f9b4-8a28-4e21-8e9d-281d139c67bd,d4056769-a0cc-4a7e-9ca6-7a0f6d868df5,7a5fd02b-2248-4492-bae9-2ab1670894bc,2026-04-30,unavailable,,,2026-04-29T20:35:05.171504+00:00,2026-04-29T20:35:04.719+00:00,,,
b841549a-1f6a-45bd-9583-6946370852c4,2c6f9099-8630-4310-9a1c-b81f5170e839,7a5fd02b-2248-4492-bae9-2ab1670894bc,2026-04-30,unavailable,,,2026-04-29T20:35:05.171504+00:00,2026-04-29T20:35:04.719+00:00,,,
1c231dad-ccdb-48d4-908b-c8a035a2498f,772df8d5-6962-487a-99d2-78d6ef150e85,7a5fd02b-2248-4492-bae9-2ab1670894bc,2026-04-30,unavailable,,,2026-04-29T20:35:05.171504+00:00,2026-04-29T20:35:04.719+00:00,,,
ef0ee0a2-7454-488d-90f0-6713e5c07ce1,a02772eb-54d3-4b3f-97a6-223043efe589,7a5fd02b-2248-4492-bae9-2ab1670894bc,2026-04-30,unavailable,,,2026-04-29T20:35:05.171504+00:00,2026-04-29T20:35:04.719+00:00,,,
128cbfc1-6a29-432f-9f2b-4c0cedc7f018,1cd8cacb-9218-4990-9bbf-a2e7ce216f54,7a5fd02b-2248-4492-bae9-2ab1670894bc,2026-04-30,unavailable,,,2026-04-29T20:35:05.171504+00:00,2026-04-29T20:35:04.719+00:00,,,
0ab16f1a-b630-4be2-91d0-28872253db98,942cbf39-99e6-40cd-8034-2eacf88611f2,7a5fd02b-2248-4492-bae9-2ab1670894bc,2026-04-30,unavailable,,,2026-04-29T20:35:05.171504+00:00,2026-04-29T20:35:04.719+00:00,,,
6fcd263f-b9c3-4025-b89a-ad914b8126e7,5d2be0b1-c8e4-4de7-becc-b24c8655215d,7a5fd02b-2248-4492-bae9-2ab1670894bc,2026-04-30,unavailable,,,2026-04-29T20:35:05.171504+00:00,2026-04-29T20:35:04.719+00:00,,,
a59bebac-5c97-4a1b-aa58-f6593081aa4c,ff117f7e-e829-4c9b-94be-583211e2b8eb,7a5fd02b-2248-4492-bae9-2ab1670894bc,2026-04-30,unavailable,,,2026-04-29T20:35:05.171504+00:00,2026-04-29T20:35:04.719+00:00,,,
42d0a6ec-2fba-441b-ae26-02cf15bb2c39,47a0a430-3e3c-4cb4-85c9-47cc22a0b918,7a5fd02b-2248-4492-bae9-2ab1670894bc,2026-04-30,unavailable,,,2026-04-29T20:35:05.171504+00:00,2026-04-29T20:35:04.719+00:00,,,
a4653cb9-0aad-4f7f-93f8-e9709cb5b07e,a5ac6324-2319-4372-a71b-2fcd580315da,7a5fd02b-2248-4492-bae9-2ab1670894bc,2026-04-30,unavailable,,,2026-04-29T20:35:05.171504+00:00,2026-04-29T20:35:04.719+00:00,,,
f9a84398-5fd8-44da-8558-0b9ca9aba0d6,9da89b63-0331-4cc7-a3cd-61ca235b49f7,7a5fd02b-2248-4492-bae9-2ab1670894bc,2026-04-30,unavailable,,,2026-04-29T20:35:05.171504+00:00,2026-04-29T20:35:04.719+00:00,,,
ed90d308-5cec-40e2-9173-f1a3eacd146b,c6110ff1-93d1-471e-b0b1-bdb584068e25,7a5fd02b-2248-4492-bae9-2ab1670894bc,2026-04-30,unavailable,,,2026-04-29T20:35:05.171504+00:00,2026-04-29T20:35:04.719+00:00,,,
960b340b-25cc-4835-a485-807838eb3c9e,f64ae6e9-98b8-4d49-96ba-8d2b7cb99216,7a5fd02b-2248-4492-bae9-2ab1670894bc,2026-04-30,unavailable,,,2026-04-29T20:35:05.171504+00:00,2026-04-29T20:35:04.719+00:00,,,
046eaa56-7cbb-41d2-b7af-d1e6cf5cfed3,267a7ea2-953e-49dd-8b14-79e115a8efc7,7a5fd02b-2248-4492-bae9-2ab1670894bc,2026-04-30,unavailable,,,2026-04-29T20:35:05.171504+00:00,2026-04-29T20:35:04.719+00:00,,,
7d47c9bd-a006-45e6-a315-9e4fd887c6bf,1b643468-628a-4ec8-a769-b0ae8bc8af71,7a5fd02b-2248-4492-bae9-2ab1670894bc,2026-04-30,unavailable,,,2026-04-29T20:35:05.171504+00:00,2026-04-29T20:35:04.719+00:00,,,
2cedd5ff-9c35-4ed6-979e-b4d8f7f32e55,ba787ccf-f590-4338-a42d-06071e35b23c,7a5fd02b-2248-4492-bae9-2ab1670894bc,2026-04-30,unavailable,,,2026-04-29T20:35:05.171504+00:00,2026-04-29T20:35:04.719+00:00,,,
9d5a3dbf-f37d-4bac-8b61-25e347fb0241,aa3c24a5-eb55-4d6d-98a6-1c461b8b808c,7a5fd02b-2248-4492-bae9-2ab1670894bc,2026-04-30,unavailable,,,2026-04-29T20:35:05.171504+00:00,2026-04-29T20:35:04.719+00:00,,,
78dbcb51-cd36-4bab-8002-1b7785478ab5,5ebd0006-3ba4-436b-ad38-65e63495b4d5,7a5fd02b-2248-4492-bae9-2ab1670894bc,2026-04-30,unavailable,,,2026-04-29T20:35:05.171504+00:00,2026-04-29T20:35:04.719+00:00,,,
a5ce9b34-585d-40bb-91bb-03e26e629466,44bdbde8-576d-4d7f-b668-d2f2bf72fb2e,7a5fd02b-2248-4492-bae9-2ab1670894bc,2026-04-30,unavailable,,,2026-04-29T20:35:05.171504+00:00,2026-04-29T20:35:04.719+00:00,,,
7c1b4ff2-f999-484b-a744-da847cb1fc28,5da6dc1f-43a1-4182-bea0-4d1036c97b6d,7a5fd02b-2248-4492-bae9-2ab1670894bc,2026-04-30,unavailable,,,2026-04-29T20:35:05.171504+00:00,2026-04-29T20:35:04.719+00:00,,,
3c2ad422-b1cc-478e-83a4-43e46755f860,49e1f495-eb85-494c-8013-2e0fdceeb50c,7a5fd02b-2248-4492-bae9-2ab1670894bc,2026-04-30,unavailable,,,2026-04-29T20:35:05.171504+00:00,2026-04-29T20:35:04.719+00:00,,,
27b79dbf-b882-4777-91f3-b173ae3e58fc,3523ac42-08ca-43c3-97ae-7ecde7cdb297,7a5fd02b-2248-4492-bae9-2ab1670894bc,2026-04-30,unavailable,,,2026-04-29T20:35:05.171504+00:00,2026-04-29T20:35:04.719+00:00,,,
166a8524-2d77-4921-bad0-7c3ff4c68515,6a383d81-af24-4d74-a14e-ec5dd8b4653d,7a5fd02b-2248-4492-bae9-2ab1670894bc,2026-04-30,unavailable,,,2026-04-29T20:35:05.171504+00:00,2026-04-29T20:35:04.719+00:00,,,
99e9be3a-9965-4e24-9f96-1f4a9c41f8cd,21d117ac-f8fb-45fd-bf02-a0f11942e9a3,7a5fd02b-2248-4492-bae9-2ab1670894bc,2026-04-30,unavailable,,,2026-04-29T20:35:05.171504+00:00,2026-04-29T20:35:04.719+00:00,,,
8992aba8-83d5-4f76-ac0d-69b2767714d0,5d480edd-15b4-4457-b01b-8b369f82cae4,7a5fd02b-2248-4492-bae9-2ab1670894bc,2026-04-30,unavailable,,,2026-04-29T20:35:05.171504+00:00,2026-04-29T20:35:04.719+00:00,,,
76a04119-9eec-4ef6-90d6-ede3429f9d8c,b0d98b9a-7524-48e8-89b3-d8a93d7340c8,7a5fd02b-2248-4492-bae9-2ab1670894bc,2026-04-30,unavailable,,,2026-04-29T20:35:05.171504+00:00,2026-04-29T20:35:04.719+00:00,,,
06c14759-90b4-437a-8084-b8a8fc4f8e9c,cafd9f72-ec03-41b9-9660-321eb178895e,7a5fd02b-2248-4492-bae9-2ab1670894bc,2026-04-30,unavailable,,,2026-04-29T20:35:05.171504+00:00,2026-04-29T20:35:04.719+00:00,,,
fc37b317-58c4-4061-b67c-997ef7f562f9,09a16f0b-ece0-4ad2-918d-5fef33c1becd,7a5fd02b-2248-4492-bae9-2ab1670894bc,2026-04-30,unavailable,,,2026-04-29T20:35:05.171504+00:00,2026-04-29T20:35:04.719+00:00,,,
6a269294-19df-4c4a-87e0-168abc1651ee,3094309a-9f88-431b-8e3e-a2c8dfade33d,7a5fd02b-2248-4492-bae9-2ab1670894bc,2026-04-30,unavailable,,,2026-04-29T20:35:05.171504+00:00,2026-04-29T20:35:04.719+00:00,,,
d17427ee-2070-45f2-997b-34a95d23f243,f928dfeb-fbe7-4518-a98a-0d77b37478dc,7a5fd02b-2248-4492-bae9-2ab1670894bc,2026-04-30,unavailable,,,2026-04-29T20:35:05.171504+00:00,2026-04-29T20:35:04.719+00:00,,,
7015dcf8-1e55-48f8-a5a5-a6d13ebc0cb7,0299c9ab-abbe-49fa-a8ea-2f63027fb6f5,7a5fd02b-2248-4492-bae9-2ab1670894bc,2026-04-30,unavailable,,,2026-04-29T20:35:05.171504+00:00,2026-04-29T20:35:04.719+00:00,,,
37bf6e45-1a7d-45e8-9eb9-79097e42de69,bad52eee-5a53-493c-9760-b6beca52b9cb,7a5fd02b-2248-4492-bae9-2ab1670894bc,2026-04-30,unavailable,,,2026-04-29T20:35:05.171504+00:00,2026-04-29T20:35:04.719+00:00,,,
4063bca1-9b4d-4929-a3db-a2bee5de5942,7308a611-e53e-46be-bf03-8b6ba3d6776d,7a5fd02b-2248-4492-bae9-2ab1670894bc,2026-04-30,unavailable,,,2026-04-29T20:35:05.171504+00:00,2026-04-29T20:35:04.719+00:00,,,
832ea471-204c-4c9b-bd4d-89b90b47ef6a,78352cbe-90e6-4e26-8e68-95ff4931e2a4,7a5fd02b-2248-4492-bae9-2ab1670894bc,2026-04-30,unavailable,,,2026-04-29T20:35:05.171504+00:00,2026-04-29T20:35:04.719+00:00,,,
01396074-6247-4f2b-8293-54fb424f0158,02e3c03b-5da1-4900-9a00-7c22f8e54505,7a5fd02b-2248-4492-bae9-2ab1670894bc,2026-04-30,unavailable,,,2026-04-29T20:35:05.171504+00:00,2026-04-29T20:35:04.719+00:00,,,
05b89ca4-92b3-4541-a0e6-9eb05ab3fd26,eca26cbb-d6eb-4cf3-bded-833d0c82c2cc,7a5fd02b-2248-4492-bae9-2ab1670894bc,2026-04-30,unavailable,,,2026-04-29T20:35:05.171504+00:00,2026-04-29T20:35:04.719+00:00,,,
51a837e5-8c6d-4e27-b283-3ac96152c3fb,2f3c7437-50fb-4e17-a781-08f140fa8f77,7a5fd02b-2248-4492-bae9-2ab1670894bc,2026-04-30,unavailable,,,2026-04-29T20:35:05.171504+00:00,2026-04-29T20:35:04.719+00:00,,,
3f93dd5e-57ae-4982-8298-0fdfbd4787e2,0a36520c-f191-437c-9745-c85a53861102,7a5fd02b-2248-4492-bae9-2ab1670894bc,2026-04-30,unavailable,,,2026-04-29T20:35:05.171504+00:00,2026-04-29T20:35:04.719+00:00,,,
9cbd2a85-15b5-4d21-a4dc-d6563ea9b12a,feaad469-a829-41b2-988e-5efed6c64b6c,7a5fd02b-2248-4492-bae9-2ab1670894bc,2026-04-30,unavailable,,,2026-04-29T20:35:05.171504+00:00,2026-04-29T20:35:04.719+00:00,,,
62c4328a-a1b1-41dc-a981-87a76410d7e6,3cb29cc2-866b-4360-90a3-15d01db8714a,7a5fd02b-2248-4492-bae9-2ab1670894bc,2026-04-30,unavailable,,,2026-04-29T20:35:05.171504+00:00,2026-04-29T20:35:04.719+00:00,,,
9b4f71d1-b155-4a15-9725-0effe4f3746f,89deecdc-4aaf-4b43-9716-bc54563a3e98,7a5fd02b-2248-4492-bae9-2ab1670894bc,2026-04-30,unavailable,,,2026-04-29T20:35:05.171504+00:00,2026-04-29T20:35:04.719+00:00,,,
be89e4a9-5f69-4e51-bd49-b91a41a57bbf,b11df9b7-4ce3-409d-9a00-1ccc44bf334f,7a5fd02b-2248-4492-bae9-2ab1670894bc,2026-04-30,unavailable,,,2026-04-29T20:35:05.171504+00:00,2026-04-29T20:35:04.719+00:00,,,
f7e708fb-867b-4b88-9107-836f1731b2c3,47c5aed7-be06-44b8-8ca9-c898e5aeea76,7a5fd02b-2248-4492-bae9-2ab1670894bc,2026-04-30,unavailable,,,2026-04-29T20:35:05.171504+00:00,2026-04-29T20:35:04.719+00:00,,,
8d2e10ff-faec-413f-bdd0-1ca2bb0e7a25,66056ffe-bed5-4f29-9efc-b3451224d474,7a5fd02b-2248-4492-bae9-2ab1670894bc,2026-04-30,unavailable,,,2026-04-29T20:35:05.171504+00:00,2026-04-29T20:35:04.719+00:00,,,
462d1b36-c146-40dd-9475-e4730341d120,2c6d8e1e-5fca-4ef0-8171-db565a70bb02,7a5fd02b-2248-4492-bae9-2ab1670894bc,2026-04-30,unavailable,,,2026-04-29T20:35:05.171504+00:00,2026-04-29T20:35:04.719+00:00,,,
7557a7f9-d710-4896-811b-a449a8564598,4cb1a70a-69ff-40a0-a510-294ba986d499,7a5fd02b-2248-4492-bae9-2ab1670894bc,2026-04-30,unavailable,,,2026-04-29T20:35:05.171504+00:00,2026-04-29T20:35:04.719+00:00,,,
11c45cb8-5b29-4629-965a-2ae96414cd92,51bd07e8-04c4-4564-af34-8d952def0f8d,7a5fd02b-2248-4492-bae9-2ab1670894bc,2026-04-30,unavailable,,,2026-04-29T20:35:05.171504+00:00,2026-04-29T20:35:04.719+00:00,,,
00a5c795-8a18-41fa-bab2-5b678d7772d4,abe101e7-ab70-43a7-bba2-e161bcd2b73e,7a5fd02b-2248-4492-bae9-2ab1670894bc,2026-04-30,unavailable,,,2026-04-29T20:35:05.171504+00:00,2026-04-29T20:35:04.719+00:00,,,
70c1924e-ebe1-47df-a05c-e572299fe0de,7de4b628-ab0b-4d70-96e8-d8b7f23fbfdd,7a5fd02b-2248-4492-bae9-2ab1670894bc,2026-04-30,unavailable,,,2026-04-29T20:35:05.171504+00:00,2026-04-29T20:35:04.719+00:00,,,
e0d0b059-3f29-4c15-a174-c8e0ce56f307,45a1142b-7760-4e8c-a1af-989c15a5fdc4,7a5fd02b-2248-4492-bae9-2ab1670894bc,2026-04-30,unavailable,,,2026-04-29T20:35:05.171504+00:00,2026-04-29T20:35:04.719+00:00,,,
202e97cd-7e82-4ad0-b39a-aeb842b930ff,5b3f4657-21b0-44a7-8f0a-3f0ecd43f712,7a5fd02b-2248-4492-bae9-2ab1670894bc,2026-04-30,unavailable,,,2026-04-29T20:35:05.171504+00:00,2026-04-29T20:35:04.719+00:00,,,
42d812a7-bff0-4c6e-a61c-218d8e744091,fc189420-99ea-4786-a143-2314e7653949,7a5fd02b-2248-4492-bae9-2ab1670894bc,2026-04-30,unavailable,,,2026-04-29T20:35:05.171504+00:00,2026-04-29T20:35:04.719+00:00,,,
17ed5b32-41c7-4003-8357-988a14c3fbf5,9bc2c597-4686-47a2-bdce-22b9ce02d3dd,7a5fd02b-2248-4492-bae9-2ab1670894bc,2026-04-30,unavailable,,,2026-04-29T20:35:05.171504+00:00,2026-04-29T20:35:04.719+00:00,,,
1a2157b6-118c-44d0-8393-4a9dc517377d,10c6b8e6-72c6-4198-8dbb-9afc48473d68,7a5fd02b-2248-4492-bae9-2ab1670894bc,2026-04-30,unavailable,,,2026-04-29T20:35:05.171504+00:00,2026-04-29T20:35:04.719+00:00,,,
f31c1328-78f9-47ea-ab6c-02c93b8c6dcd,c8b51b5d-7fe1-40db-ad18-7b79258828a1,7a5fd02b-2248-4492-bae9-2ab1670894bc,2026-04-30,unavailable,,,2026-04-29T20:35:05.171504+00:00,2026-04-29T20:35:04.719+00:00,,,
fc40fa44-3eac-4d2d-adb6-3435442b010e,6f6dcd58-46f9-4796-8b12-f65aeb26ab1e,7a5fd02b-2248-4492-bae9-2ab1670894bc,2026-04-30,unavailable,,,2026-04-29T20:35:05.171504+00:00,2026-04-29T20:35:04.719+00:00,,,
8152a792-5a9e-4716-b3cb-59d828fe06de,188cfea9-8ce2-4ee6-aa4a-8ace3bb24307,7a5fd02b-2248-4492-bae9-2ab1670894bc,2026-04-30,unavailable,,,2026-04-29T20:35:05.171504+00:00,2026-04-29T20:35:04.719+00:00,,,
ea3dff0a-7409-42f8-8152-8e38a1fe4f8b,bb521bcd-ab51-4458-86ef-2f2b3e9dd4d7,7a5fd02b-2248-4492-bae9-2ab1670894bc,2026-04-30,unavailable,,,2026-04-29T20:35:05.171504+00:00,2026-04-29T20:35:04.719+00:00,,,
cf7231ee-2884-43e6-b245-28abac448ae4,28939fc7-49c1-4151-b66e-c707529eb24b,7a5fd02b-2248-4492-bae9-2ab1670894bc,2026-04-30,unavailable,,,2026-04-29T20:35:05.171504+00:00,2026-04-29T20:35:04.719+00:00,,,
df00ad84-f8e0-4adc-8b43-740450628bbe,ecbae0c7-4bea-436b-9f87-b80c26ec150f,7a5fd02b-2248-4492-bae9-2ab1670894bc,2026-04-30,unavailable,,,2026-04-29T20:35:05.171504+00:00,2026-04-29T20:35:04.719+00:00,,,
1de90bac-6de7-4025-ae35-6701b20c57ac,4e678c0c-345b-4cad-8f84-08fb2e61cccd,7a5fd02b-2248-4492-bae9-2ab1670894bc,2026-04-30,unavailable,,,2026-04-29T20:35:05.171504+00:00,2026-04-29T20:35:04.719+00:00,,,
c59dfbef-663f-4261-8ef1-314ba982589a,acc2e31f-8c70-4ae8-82e0-30c047f6bc1f,7a5fd02b-2248-4492-bae9-2ab1670894bc,2026-04-30,unavailable,,,2026-04-29T20:35:05.171504+00:00,2026-04-29T20:35:04.719+00:00,,,
25b62aed-9292-4124-ad1d-1ae8a0db0941,8e08ef07-dafc-46a6-8d05-a8ed0e1cb79c,7a5fd02b-2248-4492-bae9-2ab1670894bc,2026-04-30,unavailable,,,2026-04-29T20:35:05.171504+00:00,2026-04-29T20:35:04.719+00:00,,,
0cc323a1-f8d4-47fb-9fa1-6dd3a0fee10a,5faef9e7-1115-4fbf-a391-fc83e8635b70,7a5fd02b-2248-4492-bae9-2ab1670894bc,2026-04-30,unavailable,,,2026-04-29T20:35:05.171504+00:00,2026-04-29T20:35:04.719+00:00,,,
41d27b1b-5b16-4f09-9873-ca2a901cdb6f,53d4c1e2-c93c-4f45-8fb1-f0bd64ef921e,7a5fd02b-2248-4492-bae9-2ab1670894bc,2026-04-30,unavailable,,,2026-04-29T20:35:05.171504+00:00,2026-04-29T20:35:04.719+00:00,,,
e5d51226-0578-4cd6-bbf9-b3dc3c348892,953a114e-45a0-47ca-8ac0-c0e188cd65c2,7a5fd02b-2248-4492-bae9-2ab1670894bc,2026-04-30,unavailable,,,2026-04-29T20:35:05.171504+00:00,2026-04-29T20:35:04.719+00:00,,,
9a4f90a2-8258-490a-92e1-2efdb58d9900,25149f32-ee59-48d7-a941-9f6c35ca2855,7a5fd02b-2248-4492-bae9-2ab1670894bc,2026-04-30,unavailable,,,2026-04-29T20:35:05.171504+00:00,2026-04-29T20:35:04.719+00:00,,,
829eb0d6-50da-42dd-8b26-0da6991326ba,a3d78333-79fb-4040-8a2f-6f43aa351556,7a5fd02b-2248-4492-bae9-2ab1670894bc,2026-04-30,unavailable,,,2026-04-29T20:35:05.171504+00:00,2026-04-29T20:35:04.719+00:00,,,
80cd678c-c087-4f33-8d9d-00ae6e2752db,e466e1b5-0324-484f-be32-9f1e792d73e0,7a5fd02b-2248-4492-bae9-2ab1670894bc,2026-04-30,unavailable,,,2026-04-29T20:35:05.171504+00:00,2026-04-29T20:35:04.719+00:00,,,
fffe03c5-cb11-45c1-8d96-6de83d94a5f0,afb9bf7c-248b-4142-8e01-029b5cbbd4c5,7a5fd02b-2248-4492-bae9-2ab1670894bc,2026-04-30,unavailable,,,2026-04-29T20:35:05.171504+00:00,2026-04-29T20:35:04.719+00:00,,,
ea2d02f5-e96a-4e87-8a89-ec4a11166532,dea0d41c-bb8b-4b5d-a829-28e07fff0010,7a5fd02b-2248-4492-bae9-2ab1670894bc,2026-04-30,unavailable,,,2026-04-29T20:35:05.171504+00:00,2026-04-29T20:35:04.719+00:00,,,
18f02a84-15a6-4fbe-b89c-1d36c34271a8,b67bd172-bbd0-48ef-9cda-9d458718bae0,7a5fd02b-2248-4492-bae9-2ab1670894bc,2026-04-30,unavailable,,,2026-04-29T20:35:05.171504+00:00,2026-04-29T20:35:04.719+00:00,,,
884c9e5a-919b-416d-a3ee-e13074a2bc50,31bb4896-e136-4f61-8c9a-44f45a24b9db,7a5fd02b-2248-4492-bae9-2ab1670894bc,2026-04-30,unavailable,,,2026-04-29T20:35:05.171504+00:00,2026-04-29T20:35:04.719+00:00,,,
c7737681-7333-49f5-823a-ffca568856bd,e6c3b55d-0838-4760-b4e8-30ec6b724c69,7a5fd02b-2248-4492-bae9-2ab1670894bc,2026-04-30,unavailable,,,2026-04-29T20:35:05.171504+00:00,2026-04-29T20:35:04.719+00:00,,,
e4912a7c-a4cd-4233-8dc5-549ec8dbf954,b4e55d8f-e956-442f-a4ad-595da88885fb,7a5fd02b-2248-4492-bae9-2ab1670894bc,2026-04-30,unavailable,,,2026-04-29T20:35:05.171504+00:00,2026-04-29T20:35:04.719+00:00,,,
a7fc276b-52f2-466a-acbe-538a248a765e,6058be35-369e-435d-8373-442cac7b65f8,7a5fd02b-2248-4492-bae9-2ab1670894bc,2026-04-30,unavailable,,,2026-04-29T20:35:05.171504+00:00,2026-04-29T20:35:04.719+00:00,,,
4dfff380-2ce0-4bb3-b964-9f67d88475c7,9adeb556-ece2-498f-abb0-869e7ea01aa8,7a5fd02b-2248-4492-bae9-2ab1670894bc,2026-04-30,unavailable,,,2026-04-29T20:35:05.171504+00:00,2026-04-29T20:35:04.719+00:00,,,
ddaccb67-cbd6-4f02-b8f1-226cf94bf1c9,bfa7d4bd-6923-4d5f-9b63-2801c4cd92b2,7a5fd02b-2248-4492-bae9-2ab1670894bc,2026-04-30,unavailable,,,2026-04-29T20:35:05.171504+00:00,2026-04-29T20:35:04.719+00:00,,,
ec3163b3-05c1-41ef-b91c-aade80fda233,bf479c71-9394-4a55-b9ac-c81c237fa309,7a5fd02b-2248-4492-bae9-2ab1670894bc,2026-04-30,unavailable,,,2026-04-29T20:35:05.171504+00:00,2026-04-29T20:35:04.719+00:00,,,
1ab5b24f-3616-49de-b144-ceb9fbb43c03,4d8341f1-1d5f-49e5-95e6-bda4f2816a28,7a5fd02b-2248-4492-bae9-2ab1670894bc,2026-04-30,unavailable,,,2026-04-29T20:35:05.171504+00:00,2026-04-29T20:35:04.719+00:00,,,
120285ba-9da0-4cb3-a19c-e7dec14b00f9,f6723b26-0b45-4a30-bfa8-1ee732565796,7a5fd02b-2248-4492-bae9-2ab1670894bc,2026-04-30,unavailable,,,2026-04-29T20:35:05.171504+00:00,2026-04-29T20:35:04.719+00:00,,,
1e85db83-9d7e-4640-8e25-77dbc23ef309,6d8db724-4152-43b2-bf1b-ca96881952e6,7a5fd02b-2248-4492-bae9-2ab1670894bc,2026-04-30,unavailable,,,2026-04-29T20:35:05.171504+00:00,2026-04-29T20:35:04.719+00:00,,,
555073fc-3f1b-4668-b2a4-338cb3b4aef2,5aace772-3b44-4925-820b-042fba96ee1b,7a5fd02b-2248-4492-bae9-2ab1670894bc,2026-04-30,unavailable,,,2026-04-29T20:35:05.171504+00:00,2026-04-29T20:35:04.719+00:00,,,
dacb4162-b59d-4b29-be2c-f031573d2363,c884d033-d490-4ccb-ba1f-646407b6ab42,7a5fd02b-2248-4492-bae9-2ab1670894bc,2026-04-30,unavailable,,,2026-04-29T20:35:05.171504+00:00,2026-04-29T20:35:04.719+00:00,,,
53c2c496-adcc-449d-97ce-3fb2cd6435c8,ddb4593f-6ae9-4e1d-b64b-9c0d989de317,7a5fd02b-2248-4492-bae9-2ab1670894bc,2026-04-30,unavailable,,,2026-04-29T20:35:05.171504+00:00,2026-04-29T20:35:04.719+00:00,,,
4f5029a6-8e70-4b38-b8d6-564c9a59e935,1e313572-571e-46b4-b012-80449350cf3f,7a5fd02b-2248-4492-bae9-2ab1670894bc,2026-04-30,unavailable,,,2026-04-29T20:35:05.171504+00:00,2026-04-29T20:35:04.719+00:00,,,
b668104c-22cb-4f73-8f84-01ccb9d296dd,95a59580-6440-4afa-95b7-90e438e0b33b,7a5fd02b-2248-4492-bae9-2ab1670894bc,2026-04-30,unavailable,,,2026-04-29T20:35:05.171504+00:00,2026-04-29T20:35:04.719+00:00,,,
f944f169-5ab8-4bf3-8682-64c392715e61,1ce0b2b8-6262-4b17-98f9-60bed3365ecb,7a5fd02b-2248-4492-bae9-2ab1670894bc,2026-04-30,unavailable,,,2026-04-29T20:35:05.171504+00:00,2026-04-29T20:35:04.719+00:00,,,
c49f3d3e-3b4a-4c3f-926a-43e995d19cb9,d9bf2e1e-2f9d-4952-97aa-c74fdd095b34,7a5fd02b-2248-4492-bae9-2ab1670894bc,2026-04-30,unavailable,,,2026-04-29T20:35:05.171504+00:00,2026-04-29T20:35:04.719+00:00,,,
278ac453-073c-47af-afd6-0f10981a9c3d,4af25fcb-085b-4071-97d0-4af42e4a5f0b,7a5fd02b-2248-4492-bae9-2ab1670894bc,2026-04-30,unavailable,,,2026-04-29T20:35:05.171504+00:00,2026-04-29T20:35:04.719+00:00,,,
aacda4a1-55e5-4bd1-95e2-2ea2265eed8b,d04984bc-eb16-411e-8c99-ba6beb94db3c,7a5fd02b-2248-4492-bae9-2ab1670894bc,2026-04-30,unavailable,,,2026-04-29T20:35:05.171504+00:00,2026-04-29T20:35:04.719+00:00,,,
33ce09d3-a614-491a-b0ba-8f10a6594ec4,dfcf3978-e149-42ff-90c3-5ee66fc11c77,7a5fd02b-2248-4492-bae9-2ab1670894bc,2026-04-30,unavailable,,,2026-04-29T20:35:05.171504+00:00,2026-04-29T20:35:04.719+00:00,,,
9578cae6-7420-4ef0-8f9f-29efd6ef9129,f0fe9b25-dd6c-40ca-b3a2-5ad353a1c66e,7a5fd02b-2248-4492-bae9-2ab1670894bc,2026-04-30,unavailable,,,2026-04-29T20:35:05.171504+00:00,2026-04-29T20:35:04.719+00:00,,,
ca2d1e7e-8252-47c2-9b23-2dc4295c0dc9,e0ac9138-c667-4899-b1a7-25684d83684c,7a5fd02b-2248-4492-bae9-2ab1670894bc,2026-04-30,unavailable,,,2026-04-29T20:35:05.171504+00:00,2026-04-29T20:35:04.719+00:00,,,
0d0a624c-e87a-4d3b-af48-9cce2a2ec150,aec9b1ec-e511-4850-bfc1-ca8d1f749687,7a5fd02b-2248-4492-bae9-2ab1670894bc,2026-04-30,unavailable,,,2026-04-29T20:35:05.171504+00:00,2026-04-29T20:35:04.719+00:00,,,
fdc9cdc2-bf6f-4831-8aaf-f943b2aa75f6,03ac3e2a-cd94-4a27-a5eb-b34640786fae,7a5fd02b-2248-4492-bae9-2ab1670894bc,2026-04-30,unavailable,,,2026-04-29T20:35:05.171504+00:00,2026-04-29T20:35:04.719+00:00,,,
040677b8-b01d-4619-9f89-c0b242498496,bb300ba6-5a75-45b4-b42b-46a42914a3e7,7a5fd02b-2248-4492-bae9-2ab1670894bc,2026-04-30,unavailable,,,2026-04-29T20:35:05.171504+00:00,2026-04-29T20:35:04.719+00:00,,,
4f4e89b0-4ecf-48a4-ab79-c04f9f77f3b7,86233651-f0cf-4660-9e65-f1bda5ed5e58,7a5fd02b-2248-4492-bae9-2ab1670894bc,2026-04-30,unavailable,,,2026-04-29T20:35:05.171504+00:00,2026-04-29T20:35:04.719+00:00,,,
e48d268d-a39c-4779-8d26-f3372b3ef549,bf4ecc4d-e755-4605-8ac6-63d67ad62287,7a5fd02b-2248-4492-bae9-2ab1670894bc,2026-04-30,unavailable,,,2026-04-29T20:35:05.171504+00:00,2026-04-29T20:35:04.719+00:00,,,
a6789081-ff05-40f1-b23b-0be471240a12,13cd1ce2-5e86-451c-8f87-2b6f0842b010,7a5fd02b-2248-4492-bae9-2ab1670894bc,2026-04-30,unavailable,,,2026-04-29T20:35:05.171504+00:00,2026-04-29T20:35:04.719+00:00,,,
a66179dd-6e24-4671-8bb5-59ff20ad0cad,f6df221f-4b0c-45c9-b354-4b58b1b21450,7a5fd02b-2248-4492-bae9-2ab1670894bc,2026-04-30,unavailable,,,2026-04-29T20:35:05.171504+00:00,2026-04-29T20:35:04.719+00:00,,,
582d1ddc-2ff5-43e7-a144-21c6f8a68572,0b7d02c5-cd25-487a-ae38-30cf2c3199bb,7a5fd02b-2248-4492-bae9-2ab1670894bc,2026-04-30,unavailable,,,2026-04-29T20:35:05.171504+00:00,2026-04-29T20:35:04.719+00:00,,,
b3b91893-5564-4d60-99f4-683816977941,4f0ecc4f-9d09-4bab-9a9c-06ce5326a219,7a5fd02b-2248-4492-bae9-2ab1670894bc,2026-04-30,unavailable,,,2026-04-29T20:35:05.171504+00:00,2026-04-29T20:35:04.719+00:00,,,
8ffce6e5-06ba-4528-b17f-c87958f0478c,9f442f9e-040a-4c4a-bdd3-810ccf0019c2,7a5fd02b-2248-4492-bae9-2ab1670894bc,2026-04-30,unavailable,,,2026-04-29T20:35:05.171504+00:00,2026-04-29T20:35:04.719+00:00,,,
23a358e4-816d-49e6-986d-51664276ff55,e507c000-08c5-4d9e-8da4-975f0affa937,7a5fd02b-2248-4492-bae9-2ab1670894bc,2026-04-30,unavailable,,,2026-04-29T20:35:05.171504+00:00,2026-04-29T20:35:04.719+00:00,,,
7e6e4f33-1d52-4e55-9824-9e40cfd74e64,5920adcc-3687-45b2-a0ad-50b17f24faef,7a5fd02b-2248-4492-bae9-2ab1670894bc,2026-04-30,unavailable,,,2026-04-29T20:35:05.171504+00:00,2026-04-29T20:35:04.719+00:00,,,
f6f41ada-0926-4ba0-95bf-0604eaa01b90,19508c8b-5f9f-4cda-bffa-d36ef4c07bc2,7a5fd02b-2248-4492-bae9-2ab1670894bc,2026-04-30,unavailable,,,2026-04-29T20:35:05.171504+00:00,2026-04-29T20:35:04.719+00:00,,,
0ae9f837-5c94-482c-9d49-ac941d862d02,3b390b60-bc5f-4a6c-8366-90501656ce20,7a5fd02b-2248-4492-bae9-2ab1670894bc,2026-04-30,unavailable,,,2026-04-29T20:35:05.171504+00:00,2026-04-29T20:35:04.719+00:00,,,
d528462b-a40d-49ff-88b6-50155dbecce5,1312210e-9cd8-4bac-96a8-11da91414ca2,7a5fd02b-2248-4492-bae9-2ab1670894bc,2026-04-30,unavailable,,,2026-04-29T20:35:05.171504+00:00,2026-04-29T20:35:04.719+00:00,,,
6306c543-6b7d-44a3-83f4-20349826c368,e3ec98c5-fd0d-4087-ae6f-8b84410a0199,7a5fd02b-2248-4492-bae9-2ab1670894bc,2026-04-30,unavailable,,,2026-04-29T20:35:05.171504+00:00,2026-04-29T20:35:04.719+00:00,,,
08364898-79b2-46d4-9935-424b87b7c41c,3d082f2c-37ab-422a-bcad-71da0369d206,7a5fd02b-2248-4492-bae9-2ab1670894bc,2026-04-30,unavailable,,,2026-04-29T20:35:05.171504+00:00,2026-04-29T20:35:04.719+00:00,,,
21563424-afdc-4750-afbb-83d3f5397638,e704a939-0821-4540-b342-fec5e79de79a,7a5fd02b-2248-4492-bae9-2ab1670894bc,2026-04-30,unavailable,,,2026-04-29T20:35:05.171504+00:00,2026-04-29T20:35:04.719+00:00,,,
7d9de3fb-7805-41a4-ab0e-88cd12ae2d7f,cd527a80-68b8-45c9-b657-a2bb8e48c3b3,7a5fd02b-2248-4492-bae9-2ab1670894bc,2026-04-30,unavailable,,,2026-04-29T20:35:05.171504+00:00,2026-04-29T20:35:04.719+00:00,,,
c8d44644-ac05-46b3-b5fd-6cb24fbcfcd9,bbf210fa-39a3-4ce0-9091-558f93309281,7a5fd02b-2248-4492-bae9-2ab1670894bc,2026-04-30,unavailable,,,2026-04-29T20:35:05.171504+00:00,2026-04-29T20:35:04.719+00:00,,,
ab888658-21a1-4b53-83b5-6079fd888cad,20c89eec-afeb-4600-8a4d-ad8deff1e6ff,7a5fd02b-2248-4492-bae9-2ab1670894bc,2026-04-30,unavailable,,,2026-04-29T20:35:05.171504+00:00,2026-04-29T20:35:04.719+00:00,,,
1f07057d-3999-4e38-ac1d-524545b7df30,472aebdc-b540-4f92-b4ca-98d5d526f416,7a5fd02b-2248-4492-bae9-2ab1670894bc,2026-04-30,unavailable,,,2026-04-29T20:35:05.171504+00:00,2026-04-29T20:35:04.719+00:00,,,
1802a254-cc43-4f23-903a-29d374f9b96a,bf1dac2d-8dd9-4c40-8b2c-7aa56ffd633d,7a5fd02b-2248-4492-bae9-2ab1670894bc,2026-04-30,unavailable,,,2026-04-29T20:35:05.171504+00:00,2026-04-29T20:35:04.719+00:00,,,
e8c32164-5068-4050-8285-6e86c367c7f2,75aeb2f5-22fa-47df-95a2-21976cfb1df9,7a5fd02b-2248-4492-bae9-2ab1670894bc,2026-04-30,unavailable,,,2026-04-29T20:35:05.171504+00:00,2026-04-29T20:35:04.719+00:00,,,
8029e007-0c39-4255-a012-5191d635dbf4,aba5c0fa-7f46-4f07-9ee2-f6e7bf39bc1d,7a5fd02b-2248-4492-bae9-2ab1670894bc,2026-04-30,unavailable,,,2026-04-29T20:35:05.171504+00:00,2026-04-29T20:35:04.719+00:00,,,
bed75026-8baf-41cc-961d-b12c3fb8fabb,faa337de-416b-4c93-bc16-3b37c4f24049,7a5fd02b-2248-4492-bae9-2ab1670894bc,2026-04-30,unavailable,,,2026-04-29T20:35:05.171504+00:00,2026-04-29T20:35:04.719+00:00,,,
3eb25844-e227-4fcc-843c-c9f5e1cbe55c,6b4c8cc4-4376-4ab6-9ee6-c624b72485a6,7a5fd02b-2248-4492-bae9-2ab1670894bc,2026-04-30,unavailable,,,2026-04-29T20:35:05.171504+00:00,2026-04-29T20:35:04.719+00:00,,,
a0b4b4b2-a4b0-42af-8839-8f7b1487dcab,bfdd8bbb-5373-4e16-9c52-492471349f90,7a5fd02b-2248-4492-bae9-2ab1670894bc,2026-04-30,unavailable,,,2026-04-29T20:35:05.171504+00:00,2026-04-29T20:35:04.719+00:00,,,
ec2c62c8-5f7a-426b-a4d4-902637fea381,ffa03313-d46c-46fc-a98c-fc495db887c8,7a5fd02b-2248-4492-bae9-2ab1670894bc,2026-04-30,unavailable,,,2026-04-29T20:35:05.171504+00:00,2026-04-29T20:35:04.719+00:00,,,
f88c3d12-3fa9-459b-928e-69f4e6b33bb0,254f04b8-24d1-4501-82ab-3de9aa297e4a,7a5fd02b-2248-4492-bae9-2ab1670894bc,2026-04-30,unavailable,,,2026-04-29T20:35:05.171504+00:00,2026-04-29T20:35:04.719+00:00,,,
fdf2c36b-5889-49e6-9a15-d0917e5f4752,668f76c5-00fa-45e0-a391-ada8940fe179,7a5fd02b-2248-4492-bae9-2ab1670894bc,2026-04-30,unavailable,,,2026-04-29T20:35:05.171504+00:00,2026-04-29T20:35:04.719+00:00,,,
8f226563-acb7-40c7-a2af-16791016ea89,cc36fcf7-866b-4539-8745-9f9cde9890bc,7a5fd02b-2248-4492-bae9-2ab1670894bc,2026-04-30,unavailable,,,2026-04-29T20:35:05.171504+00:00,2026-04-29T20:35:04.719+00:00,,,
88be2a2a-7abd-4a74-8cf7-0b8b78115e7f,3748ead8-de3e-4936-a66d-9d0b2b545b70,7a5fd02b-2248-4492-bae9-2ab1670894bc,2026-04-30,unavailable,,,2026-04-29T20:35:05.171504+00:00,2026-04-29T20:35:04.719+00:00,,,
93a145a3-58cc-417f-8745-9c3fa449ca5d,d738fe6a-8aae-4f9b-a997-d67179944468,7a5fd02b-2248-4492-bae9-2ab1670894bc,2026-04-30,unavailable,,,2026-04-29T20:35:05.171504+00:00,2026-04-29T20:35:04.719+00:00,,,
f2b0e58a-47f5-4fd3-bed2-2d02444e35c5,da3fa041-df6e-4d09-8877-2f105c12936c,7a5fd02b-2248-4492-bae9-2ab1670894bc,2026-04-30,unavailable,,,2026-04-29T20:35:05.171504+00:00,2026-04-29T20:35:04.719+00:00,,,
8e4484ff-2dd3-4cd9-87da-b61ca8fa4b8e,c2a76342-b6cd-4037-89e3-ebfa887bbb51,7a5fd02b-2248-4492-bae9-2ab1670894bc,2026-04-30,unavailable,,,2026-04-29T20:35:05.171504+00:00,2026-04-29T20:35:04.719+00:00,,,
44acfc18-cc98-4d8b-ad07-8c1fdbbd67d3,9e04d666-3178-44da-a5ad-75ca73a39c2b,7a5fd02b-2248-4492-bae9-2ab1670894bc,2026-04-30,unavailable,,,2026-04-29T20:35:05.171504+00:00,2026-04-29T20:35:04.719+00:00,,,
199f2d92-aa9e-4bea-8c6f-8ef1ea369478,9111d6fd-f6d3-4ade-9915-bbfde0232f4b,7a5fd02b-2248-4492-bae9-2ab1670894bc,2026-04-30,unavailable,,,2026-04-29T20:35:05.171504+00:00,2026-04-29T20:35:04.719+00:00,,,
da2f3abb-e2c7-4a3a-80f5-4492a656d0d5,b8e32f9a-56c0-4915-9d71-413234d11bff,7a5fd02b-2248-4492-bae9-2ab1670894bc,2026-04-30,unavailable,,,2026-04-29T20:35:05.171504+00:00,2026-04-29T20:35:04.719+00:00,,,
5691c922-3e76-48fc-a13b-75f1cf9af6bb,1319b9ad-0c60-4137-9117-9f6bcd77f1ac,7a5fd02b-2248-4492-bae9-2ab1670894bc,2026-04-30,unavailable,,,2026-04-29T20:35:05.171504+00:00,2026-04-29T20:35:04.719+00:00,,,
2e59d047-f0ed-40b6-9349-0f6cacb94100,c19c0355-5119-46a4-956d-310776ade079,7a5fd02b-2248-4492-bae9-2ab1670894bc,2026-04-30,unavailable,,,2026-04-29T20:35:05.171504+00:00,2026-04-29T20:35:04.719+00:00,,,
c9abec73-081f-4966-8242-a6cfc93a3560,fffc7b60-42d2-4f14-831e-1a4e4d71e26d,7a5fd02b-2248-4492-bae9-2ab1670894bc,2026-04-30,unavailable,,,2026-04-29T20:35:05.171504+00:00,2026-04-29T20:35:04.719+00:00,,,
be796bec-8967-4a12-9a08-6df01116c8f1,5f1621cc-8a4c-4563-88bf-daffe78af0ff,7a5fd02b-2248-4492-bae9-2ab1670894bc,2026-04-30,unavailable,,,2026-04-29T20:35:05.171504+00:00,2026-04-29T20:35:04.719+00:00,,,
d331a952-6da4-48b8-98b3-f20de176b36f,148e5b83-9381-443e-9afd-b6991092c090,7a5fd02b-2248-4492-bae9-2ab1670894bc,2026-04-30,unavailable,,,2026-04-29T20:35:05.171504+00:00,2026-04-29T20:35:04.719+00:00,,,
829707d1-5c4a-42d1-8e8a-bffbd58e314d,b2d63f78-299d-4331-911f-a96c4941df55,7a5fd02b-2248-4492-bae9-2ab1670894bc,2026-04-30,unavailable,,,2026-04-29T20:35:05.171504+00:00,2026-04-29T20:35:04.719+00:00,,,
69e6510a-e9f9-42cd-bf53-9bdfa52d89a5,06f3c06f-0fee-48b6-af1d-2f1e6d9ac65e,7a5fd02b-2248-4492-bae9-2ab1670894bc,2026-04-30,unavailable,,,2026-04-29T20:35:05.171504+00:00,2026-04-29T20:35:04.719+00:00,,,
e804928a-1890-47a3-b5bb-209756c8ac79,25992891-0940-467e-8aa4-4a02bb64c2f8,7a5fd02b-2248-4492-bae9-2ab1670894bc,2026-04-30,unavailable,,,2026-04-29T20:35:05.171504+00:00,2026-04-29T20:35:04.719+00:00,,,
378207c4-e1ec-4bb0-bae2-3078869f4fb2,71b1d585-5919-4a6a-9676-9869a51fec0e,7a5fd02b-2248-4492-bae9-2ab1670894bc,2026-04-30,unavailable,,,2026-04-29T20:35:05.171504+00:00,2026-04-29T20:35:04.719+00:00,,,
5d59b86b-428b-43b8-9c44-04684f044d9a,07facaef-e20c-417b-9419-6486f1ac9071,7a5fd02b-2248-4492-bae9-2ab1670894bc,2026-04-30,unavailable,,,2026-04-29T20:35:05.171504+00:00,2026-04-29T20:35:04.719+00:00,,,
14289349-ed82-49ae-9b46-f70a3bd270ce,27133740-8739-4086-b026-370f41fedf92,7a5fd02b-2248-4492-bae9-2ab1670894bc,2026-04-30,unavailable,,,2026-04-29T20:35:05.171504+00:00,2026-04-29T20:35:04.719+00:00,,,
fabb66ae-a72c-4e34-956f-141d297c91ac,60ee9721-045f-41c3-91e8-d4c34e5d7175,7a5fd02b-2248-4492-bae9-2ab1670894bc,2026-04-30,unavailable,,,2026-04-29T20:35:05.171504+00:00,2026-04-29T20:35:04.719+00:00,,,
e1e31f5a-31bc-436c-8ff8-b73c52940910,2d181b74-593a-452f-8b74-3505e6766893,7a5fd02b-2248-4492-bae9-2ab1670894bc,2026-04-30,unavailable,,,2026-04-29T20:35:05.171504+00:00,2026-04-29T20:35:04.719+00:00,,,
227d1eba-3959-4595-ae5e-684af158be14,b026bfc6-eef8-4751-abbe-82fd7c107473,7a5fd02b-2248-4492-bae9-2ab1670894bc,2026-04-30,unavailable,,,2026-04-29T20:35:05.171504+00:00,2026-04-29T20:35:04.719+00:00,,,
2c612b41-aa2f-4393-81e7-5587bad5e629,f466852a-ef7b-4013-ac24-d40b4c4cf55b,7a5fd02b-2248-4492-bae9-2ab1670894bc,2026-04-30,unavailable,,,2026-04-29T20:35:05.171504+00:00,2026-04-29T20:35:04.719+00:00,,,
1e715b63-7793-4300-bbd8-e3af2d5731e7,7f6dd06a-83e0-4750-b802-b1f90cefa97f,7a5fd02b-2248-4492-bae9-2ab1670894bc,2026-04-30,unavailable,,,2026-04-29T20:35:05.171504+00:00,2026-04-29T20:35:04.719+00:00,,,
60215e57-0990-454a-9294-aabffb6a9d7b,ad7462a1-5295-4da0-81b8-fad9eb82b0e0,7a5fd02b-2248-4492-bae9-2ab1670894bc,2026-04-30,unavailable,,,2026-04-29T20:35:05.171504+00:00,2026-04-29T20:35:04.719+00:00,,,
85b3cdf4-db62-4d3f-9b94-d95c66cd12e9,e2ab0523-b78f-41b9-a50b-d55445e1c544,7a5fd02b-2248-4492-bae9-2ab1670894bc,2026-04-30,unavailable,,,2026-04-29T20:35:05.171504+00:00,2026-04-29T20:35:04.719+00:00,,,
616bcce1-c165-49b6-b137-6bab38c2357c,05f66656-45df-4cb0-bf70-229ad1938df6,7a5fd02b-2248-4492-bae9-2ab1670894bc,2026-04-30,unavailable,,,2026-04-29T20:35:05.171504+00:00,2026-04-29T20:35:04.719+00:00,,,
044b5879-f9d9-42ad-b4ab-4ff04d658020,ae35edf7-0f5f-42cb-b1da-7ab6b187d19d,7a5fd02b-2248-4492-bae9-2ab1670894bc,2026-04-30,unavailable,,,2026-04-29T20:35:05.171504+00:00,2026-04-29T20:35:04.719+00:00,,,
b0a73f7f-81f9-4e7f-8cf7-a41ffd157f61,c1a8700d-9fe7-4842-97e2-84acd9d975b3,7a5fd02b-2248-4492-bae9-2ab1670894bc,2026-04-30,unavailable,,,2026-04-29T20:35:05.171504+00:00,2026-04-29T20:35:04.719+00:00,,,
1fc4c1d5-202f-4bde-9f38-cccaf3ffe6ef,d2d10fe8-69a3-4554-89d2-dedf9ea06203,7a5fd02b-2248-4492-bae9-2ab1670894bc,2026-04-30,unavailable,,,2026-04-29T20:35:05.171504+00:00,2026-04-29T20:35:04.719+00:00,,,
e6a1b6ce-b10e-4f8d-b834-0bd678a09711,c57fbfb5-1ed2-4e98-9b48-c9b6b97c44bd,7a5fd02b-2248-4492-bae9-2ab1670894bc,2026-04-30,unavailable,,,2026-04-29T20:35:05.171504+00:00,2026-04-29T20:35:04.719+00:00,,,
4fa58c17-beaa-4153-a99c-3c1e719f0338,1c0ec68f-ce08-4e5e-b4ed-3ce89f333f42,7a5fd02b-2248-4492-bae9-2ab1670894bc,2026-04-30,unavailable,,,2026-04-29T20:35:05.171504+00:00,2026-04-29T20:35:04.719+00:00,,,
e6fc9e26-38d1-4a8a-8db4-f49ae03af6fa,d08761e2-5788-4a05-b0c0-5cb25f8a6403,7a5fd02b-2248-4492-bae9-2ab1670894bc,2026-04-30,unavailable,,,2026-04-29T20:35:05.171504+00:00,2026-04-29T20:35:04.719+00:00,,,
225e35a7-5acb-422c-a412-902811c29815,4f4e920c-2cf6-4d2e-bd9b-e81927d9a495,7a5fd02b-2248-4492-bae9-2ab1670894bc,2026-04-30,unavailable,,,2026-04-29T20:35:05.171504+00:00,2026-04-29T20:35:04.719+00:00,,,
da8189e3-0426-415b-8e5b-e55934d3ae31,834fd3ad-e3e0-411e-92e5-79b1e68a34d9,7a5fd02b-2248-4492-bae9-2ab1670894bc,2026-04-30,unavailable,,,2026-04-29T20:35:05.171504+00:00,2026-04-29T20:35:04.719+00:00,,,
d4360da3-17a1-4ae7-a7ae-53bf86a797a4,fe837eeb-c43f-4324-9484-e363c26f5829,7a5fd02b-2248-4492-bae9-2ab1670894bc,2026-04-30,unavailable,,,2026-04-29T20:35:05.171504+00:00,2026-04-29T20:35:04.719+00:00,,,
5fdf6ded-276b-417c-924e-12e72ee3edc7,5e50859d-1508-4fb1-84a9-adeef4b333ff,7a5fd02b-2248-4492-bae9-2ab1670894bc,2026-04-30,unavailable,,,2026-04-29T20:35:05.171504+00:00,2026-04-29T20:35:04.719+00:00,,,
b2837292-5c0a-41ed-b727-acea34309e89,cb8885fa-21df-4a06-9dcc-911e9c6c474d,7a5fd02b-2248-4492-bae9-2ab1670894bc,2026-04-30,unavailable,,,2026-04-29T20:35:05.171504+00:00,2026-04-29T20:35:04.719+00:00,,,
634fb9cf-b687-4d9a-9547-a7867f615852,90df21cf-925e-4fb0-85eb-9ee42c1a1449,7a5fd02b-2248-4492-bae9-2ab1670894bc,2026-04-30,unavailable,,,2026-04-29T20:35:05.171504+00:00,2026-04-29T20:35:04.719+00:00,,,
bb9d9cc4-f7e9-4fa5-99c3-c67f1c738618,09dd43ee-5456-4692-9016-433d77d3b6cb,7a5fd02b-2248-4492-bae9-2ab1670894bc,2026-04-30,unavailable,,,2026-04-29T20:35:05.171504+00:00,2026-04-29T20:35:04.719+00:00,,,
7e20e5bd-9b61-4abf-99d4-71a25cb26fef,e617222f-90ba-4246-b04a-f3c5e9fe0529,7a5fd02b-2248-4492-bae9-2ab1670894bc,2026-04-30,unavailable,,,2026-04-29T20:35:05.171504+00:00,2026-04-29T20:35:04.719+00:00,,,
3ddbe5fc-43ad-4746-8f94-f869cbc501f4,c34f7e2a-f610-4e56-847b-495bf4739360,7a5fd02b-2248-4492-bae9-2ab1670894bc,2026-04-30,unavailable,,,2026-04-29T20:35:05.171504+00:00,2026-04-29T20:35:04.719+00:00,,,
6c5cd2a9-48f2-4c9e-be34-7a2043e7cc5d,07a79088-9fa0-477d-b4e2-42c943951872,7a5fd02b-2248-4492-bae9-2ab1670894bc,2026-04-30,unavailable,,,2026-04-29T20:35:05.171504+00:00,2026-04-29T20:35:04.719+00:00,,,
698e49e8-1205-4b88-835f-69432fb1d3b2,f95b7a6f-37f8-4de1-9fdc-7ac2ef7d7af4,7a5fd02b-2248-4492-bae9-2ab1670894bc,2026-04-30,unavailable,,,2026-04-29T20:35:05.171504+00:00,2026-04-29T20:35:04.719+00:00,,,
c75fe7e3-4a94-4c7f-b307-340941a19895,4e67157b-7aca-400e-b55c-0bc10087721c,7a5fd02b-2248-4492-bae9-2ab1670894bc,2026-04-30,unavailable,,,2026-04-29T20:35:05.171504+00:00,2026-04-29T20:35:04.719+00:00,,,
0fe12519-970a-4eaf-a573-eab220153693,4261d2fb-71d3-4a3f-a3a2-ae6a3306afd6,7a5fd02b-2248-4492-bae9-2ab1670894bc,2026-04-30,unavailable,,,2026-04-29T20:35:05.171504+00:00,2026-04-29T20:35:04.719+00:00,,,
e1c7d2b5-3584-44d2-ab01-8bb9a4f68787,cce17ece-976b-4312-8212-c63feb877194,7a5fd02b-2248-4492-bae9-2ab1670894bc,2026-04-30,unavailable,,,2026-04-29T20:35:05.171504+00:00,2026-04-29T20:35:04.719+00:00,,,
e648db8f-0196-45b2-845d-4ee3e1eaa221,7fd3cd92-6b83-4888-b0b5-3474f3e21904,7a5fd02b-2248-4492-bae9-2ab1670894bc,2026-04-30,unavailable,,,2026-04-29T20:35:05.171504+00:00,2026-04-29T20:35:04.719+00:00,,,
34ab891a-7cf8-4302-a2b0-7b1c52fe018f,5141ea5f-0740-4a1c-a517-c21f73bd6986,7a5fd02b-2248-4492-bae9-2ab1670894bc,2026-04-30,unavailable,,,2026-04-29T20:35:05.171504+00:00,2026-04-29T20:35:04.719+00:00,,,
172457d2-4485-48f1-ae4a-4d84a11b6bca,8db30369-f76c-4629-a6d6-a2a50959835a,7a5fd02b-2248-4492-bae9-2ab1670894bc,2026-04-30,unavailable,,,2026-04-29T20:35:05.171504+00:00,2026-04-29T20:35:04.719+00:00,,,
98e0d2c8-6c66-4256-92f8-a36b412bd825,e24c0340-b8f8-40e6-8346-fedd8d255826,7a5fd02b-2248-4492-bae9-2ab1670894bc,2026-04-30,unavailable,,,2026-04-29T20:35:05.171504+00:00,2026-04-29T20:35:04.719+00:00,,,
b9492f87-66cb-4b3f-afc9-34481f452eed,b9b71f11-fb3e-4476-8b78-7404bdae5973,7a5fd02b-2248-4492-bae9-2ab1670894bc,2026-04-30,unavailable,,,2026-04-29T20:35:05.171504+00:00,2026-04-29T20:35:04.719+00:00,,,
3e8e2929-03d8-4a90-b719-2cda9548b5a5,269969e8-9b32-48b2-ad34-e9eb10892aa0,7a5fd02b-2248-4492-bae9-2ab1670894bc,2026-04-30,unavailable,,,2026-04-29T20:35:05.171504+00:00,2026-04-29T20:35:04.719+00:00,,,
6629c924-a7ab-417a-818d-390bf62ad07f,05bf9d69-e5d2-48cb-9592-6325e9b0cb39,7a5fd02b-2248-4492-bae9-2ab1670894bc,2026-04-30,unavailable,,,2026-04-29T20:35:05.171504+00:00,2026-04-29T20:35:04.719+00:00,,,
184ae5f8-48a9-42ca-89e8-2bfc86c0e7d9,932a215a-a3c9-4327-8839-53e7802676c2,7a5fd02b-2248-4492-bae9-2ab1670894bc,2026-04-30,unavailable,,,2026-04-29T20:35:05.171504+00:00,2026-04-29T20:35:04.719+00:00,,,
49232b4b-f842-4722-9b16-5d5240f76bfa,11be587c-f07a-4b41-94bc-757516dda887,7a5fd02b-2248-4492-bae9-2ab1670894bc,2026-04-30,unavailable,,,2026-04-29T20:35:05.171504+00:00,2026-04-29T20:35:04.719+00:00,,,
e39f6b9c-8680-4d43-afd2-5da0b9e8912c,8ee929fd-00ee-4ed8-9cc5-1bac874eb3d3,7a5fd02b-2248-4492-bae9-2ab1670894bc,2026-04-30,unavailable,,,2026-04-29T20:35:05.171504+00:00,2026-04-29T20:35:04.719+00:00,,,
d0d5fca6-b0d7-4a56-a91b-1456e8c3feb9,3c8b8fbc-4f9e-4953-a4bd-37799b337807,7a5fd02b-2248-4492-bae9-2ab1670894bc,2026-04-30,unavailable,,,2026-04-29T20:35:05.171504+00:00,2026-04-29T20:35:04.719+00:00,,,
424449fe-d59e-40f6-b5f6-49f3280130d3,28a2c4c0-22bf-4592-a7e7-88fd299fd33c,7a5fd02b-2248-4492-bae9-2ab1670894bc,2026-04-30,unavailable,,,2026-04-29T20:35:05.171504+00:00,2026-04-29T20:35:04.719+00:00,,,
e0362298-d520-4453-bc04-a4c6db5b623f,a65f4504-ba08-4da1-82ee-339201545673,7a5fd02b-2248-4492-bae9-2ab1670894bc,2026-04-30,unavailable,,,2026-04-29T20:35:05.171504+00:00,2026-04-29T20:35:04.719+00:00,,,
ffdc4027-24f0-4ecd-a641-06af331dddde,3827a1e9-8eb7-4bcc-8fe4-a96d02378b92,7a5fd02b-2248-4492-bae9-2ab1670894bc,2026-04-30,unavailable,,,2026-04-29T20:35:05.171504+00:00,2026-04-29T20:35:04.719+00:00,,,
4d2de287-0864-4171-a40e-cccc5509c28c,7ccef569-6034-454f-bc79-4368995ec492,7a5fd02b-2248-4492-bae9-2ab1670894bc,2026-04-30,unavailable,,,2026-04-29T20:35:05.171504+00:00,2026-04-29T20:35:04.719+00:00,,,
2c1dedc1-98a8-4628-8ade-8b706b1d6079,bc40e179-aea5-4151-92b0-fe927c84fba3,7a5fd02b-2248-4492-bae9-2ab1670894bc,2026-04-30,unavailable,,,2026-04-29T20:35:05.171504+00:00,2026-04-29T20:35:04.719+00:00,,,
8d12aaa7-d0f9-46bb-85d3-bdf0c8a330fb,f78aa6c9-4936-4695-8e1f-26ab48dbab93,7a5fd02b-2248-4492-bae9-2ab1670894bc,2026-04-30,unavailable,,,2026-04-29T20:35:05.171504+00:00,2026-04-29T20:35:04.719+00:00,,,
31133ab4-5c3b-4391-9ce1-693ca8760cb6,96989aa8-bb4c-456d-8bb4-605939db7a97,7a5fd02b-2248-4492-bae9-2ab1670894bc,2026-04-30,unavailable,,,2026-04-29T20:35:05.171504+00:00,2026-04-29T20:35:04.719+00:00,,,
11aa900f-8e56-4032-86f1-6a54afb7b1fb,99c52faa-b4fb-4403-a8c5-4880bc5d3691,7a5fd02b-2248-4492-bae9-2ab1670894bc,2026-04-30,unavailable,,,2026-04-29T20:35:05.171504+00:00,2026-04-29T20:35:04.719+00:00,,,
06eaa607-6d8f-431c-8f17-b02567b58630,6e9d3e1b-8ead-4256-9d06-c0324b42f5ab,7a5fd02b-2248-4492-bae9-2ab1670894bc,2026-04-30,unavailable,,,2026-04-29T20:35:05.171504+00:00,2026-04-29T20:35:04.719+00:00,,,
cde354ed-2d37-4eff-b3da-346f8f6c2aeb,d4827392-69e6-4ecd-838d-fc9e8ce847cf,7a5fd02b-2248-4492-bae9-2ab1670894bc,2026-04-30,unavailable,,,2026-04-29T20:35:05.171504+00:00,2026-04-29T20:35:04.719+00:00,,,
663e5277-deda-4647-9359-ff43503e9805,38fcc94f-ba33-46f6-a1bb-3204823e9cb8,7a5fd02b-2248-4492-bae9-2ab1670894bc,2026-04-30,unavailable,,,2026-04-29T20:35:05.171504+00:00,2026-04-29T20:35:04.719+00:00,,,
88e86848-3a84-46d1-8d9a-83530018ee62,04cc3ab8-f1fa-4e6c-a4aa-9a4d53f1dc53,7a5fd02b-2248-4492-bae9-2ab1670894bc,2026-04-30,unavailable,,,2026-04-29T20:35:05.171504+00:00,2026-04-29T20:35:04.719+00:00,,,
62f510eb-e2c0-4cdb-b74a-ef0c4b30cf90,56f75098-ef8d-4fde-86e8-fbfa21bd8964,7a5fd02b-2248-4492-bae9-2ab1670894bc,2026-04-30,unavailable,,,2026-04-29T20:35:05.171504+00:00,2026-04-29T20:35:04.719+00:00,,,
fcf0e5e2-beb7-4218-b9f9-5ba4140b23ee,b0c6ac67-3d61-415c-8d9a-8683b6ea618d,7a5fd02b-2248-4492-bae9-2ab1670894bc,2026-04-30,unavailable,,,2026-04-29T20:35:05.171504+00:00,2026-04-29T20:35:04.719+00:00,,,
f5283003-c19b-4c56-8e1c-fa39f3a552ec,1112445f-aba5-4629-b399-08d2c0baf4f8,7a5fd02b-2248-4492-bae9-2ab1670894bc,2026-04-30,unavailable,,,2026-04-29T20:35:05.171504+00:00,2026-04-29T20:35:04.719+00:00,,,
d5dfc290-4992-4238-8629-5aebc9206192,9b9060f3-6432-46c9-a091-a3d8e9560bb2,7a5fd02b-2248-4492-bae9-2ab1670894bc,2026-04-30,unavailable,,,2026-04-29T20:35:05.171504+00:00,2026-04-29T20:35:04.719+00:00,,,
4cfdd92a-5480-4373-97c3-2c1c4849ef51,af7f71ef-2b78-4595-ac2c-0a38c88a3ec9,7a5fd02b-2248-4492-bae9-2ab1670894bc,2026-04-30,unavailable,,,2026-04-29T20:35:05.171504+00:00,2026-04-29T20:35:04.719+00:00,,,
16da76c4-da76-43d5-832a-95f470724d40,264f35ff-4ff6-4417-91d3-f5d170297d71,7a5fd02b-2248-4492-bae9-2ab1670894bc,2026-04-30,unavailable,,,2026-04-29T20:35:05.171504+00:00,2026-04-29T20:35:04.719+00:00,,,
12b718f8-26cb-48c4-a383-2160e80c50d1,3b3371ba-d791-4f27-acd1-c9be0931ac67,7a5fd02b-2248-4492-bae9-2ab1670894bc,2026-04-30,unavailable,,,2026-04-29T20:35:05.171504+00:00,2026-04-29T20:35:04.719+00:00,,,
ac77c6c7-611d-444b-9ea9-e55355ec8db3,6a8c2c77-2947-4263-b6a0-3ad7a26dd66c,7a5fd02b-2248-4492-bae9-2ab1670894bc,2026-04-30,unavailable,,,2026-04-29T20:35:05.171504+00:00,2026-04-29T20:35:04.719+00:00,,,
09280fff-656c-47db-aa7b-b6e6e7401e6c,d45982d6-a597-419b-8f2e-7321660ab99a,7a5fd02b-2248-4492-bae9-2ab1670894bc,2026-04-30,unavailable,,,2026-04-29T20:35:05.171504+00:00,2026-04-29T20:35:04.719+00:00,,,
12c99099-2f89-4209-a587-e3aaef4b2507,e662ef45-6aed-4a2e-ab16-cead317ac5b0,7a5fd02b-2248-4492-bae9-2ab1670894bc,2026-04-30,unavailable,,,2026-04-29T20:35:05.171504+00:00,2026-04-29T20:35:04.719+00:00,,,
1e165c32-6352-402a-943d-908582698a64,79baadf2-9252-4ed8-bc44-5f183e823ed6,7a5fd02b-2248-4492-bae9-2ab1670894bc,2026-04-30,unavailable,,,2026-04-29T20:35:05.171504+00:00,2026-04-29T20:35:04.719+00:00,,,
08d0e854-059d-4afd-8dc8-8d5b2966dd10,7761e060-b17e-4cdf-811a-ddb5846d266e,7a5fd02b-2248-4492-bae9-2ab1670894bc,2026-04-30,unavailable,,,2026-04-29T20:35:05.171504+00:00,2026-04-29T20:35:04.719+00:00,,,
c829a340-e6e5-4d3a-a4cb-5a9e1058ce9e,0b56583d-f70a-49bd-a226-d86b7983ad6c,7a5fd02b-2248-4492-bae9-2ab1670894bc,2026-04-30,unavailable,,,2026-04-29T20:35:05.171504+00:00,2026-04-29T20:35:04.719+00:00,,,
3cf0be82-b4aa-4c37-bf58-9c5101a8ef5f,1e6a3cbe-88f7-4cf8-b0d8-b5c6d24cc7b5,7a5fd02b-2248-4492-bae9-2ab1670894bc,2026-04-30,unavailable,,,2026-04-29T20:35:05.171504+00:00,2026-04-29T20:35:04.719+00:00,,,
dcdec5a7-41e8-44cc-bf87-b9e9ebcd917f,fea7d0a4-a2d7-4f78-8c00-7a0890303058,7a5fd02b-2248-4492-bae9-2ab1670894bc,2026-04-30,unavailable,,,2026-04-29T20:35:05.171504+00:00,2026-04-29T20:35:04.719+00:00,,,
e53703e3-25b4-4f99-92fd-66b7c4f982d8,c3573a8c-ee80-4e96-90b2-faedf186756a,7a5fd02b-2248-4492-bae9-2ab1670894bc,2026-04-30,unavailable,,,2026-04-29T20:35:05.171504+00:00,2026-04-29T20:35:04.719+00:00,,,
b2fadacf-b398-4d05-a588-c439c23ae109,324152b2-0646-40d1-be88-877c753f6ef2,7a5fd02b-2248-4492-bae9-2ab1670894bc,2026-04-30,unavailable,,,2026-04-29T20:35:05.171504+00:00,2026-04-29T20:35:04.719+00:00,,,
b8f1adda-db2c-4590-955f-ad9c12815914,7c8d4998-c5bb-4845-a3e4-444d47ebc795,7a5fd02b-2248-4492-bae9-2ab1670894bc,2026-04-30,unavailable,,,2026-04-29T20:35:05.171504+00:00,2026-04-29T20:35:04.719+00:00,,,
47c5d5fd-de63-4257-87d8-9143d5480e7b,3ddd0c43-44b1-49d6-92f3-047dbc5407c2,7a5fd02b-2248-4492-bae9-2ab1670894bc,2026-04-30,unavailable,,,2026-04-29T20:35:05.171504+00:00,2026-04-29T20:35:04.719+00:00,,,
ef31aae1-507b-4262-b69b-5ca769fba75f,dfd11754-81a7-4667-9c5e-f72a6f06c6a1,7a5fd02b-2248-4492-bae9-2ab1670894bc,2026-04-30,unavailable,,,2026-04-29T20:35:05.171504+00:00,2026-04-29T20:35:04.719+00:00,,,
6dcc4e57-3251-4ab4-bedb-c2d53aed7d90,76a7e596-d654-4fa0-b7ab-4d60ee3da1cb,7a5fd02b-2248-4492-bae9-2ab1670894bc,2026-04-30,unavailable,,,2026-04-29T20:35:05.171504+00:00,2026-04-29T20:35:04.719+00:00,,,
0ea187a8-db84-40c9-b826-623c3698a7fe,38af6777-f227-4692-8704-1fe94901ac9f,7a5fd02b-2248-4492-bae9-2ab1670894bc,2026-04-30,unavailable,,,2026-04-29T20:35:05.171504+00:00,2026-04-29T20:35:04.719+00:00,,,
43d131f0-150f-4524-b74b-0ac9472d8f1f,258b9b82-338f-4fef-a2ec-fd339af13b9a,7a5fd02b-2248-4492-bae9-2ab1670894bc,2026-04-30,unavailable,,,2026-04-29T20:35:05.171504+00:00,2026-04-29T20:35:04.719+00:00,,,
9851646d-b802-4265-aacd-e7c0ffa1f4fd,2eaadb66-8823-4457-a67a-eaed6282bc1f,7a5fd02b-2248-4492-bae9-2ab1670894bc,2026-04-30,unavailable,,,2026-04-29T20:35:05.171504+00:00,2026-04-29T20:35:04.719+00:00,,,
a47b5404-b10a-4070-9dda-9e5b43fc74f5,ad048662-fccc-44a6-b61e-5b92abe57761,7a5fd02b-2248-4492-bae9-2ab1670894bc,2026-04-30,unavailable,,,2026-04-29T20:35:05.171504+00:00,2026-04-29T20:35:04.719+00:00,,,
555409c5-5c2c-4da8-90e5-cd35f5267279,1a420063-ba38-4d7b-9dad-82b18a3fb04e,7a5fd02b-2248-4492-bae9-2ab1670894bc,2026-04-30,unavailable,,,2026-04-29T20:35:05.171504+00:00,2026-04-29T20:35:04.719+00:00,,,
f518bcf7-2c83-4715-9bd3-3c4906ab53fb,5ccbb607-f815-4a7f-b90c-feddcc6be27e,7a5fd02b-2248-4492-bae9-2ab1670894bc,2026-04-30,unavailable,,,2026-04-29T20:35:05.171504+00:00,2026-04-29T20:35:04.719+00:00,,,
335900b6-f935-4f14-be66-e3bec2c053b1,4e61147f-1e4a-4c78-9aad-365a3a25406b,7a5fd02b-2248-4492-bae9-2ab1670894bc,2026-04-30,unavailable,,,2026-04-29T20:35:05.171504+00:00,2026-04-29T20:35:04.719+00:00,,,
cc8122ff-5179-4b66-bc26-4c609f36fb0d,de69bc0d-febf-4b24-8450-eb1dd74bd7d8,7a5fd02b-2248-4492-bae9-2ab1670894bc,2026-04-30,unavailable,,,2026-04-29T20:35:05.171504+00:00,2026-04-29T20:35:04.719+00:00,,,
b62e6333-d399-43b5-a2e7-f21ad5ec7c69,511d5694-6147-4322-960a-eb6e5cd1e291,7a5fd02b-2248-4492-bae9-2ab1670894bc,2026-04-30,unavailable,,,2026-04-29T20:35:05.171504+00:00,2026-04-29T20:35:04.719+00:00,,,
ee75f0e7-d6a0-4fc8-a8a0-1dc0d461db7a,ffbc1a44-8403-4ff8-98d1-fa7a17336156,7a5fd02b-2248-4492-bae9-2ab1670894bc,2026-04-30,unavailable,,,2026-04-29T20:35:05.171504+00:00,2026-04-29T20:35:04.719+00:00,,,
fd549a5d-e6dd-4b8f-ab6b-b11f674d22c4,cbdadcf6-1004-4020-87e2-c3b5be4fd2dd,7a5fd02b-2248-4492-bae9-2ab1670894bc,2026-04-30,unavailable,,,2026-04-29T20:35:05.171504+00:00,2026-04-29T20:35:04.719+00:00,,,
07848ef1-98b9-4250-8170-139d85174410,69606083-2432-4ab8-9738-516864868879,7a5fd02b-2248-4492-bae9-2ab1670894bc,2026-04-30,unavailable,,,2026-04-29T20:35:05.171504+00:00,2026-04-29T20:35:04.719+00:00,,,
a45fe19f-58b5-4723-87ca-1c4ef8cf6079,00bbde0b-08ee-4abd-8ede-4072e5a9b7ef,7a5fd02b-2248-4492-bae9-2ab1670894bc,2026-04-30,unavailable,,,2026-04-29T20:35:05.171504+00:00,2026-04-29T20:35:04.719+00:00,,,
337f78eb-c49d-4689-bb43-559e18262e09,cd22ecb1-9eea-4ce8-ac14-289d2e8f5e9c,7a5fd02b-2248-4492-bae9-2ab1670894bc,2026-04-30,unavailable,,,2026-04-29T20:35:05.171504+00:00,2026-04-29T20:35:04.719+00:00,,,
5ae68043-046d-42d2-8a63-cb68a4cbb5b0,2f04860a-b177-4a1c-8af1-08b2ac1ad567,7a5fd02b-2248-4492-bae9-2ab1670894bc,2026-04-30,unavailable,,,2026-04-29T20:35:05.171504+00:00,2026-04-29T20:35:04.719+00:00,,,
896642f8-81d6-4644-ab9d-d968d1c8c50d,cbf76c50-2ebd-4fee-a8a3-0eab9d8366ee,7a5fd02b-2248-4492-bae9-2ab1670894bc,2026-04-30,unavailable,,,2026-04-29T20:35:05.171504+00:00,2026-04-29T20:35:04.719+00:00,,,
65253083-73b6-4e30-aa5b-193a6425f45f,1029d612-5e08-4acb-a939-a54b768987fd,7a5fd02b-2248-4492-bae9-2ab1670894bc,2026-04-30,unavailable,,,2026-04-29T20:35:05.171504+00:00,2026-04-29T20:35:04.719+00:00,,,
1d2aea2e-001f-45f5-a73b-acda9074f309,cb2f08e7-057b-4cb0-a9f0-b041a5b2e8dc,7a5fd02b-2248-4492-bae9-2ab1670894bc,2026-04-30,unavailable,,,2026-04-29T20:35:05.171504+00:00,2026-04-29T20:35:04.719+00:00,,,
95c4568a-fa6d-40b5-87fb-063b5c0345c4,d00c8ebc-9fbe-4581-9e90-068368dde389,7a5fd02b-2248-4492-bae9-2ab1670894bc,2026-04-30,unavailable,,,2026-04-29T20:35:05.171504+00:00,2026-04-29T20:35:04.719+00:00,,,
f6b1b8b4-6fe2-4494-bd36-591fb563cd80,df88a062-1568-4a88-ac22-499b4effa2db,7a5fd02b-2248-4492-bae9-2ab1670894bc,2026-04-30,unavailable,,,2026-04-29T20:35:05.171504+00:00,2026-04-29T20:35:04.719+00:00,,,
adcff3be-bd89-4a5c-b90d-049e2658d179,8fe53475-a2ce-4dd6-802b-19151fab1430,7a5fd02b-2248-4492-bae9-2ab1670894bc,2026-04-30,unavailable,,,2026-04-29T20:35:05.171504+00:00,2026-04-29T20:35:04.719+00:00,,,
21ac66bc-1f32-4deb-904b-412e3a8d3abc,f43cda55-dd93-4947-ae92-1129a86c1d82,7a5fd02b-2248-4492-bae9-2ab1670894bc,2026-04-30,unavailable,,,2026-04-29T20:35:05.171504+00:00,2026-04-29T20:35:04.719+00:00,,,
c1fb0530-04ca-4813-851e-26e0f3625336,d7c99f48-1aa3-45ea-a247-2d7262cc3929,7a5fd02b-2248-4492-bae9-2ab1670894bc,2026-04-30,unavailable,,,2026-04-29T20:35:05.171504+00:00,2026-04-29T20:35:04.719+00:00,,,
605bb620-e517-4b1e-8d2d-dc84ae36655b,0c7cb9cf-e1ea-4476-ae2c-972475824bcb,7a5fd02b-2248-4492-bae9-2ab1670894bc,2026-04-30,unavailable,,,2026-04-29T20:35:05.171504+00:00,2026-04-29T20:35:04.719+00:00,,,
b06d214f-1b2c-4b80-a15d-de59473b7488,3a6f4115-4ec8-4772-abf6-144d0e48214b,7a5fd02b-2248-4492-bae9-2ab1670894bc,2026-04-30,unavailable,,,2026-04-29T20:35:05.171504+00:00,2026-04-29T20:35:04.719+00:00,,,
e323a5ee-c389-4e36-9dd1-4b483301e182,de38634a-5fba-4125-835d-f248ee29f830,7a5fd02b-2248-4492-bae9-2ab1670894bc,2026-04-30,unavailable,,,2026-04-29T20:35:05.171504+00:00,2026-04-29T20:35:04.719+00:00,,,
a42da1b3-9d70-4121-b8fa-aeb2a95edfbb,947e461d-8872-41ee-b7de-9b7ecce25287,7a5fd02b-2248-4492-bae9-2ab1670894bc,2026-04-30,unavailable,,,2026-04-29T20:35:05.171504+00:00,2026-04-29T20:35:04.719+00:00,,,
7e1b9d08-6863-44dc-9576-16c1c55b5054,c314664e-d9e7-4d46-aa69-64a1ca26f59b,7a5fd02b-2248-4492-bae9-2ab1670894bc,2026-04-30,unavailable,,,2026-04-29T20:35:05.171504+00:00,2026-04-29T20:35:04.719+00:00,,,
97c44d9e-2e4f-4e96-80d4-e16924865cc6,86f5e406-a161-4e7a-b8e6-f0db8a178694,7a5fd02b-2248-4492-bae9-2ab1670894bc,2026-04-30,unavailable,,,2026-04-29T20:35:05.171504+00:00,2026-04-29T20:35:04.719+00:00,,,
9bc38521-c6c2-4516-af01-41a1249dcbe2,abbb81a1-4121-4a72-b684-74c6430b7051,7a5fd02b-2248-4492-bae9-2ab1670894bc,2026-04-30,unavailable,,,2026-04-29T20:35:05.171504+00:00,2026-04-29T20:35:04.719+00:00,,,
e6a1422d-d56e-4fe5-9801-29ea88a1d3a5,da0edabf-c611-4f36-ab53-1fd0188e5464,7a5fd02b-2248-4492-bae9-2ab1670894bc,2026-04-30,unavailable,,,2026-04-29T20:35:05.171504+00:00,2026-04-29T20:35:04.719+00:00,,,
5daa8143-d316-49d2-a9c0-318d8cb16567,a8bb4cea-3aad-45ff-96c4-a5af02335e12,7a5fd02b-2248-4492-bae9-2ab1670894bc,2026-04-30,unavailable,,,2026-04-29T20:35:05.171504+00:00,2026-04-29T20:35:04.719+00:00,,,
60cf1583-dbcd-41b7-ad8d-7ada9fc4a491,4e6a0de1-43b6-4120-a6cd-ef1457e85a6e,7a5fd02b-2248-4492-bae9-2ab1670894bc,2026-04-30,unavailable,,,2026-04-29T20:35:05.171504+00:00,2026-04-29T20:35:04.719+00:00,,,
44d0bcf8-32b4-41d0-8cdf-0e58418a5d9d,76881990-2ec7-40b9-8ea1-579a5e1192ad,7a5fd02b-2248-4492-bae9-2ab1670894bc,2026-04-30,unavailable,,,2026-04-29T20:35:05.171504+00:00,2026-04-29T20:35:04.719+00:00,,,
5bf64d91-4417-48cb-ba76-43ee0a7423d8,cfb3d243-a1fd-4330-bfce-7e9f169f8277,7a5fd02b-2248-4492-bae9-2ab1670894bc,2026-04-30,unavailable,,,2026-04-29T20:35:05.171504+00:00,2026-04-29T20:35:04.719+00:00,,,
cd4701ff-9136-498f-9257-b329212375af,0415b9aa-5c61-4f79-9479-7dce2c76d1a8,7a5fd02b-2248-4492-bae9-2ab1670894bc,2026-04-30,unavailable,,,2026-04-29T20:35:05.171504+00:00,2026-04-29T20:35:04.719+00:00,,,
688120ef-59fd-478d-a365-a9cef3dde1ec,13ac7479-762b-4fc2-b36c-b94223caf3d5,7a5fd02b-2248-4492-bae9-2ab1670894bc,2026-04-30,unavailable,,,2026-04-29T20:35:05.171504+00:00,2026-04-29T20:35:04.719+00:00,,,
7962395e-7474-4c73-a6c9-481a884d817f,41197272-bc0f-47b6-8d09-56f414d3035b,7a5fd02b-2248-4492-bae9-2ab1670894bc,2026-04-30,unavailable,,,2026-04-29T20:35:05.171504+00:00,2026-04-29T20:35:04.719+00:00,,,
b880e7df-a048-4370-9681-9e38c528ac90,c451e667-831d-4237-9b09-79123b641d17,7a5fd02b-2248-4492-bae9-2ab1670894bc,2026-04-30,unavailable,,,2026-04-29T20:35:05.171504+00:00,2026-04-29T20:35:04.719+00:00,,,
8dae228f-e4a0-4296-9fc9-817a4c7fec5c,0f564608-78ba-405b-bd40-8d80a71c196e,7a5fd02b-2248-4492-bae9-2ab1670894bc,2026-04-30,unavailable,,,2026-04-29T20:35:05.171504+00:00,2026-04-29T20:35:04.719+00:00,,,
a81b9201-33ea-48ba-9543-878f997829ee,ead59b1d-eeed-486b-8bf7-a3aaf55caa2b,7a5fd02b-2248-4492-bae9-2ab1670894bc,2026-04-30,unavailable,,,2026-04-29T20:35:05.171504+00:00,2026-04-29T20:35:04.719+00:00,,,
b1c1eb38-8ff7-4fc2-9e81-52ba46f5e548,27e7c46d-f7dd-4593-9578-85a9c38acf4e,7a5fd02b-2248-4492-bae9-2ab1670894bc,2026-04-30,unavailable,,,2026-04-29T20:35:05.171504+00:00,2026-04-29T20:35:04.719+00:00,,,
aedb480a-7014-491b-b3d6-e2baa71aff2e,aef966a7-cec2-4f64-a7c5-f461033d608a,7a5fd02b-2248-4492-bae9-2ab1670894bc,2026-04-30,unavailable,,,2026-04-29T20:35:05.171504+00:00,2026-04-29T20:35:04.719+00:00,,,
843c61e3-66b4-4437-a50a-d5200990960d,8bbedffc-40e5-4f97-9e56-962bea1c24a4,7a5fd02b-2248-4492-bae9-2ab1670894bc,2026-04-30,unavailable,,,2026-04-29T20:35:05.171504+00:00,2026-04-29T20:35:04.719+00:00,,,
1f2c84f9-fa2a-4b1a-8c53-b919394908ea,4cab8fc9-fc23-4a60-9cf8-8a1b08ef6e04,7a5fd02b-2248-4492-bae9-2ab1670894bc,2026-04-30,unavailable,,,2026-04-29T20:35:05.171504+00:00,2026-04-29T20:35:04.719+00:00,,,
e3586071-939c-4e6b-87a1-dd63fa990c3b,7aab3ed9-e8d8-4bf0-877b-d0e9722a850b,7a5fd02b-2248-4492-bae9-2ab1670894bc,2026-04-30,unavailable,,,2026-04-29T20:35:05.171504+00:00,2026-04-29T20:35:04.719+00:00,,,
e57751fe-7df8-49ba-a446-8439b22f1538,a976be5b-40c5-4152-9f0d-5b4ef48dd44b,7a5fd02b-2248-4492-bae9-2ab1670894bc,2026-04-30,unavailable,,,2026-04-29T20:35:05.171504+00:00,2026-04-29T20:35:04.719+00:00,,,
cb0e6a39-a2eb-4bb5-b7a2-ea64512cd42d,fd29e7ff-5086-468d-85a1-7f73829dd930,7a5fd02b-2248-4492-bae9-2ab1670894bc,2026-04-30,unavailable,,,2026-04-29T20:35:05.171504+00:00,2026-04-29T20:35:04.719+00:00,,,
a11b8633-cb62-4797-8d6a-58333aa9d0a1,1d0c7241-19a1-401d-a709-4f16ed53f990,7a5fd02b-2248-4492-bae9-2ab1670894bc,2026-04-30,unavailable,,,2026-04-29T20:35:05.171504+00:00,2026-04-29T20:35:04.719+00:00,,,
8f7d4a8a-2aa0-438c-aa49-976825a7aa5c,4013f053-8031-4c99-852b-aa0682793bca,7a5fd02b-2248-4492-bae9-2ab1670894bc,2026-04-30,unavailable,,,2026-04-29T20:35:05.171504+00:00,2026-04-29T20:35:04.719+00:00,,,
a2140a68-0075-4808-a967-604f9176feaa,90570ad5-2c58-4ab5-a1bd-a7dc59a50222,7a5fd02b-2248-4492-bae9-2ab1670894bc,2026-04-30,unavailable,,,2026-04-29T20:35:05.171504+00:00,2026-04-29T20:35:04.719+00:00,,,
67af454f-5e88-44f3-a978-87b38c3c4147,c8bbe30a-a177-430d-86c5-6616a6f62a0d,7a5fd02b-2248-4492-bae9-2ab1670894bc,2026-04-30,unavailable,,,2026-04-29T20:35:05.171504+00:00,2026-04-29T20:35:04.719+00:00,,,
e85a539d-f2b0-483b-84d7-372b883cb2f2,332f1a66-feeb-4e51-8c9f-db3ac84453f3,7a5fd02b-2248-4492-bae9-2ab1670894bc,2026-04-30,unavailable,,,2026-04-29T20:35:05.171504+00:00,2026-04-29T20:35:04.719+00:00,,,
01139128-cd70-4466-980e-ec1c55612179,7a452ff1-9cab-4d77-8e7f-81ab30889099,7a5fd02b-2248-4492-bae9-2ab1670894bc,2026-04-30,unavailable,,,2026-04-29T20:35:05.171504+00:00,2026-04-29T20:35:04.719+00:00,,,
b00df313-2a47-4155-92d0-0460c5a39b93,cd0f66ef-f670-46a5-983a-60066c8c2825,7a5fd02b-2248-4492-bae9-2ab1670894bc,2026-04-30,unavailable,,,2026-04-29T20:35:05.171504+00:00,2026-04-29T20:35:04.719+00:00,,,
0d9f1aa6-44e8-4f7e-9a4f-a33f95186abc,185693e3-9895-45d7-ab62-3562a30a27e7,7a5fd02b-2248-4492-bae9-2ab1670894bc,2026-04-30,unavailable,,,2026-04-29T20:35:05.171504+00:00,2026-04-29T20:35:04.719+00:00,,,
85995324-d14f-48be-87a1-79e80a491597,5d9fdebd-7dde-4fd3-9c41-021a59a373a0,7a5fd02b-2248-4492-bae9-2ab1670894bc,2026-04-30,unavailable,,,2026-04-29T20:35:05.171504+00:00,2026-04-29T20:35:04.719+00:00,,,
c80af2e1-3b1d-441d-9bfe-3b99e6de26ec,89c1246f-c6d6-48c1-b253-ac897aeb1d11,7a5fd02b-2248-4492-bae9-2ab1670894bc,2026-04-30,unavailable,,,2026-04-29T20:35:05.171504+00:00,2026-04-29T20:35:04.719+00:00,,,
df0e786c-f9bd-479d-bae9-947122e0c4ad,9c203b49-8a07-4319-aae9-fcfd68b34579,7a5fd02b-2248-4492-bae9-2ab1670894bc,2026-04-30,unavailable,,,2026-04-29T20:35:05.171504+00:00,2026-04-29T20:35:04.719+00:00,,,
206f676e-92bd-4573-bb76-d8bda44721b9,d2d14373-69ff-4301-81a2-ba77a96b56cd,7a5fd02b-2248-4492-bae9-2ab1670894bc,2026-04-30,unavailable,,,2026-04-29T20:35:05.171504+00:00,2026-04-29T20:35:04.719+00:00,,,
9719cef1-9c73-4914-8ff5-c43cebff6bcc,7387900d-0b1d-4fe5-b9e6-7c968c2003b3,7a5fd02b-2248-4492-bae9-2ab1670894bc,2026-04-30,unavailable,,,2026-04-29T20:35:05.171504+00:00,2026-04-29T20:35:04.719+00:00,,,
a65ba97d-45be-46be-af06-130b997db476,22370f93-2d06-4891-841e-4cf159e301ca,7a5fd02b-2248-4492-bae9-2ab1670894bc,2026-04-30,unavailable,,,2026-04-29T20:35:05.171504+00:00,2026-04-29T20:35:04.719+00:00,,,
0dcd41aa-c8c1-4911-b8e9-c918e71ca926,0ca63d24-8e2c-4cb8-af36-ceb8ced7f103,7a5fd02b-2248-4492-bae9-2ab1670894bc,2026-04-30,unavailable,,,2026-04-29T20:35:05.171504+00:00,2026-04-29T20:35:04.719+00:00,,,
708725a5-5475-4a08-858f-7d0f699eef7b,924c513c-c422-4c24-9515-e4544f493394,7a5fd02b-2248-4492-bae9-2ab1670894bc,2026-04-30,unavailable,,,2026-04-29T20:35:05.171504+00:00,2026-04-29T20:35:04.719+00:00,,,
39e6d99a-86be-4cc5-b561-831bc5568fb0,79bea6a3-4268-4ae7-8665-deb6b1cf1a9a,7a5fd02b-2248-4492-bae9-2ab1670894bc,2026-04-30,unavailable,,,2026-04-29T20:35:05.171504+00:00,2026-04-29T20:35:04.719+00:00,,,
e0b64d24-f70b-47d7-bf99-8b50359ba9c0,e0562212-cda5-4a74-ac19-db857f843dbd,7a5fd02b-2248-4492-bae9-2ab1670894bc,2026-04-30,unavailable,,,2026-04-29T20:35:05.171504+00:00,2026-04-29T20:35:04.719+00:00,,,
0fe14b07-5277-4ebd-a435-b496b1729dba,35f4a879-0b57-4581-9e91-c47200a23c78,7a5fd02b-2248-4492-bae9-2ab1670894bc,2026-04-30,unavailable,,,2026-04-29T20:35:05.171504+00:00,2026-04-29T20:35:04.719+00:00,,,
d202c529-5b15-4f2e-aec0-9169614e55af,c0b5e2df-b927-4ac5-99f5-4368965722ab,7a5fd02b-2248-4492-bae9-2ab1670894bc,2026-04-30,unavailable,,,2026-04-29T20:35:05.171504+00:00,2026-04-29T20:35:04.719+00:00,,,
a629f879-4431-49c8-92e9-6237fb5387cb,b66e80d0-7f23-44ac-a6d3-5db4212284e6,7a5fd02b-2248-4492-bae9-2ab1670894bc,2026-04-30,unavailable,,,2026-04-29T20:35:05.171504+00:00,2026-04-29T20:35:04.719+00:00,,,
6c258ed8-c7ae-4617-b26b-eb1bd87eae39,4acd4dc2-eb69-48a4-8f0d-dc509f93beb4,7a5fd02b-2248-4492-bae9-2ab1670894bc,2026-04-30,unavailable,,,2026-04-29T20:35:05.171504+00:00,2026-04-29T20:35:04.719+00:00,,,
dfb2b3d0-3426-45e4-9161-8618964a01e9,604ea0ee-856f-4bd8-90a3-a067244e31db,7a5fd02b-2248-4492-bae9-2ab1670894bc,2026-04-30,unavailable,,,2026-04-29T20:35:05.171504+00:00,2026-04-29T20:35:04.719+00:00,,,
5de38009-c92a-4ae9-9a53-6b200b93b9de,3c972950-a216-468e-b719-d3430d265c36,7a5fd02b-2248-4492-bae9-2ab1670894bc,2026-04-30,unavailable,,,2026-04-29T20:35:05.171504+00:00,2026-04-29T20:35:04.719+00:00,,,
5f42fcbc-7c9b-480b-b8a7-92a26eb7bb41,2ec9bf07-c28b-4a11-809e-a7be42c4db76,7a5fd02b-2248-4492-bae9-2ab1670894bc,2026-04-30,unavailable,,,2026-04-29T20:35:05.171504+00:00,2026-04-29T20:35:04.719+00:00,,,
4542d891-dd0b-4d9a-8bc3-51ee20904107,1d6856d9-51da-4f3d-9167-2140aa6f8eba,7a5fd02b-2248-4492-bae9-2ab1670894bc,2026-04-30,unavailable,,,2026-04-29T20:35:05.171504+00:00,2026-04-29T20:35:04.719+00:00,,,
8eae423c-d926-4286-b4a6-835b20d1fb9f,4f7e4826-6de8-458d-9fc7-dc135acf8c1e,7a5fd02b-2248-4492-bae9-2ab1670894bc,2026-04-30,unavailable,,,2026-04-29T20:35:05.171504+00:00,2026-04-29T20:35:04.719+00:00,,,
bf25c729-674f-406d-a05b-41f9713c6791,c60051a9-4d42-4198-bd08-b24181a2481d,7a5fd02b-2248-4492-bae9-2ab1670894bc,2026-04-30,unavailable,,,2026-04-29T20:35:05.171504+00:00,2026-04-29T20:35:04.719+00:00,,,
242437e1-af65-4c60-81e2-bb0ec4d7e8ac,39f683dd-6e80-43b8-9c10-8f9505093d6e,7a5fd02b-2248-4492-bae9-2ab1670894bc,2026-04-30,unavailable,,,2026-04-29T20:35:05.171504+00:00,2026-04-29T20:35:04.719+00:00,,,
db9d1bd5-6852-4f57-b1af-618e671ec198,2e754b98-4d62-4dde-abae-8fad7eb099d3,7a5fd02b-2248-4492-bae9-2ab1670894bc,2026-04-30,unavailable,,,2026-04-29T20:35:05.171504+00:00,2026-04-29T20:35:04.719+00:00,,,
7291d5f8-3187-4c6f-ad58-426b6e3714af,b3abbd6a-b26d-4a7e-aa1a-d44346bf21b3,7a5fd02b-2248-4492-bae9-2ab1670894bc,2026-04-30,unavailable,,,2026-04-29T20:35:05.171504+00:00,2026-04-29T20:35:04.719+00:00,,,
f4068793-968e-4366-853b-62d830a026d5,d87652f1-bb0b-444f-ad23-97c5c4d8b7de,7a5fd02b-2248-4492-bae9-2ab1670894bc,2026-04-30,unavailable,,,2026-04-29T20:35:05.171504+00:00,2026-04-29T20:35:04.719+00:00,,,
748837c3-f6a1-4db1-be62-ca1d41a8184e,09d6b27b-cbab-4ce2-b97b-cd849d5588b2,7a5fd02b-2248-4492-bae9-2ab1670894bc,2026-04-30,unavailable,,,2026-04-29T20:35:05.171504+00:00,2026-04-29T20:35:04.719+00:00,,,
bca0b842-9eab-464d-8555-9c235ad6c22b,d17e62b0-3615-4ac3-8fb3-f9b22955600f,7a5fd02b-2248-4492-bae9-2ab1670894bc,2026-04-30,unavailable,,,2026-04-29T20:35:05.171504+00:00,2026-04-29T20:35:04.719+00:00,,,
1467a503-7396-464a-afff-440d6701ac2c,27d10606-8e7f-4afa-8c12-ce177d2f7e31,7a5fd02b-2248-4492-bae9-2ab1670894bc,2026-04-30,unavailable,,,2026-04-29T20:35:05.171504+00:00,2026-04-29T20:35:04.719+00:00,,,
91976028-a684-48ec-aed8-36770c4562ce,e9697f64-3351-4f0c-80a2-97693a2ea2e5,7a5fd02b-2248-4492-bae9-2ab1670894bc,2026-04-30,unavailable,,,2026-04-29T20:35:05.171504+00:00,2026-04-29T20:35:04.719+00:00,,,
07a92087-998d-462e-8adc-5734c3a41ba1,a252243e-ee4b-4544-8a0f-5f1fdfc8cf78,7a5fd02b-2248-4492-bae9-2ab1670894bc,2026-04-30,unavailable,,,2026-04-29T20:35:05.171504+00:00,2026-04-29T20:35:04.719+00:00,,,
805bd77e-fda9-4296-ae51-7bc7b0f18481,ec0e87bd-f105-4509-a148-beb9bf6eae42,7a5fd02b-2248-4492-bae9-2ab1670894bc,2026-04-30,unavailable,,,2026-04-29T20:35:05.171504+00:00,2026-04-29T20:35:04.719+00:00,,,
49c25166-c498-41e5-86c3-887e15ead276,9ba79172-9ab7-433c-a656-4b584d3eab1e,7a5fd02b-2248-4492-bae9-2ab1670894bc,2026-04-30,unavailable,,,2026-04-29T20:35:05.171504+00:00,2026-04-29T20:35:04.719+00:00,,,
0ad9b661-dceb-434d-8049-d1a9dce975f8,6c3dfe2a-d412-409f-a2b0-15345fbd2981,7a5fd02b-2248-4492-bae9-2ab1670894bc,2026-04-30,unavailable,,,2026-04-29T20:35:05.171504+00:00,2026-04-29T20:35:04.719+00:00,,,
dd73ade9-0bbf-4274-aaaa-3cc709068bb9,98073499-8a1a-4ca5-99ad-0486e2769c76,7a5fd02b-2248-4492-bae9-2ab1670894bc,2026-04-30,unavailable,,,2026-04-29T20:35:05.171504+00:00,2026-04-29T20:35:04.719+00:00,,,
bc360ea9-cf35-443a-af81-3745ee36db49,80e8b99d-e4fa-4b8d-b897-b9a26e96d8d3,7a5fd02b-2248-4492-bae9-2ab1670894bc,2026-04-30,unavailable,,,2026-04-29T20:35:05.171504+00:00,2026-04-29T20:35:04.719+00:00,,,
5c6fe772-ca8b-4b19-972f-5a7fa8897ccd,4be9d559-4c73-4ac4-90bf-cb2939b339f6,7a5fd02b-2248-4492-bae9-2ab1670894bc,2026-04-30,unavailable,,,2026-04-29T20:35:05.171504+00:00,2026-04-29T20:35:04.719+00:00,,,
79d9d733-b166-42b1-b9e1-c232bfe72400,9f56c78e-827c-4cbe-bb50-b014f03485d7,7a5fd02b-2248-4492-bae9-2ab1670894bc,2026-04-30,unavailable,,,2026-04-29T20:35:05.171504+00:00,2026-04-29T20:35:04.719+00:00,,,
c6af58ea-8acd-4299-9396-3337fafadfe8,b7693f65-7b87-4620-a292-f9e60fd3cfa9,7a5fd02b-2248-4492-bae9-2ab1670894bc,2026-04-30,unavailable,,,2026-04-29T20:35:05.171504+00:00,2026-04-29T20:35:04.719+00:00,,,
9daee180-afb1-4cfa-af91-fd9f1160f161,34ab878d-5fc3-40ab-8fb7-7c1496accbf0,7a5fd02b-2248-4492-bae9-2ab1670894bc,2026-04-30,unavailable,,,2026-04-29T20:35:05.171504+00:00,2026-04-29T20:35:04.719+00:00,,,
0d3ccc35-136f-4716-a44b-90bf273a69e6,f74886a6-2688-4903-92e2-b277ac3871b9,7a5fd02b-2248-4492-bae9-2ab1670894bc,2026-04-30,unavailable,,,2026-04-29T20:35:05.171504+00:00,2026-04-29T20:35:04.719+00:00,,,
a7b4110d-2b0c-4e34-91e7-18ce3ebbeb2d,ede7731f-5bf6-4a39-95f4-5d3301c929b8,7a5fd02b-2248-4492-bae9-2ab1670894bc,2026-04-30,unavailable,,,2026-04-29T20:35:05.171504+00:00,2026-04-29T20:35:04.719+00:00,,,
e9fd6116-a524-4b19-884f-5398b13016da,1b44a5a2-7c8e-4381-b545-3cecb689cce4,7a5fd02b-2248-4492-bae9-2ab1670894bc,2026-04-30,unavailable,,,2026-04-29T20:35:05.171504+00:00,2026-04-29T20:35:04.719+00:00,,,
b5441dbc-abbc-4047-b5cd-5d582639e957,19a5d381-d434-4482-aee6-9b44308ff7d3,7a5fd02b-2248-4492-bae9-2ab1670894bc,2026-04-30,unavailable,,,2026-04-29T20:35:05.171504+00:00,2026-04-29T20:35:04.719+00:00,,,
ba24a06b-03c4-4296-8689-773f9ebbdf0d,d744e61c-c90f-4181-9247-ae706cf2295d,7a5fd02b-2248-4492-bae9-2ab1670894bc,2026-04-30,unavailable,,,2026-04-29T20:35:05.171504+00:00,2026-04-29T20:35:04.719+00:00,,,
f14dfcb2-a35d-440c-88fa-fc33d897747b,1b5e7f69-0650-4d5d-a6bf-e6d54d03f21e,7a5fd02b-2248-4492-bae9-2ab1670894bc,2026-04-30,unavailable,,,2026-04-29T20:35:05.171504+00:00,2026-04-29T20:35:04.719+00:00,,,
a83dfefc-393f-4cf4-a187-a45ee06fad20,aef96fc8-88ea-48ab-bc0f-0c812c919007,7a5fd02b-2248-4492-bae9-2ab1670894bc,2026-04-30,unavailable,,,2026-04-29T20:35:05.171504+00:00,2026-04-29T20:35:04.719+00:00,,,
81bcc0d8-e9ce-4933-9a90-7e8934b29a44,a6a57270-840f-41ff-998e-0b1d3cefbe24,7a5fd02b-2248-4492-bae9-2ab1670894bc,2026-04-30,unavailable,,,2026-04-29T20:35:05.171504+00:00,2026-04-29T20:35:04.719+00:00,,,
5345b0c4-a0ba-44cc-8d45-b66697c95438,b78ea1c0-57d8-4155-bc7e-f9178f5c5ee1,7a5fd02b-2248-4492-bae9-2ab1670894bc,2026-04-30,unavailable,,,2026-04-29T20:35:05.171504+00:00,2026-04-29T20:35:04.719+00:00,,,
c4d9506b-5c4a-4fe0-b3f4-24e6685c4f60,7070a97e-2956-4082-b31e-c16321071149,7a5fd02b-2248-4492-bae9-2ab1670894bc,2026-04-30,unavailable,,,2026-04-29T20:35:05.171504+00:00,2026-04-29T20:35:04.719+00:00,,,
1c7682f5-35a6-4898-a395-037027ac9bdc,bbc3545a-c547-48c5-a757-735e33dc47ec,7a5fd02b-2248-4492-bae9-2ab1670894bc,2026-04-30,unavailable,,,2026-04-29T20:35:05.171504+00:00,2026-04-29T20:35:04.719+00:00,,,
38f8891b-7453-43d6-9f3e-b9664d2f0282,2fc8d3e9-f161-405f-8246-6a15a6c237cb,7a5fd02b-2248-4492-bae9-2ab1670894bc,2026-04-30,unavailable,,,2026-04-29T20:35:05.171504+00:00,2026-04-29T20:35:04.719+00:00,,,
d3d3c6ef-1029-4f48-be3b-29d03b40b18c,a2e7a71f-6efe-4d67-b41f-a1338754ff3b,7a5fd02b-2248-4492-bae9-2ab1670894bc,2026-04-30,unavailable,,,2026-04-29T20:35:05.171504+00:00,2026-04-29T20:35:04.719+00:00,,,
f95d601f-1be7-4de2-904e-0df088c39e9a,407a2c77-9fc9-495a-ba00-749131cac905,7a5fd02b-2248-4492-bae9-2ab1670894bc,2026-04-30,unavailable,,,2026-04-29T20:35:05.171504+00:00,2026-04-29T20:35:04.719+00:00,,,
090071af-6f35-40dd-aa10-e28fd3bd607b,0dfe1789-64e1-4258-bf9b-f4b5deaa6bd9,7a5fd02b-2248-4492-bae9-2ab1670894bc,2026-04-30,unavailable,,,2026-04-29T20:35:05.171504+00:00,2026-04-29T20:35:04.719+00:00,,,
8861a2d7-cfd0-4e05-9122-3fcf0159e24c,682a4581-1f29-4cd9-ba52-2bf5deb40807,7a5fd02b-2248-4492-bae9-2ab1670894bc,2026-04-30,unavailable,,,2026-04-29T20:35:05.171504+00:00,2026-04-29T20:35:04.719+00:00,,,
e31aaa0b-d949-488f-a5fe-ab09e95f1624,0330dca4-2e34-4ccd-9ea0-e2eccbcb3ed9,7a5fd02b-2248-4492-bae9-2ab1670894bc,2026-04-30,unavailable,,,2026-04-29T20:35:05.171504+00:00,2026-04-29T20:35:04.719+00:00,,,
d7c1f76b-69ba-4967-b0fd-5118e8ef16a2,46d57a11-f9d2-47d0-9096-e6a7b9ed81ad,7a5fd02b-2248-4492-bae9-2ab1670894bc,2026-04-30,unavailable,,,2026-04-29T20:35:05.171504+00:00,2026-04-29T20:35:04.719+00:00,,,
92920aba-badc-43e9-91d3-6abb2d17fb3e,7c3b600c-73e8-4df6-993e-effdb29ce957,7a5fd02b-2248-4492-bae9-2ab1670894bc,2026-04-30,unavailable,,,2026-04-29T20:35:05.171504+00:00,2026-04-29T20:35:04.719+00:00,,,
81bd254e-ac77-4ad3-bfe9-928960d3b020,d7284556-1c31-49af-9565-909063b93cc9,7a5fd02b-2248-4492-bae9-2ab1670894bc,2026-04-30,unavailable,,,2026-04-29T20:35:05.171504+00:00,2026-04-29T20:35:04.719+00:00,,,
52f0f1bc-3622-4db2-8d64-27905e421831,1f32ff5a-f9b7-440a-8285-ab2ad1ecaa05,7a5fd02b-2248-4492-bae9-2ab1670894bc,2026-04-30,unavailable,,,2026-04-29T20:35:05.171504+00:00,2026-04-29T20:35:04.719+00:00,,,
8da3eeb0-3cea-4a0d-b760-d918700acaf6,304ed108-096d-4022-b673-87feae1b5a1a,7a5fd02b-2248-4492-bae9-2ab1670894bc,2026-04-30,unavailable,,,2026-04-29T20:35:05.171504+00:00,2026-04-29T20:35:04.719+00:00,,,
38a5910d-136b-4f65-bfe3-384df6d1a777,61a1375c-3254-4fe0-a471-8b8b660f4135,7a5fd02b-2248-4492-bae9-2ab1670894bc,2026-04-30,unavailable,,,2026-04-29T20:35:05.171504+00:00,2026-04-29T20:35:04.719+00:00,,,
10818f4e-8517-4c92-9362-0e6720e9d069,41817459-03f8-4e71-8ba6-8fa63e5e1b4d,7a5fd02b-2248-4492-bae9-2ab1670894bc,2026-04-30,unavailable,,,2026-04-29T20:35:05.171504+00:00,2026-04-29T20:35:04.719+00:00,,,
159c665b-4c3b-4aa4-a61c-e5d767db34f2,ad22aeeb-e301-4beb-9bf9-36b11a302944,7a5fd02b-2248-4492-bae9-2ab1670894bc,2026-04-30,unavailable,,,2026-04-29T20:35:05.171504+00:00,2026-04-29T20:35:04.719+00:00,,,
1d7fb40a-1ab1-4bf1-9f30-cf1354d13ee1,5a9c3504-8fef-4b40-8129-d20f88fbe563,7a5fd02b-2248-4492-bae9-2ab1670894bc,2026-04-30,unavailable,,,2026-04-29T20:35:05.171504+00:00,2026-04-29T20:35:04.719+00:00,,,
3bb73756-e452-490d-873c-31924941a71a,72705d6f-ba9c-45cc-a890-c2c7baf086c7,7a5fd02b-2248-4492-bae9-2ab1670894bc,2026-04-30,unavailable,,,2026-04-29T20:35:05.171504+00:00,2026-04-29T20:35:04.719+00:00,,,
7449c667-f4af-4782-b586-9ed4d4f20e3c,c6fdc2be-53bd-4c2a-8a6f-665e612aa3b5,7a5fd02b-2248-4492-bae9-2ab1670894bc,2026-04-30,unavailable,,,2026-04-29T20:35:05.171504+00:00,2026-04-29T20:35:04.719+00:00,,,
1ac9bacd-6459-468c-b126-1481cc2e4a4b,3d50b41b-54e3-4ea7-b559-e40d8a1ea7e3,7a5fd02b-2248-4492-bae9-2ab1670894bc,2026-04-30,unavailable,,,2026-04-29T20:35:05.171504+00:00,2026-04-29T20:35:04.719+00:00,,,
f4f7c9d8-787f-40f8-bcf8-3cf3960132e3,508960cd-999c-44de-8e17-218b5cfa40d9,7a5fd02b-2248-4492-bae9-2ab1670894bc,2026-04-30,unavailable,,,2026-04-29T20:35:05.171504+00:00,2026-04-29T20:35:04.719+00:00,,,
ee5aba6e-9c35-4b95-bfa7-f96c25d20109,6014e544-f4ea-4903-a691-9e2915ee2d07,7a5fd02b-2248-4492-bae9-2ab1670894bc,2026-04-30,unavailable,,,2026-04-29T20:35:05.171504+00:00,2026-04-29T20:35:04.719+00:00,,,
89e55ee9-8e8f-4377-a36e-b1992fb1d21b,31738451-481f-400e-aba1-42b2a7452949,7a5fd02b-2248-4492-bae9-2ab1670894bc,2026-04-30,unavailable,,,2026-04-29T20:35:05.171504+00:00,2026-04-29T20:35:04.719+00:00,,,
89e2c30f-8c2f-4c5d-b9e2-bee7c545b8ce,0acf89be-de62-4a14-9502-aab639d34f04,7a5fd02b-2248-4492-bae9-2ab1670894bc,2026-04-30,unavailable,,,2026-04-29T20:35:05.171504+00:00,2026-04-29T20:35:04.719+00:00,,,
05ab43c1-38c6-4ea1-a909-12e8e2515f40,ab073af1-5ce8-4acb-b07f-4fa41d2a8a9d,7a5fd02b-2248-4492-bae9-2ab1670894bc,2026-04-30,unavailable,,,2026-04-29T20:35:05.171504+00:00,2026-04-29T20:35:04.719+00:00,,,
6a732d12-b853-462d-86c0-aeac5c601457,8627c1a1-62d7-49e3-9176-f295969b3c6d,7a5fd02b-2248-4492-bae9-2ab1670894bc,2026-04-30,unavailable,,,2026-04-29T20:35:05.171504+00:00,2026-04-29T20:35:04.719+00:00,,,
9ce4b197-82b2-4a79-bc98-e212584a57a0,aad00f76-4fe1-44ac-882a-9ad2eb664a5c,7a5fd02b-2248-4492-bae9-2ab1670894bc,2026-04-30,unavailable,,,2026-04-29T20:35:05.171504+00:00,2026-04-29T20:35:04.719+00:00,,,
99404a4d-70a9-477c-9d97-34b242cdb3c5,759e7b56-07aa-4866-bfaa-46efdb0afe58,7a5fd02b-2248-4492-bae9-2ab1670894bc,2026-04-30,unavailable,,,2026-04-29T20:35:05.171504+00:00,2026-04-29T20:35:04.719+00:00,,,
9980a402-bb0e-40fd-83cf-178a3c134245,38a11035-66a5-48ca-825b-8124f66d4478,7a5fd02b-2248-4492-bae9-2ab1670894bc,2026-04-30,unavailable,,,2026-04-29T20:35:05.171504+00:00,2026-04-29T20:35:04.719+00:00,,,
3aa9d1d9-380b-4b4c-8fe6-05bd349809ee,4898a864-3303-44d8-8c83-8f8996a19fa3,7a5fd02b-2248-4492-bae9-2ab1670894bc,2026-04-30,unavailable,,,2026-04-29T20:35:05.171504+00:00,2026-04-29T20:35:04.719+00:00,,,
791fbc71-4f0d-45bb-bad2-139b2bf4e7ff,97ee9b66-2711-4df2-99bd-ed1a32f40eb4,7a5fd02b-2248-4492-bae9-2ab1670894bc,2026-04-30,unavailable,,,2026-04-29T20:35:05.171504+00:00,2026-04-29T20:35:04.719+00:00,,,
c44df898-ba74-48fa-ae62-f52c01f4aaec,4fd2406d-0cce-4013-9585-72c23407ceae,7a5fd02b-2248-4492-bae9-2ab1670894bc,2026-04-30,unavailable,,,2026-04-29T20:35:05.171504+00:00,2026-04-29T20:35:04.719+00:00,,,
04e363ff-9b4d-457f-aca0-5922e071ce5f,334edaad-9be5-43ff-a28a-6a165d97d13e,7a5fd02b-2248-4492-bae9-2ab1670894bc,2026-04-30,unavailable,,,2026-04-29T20:35:05.171504+00:00,2026-04-29T20:35:04.719+00:00,,,
986c260b-8776-41a2-b899-833e52fc099d,ad8151cf-0a93-4205-9f92-19b1bc595a8f,7a5fd02b-2248-4492-bae9-2ab1670894bc,2026-04-30,unavailable,,,2026-04-29T20:35:05.171504+00:00,2026-04-29T20:35:04.719+00:00,,,
f3d36c89-aed4-4300-b73f-708a10e48431,9c2ebb31-687b-428e-a2c5-a5e552f7b5cc,7a5fd02b-2248-4492-bae9-2ab1670894bc,2026-04-30,unavailable,,,2026-04-29T20:35:05.171504+00:00,2026-04-29T20:35:04.719+00:00,,,
602d0a12-06c6-461c-be63-efa458d96498,0516781f-0290-44a1-9f8f-adbf8db38425,7a5fd02b-2248-4492-bae9-2ab1670894bc,2026-04-30,unavailable,,,2026-04-29T20:35:05.171504+00:00,2026-04-29T20:35:04.719+00:00,,,
bd1d8f75-c264-469e-8135-4c441d23850e,3f899f50-df5f-4364-ba3f-3ef814961309,7a5fd02b-2248-4492-bae9-2ab1670894bc,2026-04-30,unavailable,,,2026-04-29T20:35:05.171504+00:00,2026-04-29T20:35:04.719+00:00,,,
3dfac8f9-bd0a-4c46-811e-14878b6c01e8,96c9c583-6be1-473c-8531-e58107199fa6,7a5fd02b-2248-4492-bae9-2ab1670894bc,2026-04-30,unavailable,,,2026-04-29T20:35:05.171504+00:00,2026-04-29T20:35:04.719+00:00,,,
df46f86d-4301-47f1-8259-e11bbcc39710,949a9839-c640-4bf7-a7b6-59e93d5e927e,7a5fd02b-2248-4492-bae9-2ab1670894bc,2026-04-30,unavailable,,,2026-04-29T20:35:05.171504+00:00,2026-04-29T20:35:04.719+00:00,,,
e4cbf2c6-161e-431a-b5e2-52aff0573d5d,1188873c-8be1-42d3-a242-da6f15bf5e4a,7a5fd02b-2248-4492-bae9-2ab1670894bc,2026-04-30,unavailable,,,2026-04-29T20:35:05.171504+00:00,2026-04-29T20:35:04.719+00:00,,,
4be0ed3c-0b2f-4fbf-a04d-ff87cdab435a,2d018036-1224-40a3-82ac-e3644690ab0a,7a5fd02b-2248-4492-bae9-2ab1670894bc,2026-04-30,unavailable,,,2026-04-29T20:35:05.171504+00:00,2026-04-29T20:35:04.719+00:00,,,
83bfc11c-92ea-4fff-a5e2-54c3d8ccb459,924984fd-6cab-4b4a-8b62-1fc6860ad5a5,7a5fd02b-2248-4492-bae9-2ab1670894bc,2026-04-30,unavailable,,,2026-04-29T20:35:05.171504+00:00,2026-04-29T20:35:04.719+00:00,,,
ed52d552-674b-405b-91de-f57cd3bace32,3c2f77cd-57af-4557-93a8-25f866c7ef0a,7a5fd02b-2248-4492-bae9-2ab1670894bc,2026-04-30,unavailable,,,2026-04-29T20:35:05.171504+00:00,2026-04-29T20:35:04.719+00:00,,,
a89001c3-01e8-43e6-a96a-d0de8d3372f3,20af3438-94f4-44dd-a150-079cf139a7a5,7a5fd02b-2248-4492-bae9-2ab1670894bc,2026-04-30,unavailable,,,2026-04-29T20:35:05.171504+00:00,2026-04-29T20:35:04.719+00:00,,,
c9831f39-10f0-4d9b-b0f2-10b276c890b9,4e30357c-cab4-454a-8698-3f7413a38b2c,7a5fd02b-2248-4492-bae9-2ab1670894bc,2026-04-30,unavailable,,,2026-04-29T20:35:05.171504+00:00,2026-04-29T20:35:04.719+00:00,,,
bed5962b-b608-42b3-b05a-1f29e77b6b9f,a3d8e08f-8e02-46e5-af59-a2895bf61e63,7a5fd02b-2248-4492-bae9-2ab1670894bc,2026-04-30,unavailable,,,2026-04-29T20:35:05.171504+00:00,2026-04-29T20:35:04.719+00:00,,,
f7b335ae-1a94-448f-9aeb-7a62267ab699,fd5f8362-52f1-410c-97dc-bbe084c2c8e4,7a5fd02b-2248-4492-bae9-2ab1670894bc,2026-04-30,unavailable,,,2026-04-29T20:35:05.171504+00:00,2026-04-29T20:35:04.719+00:00,,,
22b70d9d-ca67-4c90-972e-ede29f1345ba,5d083c30-fb85-4d4f-9757-9cda19fc2821,7a5fd02b-2248-4492-bae9-2ab1670894bc,2026-04-30,unavailable,,,2026-04-29T20:35:05.171504+00:00,2026-04-29T20:35:04.719+00:00,,,
fb0f8d75-785f-4037-a4f6-bf6e4cca8449,e63f9153-d195-48fa-b7e7-19ad412c36da,7a5fd02b-2248-4492-bae9-2ab1670894bc,2026-04-30,unavailable,,,2026-04-29T20:35:05.171504+00:00,2026-04-29T20:35:04.719+00:00,,,
09be903f-73c4-45f2-b947-f9a505bb5eb4,314d5849-c300-477e-93a4-bc99aa664c23,7a5fd02b-2248-4492-bae9-2ab1670894bc,2026-04-30,unavailable,,,2026-04-29T20:35:05.171504+00:00,2026-04-29T20:35:04.719+00:00,,,
ab9b6d0b-2600-42df-b10d-a6aa1c12729f,afb8cdfd-4cc1-40f7-9f70-df7cbbb78d06,7a5fd02b-2248-4492-bae9-2ab1670894bc,2026-04-30,unavailable,,,2026-04-29T20:35:05.171504+00:00,2026-04-29T20:35:04.719+00:00,,,
1d0c3b35-3bee-4622-802b-88a3e789bce1,66732b90-15ff-4bb5-a9d8-b84ac997d183,7a5fd02b-2248-4492-bae9-2ab1670894bc,2026-04-30,unavailable,,,2026-04-29T20:35:05.171504+00:00,2026-04-29T20:35:04.719+00:00,,,
95450cb4-97e3-4b25-b51d-34598ede7d40,29686763-0ead-43f0-9d3a-59f2ccfb2477,7a5fd02b-2248-4492-bae9-2ab1670894bc,2026-04-30,unavailable,,,2026-04-29T20:35:05.171504+00:00,2026-04-29T20:35:04.719+00:00,,,
0d79e26d-161c-42b2-9415-9b13b37c3a18,0a960158-e3fa-4ee6-aabd-55578dfe8faa,7a5fd02b-2248-4492-bae9-2ab1670894bc,2026-04-30,unavailable,,,2026-04-29T20:35:05.171504+00:00,2026-04-29T20:35:04.719+00:00,,,
82b53c67-0dd6-4ca1-b1e3-3b1923c89d6d,1dbf367f-4514-48e7-8853-81551967c94d,7a5fd02b-2248-4492-bae9-2ab1670894bc,2026-04-30,unavailable,,,2026-04-29T20:35:05.171504+00:00,2026-04-29T20:35:04.719+00:00,,,
381a8b36-992f-4794-a2b5-b686ee580ac0,52ecfb86-603a-49a2-bed5-ff0ced64f464,7a5fd02b-2248-4492-bae9-2ab1670894bc,2026-04-30,unavailable,,,2026-04-29T20:35:05.171504+00:00,2026-04-29T20:35:04.719+00:00,,,
6fddfe3c-e214-411e-94ee-5474032d0b0b,de3020b4-e754-4b71-a352-c99160240de4,7a5fd02b-2248-4492-bae9-2ab1670894bc,2026-04-30,unavailable,,,2026-04-29T20:35:05.171504+00:00,2026-04-29T20:35:04.719+00:00,,,
e1068b7f-30e3-4d0a-b411-32c79dc878d0,d675726f-44a7-475c-9b4b-9ba2bf13996d,7a5fd02b-2248-4492-bae9-2ab1670894bc,2026-04-30,unavailable,,,2026-04-29T20:35:05.171504+00:00,2026-04-29T20:35:04.719+00:00,,,
fa7940d6-7dd7-4f4b-9176-3b0105900cd8,07c6eec6-46c9-4e7c-8cab-a524795d38b7,7a5fd02b-2248-4492-bae9-2ab1670894bc,2026-04-30,unavailable,,,2026-04-29T20:35:05.171504+00:00,2026-04-29T20:35:04.719+00:00,,,
ddc0beec-50f2-46d8-8d19-937f1c4f9c4b,94301ae3-f29e-44c7-a4e4-94add65ee641,7a5fd02b-2248-4492-bae9-2ab1670894bc,2026-04-30,unavailable,,,2026-04-29T20:35:05.171504+00:00,2026-04-29T20:35:04.719+00:00,,,
64a7809d-cea4-4d5e-82e6-05be8452d0bf,f3c9bbbe-aef1-46f3-8e9c-83d1d05109d0,7a5fd02b-2248-4492-bae9-2ab1670894bc,2026-04-30,unavailable,,,2026-04-29T20:35:05.171504+00:00,2026-04-29T20:35:04.719+00:00,,,
af48708a-b98f-40e2-be6e-5adaa5253c90,60615a17-1ed6-46d4-9ea7-5733ae4770d1,7a5fd02b-2248-4492-bae9-2ab1670894bc,2026-04-30,unavailable,,,2026-04-29T20:35:05.171504+00:00,2026-04-29T20:35:04.719+00:00,,,
e40d4526-03b6-4caa-9328-23873f3d31c8,dcb732ae-01fa-47ac-8c1d-20b1a9d0b47f,7a5fd02b-2248-4492-bae9-2ab1670894bc,2026-04-30,unavailable,,,2026-04-29T20:35:05.171504+00:00,2026-04-29T20:35:04.719+00:00,,,
4c77b83a-1c50-462e-b454-75d0e70cbea9,44c4bb44-4ddb-4aee-a539-54b238955833,7a5fd02b-2248-4492-bae9-2ab1670894bc,2026-04-30,unavailable,,,2026-04-29T20:35:05.171504+00:00,2026-04-29T20:35:04.719+00:00,,,
06a64542-e30a-4e94-b52f-0fd21c927453,1231a2f3-61ad-405a-a710-a84a46c2ac8f,7a5fd02b-2248-4492-bae9-2ab1670894bc,2026-04-30,unavailable,,,2026-04-29T20:35:05.171504+00:00,2026-04-29T20:35:04.719+00:00,,,
991cdab8-fec3-4de6-8f09-fed780c2af05,84c40ee2-5337-4ad7-9f94-14b23375badb,7a5fd02b-2248-4492-bae9-2ab1670894bc,2026-04-30,unavailable,,,2026-04-29T20:35:05.171504+00:00,2026-04-29T20:35:04.719+00:00,,,
d4288306-2eaa-4084-ac83-1b775496f647,d366129f-9ec9-4f9d-a4d9-dd76408778d2,7a5fd02b-2248-4492-bae9-2ab1670894bc,2026-04-30,unavailable,,,2026-04-29T20:35:05.171504+00:00,2026-04-29T20:35:04.719+00:00,,,
d50dfeb7-1118-4496-801e-3c3c3bdac357,c2cbd94e-49da-4aa5-b4b5-070bb2aae1de,7a5fd02b-2248-4492-bae9-2ab1670894bc,2026-04-30,unavailable,,,2026-04-29T20:35:05.171504+00:00,2026-04-29T20:35:04.719+00:00,,,
f35424e9-7b24-4023-b8fe-be2bf049de9f,2070ea5c-435b-4080-9a08-46095b69baca,7a5fd02b-2248-4492-bae9-2ab1670894bc,2026-04-30,unavailable,,,2026-04-29T20:35:05.171504+00:00,2026-04-29T20:35:04.719+00:00,,,
0466d940-f018-41ce-8a26-17a0108652cd,d399f7cb-cd56-4360-9e60-ccab8382fb61,7a5fd02b-2248-4492-bae9-2ab1670894bc,2026-04-30,unavailable,,,2026-04-29T20:35:05.171504+00:00,2026-04-29T20:35:04.719+00:00,,,
61e7c92f-f286-4c28-855e-d2d33252284f,e29757bb-c15b-4791-8b7e-c0e26dbc2d4c,7a5fd02b-2248-4492-bae9-2ab1670894bc,2026-04-30,unavailable,,,2026-04-29T20:35:05.171504+00:00,2026-04-29T20:35:04.719+00:00,,,
7b21681d-294c-4f7b-98b6-2376928e69ca,72322dd6-8045-401b-aa0e-67ed58ebe0ff,7a5fd02b-2248-4492-bae9-2ab1670894bc,2026-04-30,unavailable,,,2026-04-29T20:35:05.171504+00:00,2026-04-29T20:35:04.719+00:00,,,
6ed13a41-54b8-4f8b-9665-3a71441bb28d,ad510ff3-14e5-40fa-b454-26ebc4bf299c,7a5fd02b-2248-4492-bae9-2ab1670894bc,2026-04-30,unavailable,,,2026-04-29T20:35:05.171504+00:00,2026-04-29T20:35:04.719+00:00,,,
4fb9ca77-9cad-4942-9f4c-a79d71d9a3da,b90584d8-fc78-420b-91e1-490117cd30cd,7a5fd02b-2248-4492-bae9-2ab1670894bc,2026-04-30,unavailable,,,2026-04-29T20:35:05.171504+00:00,2026-04-29T20:35:04.719+00:00,,,
43c4f1f2-1e05-4bd5-b066-120cb0a65839,dff21156-fd38-405e-a857-e7ad8bffa7f5,7a5fd02b-2248-4492-bae9-2ab1670894bc,2026-04-30,unavailable,,,2026-04-29T20:35:05.171504+00:00,2026-04-29T20:35:04.719+00:00,,,
78f75630-6260-477b-954d-40a2c239fd3a,cde06dcc-2c7a-4476-8a23-469ecb9e3940,7a5fd02b-2248-4492-bae9-2ab1670894bc,2026-04-30,unavailable,,,2026-04-29T20:35:05.171504+00:00,2026-04-29T20:35:04.719+00:00,,,
39e2d6ad-75ec-497e-ac4c-b7b0b54cce48,e81c39b6-82fe-4505-b835-ed93e4220988,7a5fd02b-2248-4492-bae9-2ab1670894bc,2026-04-30,unavailable,,,2026-04-29T20:35:05.171504+00:00,2026-04-29T20:35:04.719+00:00,,,
201535f9-b6dd-438a-a23c-64bfcf5dcb97,11848d52-fa67-4b56-8b9e-87239a753911,7a5fd02b-2248-4492-bae9-2ab1670894bc,2026-04-30,unavailable,,,2026-04-29T20:35:05.171504+00:00,2026-04-29T20:35:04.719+00:00,,,
5719a788-e180-4a66-876e-13ee549ce59c,7dde3a19-d1ad-4170-a663-7bd83ee8d3a2,7a5fd02b-2248-4492-bae9-2ab1670894bc,2026-04-30,unavailable,,,2026-04-29T20:35:05.171504+00:00,2026-04-29T20:35:04.719+00:00,,,
8c6d7069-7a9f-4713-b8e9-418723cf1cf5,e17fe9fd-652f-4542-8a29-65e80a791a00,7a5fd02b-2248-4492-bae9-2ab1670894bc,2026-04-30,unavailable,,,2026-04-29T20:35:05.171504+00:00,2026-04-29T20:35:04.719+00:00,,,
5d3e739d-dd2a-4dda-8135-7158374489a5,f14e1eaa-9677-4120-b8b5-37209f399915,7a5fd02b-2248-4492-bae9-2ab1670894bc,2026-04-30,unavailable,,,2026-04-29T20:35:05.171504+00:00,2026-04-29T20:35:04.719+00:00,,,
c5d59aa9-cdb4-4ea1-a21d-ee527c351168,fb11eb56-4d65-413d-8125-ae24b42ae442,7a5fd02b-2248-4492-bae9-2ab1670894bc,2026-04-30,unavailable,,,2026-04-29T20:35:05.171504+00:00,2026-04-29T20:35:04.719+00:00,,,
cc6e1b3f-a236-4d6b-8fe3-710035752ae8,c9f1257a-9015-4783-86de-82819569ea0a,7a5fd02b-2248-4492-bae9-2ab1670894bc,2026-04-30,unavailable,,,2026-04-29T20:35:05.171504+00:00,2026-04-29T20:35:04.719+00:00,,,
112d5528-2ef0-48b9-a2ab-1bad4d472061,336fc578-e349-4e59-bcd2-e1c2b1beadb3,7a5fd02b-2248-4492-bae9-2ab1670894bc,2026-04-30,unavailable,,,2026-04-29T20:35:05.171504+00:00,2026-04-29T20:35:04.719+00:00,,,
916b9ccb-6f8c-4fab-8c43-a7693cfb73d7,f0c608fc-95ab-4c48-a3ba-877a7937f660,7a5fd02b-2248-4492-bae9-2ab1670894bc,2026-04-30,unavailable,,,2026-04-29T20:35:05.171504+00:00,2026-04-29T20:35:04.719+00:00,,,
6d86faa9-0ed2-413a-8468-e019c06716bb,10a1cffa-f6d9-4692-8d99-cec08f07ef0d,7a5fd02b-2248-4492-bae9-2ab1670894bc,2026-04-30,unavailable,,,2026-04-29T20:35:05.171504+00:00,2026-04-29T20:35:04.719+00:00,,,
ca5b16f9-7674-4e6d-aeab-aa6bf155e985,0ae60db8-9ea0-479d-aa4a-55755241cad5,7a5fd02b-2248-4492-bae9-2ab1670894bc,2026-04-30,unavailable,,,2026-04-29T20:35:05.171504+00:00,2026-04-29T20:35:04.719+00:00,,,
41b39dbd-8661-432c-83a9-e5f34958c4fc,be637780-281f-4436-8c97-6efb129cfd2b,7a5fd02b-2248-4492-bae9-2ab1670894bc,2026-04-30,unavailable,,,2026-04-29T20:35:05.171504+00:00,2026-04-29T20:35:04.719+00:00,,,
4b4d8545-4912-4dbd-b758-16df458e469d,c3916820-1dce-4d0e-a249-f47e95d54255,7a5fd02b-2248-4492-bae9-2ab1670894bc,2026-04-30,unavailable,,,2026-04-29T20:35:05.171504+00:00,2026-04-29T20:35:04.719+00:00,,,
fc16ecfa-c6d5-4eb0-8d4a-30dda57a6643,f30e6ede-1de9-4e46-a56d-384b77d3780e,7a5fd02b-2248-4492-bae9-2ab1670894bc,2026-04-30,unavailable,,,2026-04-29T20:35:05.171504+00:00,2026-04-29T20:35:04.719+00:00,,,
1d1b52b8-b355-4723-b0c2-4c768c63bd8e,f3d61783-a8b2-4f4d-bdca-caa6f8e0e54a,7a5fd02b-2248-4492-bae9-2ab1670894bc,2026-04-30,unavailable,,,2026-04-29T20:35:05.171504+00:00,2026-04-29T20:35:04.719+00:00,,,
ad51ed0e-57dd-4bf6-b13a-adee48fdaf9d,2f002bb7-6444-4ace-87ff-7c547b3f03bd,7a5fd02b-2248-4492-bae9-2ab1670894bc,2026-04-30,unavailable,,,2026-04-29T20:35:05.171504+00:00,2026-04-29T20:35:04.719+00:00,,,
10c65718-2241-470d-920f-9eddf20cae83,0e124df5-de3e-4013-a192-423ea8975de4,7a5fd02b-2248-4492-bae9-2ab1670894bc,2026-04-30,unavailable,,,2026-04-29T20:35:05.171504+00:00,2026-04-29T20:35:04.719+00:00,,,
b936f037-a80e-47ce-a2e7-dd0f7cff32d9,04912bb8-8ae3-47d1-b26e-21cc9c673432,7a5fd02b-2248-4492-bae9-2ab1670894bc,2026-04-30,unavailable,,,2026-04-29T20:35:05.171504+00:00,2026-04-29T20:35:04.719+00:00,,,
3197f323-1f94-4118-a083-526b0b57d01e,4ced9319-ef22-4afb-8131-15662b65ef52,7a5fd02b-2248-4492-bae9-2ab1670894bc,2026-04-30,unavailable,,,2026-04-29T20:35:05.171504+00:00,2026-04-29T20:35:04.719+00:00,,,
4d761d5d-dac8-43c5-a516-1c8c867177ea,111ca1c2-8e31-471a-bae3-0da35ce73b81,7a5fd02b-2248-4492-bae9-2ab1670894bc,2026-04-30,unavailable,,,2026-04-29T20:35:05.171504+00:00,2026-04-29T20:35:04.719+00:00,,,
9f24a890-3e7c-4649-984d-3da52f09d537,e4368078-2f9e-44f5-bafe-48f8b1fa741f,7a5fd02b-2248-4492-bae9-2ab1670894bc,2026-04-30,unavailable,,,2026-04-29T20:35:05.171504+00:00,2026-04-29T20:35:04.719+00:00,,,
6e3153e9-3e79-45ce-98a2-1d3a7ab0ba9a,6176833b-8baf-4d60-84c7-6e2546e070c0,7a5fd02b-2248-4492-bae9-2ab1670894bc,2026-04-30,unavailable,,,2026-04-29T20:35:05.171504+00:00,2026-04-29T20:35:04.719+00:00,,,
0e581c1b-d4f2-411f-b990-51aec5a1a52b,f6145d14-6ea4-47b8-b171-5485403ce4a8,7a5fd02b-2248-4492-bae9-2ab1670894bc,2026-04-30,unavailable,,,2026-04-29T20:35:05.171504+00:00,2026-04-29T20:35:04.719+00:00,,,
c52726f4-6cad-4afa-9774-d33b26c27017,d37629f0-f0aa-401f-931d-d6af6da3b86c,7a5fd02b-2248-4492-bae9-2ab1670894bc,2026-04-30,unavailable,,,2026-04-29T20:35:05.171504+00:00,2026-04-29T20:35:04.719+00:00,,,
fe544d75-17a5-4ab3-aaa9-4ba1152d9054,405a5d42-18bf-4fed-9975-efc1f85edb15,7a5fd02b-2248-4492-bae9-2ab1670894bc,2026-04-30,unavailable,,,2026-04-29T20:35:05.171504+00:00,2026-04-29T20:35:04.719+00:00,,,
3a63c2d6-b688-4b60-a655-9b5f68af6c53,309781c4-ed69-40dc-860a-712d7414d66e,7a5fd02b-2248-4492-bae9-2ab1670894bc,2026-04-30,unavailable,,,2026-04-29T20:35:05.171504+00:00,2026-04-29T20:35:04.719+00:00,,,
0df11d30-dc9e-4803-b4de-4576ba594824,b0017451-3a96-49f3-9e48-ea4ef19383bf,7a5fd02b-2248-4492-bae9-2ab1670894bc,2026-04-30,unavailable,,,2026-04-29T20:35:05.171504+00:00,2026-04-29T20:35:04.719+00:00,,,
86956484-d927-42a8-9244-5147f9bcb2f4,25317688-27ec-456d-8b73-c00ff0ad3284,7a5fd02b-2248-4492-bae9-2ab1670894bc,2026-04-30,unavailable,,,2026-04-29T20:35:05.171504+00:00,2026-04-29T20:35:04.719+00:00,,,
eb9712b8-8966-465f-baaf-c3778e54a3c3,048e8a46-b58e-4c8d-9cd8-f93ec8ad107a,7a5fd02b-2248-4492-bae9-2ab1670894bc,2026-04-30,unavailable,,,2026-04-29T20:35:05.171504+00:00,2026-04-29T20:35:04.719+00:00,,,
934e9b61-4011-4290-bdba-09e97efec7d9,1fcf3901-e345-4476-b740-0d01c2592627,7a5fd02b-2248-4492-bae9-2ab1670894bc,2026-04-30,unavailable,,,2026-04-29T20:35:05.171504+00:00,2026-04-29T20:35:04.719+00:00,,,
3ac0e3ed-6e35-4044-be40-a3cc41721176,81c16996-0b85-475e-a250-65be09ccef20,7a5fd02b-2248-4492-bae9-2ab1670894bc,2026-04-30,unavailable,,,2026-04-29T20:35:05.171504+00:00,2026-04-29T20:35:04.719+00:00,,,
1cf9e5a8-3b47-4c4e-a98a-03c6184e0e8f,daddf87a-52e4-4130-bcfb-6c57d484bf4f,7a5fd02b-2248-4492-bae9-2ab1670894bc,2026-04-30,unavailable,,,2026-04-29T20:35:05.171504+00:00,2026-04-29T20:35:04.719+00:00,,,
905d702f-d430-4228-9d0e-d5a4881fedeb,f5639c9e-b6d3-4ba5-a804-c0b05b0eecad,7a5fd02b-2248-4492-bae9-2ab1670894bc,2026-04-30,unavailable,,,2026-04-29T20:35:05.171504+00:00,2026-04-29T20:35:04.719+00:00,,,
4e60e2c9-cb86-444f-8e4b-a55df60a46af,b8f48312-5ce2-436f-974e-3f41913ee188,7a5fd02b-2248-4492-bae9-2ab1670894bc,2026-04-30,unavailable,,,2026-04-29T20:35:05.171504+00:00,2026-04-29T20:35:04.719+00:00,,,
8893dc51-7f6b-4b90-b54d-b0c9438556e3,c4880391-d815-4553-ad03-34066e1f1145,7a5fd02b-2248-4492-bae9-2ab1670894bc,2026-04-30,unavailable,,,2026-04-29T20:35:05.171504+00:00,2026-04-29T20:35:04.719+00:00,,,
90307dc2-2721-4cfd-8741-12ffbcb608ca,2ce5e1a4-8597-4d64-addc-651953a7a868,7a5fd02b-2248-4492-bae9-2ab1670894bc,2026-04-30,unavailable,,,2026-04-29T20:35:05.171504+00:00,2026-04-29T20:35:04.719+00:00,,,
4d1c9e43-7b5f-4674-95c9-3e5f244cd95b,69393448-7532-4c5c-afd9-f21c8a87c021,7a5fd02b-2248-4492-bae9-2ab1670894bc,2026-04-30,unavailable,,,2026-04-29T20:35:05.171504+00:00,2026-04-29T20:35:04.719+00:00,,,
b1e99941-4f78-4eee-a0a7-b098c9168c9b,080205a7-44fc-49aa-a1c9-072aa3859d8f,7a5fd02b-2248-4492-bae9-2ab1670894bc,2026-04-30,unavailable,,,2026-04-29T20:35:05.171504+00:00,2026-04-29T20:35:04.719+00:00,,,
5b5e31d0-1958-4907-8135-fb079f9906eb,2d7c5b8a-f3f9-462d-a7b0-06f5ac2dc976,fbb296de-dba2-4b23-9c3b-5c1285997b41,2026-04-30,unavailable,,,2026-04-29T20:35:06.532942+00:00,2026-04-29T20:35:06.391+00:00,,,
9972b3be-d9b7-479d-9c0f-1ba446a2878d,3a05fc41-5bd0-49c1-8c7c-21a4a1c6fcf4,fbb296de-dba2-4b23-9c3b-5c1285997b41,2026-04-30,unavailable,,,2026-04-29T20:35:06.532942+00:00,2026-04-29T20:35:06.391+00:00,,,
0bdf896c-6df2-48b1-a6c0-397861d699ff,80715009-1569-4eb1-bc15-3f1b74e45280,fbb296de-dba2-4b23-9c3b-5c1285997b41,2026-04-30,unavailable,,,2026-04-29T20:35:06.532942+00:00,2026-04-29T20:35:06.391+00:00,,,
ede9f46a-f278-4e35-8b25-520805b3b974,aa1f52af-a81a-43fc-84f2-8739dc579d52,fbb296de-dba2-4b23-9c3b-5c1285997b41,2026-04-30,unavailable,,,2026-04-29T20:35:06.532942+00:00,2026-04-29T20:35:06.391+00:00,,,
c448a0bb-9836-4df4-8896-f2c7a881a1e9,70434006-1d15-4b04-aa28-3d45dde2a641,fbb296de-dba2-4b23-9c3b-5c1285997b41,2026-04-30,unavailable,,,2026-04-29T20:35:06.532942+00:00,2026-04-29T20:35:06.391+00:00,,,
ef9eed8e-8495-4fae-a977-d9dc3301ae7d,0abbd494-b25b-4f13-a55e-dcf6db986965,fbb296de-dba2-4b23-9c3b-5c1285997b41,2026-04-30,unavailable,,,2026-04-29T20:35:06.532942+00:00,2026-04-29T20:35:06.391+00:00,,,
c15e2b8c-c4e5-4528-a6b5-76e6de473759,62ef1b1f-0f0c-4ea8-ae97-8262c836aca4,fbb296de-dba2-4b23-9c3b-5c1285997b41,2026-04-30,unavailable,,,2026-04-29T20:35:06.532942+00:00,2026-04-29T20:35:06.391+00:00,,,
c1450bc9-1aa5-492e-aae4-24476ee47e9b,bcd7e7fd-91d0-47a4-a561-3327481cd9ed,fbb296de-dba2-4b23-9c3b-5c1285997b41,2026-04-30,unavailable,,,2026-04-29T20:35:06.532942+00:00,2026-04-29T20:35:06.391+00:00,,,
4dd21c34-cbb3-4dbe-b280-67382623f0fc,b7208d85-35b3-448f-8cbe-35500f1559dd,fbb296de-dba2-4b23-9c3b-5c1285997b41,2026-04-30,unavailable,,,2026-04-29T20:35:06.532942+00:00,2026-04-29T20:35:06.391+00:00,,,
57e10858-38df-45f1-8c0d-eaf145092367,20a2301c-797c-4953-9efd-b28ccf27e775,fbb296de-dba2-4b23-9c3b-5c1285997b41,2026-04-30,unavailable,,,2026-04-29T20:35:06.532942+00:00,2026-04-29T20:35:06.391+00:00,,,
a8a2e267-0bec-4f26-84cb-0c8234b5e2db,40b5c780-6569-4806-8e95-e2c92eaa87c9,fbb296de-dba2-4b23-9c3b-5c1285997b41,2026-04-30,unavailable,,,2026-04-29T20:35:06.532942+00:00,2026-04-29T20:35:06.391+00:00,,,
33e35150-0c1d-40f4-b295-af29699f8959,4f62f2d1-3fe0-4f77-a6e4-747bc5e8c87e,fbb296de-dba2-4b23-9c3b-5c1285997b41,2026-04-30,unavailable,,,2026-04-29T20:35:06.532942+00:00,2026-04-29T20:35:06.391+00:00,,,
143fe9d9-b1f0-49aa-ba18-8588f62fde36,d78ec394-051b-4132-aa11-92a24197f565,fbb296de-dba2-4b23-9c3b-5c1285997b41,2026-04-30,unavailable,,,2026-04-29T20:35:06.532942+00:00,2026-04-29T20:35:06.391+00:00,,,
1bdcee3d-b201-4f8f-aa90-fd83ca901019,105a17f7-180a-4bb1-825c-6144eae25b9b,fbb296de-dba2-4b23-9c3b-5c1285997b41,2026-04-30,unavailable,,,2026-04-29T20:35:06.532942+00:00,2026-04-29T20:35:06.391+00:00,,,
0d313318-d91a-49d8-8bcb-558108858113,b56af66b-bf5b-40d8-9c9c-da4455afe5e3,fbb296de-dba2-4b23-9c3b-5c1285997b41,2026-04-30,unavailable,,,2026-04-29T20:35:06.532942+00:00,2026-04-29T20:35:06.391+00:00,,,
209d2ad3-70f0-468a-82fe-da2383ea8c87,e61bb04a-6523-4f0a-b945-dae17b2ab3c6,fbb296de-dba2-4b23-9c3b-5c1285997b41,2026-04-30,unavailable,,,2026-04-29T20:35:06.532942+00:00,2026-04-29T20:35:06.391+00:00,,,
27a80bfb-3a82-4cda-af8c-b15780e64a48,1ef573f5-82a5-437f-b478-f09a7c3a3b06,fbb296de-dba2-4b23-9c3b-5c1285997b41,2026-04-30,unavailable,,,2026-04-29T20:35:06.532942+00:00,2026-04-29T20:35:06.391+00:00,,,
b483b790-f7fd-44c9-9959-b83a3d0d3110,fc567f21-d1c4-4360-90b4-2837eaf9e2e8,fbb296de-dba2-4b23-9c3b-5c1285997b41,2026-04-30,unavailable,,,2026-04-29T20:35:06.532942+00:00,2026-04-29T20:35:06.391+00:00,,,
928a4b9e-5412-40e1-bfe8-53c9234b528b,1fba7f38-e8ac-4d0a-a165-40681248749a,fbb296de-dba2-4b23-9c3b-5c1285997b41,2026-04-30,unavailable,,,2026-04-29T20:35:06.532942+00:00,2026-04-29T20:35:06.391+00:00,,,
25cc363a-68c9-44ca-ac19-d5b6d0b8d5ca,a2039f51-91f6-4381-a452-6b9f6c351a31,fbb296de-dba2-4b23-9c3b-5c1285997b41,2026-04-30,unavailable,,,2026-04-29T20:35:06.532942+00:00,2026-04-29T20:35:06.391+00:00,,,
71491915-e770-497d-82b9-7b8d9ac1a5d8,d4056769-a0cc-4a7e-9ca6-7a0f6d868df5,fbb296de-dba2-4b23-9c3b-5c1285997b41,2026-04-30,unavailable,,,2026-04-29T20:35:06.532942+00:00,2026-04-29T20:35:06.391+00:00,,,
2aa0083d-2a03-4961-af9b-4e796aa8bfe6,2c6f9099-8630-4310-9a1c-b81f5170e839,fbb296de-dba2-4b23-9c3b-5c1285997b41,2026-04-30,unavailable,,,2026-04-29T20:35:06.532942+00:00,2026-04-29T20:35:06.391+00:00,,,
7021d7c2-4da1-4b2a-8f69-ea89068acdd6,772df8d5-6962-487a-99d2-78d6ef150e85,fbb296de-dba2-4b23-9c3b-5c1285997b41,2026-04-30,unavailable,,,2026-04-29T20:35:06.532942+00:00,2026-04-29T20:35:06.391+00:00,,,
a773226d-5c41-4cdf-83e2-8a399ed3210d,a02772eb-54d3-4b3f-97a6-223043efe589,fbb296de-dba2-4b23-9c3b-5c1285997b41,2026-04-30,unavailable,,,2026-04-29T20:35:06.532942+00:00,2026-04-29T20:35:06.391+00:00,,,
194e2208-d4a4-47e5-af77-ad73ed6074b7,1cd8cacb-9218-4990-9bbf-a2e7ce216f54,fbb296de-dba2-4b23-9c3b-5c1285997b41,2026-04-30,unavailable,,,2026-04-29T20:35:06.532942+00:00,2026-04-29T20:35:06.391+00:00,,,
c349e3fb-14ba-4418-b1de-2bbf049c3006,942cbf39-99e6-40cd-8034-2eacf88611f2,fbb296de-dba2-4b23-9c3b-5c1285997b41,2026-04-30,unavailable,,,2026-04-29T20:35:06.532942+00:00,2026-04-29T20:35:06.391+00:00,,,
8a678184-295d-4ff5-91c6-304b886d1b13,5d2be0b1-c8e4-4de7-becc-b24c8655215d,fbb296de-dba2-4b23-9c3b-5c1285997b41,2026-04-30,unavailable,,,2026-04-29T20:35:06.532942+00:00,2026-04-29T20:35:06.391+00:00,,,
6539a156-a793-4959-9eb8-009506cd48df,ff117f7e-e829-4c9b-94be-583211e2b8eb,fbb296de-dba2-4b23-9c3b-5c1285997b41,2026-04-30,unavailable,,,2026-04-29T20:35:06.532942+00:00,2026-04-29T20:35:06.391+00:00,,,
13774ba5-8e6a-46de-9ef2-f4ef7af823f1,47a0a430-3e3c-4cb4-85c9-47cc22a0b918,fbb296de-dba2-4b23-9c3b-5c1285997b41,2026-04-30,unavailable,,,2026-04-29T20:35:06.532942+00:00,2026-04-29T20:35:06.391+00:00,,,
3e9a88ca-02ad-4e04-9944-ce469a0c8796,a5ac6324-2319-4372-a71b-2fcd580315da,fbb296de-dba2-4b23-9c3b-5c1285997b41,2026-04-30,unavailable,,,2026-04-29T20:35:06.532942+00:00,2026-04-29T20:35:06.391+00:00,,,
88ff8df5-ed17-4038-bb16-47f614f720f3,9da89b63-0331-4cc7-a3cd-61ca235b49f7,fbb296de-dba2-4b23-9c3b-5c1285997b41,2026-04-30,unavailable,,,2026-04-29T20:35:06.532942+00:00,2026-04-29T20:35:06.391+00:00,,,
5a6db81a-3218-4133-b4ab-54bf5ee1b050,c6110ff1-93d1-471e-b0b1-bdb584068e25,fbb296de-dba2-4b23-9c3b-5c1285997b41,2026-04-30,unavailable,,,2026-04-29T20:35:06.532942+00:00,2026-04-29T20:35:06.391+00:00,,,
cd8f76e7-8443-44fc-9ffd-becc25995694,f64ae6e9-98b8-4d49-96ba-8d2b7cb99216,fbb296de-dba2-4b23-9c3b-5c1285997b41,2026-04-30,unavailable,,,2026-04-29T20:35:06.532942+00:00,2026-04-29T20:35:06.391+00:00,,,
4efe9c31-4dac-42db-aafe-231fa4f47c55,267a7ea2-953e-49dd-8b14-79e115a8efc7,fbb296de-dba2-4b23-9c3b-5c1285997b41,2026-04-30,unavailable,,,2026-04-29T20:35:06.532942+00:00,2026-04-29T20:35:06.391+00:00,,,
6289bf9a-4e61-4ce3-98a5-4a806b4421c7,1b643468-628a-4ec8-a769-b0ae8bc8af71,fbb296de-dba2-4b23-9c3b-5c1285997b41,2026-04-30,unavailable,,,2026-04-29T20:35:06.532942+00:00,2026-04-29T20:35:06.391+00:00,,,
cd4f376c-3550-4165-b70c-4f18182c4213,ba787ccf-f590-4338-a42d-06071e35b23c,fbb296de-dba2-4b23-9c3b-5c1285997b41,2026-04-30,unavailable,,,2026-04-29T20:35:06.532942+00:00,2026-04-29T20:35:06.391+00:00,,,
cbc5d3da-4dc5-44b8-b5b9-14a1f5d66364,aa3c24a5-eb55-4d6d-98a6-1c461b8b808c,fbb296de-dba2-4b23-9c3b-5c1285997b41,2026-04-30,unavailable,,,2026-04-29T20:35:06.532942+00:00,2026-04-29T20:35:06.391+00:00,,,
c66e06b7-b45e-45e9-b3d1-84230582c784,5ebd0006-3ba4-436b-ad38-65e63495b4d5,fbb296de-dba2-4b23-9c3b-5c1285997b41,2026-04-30,unavailable,,,2026-04-29T20:35:06.532942+00:00,2026-04-29T20:35:06.391+00:00,,,
be317f3b-e68a-4999-8b4f-a647f45a9a01,44bdbde8-576d-4d7f-b668-d2f2bf72fb2e,fbb296de-dba2-4b23-9c3b-5c1285997b41,2026-04-30,unavailable,,,2026-04-29T20:35:06.532942+00:00,2026-04-29T20:35:06.391+00:00,,,
97d1e712-c4a3-4cf2-b05d-9f48f4afc267,5da6dc1f-43a1-4182-bea0-4d1036c97b6d,fbb296de-dba2-4b23-9c3b-5c1285997b41,2026-04-30,unavailable,,,2026-04-29T20:35:06.532942+00:00,2026-04-29T20:35:06.391+00:00,,,
3498103c-d5f7-419b-8d1f-5bb8b78d0688,49e1f495-eb85-494c-8013-2e0fdceeb50c,fbb296de-dba2-4b23-9c3b-5c1285997b41,2026-04-30,unavailable,,,2026-04-29T20:35:06.532942+00:00,2026-04-29T20:35:06.391+00:00,,,
42de34a7-90fe-496d-9231-5f199a19fbe0,3523ac42-08ca-43c3-97ae-7ecde7cdb297,fbb296de-dba2-4b23-9c3b-5c1285997b41,2026-04-30,unavailable,,,2026-04-29T20:35:06.532942+00:00,2026-04-29T20:35:06.391+00:00,,,
8c630f38-7220-43df-ae9f-f7385407f532,6a383d81-af24-4d74-a14e-ec5dd8b4653d,fbb296de-dba2-4b23-9c3b-5c1285997b41,2026-04-30,unavailable,,,2026-04-29T20:35:06.532942+00:00,2026-04-29T20:35:06.391+00:00,,,
431c253a-63a7-4062-8d22-079de4104c78,21d117ac-f8fb-45fd-bf02-a0f11942e9a3,fbb296de-dba2-4b23-9c3b-5c1285997b41,2026-04-30,unavailable,,,2026-04-29T20:35:06.532942+00:00,2026-04-29T20:35:06.391+00:00,,,
7620f8aa-b3b4-4b98-b7a3-5b367ee5ff2d,5d480edd-15b4-4457-b01b-8b369f82cae4,fbb296de-dba2-4b23-9c3b-5c1285997b41,2026-04-30,unavailable,,,2026-04-29T20:35:06.532942+00:00,2026-04-29T20:35:06.391+00:00,,,
af0e00bf-373f-4c31-b90c-0316723ddc83,b0d98b9a-7524-48e8-89b3-d8a93d7340c8,fbb296de-dba2-4b23-9c3b-5c1285997b41,2026-04-30,unavailable,,,2026-04-29T20:35:06.532942+00:00,2026-04-29T20:35:06.391+00:00,,,
e90f2aa0-b732-4880-af82-a8a1b99cd253,cafd9f72-ec03-41b9-9660-321eb178895e,fbb296de-dba2-4b23-9c3b-5c1285997b41,2026-04-30,unavailable,,,2026-04-29T20:35:06.532942+00:00,2026-04-29T20:35:06.391+00:00,,,
963fdcad-d48f-40ae-9a25-66a766f87568,09a16f0b-ece0-4ad2-918d-5fef33c1becd,fbb296de-dba2-4b23-9c3b-5c1285997b41,2026-04-30,unavailable,,,2026-04-29T20:35:06.532942+00:00,2026-04-29T20:35:06.391+00:00,,,
27e98954-2409-4b29-97fd-4be45ec8c6ee,3094309a-9f88-431b-8e3e-a2c8dfade33d,fbb296de-dba2-4b23-9c3b-5c1285997b41,2026-04-30,unavailable,,,2026-04-29T20:35:06.532942+00:00,2026-04-29T20:35:06.391+00:00,,,
df6dd1a0-fd39-41cc-8202-00c23aa49180,f928dfeb-fbe7-4518-a98a-0d77b37478dc,fbb296de-dba2-4b23-9c3b-5c1285997b41,2026-04-30,unavailable,,,2026-04-29T20:35:06.532942+00:00,2026-04-29T20:35:06.391+00:00,,,
b982a6cc-5cd8-42e0-9c38-eafd74ff1bc0,0299c9ab-abbe-49fa-a8ea-2f63027fb6f5,fbb296de-dba2-4b23-9c3b-5c1285997b41,2026-04-30,unavailable,,,2026-04-29T20:35:06.532942+00:00,2026-04-29T20:35:06.391+00:00,,,
2894f09a-81dd-4713-811f-4f9e34caa20a,bad52eee-5a53-493c-9760-b6beca52b9cb,fbb296de-dba2-4b23-9c3b-5c1285997b41,2026-04-30,unavailable,,,2026-04-29T20:35:06.532942+00:00,2026-04-29T20:35:06.391+00:00,,,
7f191d21-6570-48cb-b604-711654ac3407,7308a611-e53e-46be-bf03-8b6ba3d6776d,fbb296de-dba2-4b23-9c3b-5c1285997b41,2026-04-30,unavailable,,,2026-04-29T20:35:06.532942+00:00,2026-04-29T20:35:06.391+00:00,,,
9a5be789-fa86-43e4-8cc4-5b2e93ce6dc5,78352cbe-90e6-4e26-8e68-95ff4931e2a4,fbb296de-dba2-4b23-9c3b-5c1285997b41,2026-04-30,unavailable,,,2026-04-29T20:35:06.532942+00:00,2026-04-29T20:35:06.391+00:00,,,
352a5339-ba89-435e-aaee-7f6b74f65a08,02e3c03b-5da1-4900-9a00-7c22f8e54505,fbb296de-dba2-4b23-9c3b-5c1285997b41,2026-04-30,unavailable,,,2026-04-29T20:35:06.532942+00:00,2026-04-29T20:35:06.391+00:00,,,
f00a1b78-57e9-4534-8917-4288066ea220,eca26cbb-d6eb-4cf3-bded-833d0c82c2cc,fbb296de-dba2-4b23-9c3b-5c1285997b41,2026-04-30,unavailable,,,2026-04-29T20:35:06.532942+00:00,2026-04-29T20:35:06.391+00:00,,,
1a041d8c-8357-4d1f-b925-7ef954e26684,2f3c7437-50fb-4e17-a781-08f140fa8f77,fbb296de-dba2-4b23-9c3b-5c1285997b41,2026-04-30,unavailable,,,2026-04-29T20:35:06.532942+00:00,2026-04-29T20:35:06.391+00:00,,,
e5cb7002-a81a-448f-a523-50e1acf2f8e5,0a36520c-f191-437c-9745-c85a53861102,fbb296de-dba2-4b23-9c3b-5c1285997b41,2026-04-30,unavailable,,,2026-04-29T20:35:06.532942+00:00,2026-04-29T20:35:06.391+00:00,,,
abb0fa45-ad84-4921-a1ea-c582c4e6f2a5,feaad469-a829-41b2-988e-5efed6c64b6c,fbb296de-dba2-4b23-9c3b-5c1285997b41,2026-04-30,unavailable,,,2026-04-29T20:35:06.532942+00:00,2026-04-29T20:35:06.391+00:00,,,
fee47c8b-ef84-4507-9ae1-7d2da1d16a20,3cb29cc2-866b-4360-90a3-15d01db8714a,fbb296de-dba2-4b23-9c3b-5c1285997b41,2026-04-30,unavailable,,,2026-04-29T20:35:06.532942+00:00,2026-04-29T20:35:06.391+00:00,,,
b4d6c788-e2cb-4f31-a166-4b4f2106e78c,89deecdc-4aaf-4b43-9716-bc54563a3e98,fbb296de-dba2-4b23-9c3b-5c1285997b41,2026-04-30,unavailable,,,2026-04-29T20:35:06.532942+00:00,2026-04-29T20:35:06.391+00:00,,,
35153adf-835b-4d31-a591-d499ece6a653,b11df9b7-4ce3-409d-9a00-1ccc44bf334f,fbb296de-dba2-4b23-9c3b-5c1285997b41,2026-04-30,unavailable,,,2026-04-29T20:35:06.532942+00:00,2026-04-29T20:35:06.391+00:00,,,
d18af528-4b2e-4d23-ad2f-dfd276ee55a8,47c5aed7-be06-44b8-8ca9-c898e5aeea76,fbb296de-dba2-4b23-9c3b-5c1285997b41,2026-04-30,unavailable,,,2026-04-29T20:35:06.532942+00:00,2026-04-29T20:35:06.391+00:00,,,
53aa9430-8490-4003-9362-80ba35719af3,66056ffe-bed5-4f29-9efc-b3451224d474,fbb296de-dba2-4b23-9c3b-5c1285997b41,2026-04-30,unavailable,,,2026-04-29T20:35:06.532942+00:00,2026-04-29T20:35:06.391+00:00,,,
ba1fe8b5-4321-4d27-8572-fe3854dfc871,2c6d8e1e-5fca-4ef0-8171-db565a70bb02,fbb296de-dba2-4b23-9c3b-5c1285997b41,2026-04-30,unavailable,,,2026-04-29T20:35:06.532942+00:00,2026-04-29T20:35:06.391+00:00,,,
fbfedd2a-c952-4837-807b-b2450c0e58eb,4cb1a70a-69ff-40a0-a510-294ba986d499,fbb296de-dba2-4b23-9c3b-5c1285997b41,2026-04-30,unavailable,,,2026-04-29T20:35:06.532942+00:00,2026-04-29T20:35:06.391+00:00,,,
7f2eb9de-cc86-4bae-9201-3d8dfc5a953a,51bd07e8-04c4-4564-af34-8d952def0f8d,fbb296de-dba2-4b23-9c3b-5c1285997b41,2026-04-30,unavailable,,,2026-04-29T20:35:06.532942+00:00,2026-04-29T20:35:06.391+00:00,,,
ea456ef1-6330-4714-95e4-8ac85c99cca0,abe101e7-ab70-43a7-bba2-e161bcd2b73e,fbb296de-dba2-4b23-9c3b-5c1285997b41,2026-04-30,unavailable,,,2026-04-29T20:35:06.532942+00:00,2026-04-29T20:35:06.391+00:00,,,
54d748c9-b94f-45fd-84f0-de39c2d23679,7de4b628-ab0b-4d70-96e8-d8b7f23fbfdd,fbb296de-dba2-4b23-9c3b-5c1285997b41,2026-04-30,unavailable,,,2026-04-29T20:35:06.532942+00:00,2026-04-29T20:35:06.391+00:00,,,
62fd0a01-3e9b-4536-aaaa-0b19b2926abd,45a1142b-7760-4e8c-a1af-989c15a5fdc4,fbb296de-dba2-4b23-9c3b-5c1285997b41,2026-04-30,unavailable,,,2026-04-29T20:35:06.532942+00:00,2026-04-29T20:35:06.391+00:00,,,
428a53d6-88c9-436f-8f43-d58309b04f15,5b3f4657-21b0-44a7-8f0a-3f0ecd43f712,fbb296de-dba2-4b23-9c3b-5c1285997b41,2026-04-30,unavailable,,,2026-04-29T20:35:06.532942+00:00,2026-04-29T20:35:06.391+00:00,,,
f6f4d42c-33b3-427e-bd9a-8c7a02866345,fc189420-99ea-4786-a143-2314e7653949,fbb296de-dba2-4b23-9c3b-5c1285997b41,2026-04-30,unavailable,,,2026-04-29T20:35:06.532942+00:00,2026-04-29T20:35:06.391+00:00,,,
e1e4903c-3dec-44a6-b5af-d39f0422ff13,9bc2c597-4686-47a2-bdce-22b9ce02d3dd,fbb296de-dba2-4b23-9c3b-5c1285997b41,2026-04-30,unavailable,,,2026-04-29T20:35:06.532942+00:00,2026-04-29T20:35:06.391+00:00,,,
a330dd55-836f-4819-8635-d2c3c97f80d3,10c6b8e6-72c6-4198-8dbb-9afc48473d68,fbb296de-dba2-4b23-9c3b-5c1285997b41,2026-04-30,unavailable,,,2026-04-29T20:35:06.532942+00:00,2026-04-29T20:35:06.391+00:00,,,
e8c6e428-384a-4adf-9bdb-6203edc03a48,c8b51b5d-7fe1-40db-ad18-7b79258828a1,fbb296de-dba2-4b23-9c3b-5c1285997b41,2026-04-30,unavailable,,,2026-04-29T20:35:06.532942+00:00,2026-04-29T20:35:06.391+00:00,,,
4832ff2e-94ad-4170-9c46-7019eda9dd89,6f6dcd58-46f9-4796-8b12-f65aeb26ab1e,fbb296de-dba2-4b23-9c3b-5c1285997b41,2026-04-30,unavailable,,,2026-04-29T20:35:06.532942+00:00,2026-04-29T20:35:06.391+00:00,,,
0e767041-c464-4b11-bfc2-c466f38b713b,188cfea9-8ce2-4ee6-aa4a-8ace3bb24307,fbb296de-dba2-4b23-9c3b-5c1285997b41,2026-04-30,unavailable,,,2026-04-29T20:35:06.532942+00:00,2026-04-29T20:35:06.391+00:00,,,
e21a68f4-8be2-483c-a450-82b173635f5f,bb521bcd-ab51-4458-86ef-2f2b3e9dd4d7,fbb296de-dba2-4b23-9c3b-5c1285997b41,2026-04-30,unavailable,,,2026-04-29T20:35:06.532942+00:00,2026-04-29T20:35:06.391+00:00,,,
5fedc5df-7f0f-48ee-90de-70ac6298b3e6,28939fc7-49c1-4151-b66e-c707529eb24b,fbb296de-dba2-4b23-9c3b-5c1285997b41,2026-04-30,unavailable,,,2026-04-29T20:35:06.532942+00:00,2026-04-29T20:35:06.391+00:00,,,
93895bac-6455-44d9-9f21-e3ec9b8bd9b8,ecbae0c7-4bea-436b-9f87-b80c26ec150f,fbb296de-dba2-4b23-9c3b-5c1285997b41,2026-04-30,unavailable,,,2026-04-29T20:35:06.532942+00:00,2026-04-29T20:35:06.391+00:00,,,
60846fc3-9211-4ac1-beb9-e92571c38734,4e678c0c-345b-4cad-8f84-08fb2e61cccd,fbb296de-dba2-4b23-9c3b-5c1285997b41,2026-04-30,unavailable,,,2026-04-29T20:35:06.532942+00:00,2026-04-29T20:35:06.391+00:00,,,
27d8aa01-f86d-4c9e-bbed-2704359984da,acc2e31f-8c70-4ae8-82e0-30c047f6bc1f,fbb296de-dba2-4b23-9c3b-5c1285997b41,2026-04-30,unavailable,,,2026-04-29T20:35:06.532942+00:00,2026-04-29T20:35:06.391+00:00,,,
dce18098-b802-4203-a568-79b6ff9b1684,8e08ef07-dafc-46a6-8d05-a8ed0e1cb79c,fbb296de-dba2-4b23-9c3b-5c1285997b41,2026-04-30,unavailable,,,2026-04-29T20:35:06.532942+00:00,2026-04-29T20:35:06.391+00:00,,,
dcdc63c7-af11-4d66-b2fe-d95b11fc2d5f,5faef9e7-1115-4fbf-a391-fc83e8635b70,fbb296de-dba2-4b23-9c3b-5c1285997b41,2026-04-30,unavailable,,,2026-04-29T20:35:06.532942+00:00,2026-04-29T20:35:06.391+00:00,,,
9c6d673a-9dde-42e4-ba1f-2d87057694fa,53d4c1e2-c93c-4f45-8fb1-f0bd64ef921e,fbb296de-dba2-4b23-9c3b-5c1285997b41,2026-04-30,unavailable,,,2026-04-29T20:35:06.532942+00:00,2026-04-29T20:35:06.391+00:00,,,
30e4209f-41ba-4ecd-92e7-5f546504a443,953a114e-45a0-47ca-8ac0-c0e188cd65c2,fbb296de-dba2-4b23-9c3b-5c1285997b41,2026-04-30,unavailable,,,2026-04-29T20:35:06.532942+00:00,2026-04-29T20:35:06.391+00:00,,,
e21900b1-17c4-493b-802c-3786378a0e54,25149f32-ee59-48d7-a941-9f6c35ca2855,fbb296de-dba2-4b23-9c3b-5c1285997b41,2026-04-30,unavailable,,,2026-04-29T20:35:06.532942+00:00,2026-04-29T20:35:06.391+00:00,,,
522a5b82-4b64-4c5b-ac3a-53ca3cba0e2c,a3d78333-79fb-4040-8a2f-6f43aa351556,fbb296de-dba2-4b23-9c3b-5c1285997b41,2026-04-30,unavailable,,,2026-04-29T20:35:06.532942+00:00,2026-04-29T20:35:06.391+00:00,,,
6f63745e-d760-474c-bf90-45bcdc976801,e466e1b5-0324-484f-be32-9f1e792d73e0,fbb296de-dba2-4b23-9c3b-5c1285997b41,2026-04-30,unavailable,,,2026-04-29T20:35:06.532942+00:00,2026-04-29T20:35:06.391+00:00,,,
3dfeee34-1f50-48e0-8d75-17f37b04deaf,afb9bf7c-248b-4142-8e01-029b5cbbd4c5,fbb296de-dba2-4b23-9c3b-5c1285997b41,2026-04-30,unavailable,,,2026-04-29T20:35:06.532942+00:00,2026-04-29T20:35:06.391+00:00,,,
7499f8af-9467-4933-a038-7388f2685e85,dea0d41c-bb8b-4b5d-a829-28e07fff0010,fbb296de-dba2-4b23-9c3b-5c1285997b41,2026-04-30,unavailable,,,2026-04-29T20:35:06.532942+00:00,2026-04-29T20:35:06.391+00:00,,,
a4dba0dd-5e93-400e-9634-cb31f2463d6e,b67bd172-bbd0-48ef-9cda-9d458718bae0,fbb296de-dba2-4b23-9c3b-5c1285997b41,2026-04-30,unavailable,,,2026-04-29T20:35:06.532942+00:00,2026-04-29T20:35:06.391+00:00,,,
423d3c48-038e-4575-9e6d-b575f7084962,31bb4896-e136-4f61-8c9a-44f45a24b9db,fbb296de-dba2-4b23-9c3b-5c1285997b41,2026-04-30,unavailable,,,2026-04-29T20:35:06.532942+00:00,2026-04-29T20:35:06.391+00:00,,,
903ecd51-a4bb-4cfc-849b-d5542b4409de,e6c3b55d-0838-4760-b4e8-30ec6b724c69,fbb296de-dba2-4b23-9c3b-5c1285997b41,2026-04-30,unavailable,,,2026-04-29T20:35:06.532942+00:00,2026-04-29T20:35:06.391+00:00,,,
c0f4813d-60d5-4cab-b385-1df73747dc62,b4e55d8f-e956-442f-a4ad-595da88885fb,fbb296de-dba2-4b23-9c3b-5c1285997b41,2026-04-30,unavailable,,,2026-04-29T20:35:06.532942+00:00,2026-04-29T20:35:06.391+00:00,,,
02213bd4-8184-4a4d-87be-cf3ee70a507b,6058be35-369e-435d-8373-442cac7b65f8,fbb296de-dba2-4b23-9c3b-5c1285997b41,2026-04-30,unavailable,,,2026-04-29T20:35:06.532942+00:00,2026-04-29T20:35:06.391+00:00,,,
2efd9438-2e9c-46fd-ac4b-f88c1d17f020,9adeb556-ece2-498f-abb0-869e7ea01aa8,fbb296de-dba2-4b23-9c3b-5c1285997b41,2026-04-30,unavailable,,,2026-04-29T20:35:06.532942+00:00,2026-04-29T20:35:06.391+00:00,,,
47bb698f-edb3-48cf-b47b-7c15f0f93ee3,bfa7d4bd-6923-4d5f-9b63-2801c4cd92b2,fbb296de-dba2-4b23-9c3b-5c1285997b41,2026-04-30,unavailable,,,2026-04-29T20:35:06.532942+00:00,2026-04-29T20:35:06.391+00:00,,,
dbb970ff-1f7a-4dd2-b764-6e0452990d27,bf479c71-9394-4a55-b9ac-c81c237fa309,fbb296de-dba2-4b23-9c3b-5c1285997b41,2026-04-30,unavailable,,,2026-04-29T20:35:06.532942+00:00,2026-04-29T20:35:06.391+00:00,,,
7d91d801-c7b6-4330-8f22-19feac1e3405,4d8341f1-1d5f-49e5-95e6-bda4f2816a28,fbb296de-dba2-4b23-9c3b-5c1285997b41,2026-04-30,unavailable,,,2026-04-29T20:35:06.532942+00:00,2026-04-29T20:35:06.391+00:00,,,
350183f4-c1bb-420f-9555-3057c7f921fb,f6723b26-0b45-4a30-bfa8-1ee732565796,fbb296de-dba2-4b23-9c3b-5c1285997b41,2026-04-30,unavailable,,,2026-04-29T20:35:06.532942+00:00,2026-04-29T20:35:06.391+00:00,,,
ac54f24c-6f7d-4064-81cf-7a03ce0613d4,6d8db724-4152-43b2-bf1b-ca96881952e6,fbb296de-dba2-4b23-9c3b-5c1285997b41,2026-04-30,unavailable,,,2026-04-29T20:35:06.532942+00:00,2026-04-29T20:35:06.391+00:00,,,
e3418d36-b9e9-47b3-8430-142247dc4b0d,5aace772-3b44-4925-820b-042fba96ee1b,fbb296de-dba2-4b23-9c3b-5c1285997b41,2026-04-30,unavailable,,,2026-04-29T20:35:06.532942+00:00,2026-04-29T20:35:06.391+00:00,,,
57fad925-5221-47db-b4c9-79565dc29e5b,c884d033-d490-4ccb-ba1f-646407b6ab42,fbb296de-dba2-4b23-9c3b-5c1285997b41,2026-04-30,unavailable,,,2026-04-29T20:35:06.532942+00:00,2026-04-29T20:35:06.391+00:00,,,
1b0c2129-81bf-4c6c-af2d-bc291ea681e1,ddb4593f-6ae9-4e1d-b64b-9c0d989de317,fbb296de-dba2-4b23-9c3b-5c1285997b41,2026-04-30,unavailable,,,2026-04-29T20:35:06.532942+00:00,2026-04-29T20:35:06.391+00:00,,,
906ef08e-0ac4-42e6-83ba-c3c1b783d1e8,1e313572-571e-46b4-b012-80449350cf3f,fbb296de-dba2-4b23-9c3b-5c1285997b41,2026-04-30,unavailable,,,2026-04-29T20:35:06.532942+00:00,2026-04-29T20:35:06.391+00:00,,,
15c692c5-6b5e-440e-a572-4915668e8ba3,95a59580-6440-4afa-95b7-90e438e0b33b,fbb296de-dba2-4b23-9c3b-5c1285997b41,2026-04-30,unavailable,,,2026-04-29T20:35:06.532942+00:00,2026-04-29T20:35:06.391+00:00,,,
64546c1e-8163-4f50-9c79-309f2a240d1d,1ce0b2b8-6262-4b17-98f9-60bed3365ecb,fbb296de-dba2-4b23-9c3b-5c1285997b41,2026-04-30,unavailable,,,2026-04-29T20:35:06.532942+00:00,2026-04-29T20:35:06.391+00:00,,,
e8adfce8-5b26-4870-81c4-bbe751ed9a45,d9bf2e1e-2f9d-4952-97aa-c74fdd095b34,fbb296de-dba2-4b23-9c3b-5c1285997b41,2026-04-30,unavailable,,,2026-04-29T20:35:06.532942+00:00,2026-04-29T20:35:06.391+00:00,,,
0b54e2ec-5607-4744-8c1d-600c20fc8858,4af25fcb-085b-4071-97d0-4af42e4a5f0b,fbb296de-dba2-4b23-9c3b-5c1285997b41,2026-04-30,unavailable,,,2026-04-29T20:35:06.532942+00:00,2026-04-29T20:35:06.391+00:00,,,
525ed90d-0b23-4c32-ad72-948faa8da542,d04984bc-eb16-411e-8c99-ba6beb94db3c,fbb296de-dba2-4b23-9c3b-5c1285997b41,2026-04-30,unavailable,,,2026-04-29T20:35:06.532942+00:00,2026-04-29T20:35:06.391+00:00,,,
3e230f0f-e5cb-4810-a87f-13159eac5956,dfcf3978-e149-42ff-90c3-5ee66fc11c77,fbb296de-dba2-4b23-9c3b-5c1285997b41,2026-04-30,unavailable,,,2026-04-29T20:35:06.532942+00:00,2026-04-29T20:35:06.391+00:00,,,
f723f0f7-53c5-4e29-98d7-af893db3fbf5,f0fe9b25-dd6c-40ca-b3a2-5ad353a1c66e,fbb296de-dba2-4b23-9c3b-5c1285997b41,2026-04-30,unavailable,,,2026-04-29T20:35:06.532942+00:00,2026-04-29T20:35:06.391+00:00,,,
c695be25-4745-4112-a067-c4fade7d011a,e0ac9138-c667-4899-b1a7-25684d83684c,fbb296de-dba2-4b23-9c3b-5c1285997b41,2026-04-30,unavailable,,,2026-04-29T20:35:06.532942+00:00,2026-04-29T20:35:06.391+00:00,,,
6f288f82-2d87-4212-a6e5-77eeb0ac1133,aec9b1ec-e511-4850-bfc1-ca8d1f749687,fbb296de-dba2-4b23-9c3b-5c1285997b41,2026-04-30,unavailable,,,2026-04-29T20:35:06.532942+00:00,2026-04-29T20:35:06.391+00:00,,,
5c9eb9c3-313f-444a-bc74-039691fccfa6,03ac3e2a-cd94-4a27-a5eb-b34640786fae,fbb296de-dba2-4b23-9c3b-5c1285997b41,2026-04-30,unavailable,,,2026-04-29T20:35:06.532942+00:00,2026-04-29T20:35:06.391+00:00,,,
5cc5630f-d6eb-4aba-a692-97ceb2afdec6,bb300ba6-5a75-45b4-b42b-46a42914a3e7,fbb296de-dba2-4b23-9c3b-5c1285997b41,2026-04-30,unavailable,,,2026-04-29T20:35:06.532942+00:00,2026-04-29T20:35:06.391+00:00,,,
281ccb3a-e70a-4db7-87ea-daac586c27a6,86233651-f0cf-4660-9e65-f1bda5ed5e58,fbb296de-dba2-4b23-9c3b-5c1285997b41,2026-04-30,unavailable,,,2026-04-29T20:35:06.532942+00:00,2026-04-29T20:35:06.391+00:00,,,
d43e9482-ed03-4378-a276-6e0b4f29697d,bf4ecc4d-e755-4605-8ac6-63d67ad62287,fbb296de-dba2-4b23-9c3b-5c1285997b41,2026-04-30,unavailable,,,2026-04-29T20:35:06.532942+00:00,2026-04-29T20:35:06.391+00:00,,,
bf3a63f2-3c02-4b8f-aa03-94d667f42d5c,13cd1ce2-5e86-451c-8f87-2b6f0842b010,fbb296de-dba2-4b23-9c3b-5c1285997b41,2026-04-30,unavailable,,,2026-04-29T20:35:06.532942+00:00,2026-04-29T20:35:06.391+00:00,,,
da72c339-125d-45da-a725-8f7a6feb5634,f6df221f-4b0c-45c9-b354-4b58b1b21450,fbb296de-dba2-4b23-9c3b-5c1285997b41,2026-04-30,unavailable,,,2026-04-29T20:35:06.532942+00:00,2026-04-29T20:35:06.391+00:00,,,
2f9f15cc-a91f-4165-8a6b-c421ec19c9fa,0b7d02c5-cd25-487a-ae38-30cf2c3199bb,fbb296de-dba2-4b23-9c3b-5c1285997b41,2026-04-30,unavailable,,,2026-04-29T20:35:06.532942+00:00,2026-04-29T20:35:06.391+00:00,,,
bd2b751e-47f4-4d34-9502-3587cf49d664,4f0ecc4f-9d09-4bab-9a9c-06ce5326a219,fbb296de-dba2-4b23-9c3b-5c1285997b41,2026-04-30,unavailable,,,2026-04-29T20:35:06.532942+00:00,2026-04-29T20:35:06.391+00:00,,,
2c62f57c-0c53-4f35-98eb-71eeca4174d9,9f442f9e-040a-4c4a-bdd3-810ccf0019c2,fbb296de-dba2-4b23-9c3b-5c1285997b41,2026-04-30,unavailable,,,2026-04-29T20:35:06.532942+00:00,2026-04-29T20:35:06.391+00:00,,,
696c4f61-dc66-4043-b884-cb528be0cf6d,e507c000-08c5-4d9e-8da4-975f0affa937,fbb296de-dba2-4b23-9c3b-5c1285997b41,2026-04-30,unavailable,,,2026-04-29T20:35:06.532942+00:00,2026-04-29T20:35:06.391+00:00,,,
eb02e97e-f7ae-48da-acda-b999aad66162,5920adcc-3687-45b2-a0ad-50b17f24faef,fbb296de-dba2-4b23-9c3b-5c1285997b41,2026-04-30,unavailable,,,2026-04-29T20:35:06.532942+00:00,2026-04-29T20:35:06.391+00:00,,,
2d6487ab-f640-4ef7-abcd-ec2b5b8cba7f,19508c8b-5f9f-4cda-bffa-d36ef4c07bc2,fbb296de-dba2-4b23-9c3b-5c1285997b41,2026-04-30,unavailable,,,2026-04-29T20:35:06.532942+00:00,2026-04-29T20:35:06.391+00:00,,,
4794bedf-b3b9-462d-8ec4-e45f71037902,3b390b60-bc5f-4a6c-8366-90501656ce20,fbb296de-dba2-4b23-9c3b-5c1285997b41,2026-04-30,unavailable,,,2026-04-29T20:35:06.532942+00:00,2026-04-29T20:35:06.391+00:00,,,
9ae79d03-9c73-4a6c-a179-12c442423b42,1312210e-9cd8-4bac-96a8-11da91414ca2,fbb296de-dba2-4b23-9c3b-5c1285997b41,2026-04-30,unavailable,,,2026-04-29T20:35:06.532942+00:00,2026-04-29T20:35:06.391+00:00,,,
742876dc-37ce-4df4-bb80-efc8a4de5bde,e3ec98c5-fd0d-4087-ae6f-8b84410a0199,fbb296de-dba2-4b23-9c3b-5c1285997b41,2026-04-30,unavailable,,,2026-04-29T20:35:06.532942+00:00,2026-04-29T20:35:06.391+00:00,,,
2814093d-d055-4af1-b490-be8ce1c871ee,3d082f2c-37ab-422a-bcad-71da0369d206,fbb296de-dba2-4b23-9c3b-5c1285997b41,2026-04-30,unavailable,,,2026-04-29T20:35:06.532942+00:00,2026-04-29T20:35:06.391+00:00,,,
e1f57384-a5c7-489c-8a0c-151ee2397ffd,e704a939-0821-4540-b342-fec5e79de79a,fbb296de-dba2-4b23-9c3b-5c1285997b41,2026-04-30,unavailable,,,2026-04-29T20:35:06.532942+00:00,2026-04-29T20:35:06.391+00:00,,,
2b4b5bd0-3cb4-4fcb-93b5-50aa298558bc,cd527a80-68b8-45c9-b657-a2bb8e48c3b3,fbb296de-dba2-4b23-9c3b-5c1285997b41,2026-04-30,unavailable,,,2026-04-29T20:35:06.532942+00:00,2026-04-29T20:35:06.391+00:00,,,
c7735baf-d9d9-4780-8be0-c0f7c510a7ae,bbf210fa-39a3-4ce0-9091-558f93309281,fbb296de-dba2-4b23-9c3b-5c1285997b41,2026-04-30,unavailable,,,2026-04-29T20:35:06.532942+00:00,2026-04-29T20:35:06.391+00:00,,,
af0f06ee-0a4d-4f13-baab-4c502f058230,20c89eec-afeb-4600-8a4d-ad8deff1e6ff,fbb296de-dba2-4b23-9c3b-5c1285997b41,2026-04-30,unavailable,,,2026-04-29T20:35:06.532942+00:00,2026-04-29T20:35:06.391+00:00,,,
27253e10-51c9-477d-92f5-525f67005de9,472aebdc-b540-4f92-b4ca-98d5d526f416,fbb296de-dba2-4b23-9c3b-5c1285997b41,2026-04-30,unavailable,,,2026-04-29T20:35:06.532942+00:00,2026-04-29T20:35:06.391+00:00,,,
28f37c88-b088-4a3e-b9cc-04390175f262,bf1dac2d-8dd9-4c40-8b2c-7aa56ffd633d,fbb296de-dba2-4b23-9c3b-5c1285997b41,2026-04-30,unavailable,,,2026-04-29T20:35:06.532942+00:00,2026-04-29T20:35:06.391+00:00,,,
90186f6f-58b9-4e45-bc1f-346fc7fca8da,75aeb2f5-22fa-47df-95a2-21976cfb1df9,fbb296de-dba2-4b23-9c3b-5c1285997b41,2026-04-30,unavailable,,,2026-04-29T20:35:06.532942+00:00,2026-04-29T20:35:06.391+00:00,,,
32f68551-1573-43a5-b6ea-8b71db63d10b,aba5c0fa-7f46-4f07-9ee2-f6e7bf39bc1d,fbb296de-dba2-4b23-9c3b-5c1285997b41,2026-04-30,unavailable,,,2026-04-29T20:35:06.532942+00:00,2026-04-29T20:35:06.391+00:00,,,
5f2b2e3b-f299-4a69-aa37-68633312775d,faa337de-416b-4c93-bc16-3b37c4f24049,fbb296de-dba2-4b23-9c3b-5c1285997b41,2026-04-30,unavailable,,,2026-04-29T20:35:06.532942+00:00,2026-04-29T20:35:06.391+00:00,,,
eb31c1d9-edb4-4fa0-954f-ac3fb25b222a,6b4c8cc4-4376-4ab6-9ee6-c624b72485a6,fbb296de-dba2-4b23-9c3b-5c1285997b41,2026-04-30,unavailable,,,2026-04-29T20:35:06.532942+00:00,2026-04-29T20:35:06.391+00:00,,,
70028663-d56a-4cbc-be8a-690847cab367,bfdd8bbb-5373-4e16-9c52-492471349f90,fbb296de-dba2-4b23-9c3b-5c1285997b41,2026-04-30,unavailable,,,2026-04-29T20:35:06.532942+00:00,2026-04-29T20:35:06.391+00:00,,,
00714dbb-e73a-4e7d-96b5-2867ac1f037d,ffa03313-d46c-46fc-a98c-fc495db887c8,fbb296de-dba2-4b23-9c3b-5c1285997b41,2026-04-30,unavailable,,,2026-04-29T20:35:06.532942+00:00,2026-04-29T20:35:06.391+00:00,,,
c7f9ac8a-ef98-46b7-b889-96dc09b3d90d,254f04b8-24d1-4501-82ab-3de9aa297e4a,fbb296de-dba2-4b23-9c3b-5c1285997b41,2026-04-30,unavailable,,,2026-04-29T20:35:06.532942+00:00,2026-04-29T20:35:06.391+00:00,,,
5afa82b3-4ee4-454a-a654-9da752844284,668f76c5-00fa-45e0-a391-ada8940fe179,fbb296de-dba2-4b23-9c3b-5c1285997b41,2026-04-30,unavailable,,,2026-04-29T20:35:06.532942+00:00,2026-04-29T20:35:06.391+00:00,,,
48b21095-da26-4425-b11e-9c29c279bb37,cc36fcf7-866b-4539-8745-9f9cde9890bc,fbb296de-dba2-4b23-9c3b-5c1285997b41,2026-04-30,unavailable,,,2026-04-29T20:35:06.532942+00:00,2026-04-29T20:35:06.391+00:00,,,
a83aecd6-a2db-48ed-a17d-e02ac219afcc,3748ead8-de3e-4936-a66d-9d0b2b545b70,fbb296de-dba2-4b23-9c3b-5c1285997b41,2026-04-30,unavailable,,,2026-04-29T20:35:06.532942+00:00,2026-04-29T20:35:06.391+00:00,,,
a9a2688f-e378-4599-95fe-dadc047bf7ef,d738fe6a-8aae-4f9b-a997-d67179944468,fbb296de-dba2-4b23-9c3b-5c1285997b41,2026-04-30,unavailable,,,2026-04-29T20:35:06.532942+00:00,2026-04-29T20:35:06.391+00:00,,,
b5e0b7b1-892c-4e18-93e2-ae6f662e4786,da3fa041-df6e-4d09-8877-2f105c12936c,fbb296de-dba2-4b23-9c3b-5c1285997b41,2026-04-30,unavailable,,,2026-04-29T20:35:06.532942+00:00,2026-04-29T20:35:06.391+00:00,,,
acb0eeb8-bf1c-4b7c-9066-ec1b3c1702f9,c2a76342-b6cd-4037-89e3-ebfa887bbb51,fbb296de-dba2-4b23-9c3b-5c1285997b41,2026-04-30,unavailable,,,2026-04-29T20:35:06.532942+00:00,2026-04-29T20:35:06.391+00:00,,,
32cf818c-db16-4f71-9930-ed8173d00ea6,9e04d666-3178-44da-a5ad-75ca73a39c2b,fbb296de-dba2-4b23-9c3b-5c1285997b41,2026-04-30,unavailable,,,2026-04-29T20:35:06.532942+00:00,2026-04-29T20:35:06.391+00:00,,,
e796f1a9-a7cf-40de-97cd-ed82c4629d84,9111d6fd-f6d3-4ade-9915-bbfde0232f4b,fbb296de-dba2-4b23-9c3b-5c1285997b41,2026-04-30,unavailable,,,2026-04-29T20:35:06.532942+00:00,2026-04-29T20:35:06.391+00:00,,,
852c7311-0aa8-475e-8c2a-ccb65b91ebd2,b8e32f9a-56c0-4915-9d71-413234d11bff,fbb296de-dba2-4b23-9c3b-5c1285997b41,2026-04-30,unavailable,,,2026-04-29T20:35:06.532942+00:00,2026-04-29T20:35:06.391+00:00,,,
d23611d1-d922-4538-9b2e-bc889c113606,1319b9ad-0c60-4137-9117-9f6bcd77f1ac,fbb296de-dba2-4b23-9c3b-5c1285997b41,2026-04-30,unavailable,,,2026-04-29T20:35:06.532942+00:00,2026-04-29T20:35:06.391+00:00,,,
7d4e8ad9-b559-442b-824f-2bb7d170df8c,c19c0355-5119-46a4-956d-310776ade079,fbb296de-dba2-4b23-9c3b-5c1285997b41,2026-04-30,unavailable,,,2026-04-29T20:35:06.532942+00:00,2026-04-29T20:35:06.391+00:00,,,
cb5ce901-01be-4458-8c30-b5bb1a04bd31,fffc7b60-42d2-4f14-831e-1a4e4d71e26d,fbb296de-dba2-4b23-9c3b-5c1285997b41,2026-04-30,unavailable,,,2026-04-29T20:35:06.532942+00:00,2026-04-29T20:35:06.391+00:00,,,
7f420483-6ff4-4c4d-a2d9-9d6a2f13c5a2,5f1621cc-8a4c-4563-88bf-daffe78af0ff,fbb296de-dba2-4b23-9c3b-5c1285997b41,2026-04-30,unavailable,,,2026-04-29T20:35:06.532942+00:00,2026-04-29T20:35:06.391+00:00,,,
f50acc6d-289c-481a-9017-72d0caa58462,148e5b83-9381-443e-9afd-b6991092c090,fbb296de-dba2-4b23-9c3b-5c1285997b41,2026-04-30,unavailable,,,2026-04-29T20:35:06.532942+00:00,2026-04-29T20:35:06.391+00:00,,,
af6bc9bb-6a52-476c-ad19-90a072593899,b2d63f78-299d-4331-911f-a96c4941df55,fbb296de-dba2-4b23-9c3b-5c1285997b41,2026-04-30,unavailable,,,2026-04-29T20:35:06.532942+00:00,2026-04-29T20:35:06.391+00:00,,,
ea71fc80-a0e7-46a1-9f5e-9f5b8a4829ed,06f3c06f-0fee-48b6-af1d-2f1e6d9ac65e,fbb296de-dba2-4b23-9c3b-5c1285997b41,2026-04-30,unavailable,,,2026-04-29T20:35:06.532942+00:00,2026-04-29T20:35:06.391+00:00,,,
7b0ed40b-9a36-42d0-b3a3-f84d9b1ee8b8,25992891-0940-467e-8aa4-4a02bb64c2f8,fbb296de-dba2-4b23-9c3b-5c1285997b41,2026-04-30,unavailable,,,2026-04-29T20:35:06.532942+00:00,2026-04-29T20:35:06.391+00:00,,,
e6e0550b-77fe-4151-8c7f-606ed2da303e,71b1d585-5919-4a6a-9676-9869a51fec0e,fbb296de-dba2-4b23-9c3b-5c1285997b41,2026-04-30,unavailable,,,2026-04-29T20:35:06.532942+00:00,2026-04-29T20:35:06.391+00:00,,,
c69d660c-a955-4be2-9ade-6a0ef4999244,07facaef-e20c-417b-9419-6486f1ac9071,fbb296de-dba2-4b23-9c3b-5c1285997b41,2026-04-30,unavailable,,,2026-04-29T20:35:06.532942+00:00,2026-04-29T20:35:06.391+00:00,,,
78d8a09d-3141-41f5-8b03-f8dff3d4de91,27133740-8739-4086-b026-370f41fedf92,fbb296de-dba2-4b23-9c3b-5c1285997b41,2026-04-30,unavailable,,,2026-04-29T20:35:06.532942+00:00,2026-04-29T20:35:06.391+00:00,,,
ac498f4d-6ea9-439c-b0a9-26d441cec1bc,60ee9721-045f-41c3-91e8-d4c34e5d7175,fbb296de-dba2-4b23-9c3b-5c1285997b41,2026-04-30,unavailable,,,2026-04-29T20:35:06.532942+00:00,2026-04-29T20:35:06.391+00:00,,,
14a6927e-d095-48dd-bac7-c9a7f107c1c9,2d181b74-593a-452f-8b74-3505e6766893,fbb296de-dba2-4b23-9c3b-5c1285997b41,2026-04-30,unavailable,,,2026-04-29T20:35:06.532942+00:00,2026-04-29T20:35:06.391+00:00,,,
263ba34d-9cac-4f96-8cbc-3fd943a79987,b026bfc6-eef8-4751-abbe-82fd7c107473,fbb296de-dba2-4b23-9c3b-5c1285997b41,2026-04-30,unavailable,,,2026-04-29T20:35:06.532942+00:00,2026-04-29T20:35:06.391+00:00,,,
229e7908-7100-4d30-a833-07585b25d0d3,f466852a-ef7b-4013-ac24-d40b4c4cf55b,fbb296de-dba2-4b23-9c3b-5c1285997b41,2026-04-30,unavailable,,,2026-04-29T20:35:06.532942+00:00,2026-04-29T20:35:06.391+00:00,,,
ffcbd173-9982-40b2-9a62-13d4a582731e,7f6dd06a-83e0-4750-b802-b1f90cefa97f,fbb296de-dba2-4b23-9c3b-5c1285997b41,2026-04-30,unavailable,,,2026-04-29T20:35:06.532942+00:00,2026-04-29T20:35:06.391+00:00,,,
ab76ffdf-6143-4c99-aef1-54b9b88f8441,ad7462a1-5295-4da0-81b8-fad9eb82b0e0,fbb296de-dba2-4b23-9c3b-5c1285997b41,2026-04-30,unavailable,,,2026-04-29T20:35:06.532942+00:00,2026-04-29T20:35:06.391+00:00,,,
cae374ee-900c-4256-89a8-92b4b4fdca78,e2ab0523-b78f-41b9-a50b-d55445e1c544,fbb296de-dba2-4b23-9c3b-5c1285997b41,2026-04-30,unavailable,,,2026-04-29T20:35:06.532942+00:00,2026-04-29T20:35:06.391+00:00,,,
46944996-8cc7-459b-b172-67eebb212e85,05f66656-45df-4cb0-bf70-229ad1938df6,fbb296de-dba2-4b23-9c3b-5c1285997b41,2026-04-30,unavailable,,,2026-04-29T20:35:06.532942+00:00,2026-04-29T20:35:06.391+00:00,,,
4bbf9baf-7b41-45bd-8a05-6a5165ecb112,ae35edf7-0f5f-42cb-b1da-7ab6b187d19d,fbb296de-dba2-4b23-9c3b-5c1285997b41,2026-04-30,unavailable,,,2026-04-29T20:35:06.532942+00:00,2026-04-29T20:35:06.391+00:00,,,
a1635104-88ee-4ab4-9f68-3eaedf11a62e,c1a8700d-9fe7-4842-97e2-84acd9d975b3,fbb296de-dba2-4b23-9c3b-5c1285997b41,2026-04-30,unavailable,,,2026-04-29T20:35:06.532942+00:00,2026-04-29T20:35:06.391+00:00,,,
3d6d2a39-1a2e-4eb3-978a-1af45f216873,d2d10fe8-69a3-4554-89d2-dedf9ea06203,fbb296de-dba2-4b23-9c3b-5c1285997b41,2026-04-30,unavailable,,,2026-04-29T20:35:06.532942+00:00,2026-04-29T20:35:06.391+00:00,,,
6cd9fa77-4873-47e8-8ce6-2cd70dfa42af,c57fbfb5-1ed2-4e98-9b48-c9b6b97c44bd,fbb296de-dba2-4b23-9c3b-5c1285997b41,2026-04-30,unavailable,,,2026-04-29T20:35:06.532942+00:00,2026-04-29T20:35:06.391+00:00,,,
c7de2094-93de-4248-a5b3-bd4dc2722aa5,1c0ec68f-ce08-4e5e-b4ed-3ce89f333f42,fbb296de-dba2-4b23-9c3b-5c1285997b41,2026-04-30,unavailable,,,2026-04-29T20:35:06.532942+00:00,2026-04-29T20:35:06.391+00:00,,,
eb82b93a-09cb-4c3d-9262-292b7c4b37e6,d08761e2-5788-4a05-b0c0-5cb25f8a6403,fbb296de-dba2-4b23-9c3b-5c1285997b41,2026-04-30,unavailable,,,2026-04-29T20:35:06.532942+00:00,2026-04-29T20:35:06.391+00:00,,,
ac4c489c-f8f1-4c87-b9b3-c50466384c59,4f4e920c-2cf6-4d2e-bd9b-e81927d9a495,fbb296de-dba2-4b23-9c3b-5c1285997b41,2026-04-30,unavailable,,,2026-04-29T20:35:06.532942+00:00,2026-04-29T20:35:06.391+00:00,,,
2ab239ed-f0ce-444e-bea2-244eaa5d0daa,834fd3ad-e3e0-411e-92e5-79b1e68a34d9,fbb296de-dba2-4b23-9c3b-5c1285997b41,2026-04-30,unavailable,,,2026-04-29T20:35:06.532942+00:00,2026-04-29T20:35:06.391+00:00,,,
454389ff-fa6a-4883-82f8-9d3904595a1a,fe837eeb-c43f-4324-9484-e363c26f5829,fbb296de-dba2-4b23-9c3b-5c1285997b41,2026-04-30,unavailable,,,2026-04-29T20:35:06.532942+00:00,2026-04-29T20:35:06.391+00:00,,,
cd92e993-e2ee-49f6-912e-7d8ee459e102,5e50859d-1508-4fb1-84a9-adeef4b333ff,fbb296de-dba2-4b23-9c3b-5c1285997b41,2026-04-30,unavailable,,,2026-04-29T20:35:06.532942+00:00,2026-04-29T20:35:06.391+00:00,,,
377758ca-4533-4248-a65e-7014baf32d14,cb8885fa-21df-4a06-9dcc-911e9c6c474d,fbb296de-dba2-4b23-9c3b-5c1285997b41,2026-04-30,unavailable,,,2026-04-29T20:35:06.532942+00:00,2026-04-29T20:35:06.391+00:00,,,
9f6c7397-f375-46ba-ad29-130bd2147f55,90df21cf-925e-4fb0-85eb-9ee42c1a1449,fbb296de-dba2-4b23-9c3b-5c1285997b41,2026-04-30,unavailable,,,2026-04-29T20:35:06.532942+00:00,2026-04-29T20:35:06.391+00:00,,,
9af99acb-5787-41ad-998c-882f5605f585,09dd43ee-5456-4692-9016-433d77d3b6cb,fbb296de-dba2-4b23-9c3b-5c1285997b41,2026-04-30,unavailable,,,2026-04-29T20:35:06.532942+00:00,2026-04-29T20:35:06.391+00:00,,,
c3374e59-4374-4ef1-93c0-84c0211ac586,e617222f-90ba-4246-b04a-f3c5e9fe0529,fbb296de-dba2-4b23-9c3b-5c1285997b41,2026-04-30,unavailable,,,2026-04-29T20:35:06.532942+00:00,2026-04-29T20:35:06.391+00:00,,,
063a73da-f197-4f22-87bf-00a337b2447c,c34f7e2a-f610-4e56-847b-495bf4739360,fbb296de-dba2-4b23-9c3b-5c1285997b41,2026-04-30,unavailable,,,2026-04-29T20:35:06.532942+00:00,2026-04-29T20:35:06.391+00:00,,,
2d827670-8207-4991-9e62-45f84cbf13dc,07a79088-9fa0-477d-b4e2-42c943951872,fbb296de-dba2-4b23-9c3b-5c1285997b41,2026-04-30,unavailable,,,2026-04-29T20:35:06.532942+00:00,2026-04-29T20:35:06.391+00:00,,,
5431a4e8-a6f3-482c-9627-082177afd66c,f95b7a6f-37f8-4de1-9fdc-7ac2ef7d7af4,fbb296de-dba2-4b23-9c3b-5c1285997b41,2026-04-30,unavailable,,,2026-04-29T20:35:06.532942+00:00,2026-04-29T20:35:06.391+00:00,,,
95a7a2dd-7548-488d-8a57-299e233e3d00,4e67157b-7aca-400e-b55c-0bc10087721c,fbb296de-dba2-4b23-9c3b-5c1285997b41,2026-04-30,unavailable,,,2026-04-29T20:35:06.532942+00:00,2026-04-29T20:35:06.391+00:00,,,
ac8020cc-7bd1-432c-813c-fdd8eebe9ce4,4261d2fb-71d3-4a3f-a3a2-ae6a3306afd6,fbb296de-dba2-4b23-9c3b-5c1285997b41,2026-04-30,unavailable,,,2026-04-29T20:35:06.532942+00:00,2026-04-29T20:35:06.391+00:00,,,
86a02079-b89e-4384-a665-a0d6d95df869,cce17ece-976b-4312-8212-c63feb877194,fbb296de-dba2-4b23-9c3b-5c1285997b41,2026-04-30,unavailable,,,2026-04-29T20:35:06.532942+00:00,2026-04-29T20:35:06.391+00:00,,,
9ce40f0b-0ee7-46b4-b856-7a3e9fafa2dc,7fd3cd92-6b83-4888-b0b5-3474f3e21904,fbb296de-dba2-4b23-9c3b-5c1285997b41,2026-04-30,unavailable,,,2026-04-29T20:35:06.532942+00:00,2026-04-29T20:35:06.391+00:00,,,
e869bd4e-27e0-4fe1-bf8e-81de24fb2d11,5141ea5f-0740-4a1c-a517-c21f73bd6986,fbb296de-dba2-4b23-9c3b-5c1285997b41,2026-04-30,unavailable,,,2026-04-29T20:35:06.532942+00:00,2026-04-29T20:35:06.391+00:00,,,
f4856d1f-0d35-493e-9522-815da543950b,8db30369-f76c-4629-a6d6-a2a50959835a,fbb296de-dba2-4b23-9c3b-5c1285997b41,2026-04-30,unavailable,,,2026-04-29T20:35:06.532942+00:00,2026-04-29T20:35:06.391+00:00,,,
d4978323-cad5-46ea-ae9e-08522cab6fbf,e24c0340-b8f8-40e6-8346-fedd8d255826,fbb296de-dba2-4b23-9c3b-5c1285997b41,2026-04-30,unavailable,,,2026-04-29T20:35:06.532942+00:00,2026-04-29T20:35:06.391+00:00,,,
15c18f75-833e-490b-b7ab-5f774d688ed6,b9b71f11-fb3e-4476-8b78-7404bdae5973,fbb296de-dba2-4b23-9c3b-5c1285997b41,2026-04-30,unavailable,,,2026-04-29T20:35:06.532942+00:00,2026-04-29T20:35:06.391+00:00,,,
ce7f5892-b0b9-4dda-b3e1-05a3e41915e8,269969e8-9b32-48b2-ad34-e9eb10892aa0,fbb296de-dba2-4b23-9c3b-5c1285997b41,2026-04-30,unavailable,,,2026-04-29T20:35:06.532942+00:00,2026-04-29T20:35:06.391+00:00,,,
ddd82c24-8774-460f-957e-37f9db544aec,05bf9d69-e5d2-48cb-9592-6325e9b0cb39,fbb296de-dba2-4b23-9c3b-5c1285997b41,2026-04-30,unavailable,,,2026-04-29T20:35:06.532942+00:00,2026-04-29T20:35:06.391+00:00,,,
f1ad7e79-9e7c-4476-b38d-86ce2de52f66,932a215a-a3c9-4327-8839-53e7802676c2,fbb296de-dba2-4b23-9c3b-5c1285997b41,2026-04-30,unavailable,,,2026-04-29T20:35:06.532942+00:00,2026-04-29T20:35:06.391+00:00,,,
12173ded-afdc-442e-b65f-30b2bf4713f7,11be587c-f07a-4b41-94bc-757516dda887,fbb296de-dba2-4b23-9c3b-5c1285997b41,2026-04-30,unavailable,,,2026-04-29T20:35:06.532942+00:00,2026-04-29T20:35:06.391+00:00,,,
23b7333c-0fc3-4f15-875f-d6f7f5b00081,8ee929fd-00ee-4ed8-9cc5-1bac874eb3d3,fbb296de-dba2-4b23-9c3b-5c1285997b41,2026-04-30,unavailable,,,2026-04-29T20:35:06.532942+00:00,2026-04-29T20:35:06.391+00:00,,,
356bb30d-0adc-4f44-b865-eff40afcd2d9,3c8b8fbc-4f9e-4953-a4bd-37799b337807,fbb296de-dba2-4b23-9c3b-5c1285997b41,2026-04-30,unavailable,,,2026-04-29T20:35:06.532942+00:00,2026-04-29T20:35:06.391+00:00,,,
d6042bd4-daaf-401d-aa20-17d4a01c4296,28a2c4c0-22bf-4592-a7e7-88fd299fd33c,fbb296de-dba2-4b23-9c3b-5c1285997b41,2026-04-30,unavailable,,,2026-04-29T20:35:06.532942+00:00,2026-04-29T20:35:06.391+00:00,,,
21571285-5791-42f7-bd39-dfb198e26348,a65f4504-ba08-4da1-82ee-339201545673,fbb296de-dba2-4b23-9c3b-5c1285997b41,2026-04-30,unavailable,,,2026-04-29T20:35:06.532942+00:00,2026-04-29T20:35:06.391+00:00,,,
e03e62e6-1c1d-4515-a674-30a5ada4e357,3827a1e9-8eb7-4bcc-8fe4-a96d02378b92,fbb296de-dba2-4b23-9c3b-5c1285997b41,2026-04-30,unavailable,,,2026-04-29T20:35:06.532942+00:00,2026-04-29T20:35:06.391+00:00,,,
49bf58c5-8a54-40f2-9364-467136cd665a,7ccef569-6034-454f-bc79-4368995ec492,fbb296de-dba2-4b23-9c3b-5c1285997b41,2026-04-30,unavailable,,,2026-04-29T20:35:06.532942+00:00,2026-04-29T20:35:06.391+00:00,,,
c14cced2-2daf-40be-b11d-7d79d91364fe,bc40e179-aea5-4151-92b0-fe927c84fba3,fbb296de-dba2-4b23-9c3b-5c1285997b41,2026-04-30,unavailable,,,2026-04-29T20:35:06.532942+00:00,2026-04-29T20:35:06.391+00:00,,,
fb82517c-8d11-443f-889c-d632d6bf5d2f,f78aa6c9-4936-4695-8e1f-26ab48dbab93,fbb296de-dba2-4b23-9c3b-5c1285997b41,2026-04-30,unavailable,,,2026-04-29T20:35:06.532942+00:00,2026-04-29T20:35:06.391+00:00,,,
0e969ed0-d9ff-4b67-9fb0-58fd337de398,96989aa8-bb4c-456d-8bb4-605939db7a97,fbb296de-dba2-4b23-9c3b-5c1285997b41,2026-04-30,unavailable,,,2026-04-29T20:35:06.532942+00:00,2026-04-29T20:35:06.391+00:00,,,
8bbb898e-1d5c-49a4-a2dd-a976d9e71dc5,99c52faa-b4fb-4403-a8c5-4880bc5d3691,fbb296de-dba2-4b23-9c3b-5c1285997b41,2026-04-30,unavailable,,,2026-04-29T20:35:06.532942+00:00,2026-04-29T20:35:06.391+00:00,,,
7febefd9-00ce-43d1-8e4a-176f3614a1d9,6e9d3e1b-8ead-4256-9d06-c0324b42f5ab,fbb296de-dba2-4b23-9c3b-5c1285997b41,2026-04-30,unavailable,,,2026-04-29T20:35:06.532942+00:00,2026-04-29T20:35:06.391+00:00,,,
641dde72-97cf-4359-bc86-b4a43fdc56a3,d4827392-69e6-4ecd-838d-fc9e8ce847cf,fbb296de-dba2-4b23-9c3b-5c1285997b41,2026-04-30,unavailable,,,2026-04-29T20:35:06.532942+00:00,2026-04-29T20:35:06.391+00:00,,,
5031df08-e5ab-4a0c-80e6-353ee6bbb4a1,38fcc94f-ba33-46f6-a1bb-3204823e9cb8,fbb296de-dba2-4b23-9c3b-5c1285997b41,2026-04-30,unavailable,,,2026-04-29T20:35:06.532942+00:00,2026-04-29T20:35:06.391+00:00,,,
f01aed57-4c79-4b81-9242-2309f37e5816,04cc3ab8-f1fa-4e6c-a4aa-9a4d53f1dc53,fbb296de-dba2-4b23-9c3b-5c1285997b41,2026-04-30,unavailable,,,2026-04-29T20:35:06.532942+00:00,2026-04-29T20:35:06.391+00:00,,,
195b4265-bbcc-4473-84dc-8ea857c66118,56f75098-ef8d-4fde-86e8-fbfa21bd8964,fbb296de-dba2-4b23-9c3b-5c1285997b41,2026-04-30,unavailable,,,2026-04-29T20:35:06.532942+00:00,2026-04-29T20:35:06.392+00:00,,,
4fbe05bf-5177-4665-8e61-1e960a1d4f51,b0c6ac67-3d61-415c-8d9a-8683b6ea618d,fbb296de-dba2-4b23-9c3b-5c1285997b41,2026-04-30,unavailable,,,2026-04-29T20:35:06.532942+00:00,2026-04-29T20:35:06.392+00:00,,,
6d56ffc5-8f75-43fc-82e1-dfeafa0b3d96,1112445f-aba5-4629-b399-08d2c0baf4f8,fbb296de-dba2-4b23-9c3b-5c1285997b41,2026-04-30,unavailable,,,2026-04-29T20:35:06.532942+00:00,2026-04-29T20:35:06.392+00:00,,,
99be5bd5-20e9-4cc0-b2bb-16aafc925175,9b9060f3-6432-46c9-a091-a3d8e9560bb2,fbb296de-dba2-4b23-9c3b-5c1285997b41,2026-04-30,unavailable,,,2026-04-29T20:35:06.532942+00:00,2026-04-29T20:35:06.392+00:00,,,
2960d7a4-5c3c-497b-8cec-43481061d7a7,af7f71ef-2b78-4595-ac2c-0a38c88a3ec9,fbb296de-dba2-4b23-9c3b-5c1285997b41,2026-04-30,unavailable,,,2026-04-29T20:35:06.532942+00:00,2026-04-29T20:35:06.392+00:00,,,
bedc453a-f362-4dd6-89b6-82aa3472f402,264f35ff-4ff6-4417-91d3-f5d170297d71,fbb296de-dba2-4b23-9c3b-5c1285997b41,2026-04-30,unavailable,,,2026-04-29T20:35:06.532942+00:00,2026-04-29T20:35:06.392+00:00,,,
16a1d570-0e21-4611-9129-d475a9858e56,3b3371ba-d791-4f27-acd1-c9be0931ac67,fbb296de-dba2-4b23-9c3b-5c1285997b41,2026-04-30,unavailable,,,2026-04-29T20:35:06.532942+00:00,2026-04-29T20:35:06.392+00:00,,,
a7674124-315b-4c2a-ac1f-2f468e5bde2f,6a8c2c77-2947-4263-b6a0-3ad7a26dd66c,fbb296de-dba2-4b23-9c3b-5c1285997b41,2026-04-30,unavailable,,,2026-04-29T20:35:06.532942+00:00,2026-04-29T20:35:06.392+00:00,,,
d2931e91-af62-40fa-a360-6fe2ee90ee3b,d45982d6-a597-419b-8f2e-7321660ab99a,fbb296de-dba2-4b23-9c3b-5c1285997b41,2026-04-30,unavailable,,,2026-04-29T20:35:06.532942+00:00,2026-04-29T20:35:06.392+00:00,,,
f6f84e73-48ee-466c-b6c0-642b25d2751f,e662ef45-6aed-4a2e-ab16-cead317ac5b0,fbb296de-dba2-4b23-9c3b-5c1285997b41,2026-04-30,unavailable,,,2026-04-29T20:35:06.532942+00:00,2026-04-29T20:35:06.392+00:00,,,
91ade5f9-ca2e-4c11-990d-e061b8293d59,79baadf2-9252-4ed8-bc44-5f183e823ed6,fbb296de-dba2-4b23-9c3b-5c1285997b41,2026-04-30,unavailable,,,2026-04-29T20:35:06.532942+00:00,2026-04-29T20:35:06.392+00:00,,,
3dd20bcb-cfe5-4922-9986-2006d0f46b6a,7761e060-b17e-4cdf-811a-ddb5846d266e,fbb296de-dba2-4b23-9c3b-5c1285997b41,2026-04-30,unavailable,,,2026-04-29T20:35:06.532942+00:00,2026-04-29T20:35:06.392+00:00,,,
e0ebe1e1-5e7d-458b-b808-b08af2688a08,0b56583d-f70a-49bd-a226-d86b7983ad6c,fbb296de-dba2-4b23-9c3b-5c1285997b41,2026-04-30,unavailable,,,2026-04-29T20:35:06.532942+00:00,2026-04-29T20:35:06.392+00:00,,,
4209d869-3746-40ff-b945-ef3b69971c96,1e6a3cbe-88f7-4cf8-b0d8-b5c6d24cc7b5,fbb296de-dba2-4b23-9c3b-5c1285997b41,2026-04-30,unavailable,,,2026-04-29T20:35:06.532942+00:00,2026-04-29T20:35:06.392+00:00,,,
11907f5e-cb44-49fe-b98e-c3386644ef64,fea7d0a4-a2d7-4f78-8c00-7a0890303058,fbb296de-dba2-4b23-9c3b-5c1285997b41,2026-04-30,unavailable,,,2026-04-29T20:35:06.532942+00:00,2026-04-29T20:35:06.392+00:00,,,
fac28b19-241c-47f4-8521-3f29a1579951,c3573a8c-ee80-4e96-90b2-faedf186756a,fbb296de-dba2-4b23-9c3b-5c1285997b41,2026-04-30,unavailable,,,2026-04-29T20:35:06.532942+00:00,2026-04-29T20:35:06.392+00:00,,,
d8a8f3aa-4646-489e-93d8-f68df1c701f3,324152b2-0646-40d1-be88-877c753f6ef2,fbb296de-dba2-4b23-9c3b-5c1285997b41,2026-04-30,unavailable,,,2026-04-29T20:35:06.532942+00:00,2026-04-29T20:35:06.392+00:00,,,
9fafe522-7fbd-4377-8b5f-c3f3ac84301f,7c8d4998-c5bb-4845-a3e4-444d47ebc795,fbb296de-dba2-4b23-9c3b-5c1285997b41,2026-04-30,unavailable,,,2026-04-29T20:35:06.532942+00:00,2026-04-29T20:35:06.392+00:00,,,
ae4bc853-3980-4187-8f01-84b9fbbf1d50,3ddd0c43-44b1-49d6-92f3-047dbc5407c2,fbb296de-dba2-4b23-9c3b-5c1285997b41,2026-04-30,unavailable,,,2026-04-29T20:35:06.532942+00:00,2026-04-29T20:35:06.392+00:00,,,
e415c185-25c1-4324-81e0-afde971e0c2b,dfd11754-81a7-4667-9c5e-f72a6f06c6a1,fbb296de-dba2-4b23-9c3b-5c1285997b41,2026-04-30,unavailable,,,2026-04-29T20:35:06.532942+00:00,2026-04-29T20:35:06.392+00:00,,,
05ca60c0-5afb-4916-9977-8138ad2fd9c4,76a7e596-d654-4fa0-b7ab-4d60ee3da1cb,fbb296de-dba2-4b23-9c3b-5c1285997b41,2026-04-30,unavailable,,,2026-04-29T20:35:06.532942+00:00,2026-04-29T20:35:06.392+00:00,,,
bc49f24d-1397-462a-aadf-633168809b7b,38af6777-f227-4692-8704-1fe94901ac9f,fbb296de-dba2-4b23-9c3b-5c1285997b41,2026-04-30,unavailable,,,2026-04-29T20:35:06.532942+00:00,2026-04-29T20:35:06.392+00:00,,,
c2da169b-e151-4d45-a52e-de3b77e72957,258b9b82-338f-4fef-a2ec-fd339af13b9a,fbb296de-dba2-4b23-9c3b-5c1285997b41,2026-04-30,unavailable,,,2026-04-29T20:35:06.532942+00:00,2026-04-29T20:35:06.392+00:00,,,
1fd9968f-f5a3-4604-9b3e-7e13a2ec6e74,2eaadb66-8823-4457-a67a-eaed6282bc1f,fbb296de-dba2-4b23-9c3b-5c1285997b41,2026-04-30,unavailable,,,2026-04-29T20:35:06.532942+00:00,2026-04-29T20:35:06.392+00:00,,,
12ea7428-4d3f-464c-bf92-d89f7b3b671c,ad048662-fccc-44a6-b61e-5b92abe57761,fbb296de-dba2-4b23-9c3b-5c1285997b41,2026-04-30,unavailable,,,2026-04-29T20:35:06.532942+00:00,2026-04-29T20:35:06.392+00:00,,,
274282f4-a530-48e2-9a4c-3af6cad76842,1a420063-ba38-4d7b-9dad-82b18a3fb04e,fbb296de-dba2-4b23-9c3b-5c1285997b41,2026-04-30,unavailable,,,2026-04-29T20:35:06.532942+00:00,2026-04-29T20:35:06.392+00:00,,,
f8678c40-363a-4333-b2ae-d7a6351b1235,5ccbb607-f815-4a7f-b90c-feddcc6be27e,fbb296de-dba2-4b23-9c3b-5c1285997b41,2026-04-30,unavailable,,,2026-04-29T20:35:06.532942+00:00,2026-04-29T20:35:06.392+00:00,,,
eb890e3d-9a69-4cbf-a229-27d36c110cc9,4e61147f-1e4a-4c78-9aad-365a3a25406b,fbb296de-dba2-4b23-9c3b-5c1285997b41,2026-04-30,unavailable,,,2026-04-29T20:35:06.532942+00:00,2026-04-29T20:35:06.392+00:00,,,
bf37b01e-0bea-4ff0-a656-0562b2b20098,de69bc0d-febf-4b24-8450-eb1dd74bd7d8,fbb296de-dba2-4b23-9c3b-5c1285997b41,2026-04-30,unavailable,,,2026-04-29T20:35:06.532942+00:00,2026-04-29T20:35:06.392+00:00,,,
46c92f95-92fe-435f-a5fe-7717c8fe9bd6,511d5694-6147-4322-960a-eb6e5cd1e291,fbb296de-dba2-4b23-9c3b-5c1285997b41,2026-04-30,unavailable,,,2026-04-29T20:35:06.532942+00:00,2026-04-29T20:35:06.392+00:00,,,
f392ef2c-4c96-4a6f-8ad9-6287927a2959,ffbc1a44-8403-4ff8-98d1-fa7a17336156,fbb296de-dba2-4b23-9c3b-5c1285997b41,2026-04-30,unavailable,,,2026-04-29T20:35:06.532942+00:00,2026-04-29T20:35:06.392+00:00,,,
a3a2e71f-18d0-4585-aab0-eea8dd001d29,cbdadcf6-1004-4020-87e2-c3b5be4fd2dd,fbb296de-dba2-4b23-9c3b-5c1285997b41,2026-04-30,unavailable,,,2026-04-29T20:35:06.532942+00:00,2026-04-29T20:35:06.392+00:00,,,
4d8368ac-b059-46e8-9498-62ae9d1ad30e,69606083-2432-4ab8-9738-516864868879,fbb296de-dba2-4b23-9c3b-5c1285997b41,2026-04-30,unavailable,,,2026-04-29T20:35:06.532942+00:00,2026-04-29T20:35:06.392+00:00,,,
b3458429-bf22-4fd3-864b-9e41e4b7616a,00bbde0b-08ee-4abd-8ede-4072e5a9b7ef,fbb296de-dba2-4b23-9c3b-5c1285997b41,2026-04-30,unavailable,,,2026-04-29T20:35:06.532942+00:00,2026-04-29T20:35:06.392+00:00,,,
9889cafb-07db-4429-9495-8bb832c161bf,cd22ecb1-9eea-4ce8-ac14-289d2e8f5e9c,fbb296de-dba2-4b23-9c3b-5c1285997b41,2026-04-30,unavailable,,,2026-04-29T20:35:06.532942+00:00,2026-04-29T20:35:06.392+00:00,,,
5d5bfa57-017d-48e4-a964-d7026f927b2a,2f04860a-b177-4a1c-8af1-08b2ac1ad567,fbb296de-dba2-4b23-9c3b-5c1285997b41,2026-04-30,unavailable,,,2026-04-29T20:35:06.532942+00:00,2026-04-29T20:35:06.392+00:00,,,
91a93632-72ea-43f0-a203-4fa3a9e19ebb,cbf76c50-2ebd-4fee-a8a3-0eab9d8366ee,fbb296de-dba2-4b23-9c3b-5c1285997b41,2026-04-30,unavailable,,,2026-04-29T20:35:06.532942+00:00,2026-04-29T20:35:06.392+00:00,,,
679cb147-19e0-4e8f-9dcd-9da68a5a7249,1029d612-5e08-4acb-a939-a54b768987fd,fbb296de-dba2-4b23-9c3b-5c1285997b41,2026-04-30,unavailable,,,2026-04-29T20:35:06.532942+00:00,2026-04-29T20:35:06.392+00:00,,,
2f8e9aa6-fe64-482f-bd4e-efd350b7c494,cb2f08e7-057b-4cb0-a9f0-b041a5b2e8dc,fbb296de-dba2-4b23-9c3b-5c1285997b41,2026-04-30,unavailable,,,2026-04-29T20:35:06.532942+00:00,2026-04-29T20:35:06.392+00:00,,,
591f1e66-f2f8-4f0b-82f9-734f0b6bbff6,d00c8ebc-9fbe-4581-9e90-068368dde389,fbb296de-dba2-4b23-9c3b-5c1285997b41,2026-04-30,unavailable,,,2026-04-29T20:35:06.532942+00:00,2026-04-29T20:35:06.392+00:00,,,
163e77d5-ce4e-4e5b-be47-614b40f45eb3,df88a062-1568-4a88-ac22-499b4effa2db,fbb296de-dba2-4b23-9c3b-5c1285997b41,2026-04-30,unavailable,,,2026-04-29T20:35:06.532942+00:00,2026-04-29T20:35:06.392+00:00,,,
d436d8b2-6558-46d0-9e5e-62f9157f16ef,8fe53475-a2ce-4dd6-802b-19151fab1430,fbb296de-dba2-4b23-9c3b-5c1285997b41,2026-04-30,unavailable,,,2026-04-29T20:35:06.532942+00:00,2026-04-29T20:35:06.392+00:00,,,
f71dbb64-b61a-4501-b1be-8b8d7794fda7,f43cda55-dd93-4947-ae92-1129a86c1d82,fbb296de-dba2-4b23-9c3b-5c1285997b41,2026-04-30,unavailable,,,2026-04-29T20:35:06.532942+00:00,2026-04-29T20:35:06.392+00:00,,,
a26ff0b4-af58-4f67-9e0b-5d50208b352b,d7c99f48-1aa3-45ea-a247-2d7262cc3929,fbb296de-dba2-4b23-9c3b-5c1285997b41,2026-04-30,unavailable,,,2026-04-29T20:35:06.532942+00:00,2026-04-29T20:35:06.392+00:00,,,
93fbd7b9-1345-4ac9-aa5e-8f28f5f24dad,0c7cb9cf-e1ea-4476-ae2c-972475824bcb,fbb296de-dba2-4b23-9c3b-5c1285997b41,2026-04-30,unavailable,,,2026-04-29T20:35:06.532942+00:00,2026-04-29T20:35:06.392+00:00,,,
25dfc6bd-63f2-442e-9ae7-a0a6af4347e7,3a6f4115-4ec8-4772-abf6-144d0e48214b,fbb296de-dba2-4b23-9c3b-5c1285997b41,2026-04-30,unavailable,,,2026-04-29T20:35:06.532942+00:00,2026-04-29T20:35:06.392+00:00,,,
85447c0d-3394-4752-8695-5b2a48ecb5c0,de38634a-5fba-4125-835d-f248ee29f830,fbb296de-dba2-4b23-9c3b-5c1285997b41,2026-04-30,unavailable,,,2026-04-29T20:35:06.532942+00:00,2026-04-29T20:35:06.392+00:00,,,
d10a3731-734e-45e2-a9dc-df23487f4f84,947e461d-8872-41ee-b7de-9b7ecce25287,fbb296de-dba2-4b23-9c3b-5c1285997b41,2026-04-30,unavailable,,,2026-04-29T20:35:06.532942+00:00,2026-04-29T20:35:06.392+00:00,,,
d11f2716-d1c0-4f36-b91f-14eacbb9e833,c314664e-d9e7-4d46-aa69-64a1ca26f59b,fbb296de-dba2-4b23-9c3b-5c1285997b41,2026-04-30,unavailable,,,2026-04-29T20:35:06.532942+00:00,2026-04-29T20:35:06.392+00:00,,,
54ab013a-b20e-4d65-a4a6-2f324a26f6dc,86f5e406-a161-4e7a-b8e6-f0db8a178694,fbb296de-dba2-4b23-9c3b-5c1285997b41,2026-04-30,unavailable,,,2026-04-29T20:35:06.532942+00:00,2026-04-29T20:35:06.392+00:00,,,
edc79171-f448-4b1f-9887-6da34472bdac,abbb81a1-4121-4a72-b684-74c6430b7051,fbb296de-dba2-4b23-9c3b-5c1285997b41,2026-04-30,unavailable,,,2026-04-29T20:35:06.532942+00:00,2026-04-29T20:35:06.392+00:00,,,
620c2a32-99e7-4d2e-8cb1-52a6204e0a99,da0edabf-c611-4f36-ab53-1fd0188e5464,fbb296de-dba2-4b23-9c3b-5c1285997b41,2026-04-30,unavailable,,,2026-04-29T20:35:06.532942+00:00,2026-04-29T20:35:06.392+00:00,,,
47106712-6e0a-4553-b931-81ed60587368,a8bb4cea-3aad-45ff-96c4-a5af02335e12,fbb296de-dba2-4b23-9c3b-5c1285997b41,2026-04-30,unavailable,,,2026-04-29T20:35:06.532942+00:00,2026-04-29T20:35:06.392+00:00,,,
6c586d0b-0d50-47a3-bb04-a62eb2f9da1e,4e6a0de1-43b6-4120-a6cd-ef1457e85a6e,fbb296de-dba2-4b23-9c3b-5c1285997b41,2026-04-30,unavailable,,,2026-04-29T20:35:06.532942+00:00,2026-04-29T20:35:06.392+00:00,,,
76602f2e-5025-49c1-90a9-eddbdde94033,76881990-2ec7-40b9-8ea1-579a5e1192ad,fbb296de-dba2-4b23-9c3b-5c1285997b41,2026-04-30,unavailable,,,2026-04-29T20:35:06.532942+00:00,2026-04-29T20:35:06.392+00:00,,,
4e7f3e38-6c84-4d21-a373-36419e2cdc7c,cfb3d243-a1fd-4330-bfce-7e9f169f8277,fbb296de-dba2-4b23-9c3b-5c1285997b41,2026-04-30,unavailable,,,2026-04-29T20:35:06.532942+00:00,2026-04-29T20:35:06.392+00:00,,,
165506d6-560b-4e44-b2a8-b2e0f20b1bd7,0415b9aa-5c61-4f79-9479-7dce2c76d1a8,fbb296de-dba2-4b23-9c3b-5c1285997b41,2026-04-30,unavailable,,,2026-04-29T20:35:06.532942+00:00,2026-04-29T20:35:06.392+00:00,,,
e3e031d2-6db5-4ec7-8f1b-29c40fb0f74e,13ac7479-762b-4fc2-b36c-b94223caf3d5,fbb296de-dba2-4b23-9c3b-5c1285997b41,2026-04-30,unavailable,,,2026-04-29T20:35:06.532942+00:00,2026-04-29T20:35:06.392+00:00,,,
2da08392-943f-4ef1-b844-80f5deedb646,41197272-bc0f-47b6-8d09-56f414d3035b,fbb296de-dba2-4b23-9c3b-5c1285997b41,2026-04-30,unavailable,,,2026-04-29T20:35:06.532942+00:00,2026-04-29T20:35:06.392+00:00,,,
cf70b267-158e-4177-8a14-3d14974d4d30,c451e667-831d-4237-9b09-79123b641d17,fbb296de-dba2-4b23-9c3b-5c1285997b41,2026-04-30,unavailable,,,2026-04-29T20:35:06.532942+00:00,2026-04-29T20:35:06.392+00:00,,,
05e7cb99-eb84-49cd-8200-3eee8eed861d,0f564608-78ba-405b-bd40-8d80a71c196e,fbb296de-dba2-4b23-9c3b-5c1285997b41,2026-04-30,unavailable,,,2026-04-29T20:35:06.532942+00:00,2026-04-29T20:35:06.392+00:00,,,
93652b32-c93a-46ad-ad2f-c2950960f279,ead59b1d-eeed-486b-8bf7-a3aaf55caa2b,fbb296de-dba2-4b23-9c3b-5c1285997b41,2026-04-30,unavailable,,,2026-04-29T20:35:06.532942+00:00,2026-04-29T20:35:06.392+00:00,,,
aab22c02-a6a3-4d99-b402-3b07e85e815f,27e7c46d-f7dd-4593-9578-85a9c38acf4e,fbb296de-dba2-4b23-9c3b-5c1285997b41,2026-04-30,unavailable,,,2026-04-29T20:35:06.532942+00:00,2026-04-29T20:35:06.392+00:00,,,
ab0c007e-1b9f-4ff0-a992-2b678e84938c,aef966a7-cec2-4f64-a7c5-f461033d608a,fbb296de-dba2-4b23-9c3b-5c1285997b41,2026-04-30,unavailable,,,2026-04-29T20:35:06.532942+00:00,2026-04-29T20:35:06.392+00:00,,,
35a98b89-1dd7-4580-94d0-49b6c2446e89,8bbedffc-40e5-4f97-9e56-962bea1c24a4,fbb296de-dba2-4b23-9c3b-5c1285997b41,2026-04-30,unavailable,,,2026-04-29T20:35:06.532942+00:00,2026-04-29T20:35:06.392+00:00,,,
2ddbec69-e911-4f02-b2a1-0914a9456361,4cab8fc9-fc23-4a60-9cf8-8a1b08ef6e04,fbb296de-dba2-4b23-9c3b-5c1285997b41,2026-04-30,unavailable,,,2026-04-29T20:35:06.532942+00:00,2026-04-29T20:35:06.392+00:00,,,
c0753620-a1f5-4d3f-965e-2fa488e29944,7aab3ed9-e8d8-4bf0-877b-d0e9722a850b,fbb296de-dba2-4b23-9c3b-5c1285997b41,2026-04-30,unavailable,,,2026-04-29T20:35:06.532942+00:00,2026-04-29T20:35:06.392+00:00,,,
1268849a-5a06-4917-8c4e-6b9ba5f9047b,a976be5b-40c5-4152-9f0d-5b4ef48dd44b,fbb296de-dba2-4b23-9c3b-5c1285997b41,2026-04-30,unavailable,,,2026-04-29T20:35:06.532942+00:00,2026-04-29T20:35:06.392+00:00,,,
6fc029ec-5353-46a3-bbb0-cb37baa5612f,fd29e7ff-5086-468d-85a1-7f73829dd930,fbb296de-dba2-4b23-9c3b-5c1285997b41,2026-04-30,unavailable,,,2026-04-29T20:35:06.532942+00:00,2026-04-29T20:35:06.392+00:00,,,
9a709dca-01de-4dfb-b2a6-87f2ec93a1de,1d0c7241-19a1-401d-a709-4f16ed53f990,fbb296de-dba2-4b23-9c3b-5c1285997b41,2026-04-30,unavailable,,,2026-04-29T20:35:06.532942+00:00,2026-04-29T20:35:06.392+00:00,,,
8b7c25dd-81fd-48e8-a824-d3bbbae858d7,4013f053-8031-4c99-852b-aa0682793bca,fbb296de-dba2-4b23-9c3b-5c1285997b41,2026-04-30,unavailable,,,2026-04-29T20:35:06.532942+00:00,2026-04-29T20:35:06.392+00:00,,,
99017e66-c7be-4f2a-90fa-99b9fb69f031,90570ad5-2c58-4ab5-a1bd-a7dc59a50222,fbb296de-dba2-4b23-9c3b-5c1285997b41,2026-04-30,unavailable,,,2026-04-29T20:35:06.532942+00:00,2026-04-29T20:35:06.392+00:00,,,
8a2697b0-af98-4c78-b32d-88bd0f7e57a9,c8bbe30a-a177-430d-86c5-6616a6f62a0d,fbb296de-dba2-4b23-9c3b-5c1285997b41,2026-04-30,unavailable,,,2026-04-29T20:35:06.532942+00:00,2026-04-29T20:35:06.392+00:00,,,
d56e1205-b672-4eda-94f6-fefa9aab9d63,332f1a66-feeb-4e51-8c9f-db3ac84453f3,fbb296de-dba2-4b23-9c3b-5c1285997b41,2026-04-30,unavailable,,,2026-04-29T20:35:06.532942+00:00,2026-04-29T20:35:06.392+00:00,,,
afd3134e-161f-4cb9-ba6e-0bfa390ed1be,7a452ff1-9cab-4d77-8e7f-81ab30889099,fbb296de-dba2-4b23-9c3b-5c1285997b41,2026-04-30,unavailable,,,2026-04-29T20:35:06.532942+00:00,2026-04-29T20:35:06.392+00:00,,,
ba39188e-9d2e-42b2-b6bf-677977a785ee,cd0f66ef-f670-46a5-983a-60066c8c2825,fbb296de-dba2-4b23-9c3b-5c1285997b41,2026-04-30,unavailable,,,2026-04-29T20:35:06.532942+00:00,2026-04-29T20:35:06.392+00:00,,,
2136c937-54e6-4918-95dd-767f4fee412e,185693e3-9895-45d7-ab62-3562a30a27e7,fbb296de-dba2-4b23-9c3b-5c1285997b41,2026-04-30,unavailable,,,2026-04-29T20:35:06.532942+00:00,2026-04-29T20:35:06.392+00:00,,,
c4223844-574a-4a0c-8c0e-a080dea3929b,5d9fdebd-7dde-4fd3-9c41-021a59a373a0,fbb296de-dba2-4b23-9c3b-5c1285997b41,2026-04-30,unavailable,,,2026-04-29T20:35:06.532942+00:00,2026-04-29T20:35:06.392+00:00,,,
0fe60c64-c9e9-403b-9448-7a9477e9c310,89c1246f-c6d6-48c1-b253-ac897aeb1d11,fbb296de-dba2-4b23-9c3b-5c1285997b41,2026-04-30,unavailable,,,2026-04-29T20:35:06.532942+00:00,2026-04-29T20:35:06.392+00:00,,,
2fbe7037-805a-4b8f-bb60-95e20f53ba57,9c203b49-8a07-4319-aae9-fcfd68b34579,fbb296de-dba2-4b23-9c3b-5c1285997b41,2026-04-30,unavailable,,,2026-04-29T20:35:06.532942+00:00,2026-04-29T20:35:06.392+00:00,,,
db21ad23-b813-4623-bbee-cdefae334e6a,d2d14373-69ff-4301-81a2-ba77a96b56cd,fbb296de-dba2-4b23-9c3b-5c1285997b41,2026-04-30,unavailable,,,2026-04-29T20:35:06.532942+00:00,2026-04-29T20:35:06.392+00:00,,,
bb668ce9-bbba-4eec-9824-f052c16e9365,7387900d-0b1d-4fe5-b9e6-7c968c2003b3,fbb296de-dba2-4b23-9c3b-5c1285997b41,2026-04-30,unavailable,,,2026-04-29T20:35:06.532942+00:00,2026-04-29T20:35:06.392+00:00,,,
eae6613e-ac69-4242-bf64-b6dde7bdd265,22370f93-2d06-4891-841e-4cf159e301ca,fbb296de-dba2-4b23-9c3b-5c1285997b41,2026-04-30,unavailable,,,2026-04-29T20:35:06.532942+00:00,2026-04-29T20:35:06.392+00:00,,,
fc6fc0f6-00b2-4697-9007-e7b622fe967e,0ca63d24-8e2c-4cb8-af36-ceb8ced7f103,fbb296de-dba2-4b23-9c3b-5c1285997b41,2026-04-30,unavailable,,,2026-04-29T20:35:06.532942+00:00,2026-04-29T20:35:06.392+00:00,,,
5f11fd70-e94c-4466-bb5a-841d818ef976,924c513c-c422-4c24-9515-e4544f493394,fbb296de-dba2-4b23-9c3b-5c1285997b41,2026-04-30,unavailable,,,2026-04-29T20:35:06.532942+00:00,2026-04-29T20:35:06.392+00:00,,,
a4cac4a2-03f7-4fd0-9425-7ff20ac9db12,79bea6a3-4268-4ae7-8665-deb6b1cf1a9a,fbb296de-dba2-4b23-9c3b-5c1285997b41,2026-04-30,unavailable,,,2026-04-29T20:35:06.532942+00:00,2026-04-29T20:35:06.392+00:00,,,
5079bc19-317d-4da4-b341-35daf744ece7,e0562212-cda5-4a74-ac19-db857f843dbd,fbb296de-dba2-4b23-9c3b-5c1285997b41,2026-04-30,unavailable,,,2026-04-29T20:35:06.532942+00:00,2026-04-29T20:35:06.392+00:00,,,
e1d2d166-7c80-421b-b374-183e010601a9,35f4a879-0b57-4581-9e91-c47200a23c78,fbb296de-dba2-4b23-9c3b-5c1285997b41,2026-04-30,unavailable,,,2026-04-29T20:35:06.532942+00:00,2026-04-29T20:35:06.392+00:00,,,
6da773a0-d04c-4ab2-93a1-d2a9e6dd8d44,c0b5e2df-b927-4ac5-99f5-4368965722ab,fbb296de-dba2-4b23-9c3b-5c1285997b41,2026-04-30,unavailable,,,2026-04-29T20:35:06.532942+00:00,2026-04-29T20:35:06.392+00:00,,,
f793ccd2-eb9d-4340-a6c6-0c6005ce5d21,b66e80d0-7f23-44ac-a6d3-5db4212284e6,fbb296de-dba2-4b23-9c3b-5c1285997b41,2026-04-30,unavailable,,,2026-04-29T20:35:06.532942+00:00,2026-04-29T20:35:06.392+00:00,,,
1ea7e819-ad9c-4210-af60-84b1e247cc36,4acd4dc2-eb69-48a4-8f0d-dc509f93beb4,fbb296de-dba2-4b23-9c3b-5c1285997b41,2026-04-30,unavailable,,,2026-04-29T20:35:06.532942+00:00,2026-04-29T20:35:06.392+00:00,,,
0f342b76-e96c-4d55-a363-c10219452fe1,604ea0ee-856f-4bd8-90a3-a067244e31db,fbb296de-dba2-4b23-9c3b-5c1285997b41,2026-04-30,unavailable,,,2026-04-29T20:35:06.532942+00:00,2026-04-29T20:35:06.392+00:00,,,
8e7265e5-719a-4f2b-bd59-da7fa389fc2a,3c972950-a216-468e-b719-d3430d265c36,fbb296de-dba2-4b23-9c3b-5c1285997b41,2026-04-30,unavailable,,,2026-04-29T20:35:06.532942+00:00,2026-04-29T20:35:06.392+00:00,,,
884df826-b1c7-4512-a1b7-f5e0b70357e9,2ec9bf07-c28b-4a11-809e-a7be42c4db76,fbb296de-dba2-4b23-9c3b-5c1285997b41,2026-04-30,unavailable,,,2026-04-29T20:35:06.532942+00:00,2026-04-29T20:35:06.392+00:00,,,
63222743-7976-44e1-a3ee-d6f8e6dcc8bb,1d6856d9-51da-4f3d-9167-2140aa6f8eba,fbb296de-dba2-4b23-9c3b-5c1285997b41,2026-04-30,unavailable,,,2026-04-29T20:35:06.532942+00:00,2026-04-29T20:35:06.392+00:00,,,
7f8a3014-73f0-495f-a5c8-ace668e85078,4f7e4826-6de8-458d-9fc7-dc135acf8c1e,fbb296de-dba2-4b23-9c3b-5c1285997b41,2026-04-30,unavailable,,,2026-04-29T20:35:06.532942+00:00,2026-04-29T20:35:06.392+00:00,,,
cda11523-93e3-492f-98a2-83ecee7bb763,c60051a9-4d42-4198-bd08-b24181a2481d,fbb296de-dba2-4b23-9c3b-5c1285997b41,2026-04-30,unavailable,,,2026-04-29T20:35:06.532942+00:00,2026-04-29T20:35:06.392+00:00,,,
6091d139-6451-408e-b9bf-43ba7329841e,39f683dd-6e80-43b8-9c10-8f9505093d6e,fbb296de-dba2-4b23-9c3b-5c1285997b41,2026-04-30,unavailable,,,2026-04-29T20:35:06.532942+00:00,2026-04-29T20:35:06.392+00:00,,,
abc32046-1bb8-41c6-b40f-d18045788d32,2e754b98-4d62-4dde-abae-8fad7eb099d3,fbb296de-dba2-4b23-9c3b-5c1285997b41,2026-04-30,unavailable,,,2026-04-29T20:35:06.532942+00:00,2026-04-29T20:35:06.392+00:00,,,
0ee0ee17-f7d8-4a0e-a72d-e86a25c74f4c,b3abbd6a-b26d-4a7e-aa1a-d44346bf21b3,fbb296de-dba2-4b23-9c3b-5c1285997b41,2026-04-30,unavailable,,,2026-04-29T20:35:06.532942+00:00,2026-04-29T20:35:06.392+00:00,,,
86f1a59c-b11d-4f34-b207-de4ad0fd4bd9,d87652f1-bb0b-444f-ad23-97c5c4d8b7de,fbb296de-dba2-4b23-9c3b-5c1285997b41,2026-04-30,unavailable,,,2026-04-29T20:35:06.532942+00:00,2026-04-29T20:35:06.392+00:00,,,
55a95972-dcab-4346-8de9-01243870d9eb,09d6b27b-cbab-4ce2-b97b-cd849d5588b2,fbb296de-dba2-4b23-9c3b-5c1285997b41,2026-04-30,unavailable,,,2026-04-29T20:35:06.532942+00:00,2026-04-29T20:35:06.392+00:00,,,
6b484046-a6e3-44c5-a865-f568796a53bb,d17e62b0-3615-4ac3-8fb3-f9b22955600f,fbb296de-dba2-4b23-9c3b-5c1285997b41,2026-04-30,unavailable,,,2026-04-29T20:35:06.532942+00:00,2026-04-29T20:35:06.392+00:00,,,
d0f8723d-c8c0-4356-a558-eb11b1bf8c08,27d10606-8e7f-4afa-8c12-ce177d2f7e31,fbb296de-dba2-4b23-9c3b-5c1285997b41,2026-04-30,unavailable,,,2026-04-29T20:35:06.532942+00:00,2026-04-29T20:35:06.392+00:00,,,
155ba468-7c53-4c1d-aa10-f3bc30d96509,e9697f64-3351-4f0c-80a2-97693a2ea2e5,fbb296de-dba2-4b23-9c3b-5c1285997b41,2026-04-30,unavailable,,,2026-04-29T20:35:06.532942+00:00,2026-04-29T20:35:06.392+00:00,,,
1b989035-0293-4cf2-a5b9-6816aa6d0a43,a252243e-ee4b-4544-8a0f-5f1fdfc8cf78,fbb296de-dba2-4b23-9c3b-5c1285997b41,2026-04-30,unavailable,,,2026-04-29T20:35:06.532942+00:00,2026-04-29T20:35:06.392+00:00,,,
612d914a-4125-4d86-b339-331379ca6bcf,ec0e87bd-f105-4509-a148-beb9bf6eae42,fbb296de-dba2-4b23-9c3b-5c1285997b41,2026-04-30,unavailable,,,2026-04-29T20:35:06.532942+00:00,2026-04-29T20:35:06.392+00:00,,,
5a5ec3ae-ba79-48bc-9616-1dbec96bbc8d,9ba79172-9ab7-433c-a656-4b584d3eab1e,fbb296de-dba2-4b23-9c3b-5c1285997b41,2026-04-30,unavailable,,,2026-04-29T20:35:06.532942+00:00,2026-04-29T20:35:06.392+00:00,,,
6fc59f11-d2ca-44b8-b3cd-4eed8305ce6d,6c3dfe2a-d412-409f-a2b0-15345fbd2981,fbb296de-dba2-4b23-9c3b-5c1285997b41,2026-04-30,unavailable,,,2026-04-29T20:35:06.532942+00:00,2026-04-29T20:35:06.392+00:00,,,
6d4e52db-41de-4d69-bd17-01b88b0ab53d,98073499-8a1a-4ca5-99ad-0486e2769c76,fbb296de-dba2-4b23-9c3b-5c1285997b41,2026-04-30,unavailable,,,2026-04-29T20:35:06.532942+00:00,2026-04-29T20:35:06.392+00:00,,,
fffc1cf8-b858-4bd9-9bae-d4965423993b,80e8b99d-e4fa-4b8d-b897-b9a26e96d8d3,fbb296de-dba2-4b23-9c3b-5c1285997b41,2026-04-30,unavailable,,,2026-04-29T20:35:06.532942+00:00,2026-04-29T20:35:06.392+00:00,,,
b9908683-b88f-4b91-9b18-6b9e1cb1199d,4be9d559-4c73-4ac4-90bf-cb2939b339f6,fbb296de-dba2-4b23-9c3b-5c1285997b41,2026-04-30,unavailable,,,2026-04-29T20:35:06.532942+00:00,2026-04-29T20:35:06.392+00:00,,,
bd21d017-7e09-479e-9381-ce0a7eabc08d,9f56c78e-827c-4cbe-bb50-b014f03485d7,fbb296de-dba2-4b23-9c3b-5c1285997b41,2026-04-30,unavailable,,,2026-04-29T20:35:06.532942+00:00,2026-04-29T20:35:06.392+00:00,,,
378a7232-05fb-43c2-bd73-1b8f6fd12844,b7693f65-7b87-4620-a292-f9e60fd3cfa9,fbb296de-dba2-4b23-9c3b-5c1285997b41,2026-04-30,unavailable,,,2026-04-29T20:35:06.532942+00:00,2026-04-29T20:35:06.392+00:00,,,
767ab84d-674f-40eb-a1d4-655228093c8a,34ab878d-5fc3-40ab-8fb7-7c1496accbf0,fbb296de-dba2-4b23-9c3b-5c1285997b41,2026-04-30,unavailable,,,2026-04-29T20:35:06.532942+00:00,2026-04-29T20:35:06.392+00:00,,,
783587b5-7a6f-4a98-bc09-096aed095055,f74886a6-2688-4903-92e2-b277ac3871b9,fbb296de-dba2-4b23-9c3b-5c1285997b41,2026-04-30,unavailable,,,2026-04-29T20:35:06.532942+00:00,2026-04-29T20:35:06.392+00:00,,,
c73427ce-3097-45a5-b110-14fe86dc82ea,ede7731f-5bf6-4a39-95f4-5d3301c929b8,fbb296de-dba2-4b23-9c3b-5c1285997b41,2026-04-30,unavailable,,,2026-04-29T20:35:06.532942+00:00,2026-04-29T20:35:06.392+00:00,,,
929a900c-1f64-4e3c-847f-ea2d7b413a49,1b44a5a2-7c8e-4381-b545-3cecb689cce4,fbb296de-dba2-4b23-9c3b-5c1285997b41,2026-04-30,unavailable,,,2026-04-29T20:35:06.532942+00:00,2026-04-29T20:35:06.392+00:00,,,
f66ab225-8c61-4452-8cbb-7f758a983990,19a5d381-d434-4482-aee6-9b44308ff7d3,fbb296de-dba2-4b23-9c3b-5c1285997b41,2026-04-30,unavailable,,,2026-04-29T20:35:06.532942+00:00,2026-04-29T20:35:06.392+00:00,,,
5f0e27eb-b393-45c3-b0f7-dfe54307a4cd,d744e61c-c90f-4181-9247-ae706cf2295d,fbb296de-dba2-4b23-9c3b-5c1285997b41,2026-04-30,unavailable,,,2026-04-29T20:35:06.532942+00:00,2026-04-29T20:35:06.392+00:00,,,
710eb735-c9fb-49cc-ae2c-db1b6f229892,1b5e7f69-0650-4d5d-a6bf-e6d54d03f21e,fbb296de-dba2-4b23-9c3b-5c1285997b41,2026-04-30,unavailable,,,2026-04-29T20:35:06.532942+00:00,2026-04-29T20:35:06.392+00:00,,,
23bd6a23-b393-44f7-94b2-9917260efbac,aef96fc8-88ea-48ab-bc0f-0c812c919007,fbb296de-dba2-4b23-9c3b-5c1285997b41,2026-04-30,unavailable,,,2026-04-29T20:35:06.532942+00:00,2026-04-29T20:35:06.392+00:00,,,
7fef1688-dec1-4fa4-8997-d2c1c1c74743,a6a57270-840f-41ff-998e-0b1d3cefbe24,fbb296de-dba2-4b23-9c3b-5c1285997b41,2026-04-30,unavailable,,,2026-04-29T20:35:06.532942+00:00,2026-04-29T20:35:06.392+00:00,,,
3f61f190-2d0f-41bc-8fea-9db2f1d6da33,b78ea1c0-57d8-4155-bc7e-f9178f5c5ee1,fbb296de-dba2-4b23-9c3b-5c1285997b41,2026-04-30,unavailable,,,2026-04-29T20:35:06.532942+00:00,2026-04-29T20:35:06.392+00:00,,,
0a4f1893-e220-492b-96b3-576b6812f084,7070a97e-2956-4082-b31e-c16321071149,fbb296de-dba2-4b23-9c3b-5c1285997b41,2026-04-30,unavailable,,,2026-04-29T20:35:06.532942+00:00,2026-04-29T20:35:06.392+00:00,,,
5ef5ed69-56de-4f1f-8245-a7c7c3edc036,bbc3545a-c547-48c5-a757-735e33dc47ec,fbb296de-dba2-4b23-9c3b-5c1285997b41,2026-04-30,unavailable,,,2026-04-29T20:35:06.532942+00:00,2026-04-29T20:35:06.392+00:00,,,
86b82865-9030-4012-a2e4-7c20fd515979,2fc8d3e9-f161-405f-8246-6a15a6c237cb,fbb296de-dba2-4b23-9c3b-5c1285997b41,2026-04-30,unavailable,,,2026-04-29T20:35:06.532942+00:00,2026-04-29T20:35:06.392+00:00,,,
fe1263dc-b5fc-4e7f-879b-0d9b02095e0d,a2e7a71f-6efe-4d67-b41f-a1338754ff3b,fbb296de-dba2-4b23-9c3b-5c1285997b41,2026-04-30,unavailable,,,2026-04-29T20:35:06.532942+00:00,2026-04-29T20:35:06.392+00:00,,,
31e6ac52-6e57-4966-a8b1-075f6f8b3fc0,407a2c77-9fc9-495a-ba00-749131cac905,fbb296de-dba2-4b23-9c3b-5c1285997b41,2026-04-30,unavailable,,,2026-04-29T20:35:06.532942+00:00,2026-04-29T20:35:06.392+00:00,,,
e7fc1241-9287-4674-883c-46a956b24a48,0dfe1789-64e1-4258-bf9b-f4b5deaa6bd9,fbb296de-dba2-4b23-9c3b-5c1285997b41,2026-04-30,unavailable,,,2026-04-29T20:35:06.532942+00:00,2026-04-29T20:35:06.392+00:00,,,
7e7f6a83-db41-4a0f-9515-ecfcae610e81,682a4581-1f29-4cd9-ba52-2bf5deb40807,fbb296de-dba2-4b23-9c3b-5c1285997b41,2026-04-30,unavailable,,,2026-04-29T20:35:06.532942+00:00,2026-04-29T20:35:06.392+00:00,,,
3d419001-197d-4c07-9a8b-e871b532ad3b,0330dca4-2e34-4ccd-9ea0-e2eccbcb3ed9,fbb296de-dba2-4b23-9c3b-5c1285997b41,2026-04-30,unavailable,,,2026-04-29T20:35:06.532942+00:00,2026-04-29T20:35:06.392+00:00,,,
e128070f-d335-461f-b948-4e14e91eedbb,46d57a11-f9d2-47d0-9096-e6a7b9ed81ad,fbb296de-dba2-4b23-9c3b-5c1285997b41,2026-04-30,unavailable,,,2026-04-29T20:35:06.532942+00:00,2026-04-29T20:35:06.392+00:00,,,
4381cc29-0262-41a1-bceb-3bb2e6900515,7c3b600c-73e8-4df6-993e-effdb29ce957,fbb296de-dba2-4b23-9c3b-5c1285997b41,2026-04-30,unavailable,,,2026-04-29T20:35:06.532942+00:00,2026-04-29T20:35:06.392+00:00,,,
a60f24c8-7f19-41f2-aa27-e3579ef9e34c,d7284556-1c31-49af-9565-909063b93cc9,fbb296de-dba2-4b23-9c3b-5c1285997b41,2026-04-30,unavailable,,,2026-04-29T20:35:06.532942+00:00,2026-04-29T20:35:06.392+00:00,,,
fdd6cdac-06cb-4f9d-b151-eadbae86d568,1f32ff5a-f9b7-440a-8285-ab2ad1ecaa05,fbb296de-dba2-4b23-9c3b-5c1285997b41,2026-04-30,unavailable,,,2026-04-29T20:35:06.532942+00:00,2026-04-29T20:35:06.392+00:00,,,
3e3c0f77-86da-48ae-99e7-9eb80463e4c1,304ed108-096d-4022-b673-87feae1b5a1a,fbb296de-dba2-4b23-9c3b-5c1285997b41,2026-04-30,unavailable,,,2026-04-29T20:35:06.532942+00:00,2026-04-29T20:35:06.392+00:00,,,
76e015ba-65f4-4298-8cdd-0babd83dbbd0,61a1375c-3254-4fe0-a471-8b8b660f4135,fbb296de-dba2-4b23-9c3b-5c1285997b41,2026-04-30,unavailable,,,2026-04-29T20:35:06.532942+00:00,2026-04-29T20:35:06.392+00:00,,,
da38b8cf-33e6-438f-a066-a2ee1911dbc0,41817459-03f8-4e71-8ba6-8fa63e5e1b4d,fbb296de-dba2-4b23-9c3b-5c1285997b41,2026-04-30,unavailable,,,2026-04-29T20:35:06.532942+00:00,2026-04-29T20:35:06.392+00:00,,,
a42f100b-2a3f-4e63-93d0-bdb1959be66a,ad22aeeb-e301-4beb-9bf9-36b11a302944,fbb296de-dba2-4b23-9c3b-5c1285997b41,2026-04-30,unavailable,,,2026-04-29T20:35:06.532942+00:00,2026-04-29T20:35:06.392+00:00,,,
e884d278-6b77-4e14-a6d7-8f8a0ffccc87,5a9c3504-8fef-4b40-8129-d20f88fbe563,fbb296de-dba2-4b23-9c3b-5c1285997b41,2026-04-30,unavailable,,,2026-04-29T20:35:06.532942+00:00,2026-04-29T20:35:06.392+00:00,,,
98e983e7-bf75-4ac0-905c-a0d3efbef372,72705d6f-ba9c-45cc-a890-c2c7baf086c7,fbb296de-dba2-4b23-9c3b-5c1285997b41,2026-04-30,unavailable,,,2026-04-29T20:35:06.532942+00:00,2026-04-29T20:35:06.392+00:00,,,
1e1e76e9-621c-45ec-8bf0-9d4d91816c4c,c6fdc2be-53bd-4c2a-8a6f-665e612aa3b5,fbb296de-dba2-4b23-9c3b-5c1285997b41,2026-04-30,unavailable,,,2026-04-29T20:35:06.532942+00:00,2026-04-29T20:35:06.392+00:00,,,
cee98ce8-d167-4adb-95d7-d655310f28f6,3d50b41b-54e3-4ea7-b559-e40d8a1ea7e3,fbb296de-dba2-4b23-9c3b-5c1285997b41,2026-04-30,unavailable,,,2026-04-29T20:35:06.532942+00:00,2026-04-29T20:35:06.392+00:00,,,
a00e0b93-c919-4042-8f65-3008745aaaf6,508960cd-999c-44de-8e17-218b5cfa40d9,fbb296de-dba2-4b23-9c3b-5c1285997b41,2026-04-30,unavailable,,,2026-04-29T20:35:06.532942+00:00,2026-04-29T20:35:06.392+00:00,,,
b6da0725-fc62-493c-8ded-3dfdb1178c4c,6014e544-f4ea-4903-a691-9e2915ee2d07,fbb296de-dba2-4b23-9c3b-5c1285997b41,2026-04-30,unavailable,,,2026-04-29T20:35:06.532942+00:00,2026-04-29T20:35:06.392+00:00,,,
1451a085-3f0f-4074-8290-abc149a49e49,31738451-481f-400e-aba1-42b2a7452949,fbb296de-dba2-4b23-9c3b-5c1285997b41,2026-04-30,unavailable,,,2026-04-29T20:35:06.532942+00:00,2026-04-29T20:35:06.392+00:00,,,
5e3ed2e5-dadb-4ae8-886c-b25d1e63038b,0acf89be-de62-4a14-9502-aab639d34f04,fbb296de-dba2-4b23-9c3b-5c1285997b41,2026-04-30,unavailable,,,2026-04-29T20:35:06.532942+00:00,2026-04-29T20:35:06.392+00:00,,,
de76e356-3e5a-42e6-b5bb-3cc19a9eaedd,ab073af1-5ce8-4acb-b07f-4fa41d2a8a9d,fbb296de-dba2-4b23-9c3b-5c1285997b41,2026-04-30,unavailable,,,2026-04-29T20:35:06.532942+00:00,2026-04-29T20:35:06.392+00:00,,,
0f2374f6-6788-4a60-bac1-be35799a92c3,8627c1a1-62d7-49e3-9176-f295969b3c6d,fbb296de-dba2-4b23-9c3b-5c1285997b41,2026-04-30,unavailable,,,2026-04-29T20:35:06.532942+00:00,2026-04-29T20:35:06.392+00:00,,,
eda07178-a50f-4c2c-a236-fb066a5fb851,aad00f76-4fe1-44ac-882a-9ad2eb664a5c,fbb296de-dba2-4b23-9c3b-5c1285997b41,2026-04-30,unavailable,,,2026-04-29T20:35:06.532942+00:00,2026-04-29T20:35:06.392+00:00,,,
4d38167f-baf0-4648-8230-7b0d96ecd762,759e7b56-07aa-4866-bfaa-46efdb0afe58,fbb296de-dba2-4b23-9c3b-5c1285997b41,2026-04-30,unavailable,,,2026-04-29T20:35:06.532942+00:00,2026-04-29T20:35:06.392+00:00,,,
0d4af783-ab7a-4965-8208-44c83eda1e67,38a11035-66a5-48ca-825b-8124f66d4478,fbb296de-dba2-4b23-9c3b-5c1285997b41,2026-04-30,unavailable,,,2026-04-29T20:35:06.532942+00:00,2026-04-29T20:35:06.392+00:00,,,
b678b65e-3044-4028-bae2-72838e48fed1,4898a864-3303-44d8-8c83-8f8996a19fa3,fbb296de-dba2-4b23-9c3b-5c1285997b41,2026-04-30,unavailable,,,2026-04-29T20:35:06.532942+00:00,2026-04-29T20:35:06.392+00:00,,,
07b8f956-51c0-4b3e-aa07-4a422079c9a3,97ee9b66-2711-4df2-99bd-ed1a32f40eb4,fbb296de-dba2-4b23-9c3b-5c1285997b41,2026-04-30,unavailable,,,2026-04-29T20:35:06.532942+00:00,2026-04-29T20:35:06.392+00:00,,,
637032f6-3912-49f5-baca-581d67abebc6,4fd2406d-0cce-4013-9585-72c23407ceae,fbb296de-dba2-4b23-9c3b-5c1285997b41,2026-04-30,unavailable,,,2026-04-29T20:35:06.532942+00:00,2026-04-29T20:35:06.392+00:00,,,
bf41a302-50b6-4afd-8cb5-35c7583e13d2,334edaad-9be5-43ff-a28a-6a165d97d13e,fbb296de-dba2-4b23-9c3b-5c1285997b41,2026-04-30,unavailable,,,2026-04-29T20:35:06.532942+00:00,2026-04-29T20:35:06.392+00:00,,,
644666ac-9c58-4e1d-9e08-7f3ead1afb17,ad8151cf-0a93-4205-9f92-19b1bc595a8f,fbb296de-dba2-4b23-9c3b-5c1285997b41,2026-04-30,unavailable,,,2026-04-29T20:35:06.532942+00:00,2026-04-29T20:35:06.392+00:00,,,
24a565f1-1e2c-40df-9260-044640639982,9c2ebb31-687b-428e-a2c5-a5e552f7b5cc,fbb296de-dba2-4b23-9c3b-5c1285997b41,2026-04-30,unavailable,,,2026-04-29T20:35:06.532942+00:00,2026-04-29T20:35:06.392+00:00,,,
0f80386d-cce3-49fe-98ca-40975c374245,0516781f-0290-44a1-9f8f-adbf8db38425,fbb296de-dba2-4b23-9c3b-5c1285997b41,2026-04-30,unavailable,,,2026-04-29T20:35:06.532942+00:00,2026-04-29T20:35:06.392+00:00,,,
84724179-11b7-442f-81c9-6f7045852fd8,3f899f50-df5f-4364-ba3f-3ef814961309,fbb296de-dba2-4b23-9c3b-5c1285997b41,2026-04-30,unavailable,,,2026-04-29T20:35:06.532942+00:00,2026-04-29T20:35:06.392+00:00,,,
94250692-0cac-4f10-90d0-d01900cc46d8,96c9c583-6be1-473c-8531-e58107199fa6,fbb296de-dba2-4b23-9c3b-5c1285997b41,2026-04-30,unavailable,,,2026-04-29T20:35:06.532942+00:00,2026-04-29T20:35:06.392+00:00,,,
196405cd-a27c-4feb-8e16-eca06f00e96a,949a9839-c640-4bf7-a7b6-59e93d5e927e,fbb296de-dba2-4b23-9c3b-5c1285997b41,2026-04-30,unavailable,,,2026-04-29T20:35:06.532942+00:00,2026-04-29T20:35:06.392+00:00,,,
68e783fe-3564-4778-b321-7a8c407e4142,1188873c-8be1-42d3-a242-da6f15bf5e4a,fbb296de-dba2-4b23-9c3b-5c1285997b41,2026-04-30,unavailable,,,2026-04-29T20:35:06.532942+00:00,2026-04-29T20:35:06.392+00:00,,,
c836b9b4-97a5-4ca0-9e29-9ef22035d9e2,2d018036-1224-40a3-82ac-e3644690ab0a,fbb296de-dba2-4b23-9c3b-5c1285997b41,2026-04-30,unavailable,,,2026-04-29T20:35:06.532942+00:00,2026-04-29T20:35:06.392+00:00,,,
2c916e25-f9c6-429f-8cd8-a4b12de35d83,924984fd-6cab-4b4a-8b62-1fc6860ad5a5,fbb296de-dba2-4b23-9c3b-5c1285997b41,2026-04-30,unavailable,,,2026-04-29T20:35:06.532942+00:00,2026-04-29T20:35:06.392+00:00,,,
65cd6e17-e83c-4528-9fbd-13132bd0fa2c,3c2f77cd-57af-4557-93a8-25f866c7ef0a,fbb296de-dba2-4b23-9c3b-5c1285997b41,2026-04-30,unavailable,,,2026-04-29T20:35:06.532942+00:00,2026-04-29T20:35:06.392+00:00,,,
2d7229d2-8088-4dec-9972-932d15bade2d,20af3438-94f4-44dd-a150-079cf139a7a5,fbb296de-dba2-4b23-9c3b-5c1285997b41,2026-04-30,unavailable,,,2026-04-29T20:35:06.532942+00:00,2026-04-29T20:35:06.392+00:00,,,
4d107a98-9926-4266-b3dd-620cb8656a19,4e30357c-cab4-454a-8698-3f7413a38b2c,fbb296de-dba2-4b23-9c3b-5c1285997b41,2026-04-30,unavailable,,,2026-04-29T20:35:06.532942+00:00,2026-04-29T20:35:06.392+00:00,,,
2279f04e-742d-4024-b923-57cc97b99613,a3d8e08f-8e02-46e5-af59-a2895bf61e63,fbb296de-dba2-4b23-9c3b-5c1285997b41,2026-04-30,unavailable,,,2026-04-29T20:35:06.532942+00:00,2026-04-29T20:35:06.392+00:00,,,
95fe838c-8984-4570-a813-903a8a9151c7,fd5f8362-52f1-410c-97dc-bbe084c2c8e4,fbb296de-dba2-4b23-9c3b-5c1285997b41,2026-04-30,unavailable,,,2026-04-29T20:35:06.532942+00:00,2026-04-29T20:35:06.392+00:00,,,
eec4db50-e8ee-4c85-bb59-d7b15559fbf0,5d083c30-fb85-4d4f-9757-9cda19fc2821,fbb296de-dba2-4b23-9c3b-5c1285997b41,2026-04-30,unavailable,,,2026-04-29T20:35:06.532942+00:00,2026-04-29T20:35:06.392+00:00,,,
d46e7b5f-c34a-495a-9830-9a8d8c425968,e63f9153-d195-48fa-b7e7-19ad412c36da,fbb296de-dba2-4b23-9c3b-5c1285997b41,2026-04-30,unavailable,,,2026-04-29T20:35:06.532942+00:00,2026-04-29T20:35:06.392+00:00,,,
2afa505f-68c9-4ce3-85ea-951b000c3d82,314d5849-c300-477e-93a4-bc99aa664c23,fbb296de-dba2-4b23-9c3b-5c1285997b41,2026-04-30,unavailable,,,2026-04-29T20:35:06.532942+00:00,2026-04-29T20:35:06.392+00:00,,,
c68dec3d-68b3-4ba7-b4b9-906ac45fc7ae,afb8cdfd-4cc1-40f7-9f70-df7cbbb78d06,fbb296de-dba2-4b23-9c3b-5c1285997b41,2026-04-30,unavailable,,,2026-04-29T20:35:06.532942+00:00,2026-04-29T20:35:06.392+00:00,,,
5792973a-324e-4a8f-b40f-7f88d25fd8b5,66732b90-15ff-4bb5-a9d8-b84ac997d183,fbb296de-dba2-4b23-9c3b-5c1285997b41,2026-04-30,unavailable,,,2026-04-29T20:35:06.532942+00:00,2026-04-29T20:35:06.392+00:00,,,
f710a0b8-fc1b-49d5-84b9-23da880369bd,29686763-0ead-43f0-9d3a-59f2ccfb2477,fbb296de-dba2-4b23-9c3b-5c1285997b41,2026-04-30,unavailable,,,2026-04-29T20:35:06.532942+00:00,2026-04-29T20:35:06.392+00:00,,,
e61fcac4-6409-49a6-8411-0a0e7a3fb40c,0a960158-e3fa-4ee6-aabd-55578dfe8faa,fbb296de-dba2-4b23-9c3b-5c1285997b41,2026-04-30,unavailable,,,2026-04-29T20:35:06.532942+00:00,2026-04-29T20:35:06.392+00:00,,,
6befc247-45d4-4434-8624-acc7414c8dcf,1dbf367f-4514-48e7-8853-81551967c94d,fbb296de-dba2-4b23-9c3b-5c1285997b41,2026-04-30,unavailable,,,2026-04-29T20:35:06.532942+00:00,2026-04-29T20:35:06.392+00:00,,,
8fe666db-1f1b-4ddc-a46d-3d4a4e6b195c,52ecfb86-603a-49a2-bed5-ff0ced64f464,fbb296de-dba2-4b23-9c3b-5c1285997b41,2026-04-30,unavailable,,,2026-04-29T20:35:06.532942+00:00,2026-04-29T20:35:06.392+00:00,,,
ced03c8d-fabe-4374-b601-5453b10b8846,de3020b4-e754-4b71-a352-c99160240de4,fbb296de-dba2-4b23-9c3b-5c1285997b41,2026-04-30,unavailable,,,2026-04-29T20:35:06.532942+00:00,2026-04-29T20:35:06.392+00:00,,,
4974db0b-fe8b-4aff-8923-5a8988635e63,d675726f-44a7-475c-9b4b-9ba2bf13996d,fbb296de-dba2-4b23-9c3b-5c1285997b41,2026-04-30,unavailable,,,2026-04-29T20:35:06.532942+00:00,2026-04-29T20:35:06.392+00:00,,,
1e22059c-adfd-47d3-bd80-592912caeeda,07c6eec6-46c9-4e7c-8cab-a524795d38b7,fbb296de-dba2-4b23-9c3b-5c1285997b41,2026-04-30,unavailable,,,2026-04-29T20:35:06.532942+00:00,2026-04-29T20:35:06.392+00:00,,,
cbd83c58-654c-4e07-9451-b36066b84b20,94301ae3-f29e-44c7-a4e4-94add65ee641,fbb296de-dba2-4b23-9c3b-5c1285997b41,2026-04-30,unavailable,,,2026-04-29T20:35:06.532942+00:00,2026-04-29T20:35:06.392+00:00,,,
cbae77bc-e24f-40fe-8fee-df103dcf5ca6,f3c9bbbe-aef1-46f3-8e9c-83d1d05109d0,fbb296de-dba2-4b23-9c3b-5c1285997b41,2026-04-30,unavailable,,,2026-04-29T20:35:06.532942+00:00,2026-04-29T20:35:06.392+00:00,,,
14157a32-1268-4db1-b4f2-1ad0a28a46c6,60615a17-1ed6-46d4-9ea7-5733ae4770d1,fbb296de-dba2-4b23-9c3b-5c1285997b41,2026-04-30,unavailable,,,2026-04-29T20:35:06.532942+00:00,2026-04-29T20:35:06.392+00:00,,,
8f276272-9f42-4380-8cbc-4be622107e24,dcb732ae-01fa-47ac-8c1d-20b1a9d0b47f,fbb296de-dba2-4b23-9c3b-5c1285997b41,2026-04-30,unavailable,,,2026-04-29T20:35:06.532942+00:00,2026-04-29T20:35:06.392+00:00,,,
49669bb7-83e1-4b30-945b-0e409f9e50d1,44c4bb44-4ddb-4aee-a539-54b238955833,fbb296de-dba2-4b23-9c3b-5c1285997b41,2026-04-30,unavailable,,,2026-04-29T20:35:06.532942+00:00,2026-04-29T20:35:06.392+00:00,,,
8e007fba-6a92-407b-8ddb-d6b2081222a8,1231a2f3-61ad-405a-a710-a84a46c2ac8f,fbb296de-dba2-4b23-9c3b-5c1285997b41,2026-04-30,unavailable,,,2026-04-29T20:35:06.532942+00:00,2026-04-29T20:35:06.392+00:00,,,
a6636e28-1b47-49e1-bb99-5e303e563eba,84c40ee2-5337-4ad7-9f94-14b23375badb,fbb296de-dba2-4b23-9c3b-5c1285997b41,2026-04-30,unavailable,,,2026-04-29T20:35:06.532942+00:00,2026-04-29T20:35:06.392+00:00,,,
e5bee813-4a0f-46f3-8948-a3aebdc02a5c,d366129f-9ec9-4f9d-a4d9-dd76408778d2,fbb296de-dba2-4b23-9c3b-5c1285997b41,2026-04-30,unavailable,,,2026-04-29T20:35:06.532942+00:00,2026-04-29T20:35:06.392+00:00,,,
a9b0e56c-c2e8-433a-b11a-d6c88a51b002,c2cbd94e-49da-4aa5-b4b5-070bb2aae1de,fbb296de-dba2-4b23-9c3b-5c1285997b41,2026-04-30,unavailable,,,2026-04-29T20:35:06.532942+00:00,2026-04-29T20:35:06.392+00:00,,,
26023ca5-cb10-461b-8d4e-5c91ec0b7857,2070ea5c-435b-4080-9a08-46095b69baca,fbb296de-dba2-4b23-9c3b-5c1285997b41,2026-04-30,unavailable,,,2026-04-29T20:35:06.532942+00:00,2026-04-29T20:35:06.392+00:00,,,
7996d57f-1727-4107-b584-b9ad9275cdf3,d399f7cb-cd56-4360-9e60-ccab8382fb61,fbb296de-dba2-4b23-9c3b-5c1285997b41,2026-04-30,unavailable,,,2026-04-29T20:35:06.532942+00:00,2026-04-29T20:35:06.392+00:00,,,
222a9f56-189d-443c-ab86-76e57a2cbf09,e29757bb-c15b-4791-8b7e-c0e26dbc2d4c,fbb296de-dba2-4b23-9c3b-5c1285997b41,2026-04-30,unavailable,,,2026-04-29T20:35:06.532942+00:00,2026-04-29T20:35:06.392+00:00,,,
b9ced55f-7bab-4df0-a54b-33456339dbd5,72322dd6-8045-401b-aa0e-67ed58ebe0ff,fbb296de-dba2-4b23-9c3b-5c1285997b41,2026-04-30,unavailable,,,2026-04-29T20:35:06.532942+00:00,2026-04-29T20:35:06.392+00:00,,,
f948d4fb-426f-4c55-b319-32836e1ef543,ad510ff3-14e5-40fa-b454-26ebc4bf299c,fbb296de-dba2-4b23-9c3b-5c1285997b41,2026-04-30,unavailable,,,2026-04-29T20:35:06.532942+00:00,2026-04-29T20:35:06.392+00:00,,,
db5dc587-9aa0-40a6-9f0b-a038a9a6f390,b90584d8-fc78-420b-91e1-490117cd30cd,fbb296de-dba2-4b23-9c3b-5c1285997b41,2026-04-30,unavailable,,,2026-04-29T20:35:06.532942+00:00,2026-04-29T20:35:06.392+00:00,,,
9db4b7e8-1101-42bc-8d3a-bab961dbb86c,dff21156-fd38-405e-a857-e7ad8bffa7f5,fbb296de-dba2-4b23-9c3b-5c1285997b41,2026-04-30,unavailable,,,2026-04-29T20:35:06.532942+00:00,2026-04-29T20:35:06.392+00:00,,,
98b6ca53-f149-401a-973f-458fdf938d46,cde06dcc-2c7a-4476-8a23-469ecb9e3940,fbb296de-dba2-4b23-9c3b-5c1285997b41,2026-04-30,unavailable,,,2026-04-29T20:35:06.532942+00:00,2026-04-29T20:35:06.392+00:00,,,
9b39b723-14dc-4240-b62e-4aa97ff68c1b,e81c39b6-82fe-4505-b835-ed93e4220988,fbb296de-dba2-4b23-9c3b-5c1285997b41,2026-04-30,unavailable,,,2026-04-29T20:35:06.532942+00:00,2026-04-29T20:35:06.392+00:00,,,
92e06e9b-7b19-4b3b-93a0-1f5c8663cd22,11848d52-fa67-4b56-8b9e-87239a753911,fbb296de-dba2-4b23-9c3b-5c1285997b41,2026-04-30,unavailable,,,2026-04-29T20:35:06.532942+00:00,2026-04-29T20:35:06.392+00:00,,,
9b820d05-6021-4d62-b0a4-da95986a7a19,7dde3a19-d1ad-4170-a663-7bd83ee8d3a2,fbb296de-dba2-4b23-9c3b-5c1285997b41,2026-04-30,unavailable,,,2026-04-29T20:35:06.532942+00:00,2026-04-29T20:35:06.392+00:00,,,
8a5724d5-a1e4-497b-a213-8fb1c078604d,e17fe9fd-652f-4542-8a29-65e80a791a00,fbb296de-dba2-4b23-9c3b-5c1285997b41,2026-04-30,unavailable,,,2026-04-29T20:35:06.532942+00:00,2026-04-29T20:35:06.392+00:00,,,
93a0bd39-d641-4696-9b3c-80071d68e29a,f14e1eaa-9677-4120-b8b5-37209f399915,fbb296de-dba2-4b23-9c3b-5c1285997b41,2026-04-30,unavailable,,,2026-04-29T20:35:06.532942+00:00,2026-04-29T20:35:06.392+00:00,,,
504f0299-f5ab-4e9c-8879-4794da3a5f9a,fb11eb56-4d65-413d-8125-ae24b42ae442,fbb296de-dba2-4b23-9c3b-5c1285997b41,2026-04-30,unavailable,,,2026-04-29T20:35:06.532942+00:00,2026-04-29T20:35:06.392+00:00,,,
c68d7067-ab82-4770-9c63-7ee78bc60a4b,c9f1257a-9015-4783-86de-82819569ea0a,fbb296de-dba2-4b23-9c3b-5c1285997b41,2026-04-30,unavailable,,,2026-04-29T20:35:06.532942+00:00,2026-04-29T20:35:06.392+00:00,,,
f9dd1baa-cc7c-4529-8c87-704b8091ada9,336fc578-e349-4e59-bcd2-e1c2b1beadb3,fbb296de-dba2-4b23-9c3b-5c1285997b41,2026-04-30,unavailable,,,2026-04-29T20:35:06.532942+00:00,2026-04-29T20:35:06.392+00:00,,,
31699784-fdd7-4f04-9872-6565131d6ffa,f0c608fc-95ab-4c48-a3ba-877a7937f660,fbb296de-dba2-4b23-9c3b-5c1285997b41,2026-04-30,unavailable,,,2026-04-29T20:35:06.532942+00:00,2026-04-29T20:35:06.392+00:00,,,
0fdc07fd-4d04-44b9-afc2-1ffd7fcddf0f,10a1cffa-f6d9-4692-8d99-cec08f07ef0d,fbb296de-dba2-4b23-9c3b-5c1285997b41,2026-04-30,unavailable,,,2026-04-29T20:35:06.532942+00:00,2026-04-29T20:35:06.392+00:00,,,
fb8d204e-e0d6-422b-b9f1-0b3ee813b5dd,0ae60db8-9ea0-479d-aa4a-55755241cad5,fbb296de-dba2-4b23-9c3b-5c1285997b41,2026-04-30,unavailable,,,2026-04-29T20:35:06.532942+00:00,2026-04-29T20:35:06.392+00:00,,,
5fae53ba-c601-47ee-b60e-87f89d4ab6b6,be637780-281f-4436-8c97-6efb129cfd2b,fbb296de-dba2-4b23-9c3b-5c1285997b41,2026-04-30,unavailable,,,2026-04-29T20:35:06.532942+00:00,2026-04-29T20:35:06.392+00:00,,,
5a751706-7927-4bb8-aa69-e31fbe42040a,c3916820-1dce-4d0e-a249-f47e95d54255,fbb296de-dba2-4b23-9c3b-5c1285997b41,2026-04-30,unavailable,,,2026-04-29T20:35:06.532942+00:00,2026-04-29T20:35:06.392+00:00,,,
9aa8b616-818d-4f51-a243-5d84d6920df6,f30e6ede-1de9-4e46-a56d-384b77d3780e,fbb296de-dba2-4b23-9c3b-5c1285997b41,2026-04-30,unavailable,,,2026-04-29T20:35:06.532942+00:00,2026-04-29T20:35:06.392+00:00,,,
030affea-4247-47e1-9526-c82679bcf613,f3d61783-a8b2-4f4d-bdca-caa6f8e0e54a,fbb296de-dba2-4b23-9c3b-5c1285997b41,2026-04-30,unavailable,,,2026-04-29T20:35:06.532942+00:00,2026-04-29T20:35:06.392+00:00,,,
9ed8969c-bf94-4dba-9b06-cb6c87d7d0c6,2f002bb7-6444-4ace-87ff-7c547b3f03bd,fbb296de-dba2-4b23-9c3b-5c1285997b41,2026-04-30,unavailable,,,2026-04-29T20:35:06.532942+00:00,2026-04-29T20:35:06.392+00:00,,,
f0e5ea90-8485-4b72-a53c-78169c0d11b4,0e124df5-de3e-4013-a192-423ea8975de4,fbb296de-dba2-4b23-9c3b-5c1285997b41,2026-04-30,unavailable,,,2026-04-29T20:35:06.532942+00:00,2026-04-29T20:35:06.392+00:00,,,
960a93ca-f159-4f75-b9a3-1e7670d5f648,04912bb8-8ae3-47d1-b26e-21cc9c673432,fbb296de-dba2-4b23-9c3b-5c1285997b41,2026-04-30,unavailable,,,2026-04-29T20:35:06.532942+00:00,2026-04-29T20:35:06.392+00:00,,,
4b1cdb07-a2c7-4760-ac2a-9668134aea12,4ced9319-ef22-4afb-8131-15662b65ef52,fbb296de-dba2-4b23-9c3b-5c1285997b41,2026-04-30,unavailable,,,2026-04-29T20:35:06.532942+00:00,2026-04-29T20:35:06.392+00:00,,,
7a919867-6d60-440c-a619-6f1b2dfe3228,111ca1c2-8e31-471a-bae3-0da35ce73b81,fbb296de-dba2-4b23-9c3b-5c1285997b41,2026-04-30,unavailable,,,2026-04-29T20:35:06.532942+00:00,2026-04-29T20:35:06.392+00:00,,,
1ceba0ef-6866-4c3e-818b-d6fbc20bd5e1,e4368078-2f9e-44f5-bafe-48f8b1fa741f,fbb296de-dba2-4b23-9c3b-5c1285997b41,2026-04-30,unavailable,,,2026-04-29T20:35:06.532942+00:00,2026-04-29T20:35:06.392+00:00,,,
ca798a8f-7260-4116-9a70-1fce81d1d7d3,6176833b-8baf-4d60-84c7-6e2546e070c0,fbb296de-dba2-4b23-9c3b-5c1285997b41,2026-04-30,unavailable,,,2026-04-29T20:35:06.532942+00:00,2026-04-29T20:35:06.392+00:00,,,
4ed4a267-a4f2-46e5-bbc2-198c9d70f078,f6145d14-6ea4-47b8-b171-5485403ce4a8,fbb296de-dba2-4b23-9c3b-5c1285997b41,2026-04-30,unavailable,,,2026-04-29T20:35:06.532942+00:00,2026-04-29T20:35:06.392+00:00,,,
61f7f19f-8521-4afb-a22a-62e270b23134,d37629f0-f0aa-401f-931d-d6af6da3b86c,fbb296de-dba2-4b23-9c3b-5c1285997b41,2026-04-30,unavailable,,,2026-04-29T20:35:06.532942+00:00,2026-04-29T20:35:06.392+00:00,,,
00d7ee34-3eba-424d-8a30-88cfa71dcde5,405a5d42-18bf-4fed-9975-efc1f85edb15,fbb296de-dba2-4b23-9c3b-5c1285997b41,2026-04-30,unavailable,,,2026-04-29T20:35:06.532942+00:00,2026-04-29T20:35:06.392+00:00,,,
32d47294-1776-4ebf-9876-acc740fb32bc,309781c4-ed69-40dc-860a-712d7414d66e,fbb296de-dba2-4b23-9c3b-5c1285997b41,2026-04-30,unavailable,,,2026-04-29T20:35:06.532942+00:00,2026-04-29T20:35:06.392+00:00,,,
369e7e03-4423-45c6-b373-3236fb88b55b,b0017451-3a96-49f3-9e48-ea4ef19383bf,fbb296de-dba2-4b23-9c3b-5c1285997b41,2026-04-30,unavailable,,,2026-04-29T20:35:06.532942+00:00,2026-04-29T20:35:06.392+00:00,,,
bcf2d8fb-b977-4d27-9969-2026588a7b1f,25317688-27ec-456d-8b73-c00ff0ad3284,fbb296de-dba2-4b23-9c3b-5c1285997b41,2026-04-30,unavailable,,,2026-04-29T20:35:06.532942+00:00,2026-04-29T20:35:06.392+00:00,,,
acdd5890-23a2-43bb-a86b-b6a84d40e476,048e8a46-b58e-4c8d-9cd8-f93ec8ad107a,fbb296de-dba2-4b23-9c3b-5c1285997b41,2026-04-30,unavailable,,,2026-04-29T20:35:06.532942+00:00,2026-04-29T20:35:06.392+00:00,,,
d6537043-1f84-4844-ab7b-8744a423c762,1fcf3901-e345-4476-b740-0d01c2592627,fbb296de-dba2-4b23-9c3b-5c1285997b41,2026-04-30,unavailable,,,2026-04-29T20:35:06.532942+00:00,2026-04-29T20:35:06.392+00:00,,,
75899702-300a-4479-a827-4934773e860a,81c16996-0b85-475e-a250-65be09ccef20,fbb296de-dba2-4b23-9c3b-5c1285997b41,2026-04-30,unavailable,,,2026-04-29T20:35:06.532942+00:00,2026-04-29T20:35:06.392+00:00,,,
0be0501a-9e43-4117-9756-9f40b6457bf0,daddf87a-52e4-4130-bcfb-6c57d484bf4f,fbb296de-dba2-4b23-9c3b-5c1285997b41,2026-04-30,unavailable,,,2026-04-29T20:35:06.532942+00:00,2026-04-29T20:35:06.392+00:00,,,
3de95673-989b-46d7-a18e-3346dc68a4a3,f5639c9e-b6d3-4ba5-a804-c0b05b0eecad,fbb296de-dba2-4b23-9c3b-5c1285997b41,2026-04-30,unavailable,,,2026-04-29T20:35:06.532942+00:00,2026-04-29T20:35:06.392+00:00,,,
404d98fc-5110-4536-b6b2-b1d28b98ee16,b8f48312-5ce2-436f-974e-3f41913ee188,fbb296de-dba2-4b23-9c3b-5c1285997b41,2026-04-30,unavailable,,,2026-04-29T20:35:06.532942+00:00,2026-04-29T20:35:06.392+00:00,,,
5d64684e-bc6d-4d19-811b-c3a77e319d38,c4880391-d815-4553-ad03-34066e1f1145,fbb296de-dba2-4b23-9c3b-5c1285997b41,2026-04-30,unavailable,,,2026-04-29T20:35:06.532942+00:00,2026-04-29T20:35:06.392+00:00,,,
b1d8adaa-f338-4626-b483-8622b6b50b1d,2ce5e1a4-8597-4d64-addc-651953a7a868,fbb296de-dba2-4b23-9c3b-5c1285997b41,2026-04-30,unavailable,,,2026-04-29T20:35:06.532942+00:00,2026-04-29T20:35:06.392+00:00,,,
17948487-305a-4efd-861a-8fad0a01b32d,69393448-7532-4c5c-afd9-f21c8a87c021,fbb296de-dba2-4b23-9c3b-5c1285997b41,2026-04-30,unavailable,,,2026-04-29T20:35:06.532942+00:00,2026-04-29T20:35:06.392+00:00,,,
d3867546-1ea9-4cb8-96ff-b83fa41e7c02,080205a7-44fc-49aa-a1c9-072aa3859d8f,fbb296de-dba2-4b23-9c3b-5c1285997b41,2026-04-30,unavailable,,,2026-04-29T20:35:06.532942+00:00,2026-04-29T20:35:06.392+00:00,,,
56c1e3e7-0354-46ef-987a-f870880b8b0d,2d7c5b8a-f3f9-462d-a7b0-06f5ac2dc976,a7e93193-d6a7-4f39-b11b-6ceb9b0a17f1,2026-04-30,unavailable,,,2026-04-29T20:35:07.760923+00:00,2026-04-29T20:35:07.613+00:00,,,
2d6e5252-9d2d-4a3c-86b8-f338013144d1,3a05fc41-5bd0-49c1-8c7c-21a4a1c6fcf4,a7e93193-d6a7-4f39-b11b-6ceb9b0a17f1,2026-04-30,unavailable,,,2026-04-29T20:35:07.760923+00:00,2026-04-29T20:35:07.613+00:00,,,
5d9d1331-49c8-4443-ba57-37c0d8d82980,80715009-1569-4eb1-bc15-3f1b74e45280,a7e93193-d6a7-4f39-b11b-6ceb9b0a17f1,2026-04-30,unavailable,,,2026-04-29T20:35:07.760923+00:00,2026-04-29T20:35:07.613+00:00,,,
ee26277a-a921-4d0b-bc49-243ff131b0fd,aa1f52af-a81a-43fc-84f2-8739dc579d52,a7e93193-d6a7-4f39-b11b-6ceb9b0a17f1,2026-04-30,unavailable,,,2026-04-29T20:35:07.760923+00:00,2026-04-29T20:35:07.613+00:00,,,
8066a52a-6bf1-44cb-9131-8a75e27c4d38,70434006-1d15-4b04-aa28-3d45dde2a641,a7e93193-d6a7-4f39-b11b-6ceb9b0a17f1,2026-04-30,unavailable,,,2026-04-29T20:35:07.760923+00:00,2026-04-29T20:35:07.613+00:00,,,
cd93473f-8b50-430f-ba9f-7b8eec233ca6,0abbd494-b25b-4f13-a55e-dcf6db986965,a7e93193-d6a7-4f39-b11b-6ceb9b0a17f1,2026-04-30,unavailable,,,2026-04-29T20:35:07.760923+00:00,2026-04-29T20:35:07.613+00:00,,,
636a5ccd-b28b-497f-8017-335ca898b938,62ef1b1f-0f0c-4ea8-ae97-8262c836aca4,a7e93193-d6a7-4f39-b11b-6ceb9b0a17f1,2026-04-30,unavailable,,,2026-04-29T20:35:07.760923+00:00,2026-04-29T20:35:07.613+00:00,,,
56db9958-56f7-4888-b636-1ba7a7f5b7e3,bcd7e7fd-91d0-47a4-a561-3327481cd9ed,a7e93193-d6a7-4f39-b11b-6ceb9b0a17f1,2026-04-30,unavailable,,,2026-04-29T20:35:07.760923+00:00,2026-04-29T20:35:07.613+00:00,,,
0d14c10a-d0ce-4463-802c-ec9b944f68af,b7208d85-35b3-448f-8cbe-35500f1559dd,a7e93193-d6a7-4f39-b11b-6ceb9b0a17f1,2026-04-30,unavailable,,,2026-04-29T20:35:07.760923+00:00,2026-04-29T20:35:07.613+00:00,,,
484a38ba-2914-43da-8d8e-cdbc2705985f,20a2301c-797c-4953-9efd-b28ccf27e775,a7e93193-d6a7-4f39-b11b-6ceb9b0a17f1,2026-04-30,unavailable,,,2026-04-29T20:35:07.760923+00:00,2026-04-29T20:35:07.613+00:00,,,
afa8a090-db9f-4575-8952-cb56a8c64a2e,40b5c780-6569-4806-8e95-e2c92eaa87c9,a7e93193-d6a7-4f39-b11b-6ceb9b0a17f1,2026-04-30,unavailable,,,2026-04-29T20:35:07.760923+00:00,2026-04-29T20:35:07.613+00:00,,,
06ed7089-d008-4fe0-b9df-9ed19a5e7196,4f62f2d1-3fe0-4f77-a6e4-747bc5e8c87e,a7e93193-d6a7-4f39-b11b-6ceb9b0a17f1,2026-04-30,unavailable,,,2026-04-29T20:35:07.760923+00:00,2026-04-29T20:35:07.613+00:00,,,
e917e85a-b828-4a60-a8ac-2b78084f7ba4,d78ec394-051b-4132-aa11-92a24197f565,a7e93193-d6a7-4f39-b11b-6ceb9b0a17f1,2026-04-30,unavailable,,,2026-04-29T20:35:07.760923+00:00,2026-04-29T20:35:07.613+00:00,,,
f6168901-3dfc-45c8-acb8-83143b7a3ca1,105a17f7-180a-4bb1-825c-6144eae25b9b,a7e93193-d6a7-4f39-b11b-6ceb9b0a17f1,2026-04-30,unavailable,,,2026-04-29T20:35:07.760923+00:00,2026-04-29T20:35:07.613+00:00,,,
cdeb8f25-e6d8-4218-833c-d4da5827003a,b56af66b-bf5b-40d8-9c9c-da4455afe5e3,a7e93193-d6a7-4f39-b11b-6ceb9b0a17f1,2026-04-30,unavailable,,,2026-04-29T20:35:07.760923+00:00,2026-04-29T20:35:07.613+00:00,,,
f23e12d5-72a4-41fe-8849-67510e36c398,e61bb04a-6523-4f0a-b945-dae17b2ab3c6,a7e93193-d6a7-4f39-b11b-6ceb9b0a17f1,2026-04-30,unavailable,,,2026-04-29T20:35:07.760923+00:00,2026-04-29T20:35:07.613+00:00,,,
03f3e4d5-39dc-4383-af0f-1f056c992a9f,1ef573f5-82a5-437f-b478-f09a7c3a3b06,a7e93193-d6a7-4f39-b11b-6ceb9b0a17f1,2026-04-30,unavailable,,,2026-04-29T20:35:07.760923+00:00,2026-04-29T20:35:07.613+00:00,,,
6bc11c21-0d83-41cf-9895-b563863d43d1,fc567f21-d1c4-4360-90b4-2837eaf9e2e8,a7e93193-d6a7-4f39-b11b-6ceb9b0a17f1,2026-04-30,unavailable,,,2026-04-29T20:35:07.760923+00:00,2026-04-29T20:35:07.613+00:00,,,
c83f4d84-9d5f-492e-9f76-3a6a58128401,1fba7f38-e8ac-4d0a-a165-40681248749a,a7e93193-d6a7-4f39-b11b-6ceb9b0a17f1,2026-04-30,unavailable,,,2026-04-29T20:35:07.760923+00:00,2026-04-29T20:35:07.613+00:00,,,
629da369-bf60-4256-b59c-b4820a300c6a,a2039f51-91f6-4381-a452-6b9f6c351a31,a7e93193-d6a7-4f39-b11b-6ceb9b0a17f1,2026-04-30,unavailable,,,2026-04-29T20:35:07.760923+00:00,2026-04-29T20:35:07.613+00:00,,,
26a21c36-7bbe-4eb1-b2be-32ec459a6d5f,d4056769-a0cc-4a7e-9ca6-7a0f6d868df5,a7e93193-d6a7-4f39-b11b-6ceb9b0a17f1,2026-04-30,unavailable,,,2026-04-29T20:35:07.760923+00:00,2026-04-29T20:35:07.613+00:00,,,
3db29172-226a-46ce-bd80-3e569b2b982c,2c6f9099-8630-4310-9a1c-b81f5170e839,a7e93193-d6a7-4f39-b11b-6ceb9b0a17f1,2026-04-30,unavailable,,,2026-04-29T20:35:07.760923+00:00,2026-04-29T20:35:07.613+00:00,,,
43970211-b6ff-4e8c-a517-6f60a38adacd,772df8d5-6962-487a-99d2-78d6ef150e85,a7e93193-d6a7-4f39-b11b-6ceb9b0a17f1,2026-04-30,unavailable,,,2026-04-29T20:35:07.760923+00:00,2026-04-29T20:35:07.613+00:00,,,
06a04631-6c5d-4b53-ac7a-80f496d460c6,a02772eb-54d3-4b3f-97a6-223043efe589,a7e93193-d6a7-4f39-b11b-6ceb9b0a17f1,2026-04-30,unavailable,,,2026-04-29T20:35:07.760923+00:00,2026-04-29T20:35:07.613+00:00,,,
dc7501f1-f9c5-42b3-986d-adb8edf69c6f,1cd8cacb-9218-4990-9bbf-a2e7ce216f54,a7e93193-d6a7-4f39-b11b-6ceb9b0a17f1,2026-04-30,unavailable,,,2026-04-29T20:35:07.760923+00:00,2026-04-29T20:35:07.613+00:00,,,
df743412-b95c-4d50-bfc5-91be86c6d7fd,942cbf39-99e6-40cd-8034-2eacf88611f2,a7e93193-d6a7-4f39-b11b-6ceb9b0a17f1,2026-04-30,unavailable,,,2026-04-29T20:35:07.760923+00:00,2026-04-29T20:35:07.613+00:00,,,
95441726-b76d-4e00-be16-a680295b133b,5d2be0b1-c8e4-4de7-becc-b24c8655215d,a7e93193-d6a7-4f39-b11b-6ceb9b0a17f1,2026-04-30,unavailable,,,2026-04-29T20:35:07.760923+00:00,2026-04-29T20:35:07.613+00:00,,,
bc8c8a47-41eb-45db-8c46-16f8e299560e,ff117f7e-e829-4c9b-94be-583211e2b8eb,a7e93193-d6a7-4f39-b11b-6ceb9b0a17f1,2026-04-30,unavailable,,,2026-04-29T20:35:07.760923+00:00,2026-04-29T20:35:07.613+00:00,,,
3543a762-f0c0-48c1-928d-778e7840d35c,47a0a430-3e3c-4cb4-85c9-47cc22a0b918,a7e93193-d6a7-4f39-b11b-6ceb9b0a17f1,2026-04-30,unavailable,,,2026-04-29T20:35:07.760923+00:00,2026-04-29T20:35:07.613+00:00,,,
43ead9fb-d187-4098-9fd0-931480b694da,a5ac6324-2319-4372-a71b-2fcd580315da,a7e93193-d6a7-4f39-b11b-6ceb9b0a17f1,2026-04-30,unavailable,,,2026-04-29T20:35:07.760923+00:00,2026-04-29T20:35:07.613+00:00,,,
ddf7c3a5-e978-4f76-987a-d8a967ab5ee2,9da89b63-0331-4cc7-a3cd-61ca235b49f7,a7e93193-d6a7-4f39-b11b-6ceb9b0a17f1,2026-04-30,unavailable,,,2026-04-29T20:35:07.760923+00:00,2026-04-29T20:35:07.613+00:00,,,
d829ca6c-85c4-4446-80b3-14880607f54d,c6110ff1-93d1-471e-b0b1-bdb584068e25,a7e93193-d6a7-4f39-b11b-6ceb9b0a17f1,2026-04-30,unavailable,,,2026-04-29T20:35:07.760923+00:00,2026-04-29T20:35:07.613+00:00,,,
20faa2a9-a9d5-42c0-a48e-802c211ab842,f64ae6e9-98b8-4d49-96ba-8d2b7cb99216,a7e93193-d6a7-4f39-b11b-6ceb9b0a17f1,2026-04-30,unavailable,,,2026-04-29T20:35:07.760923+00:00,2026-04-29T20:35:07.613+00:00,,,
0f6e4fb8-d25e-49be-80b7-3ec2935d1fbc,267a7ea2-953e-49dd-8b14-79e115a8efc7,a7e93193-d6a7-4f39-b11b-6ceb9b0a17f1,2026-04-30,unavailable,,,2026-04-29T20:35:07.760923+00:00,2026-04-29T20:35:07.613+00:00,,,
4e32113d-473a-4efe-bbef-ea986984c42c,1b643468-628a-4ec8-a769-b0ae8bc8af71,a7e93193-d6a7-4f39-b11b-6ceb9b0a17f1,2026-04-30,unavailable,,,2026-04-29T20:35:07.760923+00:00,2026-04-29T20:35:07.613+00:00,,,
54d84e1c-ea98-4812-b947-600856fd0068,ba787ccf-f590-4338-a42d-06071e35b23c,a7e93193-d6a7-4f39-b11b-6ceb9b0a17f1,2026-04-30,unavailable,,,2026-04-29T20:35:07.760923+00:00,2026-04-29T20:35:07.613+00:00,,,
039526af-3011-438e-ad50-139ec442d7e4,aa3c24a5-eb55-4d6d-98a6-1c461b8b808c,a7e93193-d6a7-4f39-b11b-6ceb9b0a17f1,2026-04-30,unavailable,,,2026-04-29T20:35:07.760923+00:00,2026-04-29T20:35:07.613+00:00,,,
99c3df7d-dd05-4524-a218-e72f40ea5cad,5ebd0006-3ba4-436b-ad38-65e63495b4d5,a7e93193-d6a7-4f39-b11b-6ceb9b0a17f1,2026-04-30,unavailable,,,2026-04-29T20:35:07.760923+00:00,2026-04-29T20:35:07.613+00:00,,,
5b189f7f-e83f-4639-a949-11cb45388167,44bdbde8-576d-4d7f-b668-d2f2bf72fb2e,a7e93193-d6a7-4f39-b11b-6ceb9b0a17f1,2026-04-30,unavailable,,,2026-04-29T20:35:07.760923+00:00,2026-04-29T20:35:07.613+00:00,,,
09e3c4b7-12a7-40a8-85b7-e5cb36d8e9aa,5da6dc1f-43a1-4182-bea0-4d1036c97b6d,a7e93193-d6a7-4f39-b11b-6ceb9b0a17f1,2026-04-30,unavailable,,,2026-04-29T20:35:07.760923+00:00,2026-04-29T20:35:07.613+00:00,,,
91ea566d-4007-4e18-88f8-3e3551f1d531,49e1f495-eb85-494c-8013-2e0fdceeb50c,a7e93193-d6a7-4f39-b11b-6ceb9b0a17f1,2026-04-30,unavailable,,,2026-04-29T20:35:07.760923+00:00,2026-04-29T20:35:07.613+00:00,,,
bc17bef5-6bc7-4d4c-94c5-b479fab6399e,3523ac42-08ca-43c3-97ae-7ecde7cdb297,a7e93193-d6a7-4f39-b11b-6ceb9b0a17f1,2026-04-30,unavailable,,,2026-04-29T20:35:07.760923+00:00,2026-04-29T20:35:07.613+00:00,,,
8d285045-ff62-4419-8f2d-b2f2268597e3,6a383d81-af24-4d74-a14e-ec5dd8b4653d,a7e93193-d6a7-4f39-b11b-6ceb9b0a17f1,2026-04-30,unavailable,,,2026-04-29T20:35:07.760923+00:00,2026-04-29T20:35:07.613+00:00,,,
25b222e3-b70b-4a16-8e91-3f16c2ab2ff7,21d117ac-f8fb-45fd-bf02-a0f11942e9a3,a7e93193-d6a7-4f39-b11b-6ceb9b0a17f1,2026-04-30,unavailable,,,2026-04-29T20:35:07.760923+00:00,2026-04-29T20:35:07.613+00:00,,,
166a7b23-e8e6-426f-ab7f-cca43dc926a5,5d480edd-15b4-4457-b01b-8b369f82cae4,a7e93193-d6a7-4f39-b11b-6ceb9b0a17f1,2026-04-30,unavailable,,,2026-04-29T20:35:07.760923+00:00,2026-04-29T20:35:07.613+00:00,,,
9589b412-8508-4e76-8f08-dcab07c10f81,b0d98b9a-7524-48e8-89b3-d8a93d7340c8,a7e93193-d6a7-4f39-b11b-6ceb9b0a17f1,2026-04-30,unavailable,,,2026-04-29T20:35:07.760923+00:00,2026-04-29T20:35:07.613+00:00,,,
587f147b-7748-40b0-bb9f-efa3772fd302,cafd9f72-ec03-41b9-9660-321eb178895e,a7e93193-d6a7-4f39-b11b-6ceb9b0a17f1,2026-04-30,unavailable,,,2026-04-29T20:35:07.760923+00:00,2026-04-29T20:35:07.613+00:00,,,
e2fae57c-d3b8-427c-8c72-991abf497f90,09a16f0b-ece0-4ad2-918d-5fef33c1becd,a7e93193-d6a7-4f39-b11b-6ceb9b0a17f1,2026-04-30,unavailable,,,2026-04-29T20:35:07.760923+00:00,2026-04-29T20:35:07.613+00:00,,,
79b166af-e910-464c-ae64-bf15364d6252,3094309a-9f88-431b-8e3e-a2c8dfade33d,a7e93193-d6a7-4f39-b11b-6ceb9b0a17f1,2026-04-30,unavailable,,,2026-04-29T20:35:07.760923+00:00,2026-04-29T20:35:07.613+00:00,,,
7e92ba9f-b901-4fa9-accc-dbccb0ba94de,f928dfeb-fbe7-4518-a98a-0d77b37478dc,a7e93193-d6a7-4f39-b11b-6ceb9b0a17f1,2026-04-30,unavailable,,,2026-04-29T20:35:07.760923+00:00,2026-04-29T20:35:07.613+00:00,,,
941834dd-55bc-4781-a40c-928ed44baed9,0299c9ab-abbe-49fa-a8ea-2f63027fb6f5,a7e93193-d6a7-4f39-b11b-6ceb9b0a17f1,2026-04-30,unavailable,,,2026-04-29T20:35:07.760923+00:00,2026-04-29T20:35:07.613+00:00,,,
724efc19-82c9-4367-9710-79c1721518a9,bad52eee-5a53-493c-9760-b6beca52b9cb,a7e93193-d6a7-4f39-b11b-6ceb9b0a17f1,2026-04-30,unavailable,,,2026-04-29T20:35:07.760923+00:00,2026-04-29T20:35:07.613+00:00,,,
546cf80f-3e1a-4e36-b90c-d4d0632534fb,7308a611-e53e-46be-bf03-8b6ba3d6776d,a7e93193-d6a7-4f39-b11b-6ceb9b0a17f1,2026-04-30,unavailable,,,2026-04-29T20:35:07.760923+00:00,2026-04-29T20:35:07.613+00:00,,,
89aff839-b35b-413a-be70-6ce688a119db,78352cbe-90e6-4e26-8e68-95ff4931e2a4,a7e93193-d6a7-4f39-b11b-6ceb9b0a17f1,2026-04-30,unavailable,,,2026-04-29T20:35:07.760923+00:00,2026-04-29T20:35:07.613+00:00,,,
ff9668c8-f54c-4934-94f3-ec357d34529b,02e3c03b-5da1-4900-9a00-7c22f8e54505,a7e93193-d6a7-4f39-b11b-6ceb9b0a17f1,2026-04-30,unavailable,,,2026-04-29T20:35:07.760923+00:00,2026-04-29T20:35:07.613+00:00,,,
a5d931ab-0251-461b-8b8c-a42872db77e8,eca26cbb-d6eb-4cf3-bded-833d0c82c2cc,a7e93193-d6a7-4f39-b11b-6ceb9b0a17f1,2026-04-30,unavailable,,,2026-04-29T20:35:07.760923+00:00,2026-04-29T20:35:07.613+00:00,,,
7afeb387-09a5-4613-83fa-3692737ef20e,2f3c7437-50fb-4e17-a781-08f140fa8f77,a7e93193-d6a7-4f39-b11b-6ceb9b0a17f1,2026-04-30,unavailable,,,2026-04-29T20:35:07.760923+00:00,2026-04-29T20:35:07.613+00:00,,,
53559bc8-e859-42b9-a897-5a54dbd0f6a6,0a36520c-f191-437c-9745-c85a53861102,a7e93193-d6a7-4f39-b11b-6ceb9b0a17f1,2026-04-30,unavailable,,,2026-04-29T20:35:07.760923+00:00,2026-04-29T20:35:07.613+00:00,,,
35c80fb1-29d1-41e5-bc77-12bd8cc7daed,feaad469-a829-41b2-988e-5efed6c64b6c,a7e93193-d6a7-4f39-b11b-6ceb9b0a17f1,2026-04-30,unavailable,,,2026-04-29T20:35:07.760923+00:00,2026-04-29T20:35:07.613+00:00,,,
52736073-8f93-429f-9338-e53ace141c6a,3cb29cc2-866b-4360-90a3-15d01db8714a,a7e93193-d6a7-4f39-b11b-6ceb9b0a17f1,2026-04-30,unavailable,,,2026-04-29T20:35:07.760923+00:00,2026-04-29T20:35:07.613+00:00,,,
6d01bee7-f63b-40f1-93d1-4f8c5a4d126f,89deecdc-4aaf-4b43-9716-bc54563a3e98,a7e93193-d6a7-4f39-b11b-6ceb9b0a17f1,2026-04-30,unavailable,,,2026-04-29T20:35:07.760923+00:00,2026-04-29T20:35:07.613+00:00,,,
3d8dcfb2-1b37-440d-816f-52e8da399c88,b11df9b7-4ce3-409d-9a00-1ccc44bf334f,a7e93193-d6a7-4f39-b11b-6ceb9b0a17f1,2026-04-30,unavailable,,,2026-04-29T20:35:07.760923+00:00,2026-04-29T20:35:07.613+00:00,,,
b651ecba-1793-4327-b256-56891f441888,47c5aed7-be06-44b8-8ca9-c898e5aeea76,a7e93193-d6a7-4f39-b11b-6ceb9b0a17f1,2026-04-30,unavailable,,,2026-04-29T20:35:07.760923+00:00,2026-04-29T20:35:07.613+00:00,,,
4a5df495-e7e4-4255-848c-f8e3e3f7bd40,66056ffe-bed5-4f29-9efc-b3451224d474,a7e93193-d6a7-4f39-b11b-6ceb9b0a17f1,2026-04-30,unavailable,,,2026-04-29T20:35:07.760923+00:00,2026-04-29T20:35:07.613+00:00,,,
b01d1753-58a5-4913-bdc5-a3493149d63f,2c6d8e1e-5fca-4ef0-8171-db565a70bb02,a7e93193-d6a7-4f39-b11b-6ceb9b0a17f1,2026-04-30,unavailable,,,2026-04-29T20:35:07.760923+00:00,2026-04-29T20:35:07.613+00:00,,,
b2b580aa-4a52-4e9d-ba59-7f99b44358db,4cb1a70a-69ff-40a0-a510-294ba986d499,a7e93193-d6a7-4f39-b11b-6ceb9b0a17f1,2026-04-30,unavailable,,,2026-04-29T20:35:07.760923+00:00,2026-04-29T20:35:07.613+00:00,,,
50542fc7-99e9-4a6b-91ea-f48f265fdd1b,51bd07e8-04c4-4564-af34-8d952def0f8d,a7e93193-d6a7-4f39-b11b-6ceb9b0a17f1,2026-04-30,unavailable,,,2026-04-29T20:35:07.760923+00:00,2026-04-29T20:35:07.613+00:00,,,
59c58171-f0a3-492f-b440-01aa8e72a1d9,abe101e7-ab70-43a7-bba2-e161bcd2b73e,a7e93193-d6a7-4f39-b11b-6ceb9b0a17f1,2026-04-30,unavailable,,,2026-04-29T20:35:07.760923+00:00,2026-04-29T20:35:07.613+00:00,,,
1647a8b5-11b6-4194-a952-a86a876eb963,7de4b628-ab0b-4d70-96e8-d8b7f23fbfdd,a7e93193-d6a7-4f39-b11b-6ceb9b0a17f1,2026-04-30,unavailable,,,2026-04-29T20:35:07.760923+00:00,2026-04-29T20:35:07.613+00:00,,,
01a8cacb-7ca6-42a2-9dee-5a6873bbfbd4,45a1142b-7760-4e8c-a1af-989c15a5fdc4,a7e93193-d6a7-4f39-b11b-6ceb9b0a17f1,2026-04-30,unavailable,,,2026-04-29T20:35:07.760923+00:00,2026-04-29T20:35:07.613+00:00,,,
6061c762-3b43-4837-a5eb-d3ae85263ce3,5b3f4657-21b0-44a7-8f0a-3f0ecd43f712,a7e93193-d6a7-4f39-b11b-6ceb9b0a17f1,2026-04-30,unavailable,,,2026-04-29T20:35:07.760923+00:00,2026-04-29T20:35:07.613+00:00,,,
0f384f21-ddb0-4e8f-9866-fabdaf93be24,fc189420-99ea-4786-a143-2314e7653949,a7e93193-d6a7-4f39-b11b-6ceb9b0a17f1,2026-04-30,unavailable,,,2026-04-29T20:35:07.760923+00:00,2026-04-29T20:35:07.613+00:00,,,
8fbc0b71-f3b0-44df-aa58-d63f8b65aeb4,9bc2c597-4686-47a2-bdce-22b9ce02d3dd,a7e93193-d6a7-4f39-b11b-6ceb9b0a17f1,2026-04-30,unavailable,,,2026-04-29T20:35:07.760923+00:00,2026-04-29T20:35:07.613+00:00,,,
4a1cbd8c-2017-45aa-9649-fb32624746b9,10c6b8e6-72c6-4198-8dbb-9afc48473d68,a7e93193-d6a7-4f39-b11b-6ceb9b0a17f1,2026-04-30,unavailable,,,2026-04-29T20:35:07.760923+00:00,2026-04-29T20:35:07.613+00:00,,,
d834174c-230c-4a94-bbf3-91e7f1442570,c8b51b5d-7fe1-40db-ad18-7b79258828a1,a7e93193-d6a7-4f39-b11b-6ceb9b0a17f1,2026-04-30,unavailable,,,2026-04-29T20:35:07.760923+00:00,2026-04-29T20:35:07.613+00:00,,,
ccfce4c0-f0fa-4705-a1cf-fcde1d400441,6f6dcd58-46f9-4796-8b12-f65aeb26ab1e,a7e93193-d6a7-4f39-b11b-6ceb9b0a17f1,2026-04-30,unavailable,,,2026-04-29T20:35:07.760923+00:00,2026-04-29T20:35:07.613+00:00,,,
9323849c-2f12-4dec-a364-a155b0848a59,188cfea9-8ce2-4ee6-aa4a-8ace3bb24307,a7e93193-d6a7-4f39-b11b-6ceb9b0a17f1,2026-04-30,unavailable,,,2026-04-29T20:35:07.760923+00:00,2026-04-29T20:35:07.613+00:00,,,
3954075e-fef0-4eb6-ad15-dc626ca3a8df,bb521bcd-ab51-4458-86ef-2f2b3e9dd4d7,a7e93193-d6a7-4f39-b11b-6ceb9b0a17f1,2026-04-30,unavailable,,,2026-04-29T20:35:07.760923+00:00,2026-04-29T20:35:07.613+00:00,,,
3d69d2e3-c59f-4d45-916a-03ef98b19d3f,28939fc7-49c1-4151-b66e-c707529eb24b,a7e93193-d6a7-4f39-b11b-6ceb9b0a17f1,2026-04-30,unavailable,,,2026-04-29T20:35:07.760923+00:00,2026-04-29T20:35:07.613+00:00,,,
2de3bf63-aec0-4e3c-ad7b-6a070f952263,ecbae0c7-4bea-436b-9f87-b80c26ec150f,a7e93193-d6a7-4f39-b11b-6ceb9b0a17f1,2026-04-30,unavailable,,,2026-04-29T20:35:07.760923+00:00,2026-04-29T20:35:07.613+00:00,,,
754000c0-7feb-49e7-9d24-93c1c5524de5,4e678c0c-345b-4cad-8f84-08fb2e61cccd,a7e93193-d6a7-4f39-b11b-6ceb9b0a17f1,2026-04-30,unavailable,,,2026-04-29T20:35:07.760923+00:00,2026-04-29T20:35:07.613+00:00,,,
be2fc809-13ee-41c3-9073-cc32271f494f,acc2e31f-8c70-4ae8-82e0-30c047f6bc1f,a7e93193-d6a7-4f39-b11b-6ceb9b0a17f1,2026-04-30,unavailable,,,2026-04-29T20:35:07.760923+00:00,2026-04-29T20:35:07.613+00:00,,,
8f835c13-4e24-4f6f-b9c8-8733d31fbe4e,8e08ef07-dafc-46a6-8d05-a8ed0e1cb79c,a7e93193-d6a7-4f39-b11b-6ceb9b0a17f1,2026-04-30,unavailable,,,2026-04-29T20:35:07.760923+00:00,2026-04-29T20:35:07.613+00:00,,,
a874f848-febf-44da-a0f5-cfa1c5594718,5faef9e7-1115-4fbf-a391-fc83e8635b70,a7e93193-d6a7-4f39-b11b-6ceb9b0a17f1,2026-04-30,unavailable,,,2026-04-29T20:35:07.760923+00:00,2026-04-29T20:35:07.613+00:00,,,
96c987a6-ea17-4601-b7f9-ae39db79dac8,53d4c1e2-c93c-4f45-8fb1-f0bd64ef921e,a7e93193-d6a7-4f39-b11b-6ceb9b0a17f1,2026-04-30,unavailable,,,2026-04-29T20:35:07.760923+00:00,2026-04-29T20:35:07.613+00:00,,,
5c7fd5f6-327e-4b2f-886e-026fbaf28348,953a114e-45a0-47ca-8ac0-c0e188cd65c2,a7e93193-d6a7-4f39-b11b-6ceb9b0a17f1,2026-04-30,unavailable,,,2026-04-29T20:35:07.760923+00:00,2026-04-29T20:35:07.613+00:00,,,
df480373-4dc7-4b4a-87ed-d46f966417b3,25149f32-ee59-48d7-a941-9f6c35ca2855,a7e93193-d6a7-4f39-b11b-6ceb9b0a17f1,2026-04-30,unavailable,,,2026-04-29T20:35:07.760923+00:00,2026-04-29T20:35:07.613+00:00,,,
0e4491b5-5bcf-4757-a13c-17e3c75e5e77,a3d78333-79fb-4040-8a2f-6f43aa351556,a7e93193-d6a7-4f39-b11b-6ceb9b0a17f1,2026-04-30,unavailable,,,2026-04-29T20:35:07.760923+00:00,2026-04-29T20:35:07.613+00:00,,,
b1148fef-d89e-427c-a166-5b5cc412230d,e466e1b5-0324-484f-be32-9f1e792d73e0,a7e93193-d6a7-4f39-b11b-6ceb9b0a17f1,2026-04-30,unavailable,,,2026-04-29T20:35:07.760923+00:00,2026-04-29T20:35:07.613+00:00,,,
3b799580-dcf4-42de-995d-0980030ec90d,afb9bf7c-248b-4142-8e01-029b5cbbd4c5,a7e93193-d6a7-4f39-b11b-6ceb9b0a17f1,2026-04-30,unavailable,,,2026-04-29T20:35:07.760923+00:00,2026-04-29T20:35:07.613+00:00,,,
1ca3ef63-19b7-4cc1-b7fc-a4616a17b319,dea0d41c-bb8b-4b5d-a829-28e07fff0010,a7e93193-d6a7-4f39-b11b-6ceb9b0a17f1,2026-04-30,unavailable,,,2026-04-29T20:35:07.760923+00:00,2026-04-29T20:35:07.613+00:00,,,
23252f71-eade-40ad-bb28-789dc5ef31c1,b67bd172-bbd0-48ef-9cda-9d458718bae0,a7e93193-d6a7-4f39-b11b-6ceb9b0a17f1,2026-04-30,unavailable,,,2026-04-29T20:35:07.760923+00:00,2026-04-29T20:35:07.613+00:00,,,
e37aaf91-99e2-49a7-82da-10daabedc362,31bb4896-e136-4f61-8c9a-44f45a24b9db,a7e93193-d6a7-4f39-b11b-6ceb9b0a17f1,2026-04-30,unavailable,,,2026-04-29T20:35:07.760923+00:00,2026-04-29T20:35:07.613+00:00,,,
974a68c5-e856-4daf-9e9f-667bef15adba,e6c3b55d-0838-4760-b4e8-30ec6b724c69,a7e93193-d6a7-4f39-b11b-6ceb9b0a17f1,2026-04-30,unavailable,,,2026-04-29T20:35:07.760923+00:00,2026-04-29T20:35:07.613+00:00,,,
6c97e6e5-d8bf-4a9e-94cc-bf5c46544aa6,b4e55d8f-e956-442f-a4ad-595da88885fb,a7e93193-d6a7-4f39-b11b-6ceb9b0a17f1,2026-04-30,unavailable,,,2026-04-29T20:35:07.760923+00:00,2026-04-29T20:35:07.613+00:00,,,
c78f53e6-5a1b-4349-a8de-480b8653be4e,6058be35-369e-435d-8373-442cac7b65f8,a7e93193-d6a7-4f39-b11b-6ceb9b0a17f1,2026-04-30,unavailable,,,2026-04-29T20:35:07.760923+00:00,2026-04-29T20:35:07.613+00:00,,,
9e497a65-597b-43ea-b351-d04ac009b74a,9adeb556-ece2-498f-abb0-869e7ea01aa8,a7e93193-d6a7-4f39-b11b-6ceb9b0a17f1,2026-04-30,unavailable,,,2026-04-29T20:35:07.760923+00:00,2026-04-29T20:35:07.613+00:00,,,
e522d1ec-3427-4043-a539-085f884f70e3,bfa7d4bd-6923-4d5f-9b63-2801c4cd92b2,a7e93193-d6a7-4f39-b11b-6ceb9b0a17f1,2026-04-30,unavailable,,,2026-04-29T20:35:07.760923+00:00,2026-04-29T20:35:07.613+00:00,,,
7d2c7c40-d599-47df-8076-047824b50ee4,bf479c71-9394-4a55-b9ac-c81c237fa309,a7e93193-d6a7-4f39-b11b-6ceb9b0a17f1,2026-04-30,unavailable,,,2026-04-29T20:35:07.760923+00:00,2026-04-29T20:35:07.613+00:00,,,
f279605e-ae0d-4c07-9aa6-3e40416d024f,4d8341f1-1d5f-49e5-95e6-bda4f2816a28,a7e93193-d6a7-4f39-b11b-6ceb9b0a17f1,2026-04-30,unavailable,,,2026-04-29T20:35:07.760923+00:00,2026-04-29T20:35:07.613+00:00,,,
11a56b10-b5fe-438c-8192-588a99edbcd7,f6723b26-0b45-4a30-bfa8-1ee732565796,a7e93193-d6a7-4f39-b11b-6ceb9b0a17f1,2026-04-30,unavailable,,,2026-04-29T20:35:07.760923+00:00,2026-04-29T20:35:07.613+00:00,,,
d5592e30-d93f-4aaf-b2a6-72e806028fd1,6d8db724-4152-43b2-bf1b-ca96881952e6,a7e93193-d6a7-4f39-b11b-6ceb9b0a17f1,2026-04-30,unavailable,,,2026-04-29T20:35:07.760923+00:00,2026-04-29T20:35:07.613+00:00,,,
2f54db7c-4150-4514-af07-4efa1250f277,5aace772-3b44-4925-820b-042fba96ee1b,a7e93193-d6a7-4f39-b11b-6ceb9b0a17f1,2026-04-30,unavailable,,,2026-04-29T20:35:07.760923+00:00,2026-04-29T20:35:07.613+00:00,,,
70ff986b-ad93-47e0-8dab-aacb4a3108d2,c884d033-d490-4ccb-ba1f-646407b6ab42,a7e93193-d6a7-4f39-b11b-6ceb9b0a17f1,2026-04-30,unavailable,,,2026-04-29T20:35:07.760923+00:00,2026-04-29T20:35:07.613+00:00,,,
04a09d56-74b7-41cf-a0da-b998f2589515,ddb4593f-6ae9-4e1d-b64b-9c0d989de317,a7e93193-d6a7-4f39-b11b-6ceb9b0a17f1,2026-04-30,unavailable,,,2026-04-29T20:35:07.760923+00:00,2026-04-29T20:35:07.613+00:00,,,
42bef3a8-185b-425d-80af-99c48f0bf2c1,1e313572-571e-46b4-b012-80449350cf3f,a7e93193-d6a7-4f39-b11b-6ceb9b0a17f1,2026-04-30,unavailable,,,2026-04-29T20:35:07.760923+00:00,2026-04-29T20:35:07.613+00:00,,,
1323bb98-2ee4-4756-aa4b-86656f6c0807,95a59580-6440-4afa-95b7-90e438e0b33b,a7e93193-d6a7-4f39-b11b-6ceb9b0a17f1,2026-04-30,unavailable,,,2026-04-29T20:35:07.760923+00:00,2026-04-29T20:35:07.613+00:00,,,
fadd2803-eba6-4542-8b24-3009c590f91b,1ce0b2b8-6262-4b17-98f9-60bed3365ecb,a7e93193-d6a7-4f39-b11b-6ceb9b0a17f1,2026-04-30,unavailable,,,2026-04-29T20:35:07.760923+00:00,2026-04-29T20:35:07.613+00:00,,,
33d0841f-0014-46fa-88c5-120ab1a8061e,d9bf2e1e-2f9d-4952-97aa-c74fdd095b34,a7e93193-d6a7-4f39-b11b-6ceb9b0a17f1,2026-04-30,unavailable,,,2026-04-29T20:35:07.760923+00:00,2026-04-29T20:35:07.613+00:00,,,
6c8df441-774f-4a36-a940-014ade0a40d6,4af25fcb-085b-4071-97d0-4af42e4a5f0b,a7e93193-d6a7-4f39-b11b-6ceb9b0a17f1,2026-04-30,unavailable,,,2026-04-29T20:35:07.760923+00:00,2026-04-29T20:35:07.613+00:00,,,
2d48a1ec-92e3-4c5e-9919-3a7e2ce2932b,d04984bc-eb16-411e-8c99-ba6beb94db3c,a7e93193-d6a7-4f39-b11b-6ceb9b0a17f1,2026-04-30,unavailable,,,2026-04-29T20:35:07.760923+00:00,2026-04-29T20:35:07.613+00:00,,,
741a5da3-9bce-4d70-9fbf-2c6d388c9705,dfcf3978-e149-42ff-90c3-5ee66fc11c77,a7e93193-d6a7-4f39-b11b-6ceb9b0a17f1,2026-04-30,unavailable,,,2026-04-29T20:35:07.760923+00:00,2026-04-29T20:35:07.613+00:00,,,
7e355fa0-619e-4db2-be63-9c0b67c8024e,f0fe9b25-dd6c-40ca-b3a2-5ad353a1c66e,a7e93193-d6a7-4f39-b11b-6ceb9b0a17f1,2026-04-30,unavailable,,,2026-04-29T20:35:07.760923+00:00,2026-04-29T20:35:07.613+00:00,,,
005f1574-e3fc-43ce-876b-3b868da46713,e0ac9138-c667-4899-b1a7-25684d83684c,a7e93193-d6a7-4f39-b11b-6ceb9b0a17f1,2026-04-30,unavailable,,,2026-04-29T20:35:07.760923+00:00,2026-04-29T20:35:07.613+00:00,,,
4e97dfcf-9215-49ab-a6ad-32f4e62b3601,aec9b1ec-e511-4850-bfc1-ca8d1f749687,a7e93193-d6a7-4f39-b11b-6ceb9b0a17f1,2026-04-30,unavailable,,,2026-04-29T20:35:07.760923+00:00,2026-04-29T20:35:07.613+00:00,,,
9d29c49a-1a06-455d-9d4e-39ca644f24bb,03ac3e2a-cd94-4a27-a5eb-b34640786fae,a7e93193-d6a7-4f39-b11b-6ceb9b0a17f1,2026-04-30,unavailable,,,2026-04-29T20:35:07.760923+00:00,2026-04-29T20:35:07.613+00:00,,,
13638edf-ddae-4065-957c-5a27b3301126,bb300ba6-5a75-45b4-b42b-46a42914a3e7,a7e93193-d6a7-4f39-b11b-6ceb9b0a17f1,2026-04-30,unavailable,,,2026-04-29T20:35:07.760923+00:00,2026-04-29T20:35:07.613+00:00,,,
e3baf572-83ae-4cb3-8c1b-9a2dae3da354,86233651-f0cf-4660-9e65-f1bda5ed5e58,a7e93193-d6a7-4f39-b11b-6ceb9b0a17f1,2026-04-30,unavailable,,,2026-04-29T20:35:07.760923+00:00,2026-04-29T20:35:07.613+00:00,,,
bb292673-4686-496a-a307-9d12fd6f9a46,bf4ecc4d-e755-4605-8ac6-63d67ad62287,a7e93193-d6a7-4f39-b11b-6ceb9b0a17f1,2026-04-30,unavailable,,,2026-04-29T20:35:07.760923+00:00,2026-04-29T20:35:07.613+00:00,,,
74985498-ad56-445b-b8ba-8fc9a9b85644,13cd1ce2-5e86-451c-8f87-2b6f0842b010,a7e93193-d6a7-4f39-b11b-6ceb9b0a17f1,2026-04-30,unavailable,,,2026-04-29T20:35:07.760923+00:00,2026-04-29T20:35:07.613+00:00,,,
18fbe7ff-1a55-4884-b96c-6e359f462b56,f6df221f-4b0c-45c9-b354-4b58b1b21450,a7e93193-d6a7-4f39-b11b-6ceb9b0a17f1,2026-04-30,unavailable,,,2026-04-29T20:35:07.760923+00:00,2026-04-29T20:35:07.613+00:00,,,
68d7e2f1-9efe-477b-a9b6-dfc0dde92946,0b7d02c5-cd25-487a-ae38-30cf2c3199bb,a7e93193-d6a7-4f39-b11b-6ceb9b0a17f1,2026-04-30,unavailable,,,2026-04-29T20:35:07.760923+00:00,2026-04-29T20:35:07.613+00:00,,,
c16e16cb-2647-4166-bd8b-7184c42d9902,4f0ecc4f-9d09-4bab-9a9c-06ce5326a219,a7e93193-d6a7-4f39-b11b-6ceb9b0a17f1,2026-04-30,unavailable,,,2026-04-29T20:35:07.760923+00:00,2026-04-29T20:35:07.613+00:00,,,
21942fcf-93c1-4e5b-9694-b0b4351f8db0,9f442f9e-040a-4c4a-bdd3-810ccf0019c2,a7e93193-d6a7-4f39-b11b-6ceb9b0a17f1,2026-04-30,unavailable,,,2026-04-29T20:35:07.760923+00:00,2026-04-29T20:35:07.613+00:00,,,
b9a6484a-36d5-4027-ad5b-c42caff2b11b,e507c000-08c5-4d9e-8da4-975f0affa937,a7e93193-d6a7-4f39-b11b-6ceb9b0a17f1,2026-04-30,unavailable,,,2026-04-29T20:35:07.760923+00:00,2026-04-29T20:35:07.613+00:00,,,
64764dd7-3b14-4ba2-bff9-f5d17ce61a30,5920adcc-3687-45b2-a0ad-50b17f24faef,a7e93193-d6a7-4f39-b11b-6ceb9b0a17f1,2026-04-30,unavailable,,,2026-04-29T20:35:07.760923+00:00,2026-04-29T20:35:07.613+00:00,,,
cd84fdb5-e70d-4369-812f-5665a50d7a8f,19508c8b-5f9f-4cda-bffa-d36ef4c07bc2,a7e93193-d6a7-4f39-b11b-6ceb9b0a17f1,2026-04-30,unavailable,,,2026-04-29T20:35:07.760923+00:00,2026-04-29T20:35:07.613+00:00,,,
1669dc15-a18d-4dc0-bc30-1d13f74ad83a,3b390b60-bc5f-4a6c-8366-90501656ce20,a7e93193-d6a7-4f39-b11b-6ceb9b0a17f1,2026-04-30,unavailable,,,2026-04-29T20:35:07.760923+00:00,2026-04-29T20:35:07.613+00:00,,,
79f2f096-fb3b-47eb-84c6-6a20b56ba17b,1312210e-9cd8-4bac-96a8-11da91414ca2,a7e93193-d6a7-4f39-b11b-6ceb9b0a17f1,2026-04-30,unavailable,,,2026-04-29T20:35:07.760923+00:00,2026-04-29T20:35:07.613+00:00,,,
7b2b1711-271f-49ee-9546-57be4a1c8ba1,e3ec98c5-fd0d-4087-ae6f-8b84410a0199,a7e93193-d6a7-4f39-b11b-6ceb9b0a17f1,2026-04-30,unavailable,,,2026-04-29T20:35:07.760923+00:00,2026-04-29T20:35:07.613+00:00,,,
a6b5b627-42e9-4035-abe2-7ccb944ad34b,3d082f2c-37ab-422a-bcad-71da0369d206,a7e93193-d6a7-4f39-b11b-6ceb9b0a17f1,2026-04-30,unavailable,,,2026-04-29T20:35:07.760923+00:00,2026-04-29T20:35:07.613+00:00,,,
e9091a82-7935-41d9-9796-048666c90a6b,e704a939-0821-4540-b342-fec5e79de79a,a7e93193-d6a7-4f39-b11b-6ceb9b0a17f1,2026-04-30,unavailable,,,2026-04-29T20:35:07.760923+00:00,2026-04-29T20:35:07.613+00:00,,,
7f54cbf4-3980-41f2-bf17-6e57f152556d,cd527a80-68b8-45c9-b657-a2bb8e48c3b3,a7e93193-d6a7-4f39-b11b-6ceb9b0a17f1,2026-04-30,unavailable,,,2026-04-29T20:35:07.760923+00:00,2026-04-29T20:35:07.613+00:00,,,
2b58a594-a15c-48b7-8c56-a91190cb6be5,bbf210fa-39a3-4ce0-9091-558f93309281,a7e93193-d6a7-4f39-b11b-6ceb9b0a17f1,2026-04-30,unavailable,,,2026-04-29T20:35:07.760923+00:00,2026-04-29T20:35:07.613+00:00,,,
5a7f863f-af56-40eb-989e-5c471bfd662f,20c89eec-afeb-4600-8a4d-ad8deff1e6ff,a7e93193-d6a7-4f39-b11b-6ceb9b0a17f1,2026-04-30,unavailable,,,2026-04-29T20:35:07.760923+00:00,2026-04-29T20:35:07.613+00:00,,,
74bc5e2a-b067-4b36-8ba4-b7adeb9b70ac,472aebdc-b540-4f92-b4ca-98d5d526f416,a7e93193-d6a7-4f39-b11b-6ceb9b0a17f1,2026-04-30,unavailable,,,2026-04-29T20:35:07.760923+00:00,2026-04-29T20:35:07.613+00:00,,,
a1d52536-8f95-4fe7-92f0-9ed2acbada2f,bf1dac2d-8dd9-4c40-8b2c-7aa56ffd633d,a7e93193-d6a7-4f39-b11b-6ceb9b0a17f1,2026-04-30,unavailable,,,2026-04-29T20:35:07.760923+00:00,2026-04-29T20:35:07.613+00:00,,,
1169b114-52b3-47fd-833e-b53b4142577b,75aeb2f5-22fa-47df-95a2-21976cfb1df9,a7e93193-d6a7-4f39-b11b-6ceb9b0a17f1,2026-04-30,unavailable,,,2026-04-29T20:35:07.760923+00:00,2026-04-29T20:35:07.613+00:00,,,
ee250ed9-772e-4a12-928c-91f076a72761,aba5c0fa-7f46-4f07-9ee2-f6e7bf39bc1d,a7e93193-d6a7-4f39-b11b-6ceb9b0a17f1,2026-04-30,unavailable,,,2026-04-29T20:35:07.760923+00:00,2026-04-29T20:35:07.613+00:00,,,
296be886-7b9f-4d1c-b781-c88091c1023c,faa337de-416b-4c93-bc16-3b37c4f24049,a7e93193-d6a7-4f39-b11b-6ceb9b0a17f1,2026-04-30,unavailable,,,2026-04-29T20:35:07.760923+00:00,2026-04-29T20:35:07.613+00:00,,,
ec4f045d-73e1-4447-8ae3-1a7f2e062f0b,6b4c8cc4-4376-4ab6-9ee6-c624b72485a6,a7e93193-d6a7-4f39-b11b-6ceb9b0a17f1,2026-04-30,unavailable,,,2026-04-29T20:35:07.760923+00:00,2026-04-29T20:35:07.613+00:00,,,
859a4d0e-3970-4d0b-a9e7-12efb9e61e66,bfdd8bbb-5373-4e16-9c52-492471349f90,a7e93193-d6a7-4f39-b11b-6ceb9b0a17f1,2026-04-30,unavailable,,,2026-04-29T20:35:07.760923+00:00,2026-04-29T20:35:07.613+00:00,,,
931c58c0-1d52-402d-9a33-d6dbe8b52d1c,ffa03313-d46c-46fc-a98c-fc495db887c8,a7e93193-d6a7-4f39-b11b-6ceb9b0a17f1,2026-04-30,unavailable,,,2026-04-29T20:35:07.760923+00:00,2026-04-29T20:35:07.613+00:00,,,
c599d9e5-de9e-40f7-a647-a363335e7dae,254f04b8-24d1-4501-82ab-3de9aa297e4a,a7e93193-d6a7-4f39-b11b-6ceb9b0a17f1,2026-04-30,unavailable,,,2026-04-29T20:35:07.760923+00:00,2026-04-29T20:35:07.613+00:00,,,
f7ae830d-5054-40c5-b72a-8d868e2c7e6c,668f76c5-00fa-45e0-a391-ada8940fe179,a7e93193-d6a7-4f39-b11b-6ceb9b0a17f1,2026-04-30,unavailable,,,2026-04-29T20:35:07.760923+00:00,2026-04-29T20:35:07.613+00:00,,,
5551fa1b-9caf-481b-9d17-d5641dddcc3e,cc36fcf7-866b-4539-8745-9f9cde9890bc,a7e93193-d6a7-4f39-b11b-6ceb9b0a17f1,2026-04-30,unavailable,,,2026-04-29T20:35:07.760923+00:00,2026-04-29T20:35:07.613+00:00,,,
452714c9-fa9b-4805-b264-64c42ea49558,3748ead8-de3e-4936-a66d-9d0b2b545b70,a7e93193-d6a7-4f39-b11b-6ceb9b0a17f1,2026-04-30,unavailable,,,2026-04-29T20:35:07.760923+00:00,2026-04-29T20:35:07.613+00:00,,,
cc762d3f-e2ec-450a-b5f8-20c841e7fa0a,d738fe6a-8aae-4f9b-a997-d67179944468,a7e93193-d6a7-4f39-b11b-6ceb9b0a17f1,2026-04-30,unavailable,,,2026-04-29T20:35:07.760923+00:00,2026-04-29T20:35:07.613+00:00,,,
550d0150-d981-4739-8473-bb41dec6b2ad,da3fa041-df6e-4d09-8877-2f105c12936c,a7e93193-d6a7-4f39-b11b-6ceb9b0a17f1,2026-04-30,unavailable,,,2026-04-29T20:35:07.760923+00:00,2026-04-29T20:35:07.613+00:00,,,
61e84ae2-0ec3-4ea0-a50d-76bc5713503a,c2a76342-b6cd-4037-89e3-ebfa887bbb51,a7e93193-d6a7-4f39-b11b-6ceb9b0a17f1,2026-04-30,unavailable,,,2026-04-29T20:35:07.760923+00:00,2026-04-29T20:35:07.613+00:00,,,
a2a47e32-c7f0-45e2-b33c-0178dc2f170a,9e04d666-3178-44da-a5ad-75ca73a39c2b,a7e93193-d6a7-4f39-b11b-6ceb9b0a17f1,2026-04-30,unavailable,,,2026-04-29T20:35:07.760923+00:00,2026-04-29T20:35:07.613+00:00,,,
1f92cb9f-b7ce-414e-aafd-542d3623e790,9111d6fd-f6d3-4ade-9915-bbfde0232f4b,a7e93193-d6a7-4f39-b11b-6ceb9b0a17f1,2026-04-30,unavailable,,,2026-04-29T20:35:07.760923+00:00,2026-04-29T20:35:07.613+00:00,,,
d59085c4-4a30-4c51-8013-0e76fc972b5f,b8e32f9a-56c0-4915-9d71-413234d11bff,a7e93193-d6a7-4f39-b11b-6ceb9b0a17f1,2026-04-30,unavailable,,,2026-04-29T20:35:07.760923+00:00,2026-04-29T20:35:07.613+00:00,,,
df11ac68-872c-4007-843c-7c01cb8ab4cc,1319b9ad-0c60-4137-9117-9f6bcd77f1ac,a7e93193-d6a7-4f39-b11b-6ceb9b0a17f1,2026-04-30,unavailable,,,2026-04-29T20:35:07.760923+00:00,2026-04-29T20:35:07.613+00:00,,,
6f21d16b-6fb4-4f26-9104-11598536c7af,c19c0355-5119-46a4-956d-310776ade079,a7e93193-d6a7-4f39-b11b-6ceb9b0a17f1,2026-04-30,unavailable,,,2026-04-29T20:35:07.760923+00:00,2026-04-29T20:35:07.613+00:00,,,
136a44ed-39de-457c-8c00-2cbe387c67ab,fffc7b60-42d2-4f14-831e-1a4e4d71e26d,a7e93193-d6a7-4f39-b11b-6ceb9b0a17f1,2026-04-30,unavailable,,,2026-04-29T20:35:07.760923+00:00,2026-04-29T20:35:07.613+00:00,,,
981cb5cf-6ad7-41eb-9703-633ac971ccba,5f1621cc-8a4c-4563-88bf-daffe78af0ff,a7e93193-d6a7-4f39-b11b-6ceb9b0a17f1,2026-04-30,unavailable,,,2026-04-29T20:35:07.760923+00:00,2026-04-29T20:35:07.613+00:00,,,
d99e2ba4-6849-47d8-8754-9928f9051f00,148e5b83-9381-443e-9afd-b6991092c090,a7e93193-d6a7-4f39-b11b-6ceb9b0a17f1,2026-04-30,unavailable,,,2026-04-29T20:35:07.760923+00:00,2026-04-29T20:35:07.613+00:00,,,
c410d4cb-5471-40d3-b2a7-9d9ce9406fbc,b2d63f78-299d-4331-911f-a96c4941df55,a7e93193-d6a7-4f39-b11b-6ceb9b0a17f1,2026-04-30,unavailable,,,2026-04-29T20:35:07.760923+00:00,2026-04-29T20:35:07.613+00:00,,,
5d17774d-cb55-46f4-b00f-96b1ea2e81f2,06f3c06f-0fee-48b6-af1d-2f1e6d9ac65e,a7e93193-d6a7-4f39-b11b-6ceb9b0a17f1,2026-04-30,unavailable,,,2026-04-29T20:35:07.760923+00:00,2026-04-29T20:35:07.613+00:00,,,
c8ef47bd-2291-4548-92bc-398507fb6c32,25992891-0940-467e-8aa4-4a02bb64c2f8,a7e93193-d6a7-4f39-b11b-6ceb9b0a17f1,2026-04-30,unavailable,,,2026-04-29T20:35:07.760923+00:00,2026-04-29T20:35:07.613+00:00,,,
52907393-a770-41d0-8a76-aaa73b2a4ed8,71b1d585-5919-4a6a-9676-9869a51fec0e,a7e93193-d6a7-4f39-b11b-6ceb9b0a17f1,2026-04-30,unavailable,,,2026-04-29T20:35:07.760923+00:00,2026-04-29T20:35:07.613+00:00,,,
b55e728f-be12-4350-9a9a-aa361d329017,07facaef-e20c-417b-9419-6486f1ac9071,a7e93193-d6a7-4f39-b11b-6ceb9b0a17f1,2026-04-30,unavailable,,,2026-04-29T20:35:07.760923+00:00,2026-04-29T20:35:07.613+00:00,,,
1f5e95a5-0753-4d2e-bad1-c9c555f6122d,27133740-8739-4086-b026-370f41fedf92,a7e93193-d6a7-4f39-b11b-6ceb9b0a17f1,2026-04-30,unavailable,,,2026-04-29T20:35:07.760923+00:00,2026-04-29T20:35:07.613+00:00,,,
11630531-1928-4135-8657-2b1349cceb00,60ee9721-045f-41c3-91e8-d4c34e5d7175,a7e93193-d6a7-4f39-b11b-6ceb9b0a17f1,2026-04-30,unavailable,,,2026-04-29T20:35:07.760923+00:00,2026-04-29T20:35:07.613+00:00,,,
92370b19-5bd7-467b-bb09-393b1ae7df9a,2d181b74-593a-452f-8b74-3505e6766893,a7e93193-d6a7-4f39-b11b-6ceb9b0a17f1,2026-04-30,unavailable,,,2026-04-29T20:35:07.760923+00:00,2026-04-29T20:35:07.613+00:00,,,
d582a17c-b54e-49b6-915b-cf0cba42708c,b026bfc6-eef8-4751-abbe-82fd7c107473,a7e93193-d6a7-4f39-b11b-6ceb9b0a17f1,2026-04-30,unavailable,,,2026-04-29T20:35:07.760923+00:00,2026-04-29T20:35:07.613+00:00,,,
80983f3c-13ab-47b0-9f8b-4070335819cd,f466852a-ef7b-4013-ac24-d40b4c4cf55b,a7e93193-d6a7-4f39-b11b-6ceb9b0a17f1,2026-04-30,unavailable,,,2026-04-29T20:35:07.760923+00:00,2026-04-29T20:35:07.613+00:00,,,
abc865bb-2f95-4738-a773-be401bf2a7d6,7f6dd06a-83e0-4750-b802-b1f90cefa97f,a7e93193-d6a7-4f39-b11b-6ceb9b0a17f1,2026-04-30,unavailable,,,2026-04-29T20:35:07.760923+00:00,2026-04-29T20:35:07.613+00:00,,,
b8d0532f-a96e-4e28-8363-f58322419fea,ad7462a1-5295-4da0-81b8-fad9eb82b0e0,a7e93193-d6a7-4f39-b11b-6ceb9b0a17f1,2026-04-30,unavailable,,,2026-04-29T20:35:07.760923+00:00,2026-04-29T20:35:07.613+00:00,,,
5ea946eb-f52a-41c2-9c5b-a857069ac89e,e2ab0523-b78f-41b9-a50b-d55445e1c544,a7e93193-d6a7-4f39-b11b-6ceb9b0a17f1,2026-04-30,unavailable,,,2026-04-29T20:35:07.760923+00:00,2026-04-29T20:35:07.613+00:00,,,
b5d3e2c9-1a52-4bf8-b9c2-63405fae6a78,05f66656-45df-4cb0-bf70-229ad1938df6,a7e93193-d6a7-4f39-b11b-6ceb9b0a17f1,2026-04-30,unavailable,,,2026-04-29T20:35:07.760923+00:00,2026-04-29T20:35:07.613+00:00,,,
e6974557-77fe-439f-8eaa-79d536f57b3a,ae35edf7-0f5f-42cb-b1da-7ab6b187d19d,a7e93193-d6a7-4f39-b11b-6ceb9b0a17f1,2026-04-30,unavailable,,,2026-04-29T20:35:07.760923+00:00,2026-04-29T20:35:07.613+00:00,,,
dfee5bea-ce5c-43aa-bb6b-e52985094ced,c1a8700d-9fe7-4842-97e2-84acd9d975b3,a7e93193-d6a7-4f39-b11b-6ceb9b0a17f1,2026-04-30,unavailable,,,2026-04-29T20:35:07.760923+00:00,2026-04-29T20:35:07.613+00:00,,,
e5fdc5f2-05c8-4012-86d9-da9029f40fbd,d2d10fe8-69a3-4554-89d2-dedf9ea06203,a7e93193-d6a7-4f39-b11b-6ceb9b0a17f1,2026-04-30,unavailable,,,2026-04-29T20:35:07.760923+00:00,2026-04-29T20:35:07.613+00:00,,,
36a37fc4-44eb-4843-a947-d5933ada03e5,c57fbfb5-1ed2-4e98-9b48-c9b6b97c44bd,a7e93193-d6a7-4f39-b11b-6ceb9b0a17f1,2026-04-30,unavailable,,,2026-04-29T20:35:07.760923+00:00,2026-04-29T20:35:07.613+00:00,,,
cc37e44e-3b4a-46f4-bf38-4bc87e28b2db,1c0ec68f-ce08-4e5e-b4ed-3ce89f333f42,a7e93193-d6a7-4f39-b11b-6ceb9b0a17f1,2026-04-30,unavailable,,,2026-04-29T20:35:07.760923+00:00,2026-04-29T20:35:07.613+00:00,,,
cf3c8fc8-1ce7-43c0-8378-c5f0e6739cb7,d08761e2-5788-4a05-b0c0-5cb25f8a6403,a7e93193-d6a7-4f39-b11b-6ceb9b0a17f1,2026-04-30,unavailable,,,2026-04-29T20:35:07.760923+00:00,2026-04-29T20:35:07.613+00:00,,,
9fb26c73-1518-4527-b816-00c9e9469f38,4f4e920c-2cf6-4d2e-bd9b-e81927d9a495,a7e93193-d6a7-4f39-b11b-6ceb9b0a17f1,2026-04-30,unavailable,,,2026-04-29T20:35:07.760923+00:00,2026-04-29T20:35:07.613+00:00,,,
716bc28b-a047-4577-81b7-8a46a0b9b4b5,834fd3ad-e3e0-411e-92e5-79b1e68a34d9,a7e93193-d6a7-4f39-b11b-6ceb9b0a17f1,2026-04-30,unavailable,,,2026-04-29T20:35:07.760923+00:00,2026-04-29T20:35:07.613+00:00,,,
9bd9f02b-2031-4ae0-a0cd-fa31f890ab80,fe837eeb-c43f-4324-9484-e363c26f5829,a7e93193-d6a7-4f39-b11b-6ceb9b0a17f1,2026-04-30,unavailable,,,2026-04-29T20:35:07.760923+00:00,2026-04-29T20:35:07.613+00:00,,,
1214af88-a6e1-4328-8eca-0064c6c91fa4,5e50859d-1508-4fb1-84a9-adeef4b333ff,a7e93193-d6a7-4f39-b11b-6ceb9b0a17f1,2026-04-30,unavailable,,,2026-04-29T20:35:07.760923+00:00,2026-04-29T20:35:07.613+00:00,,,
f6f5d05c-2270-4ed8-bb91-c03522802d45,cb8885fa-21df-4a06-9dcc-911e9c6c474d,a7e93193-d6a7-4f39-b11b-6ceb9b0a17f1,2026-04-30,unavailable,,,2026-04-29T20:35:07.760923+00:00,2026-04-29T20:35:07.613+00:00,,,
5268ae4e-0dd8-4c75-bdb0-84f643d6e9de,90df21cf-925e-4fb0-85eb-9ee42c1a1449,a7e93193-d6a7-4f39-b11b-6ceb9b0a17f1,2026-04-30,unavailable,,,2026-04-29T20:35:07.760923+00:00,2026-04-29T20:35:07.613+00:00,,,
8f40d10b-a43b-47ba-a500-77fabcaa4904,09dd43ee-5456-4692-9016-433d77d3b6cb,a7e93193-d6a7-4f39-b11b-6ceb9b0a17f1,2026-04-30,unavailable,,,2026-04-29T20:35:07.760923+00:00,2026-04-29T20:35:07.613+00:00,,,
4d621d9e-d62d-494b-bd87-f170003fbe7e,e617222f-90ba-4246-b04a-f3c5e9fe0529,a7e93193-d6a7-4f39-b11b-6ceb9b0a17f1,2026-04-30,unavailable,,,2026-04-29T20:35:07.760923+00:00,2026-04-29T20:35:07.613+00:00,,,
eff104a3-57a3-40d4-b488-b0457b4651a5,c34f7e2a-f610-4e56-847b-495bf4739360,a7e93193-d6a7-4f39-b11b-6ceb9b0a17f1,2026-04-30,unavailable,,,2026-04-29T20:35:07.760923+00:00,2026-04-29T20:35:07.613+00:00,,,
a91196ff-d255-4280-8ee3-2d05c465d20a,07a79088-9fa0-477d-b4e2-42c943951872,a7e93193-d6a7-4f39-b11b-6ceb9b0a17f1,2026-04-30,unavailable,,,2026-04-29T20:35:07.760923+00:00,2026-04-29T20:35:07.613+00:00,,,
e0e47109-3c14-4c43-a72d-e55f722cdede,f95b7a6f-37f8-4de1-9fdc-7ac2ef7d7af4,a7e93193-d6a7-4f39-b11b-6ceb9b0a17f1,2026-04-30,unavailable,,,2026-04-29T20:35:07.760923+00:00,2026-04-29T20:35:07.613+00:00,,,
51de2b77-85b2-4cd1-87fb-cd0d3ae1cb85,4e67157b-7aca-400e-b55c-0bc10087721c,a7e93193-d6a7-4f39-b11b-6ceb9b0a17f1,2026-04-30,unavailable,,,2026-04-29T20:35:07.760923+00:00,2026-04-29T20:35:07.613+00:00,,,
ec90b349-12d0-4513-98b9-a5d48694c695,4261d2fb-71d3-4a3f-a3a2-ae6a3306afd6,a7e93193-d6a7-4f39-b11b-6ceb9b0a17f1,2026-04-30,unavailable,,,2026-04-29T20:35:07.760923+00:00,2026-04-29T20:35:07.613+00:00,,,
032c140d-478b-4150-b79b-52a15d979708,cce17ece-976b-4312-8212-c63feb877194,a7e93193-d6a7-4f39-b11b-6ceb9b0a17f1,2026-04-30,unavailable,,,2026-04-29T20:35:07.760923+00:00,2026-04-29T20:35:07.613+00:00,,,
a484ca50-2779-42ff-9cac-65a0b9f65e7f,7fd3cd92-6b83-4888-b0b5-3474f3e21904,a7e93193-d6a7-4f39-b11b-6ceb9b0a17f1,2026-04-30,unavailable,,,2026-04-29T20:35:07.760923+00:00,2026-04-29T20:35:07.613+00:00,,,
4fa21f3a-ce09-4b85-a8e6-7170883bc5e4,5141ea5f-0740-4a1c-a517-c21f73bd6986,a7e93193-d6a7-4f39-b11b-6ceb9b0a17f1,2026-04-30,unavailable,,,2026-04-29T20:35:07.760923+00:00,2026-04-29T20:35:07.613+00:00,,,
2418ebe4-c868-4e0c-bdeb-15ed923acfd6,8db30369-f76c-4629-a6d6-a2a50959835a,a7e93193-d6a7-4f39-b11b-6ceb9b0a17f1,2026-04-30,unavailable,,,2026-04-29T20:35:07.760923+00:00,2026-04-29T20:35:07.613+00:00,,,
1830f0a5-aa93-4246-abe7-5639eee83f60,e24c0340-b8f8-40e6-8346-fedd8d255826,a7e93193-d6a7-4f39-b11b-6ceb9b0a17f1,2026-04-30,unavailable,,,2026-04-29T20:35:07.760923+00:00,2026-04-29T20:35:07.613+00:00,,,
1c0b5bd3-f669-4b32-bf46-f5d691f37826,b9b71f11-fb3e-4476-8b78-7404bdae5973,a7e93193-d6a7-4f39-b11b-6ceb9b0a17f1,2026-04-30,unavailable,,,2026-04-29T20:35:07.760923+00:00,2026-04-29T20:35:07.613+00:00,,,
873f14d5-6409-4e98-a78b-3c721d06e83d,269969e8-9b32-48b2-ad34-e9eb10892aa0,a7e93193-d6a7-4f39-b11b-6ceb9b0a17f1,2026-04-30,unavailable,,,2026-04-29T20:35:07.760923+00:00,2026-04-29T20:35:07.613+00:00,,,
ac29b807-2885-4f38-97a8-313e03fb7639,05bf9d69-e5d2-48cb-9592-6325e9b0cb39,a7e93193-d6a7-4f39-b11b-6ceb9b0a17f1,2026-04-30,unavailable,,,2026-04-29T20:35:07.760923+00:00,2026-04-29T20:35:07.613+00:00,,,
f40bb5cb-3fa2-49b4-9a5a-3d62f454062d,932a215a-a3c9-4327-8839-53e7802676c2,a7e93193-d6a7-4f39-b11b-6ceb9b0a17f1,2026-04-30,unavailable,,,2026-04-29T20:35:07.760923+00:00,2026-04-29T20:35:07.613+00:00,,,
c89c59ef-924b-4bca-8e41-0b44bccd241c,11be587c-f07a-4b41-94bc-757516dda887,a7e93193-d6a7-4f39-b11b-6ceb9b0a17f1,2026-04-30,unavailable,,,2026-04-29T20:35:07.760923+00:00,2026-04-29T20:35:07.613+00:00,,,
dd858cef-4980-4740-869b-04b77dfaee3a,8ee929fd-00ee-4ed8-9cc5-1bac874eb3d3,a7e93193-d6a7-4f39-b11b-6ceb9b0a17f1,2026-04-30,unavailable,,,2026-04-29T20:35:07.760923+00:00,2026-04-29T20:35:07.613+00:00,,,
c050b5b8-e62d-4c5b-83fa-8ee03f25be7f,3c8b8fbc-4f9e-4953-a4bd-37799b337807,a7e93193-d6a7-4f39-b11b-6ceb9b0a17f1,2026-04-30,unavailable,,,2026-04-29T20:35:07.760923+00:00,2026-04-29T20:35:07.613+00:00,,,
b37bf600-fdd5-4969-919a-9ff4489b9d28,28a2c4c0-22bf-4592-a7e7-88fd299fd33c,a7e93193-d6a7-4f39-b11b-6ceb9b0a17f1,2026-04-30,unavailable,,,2026-04-29T20:35:07.760923+00:00,2026-04-29T20:35:07.613+00:00,,,
345df31b-387c-404c-b683-c202d773ba43,a65f4504-ba08-4da1-82ee-339201545673,a7e93193-d6a7-4f39-b11b-6ceb9b0a17f1,2026-04-30,unavailable,,,2026-04-29T20:35:07.760923+00:00,2026-04-29T20:35:07.613+00:00,,,
13a0caa4-4488-482e-a94a-9c5e3cdcaea3,3827a1e9-8eb7-4bcc-8fe4-a96d02378b92,a7e93193-d6a7-4f39-b11b-6ceb9b0a17f1,2026-04-30,unavailable,,,2026-04-29T20:35:07.760923+00:00,2026-04-29T20:35:07.613+00:00,,,
0ea2faab-385c-4a3b-9e4d-065653a11e17,7ccef569-6034-454f-bc79-4368995ec492,a7e93193-d6a7-4f39-b11b-6ceb9b0a17f1,2026-04-30,unavailable,,,2026-04-29T20:35:07.760923+00:00,2026-04-29T20:35:07.613+00:00,,,
fca154e3-66a6-4848-839a-1ebeaae48cbb,bc40e179-aea5-4151-92b0-fe927c84fba3,a7e93193-d6a7-4f39-b11b-6ceb9b0a17f1,2026-04-30,unavailable,,,2026-04-29T20:35:07.760923+00:00,2026-04-29T20:35:07.613+00:00,,,
83be88f2-285b-41f8-9941-361810cd6856,f78aa6c9-4936-4695-8e1f-26ab48dbab93,a7e93193-d6a7-4f39-b11b-6ceb9b0a17f1,2026-04-30,unavailable,,,2026-04-29T20:35:07.760923+00:00,2026-04-29T20:35:07.613+00:00,,,
8e0b11a7-aa84-451a-bb95-eea6e354ef33,96989aa8-bb4c-456d-8bb4-605939db7a97,a7e93193-d6a7-4f39-b11b-6ceb9b0a17f1,2026-04-30,unavailable,,,2026-04-29T20:35:07.760923+00:00,2026-04-29T20:35:07.613+00:00,,,
6185c9f7-4357-4e37-8557-551618a6fd56,99c52faa-b4fb-4403-a8c5-4880bc5d3691,a7e93193-d6a7-4f39-b11b-6ceb9b0a17f1,2026-04-30,unavailable,,,2026-04-29T20:35:07.760923+00:00,2026-04-29T20:35:07.613+00:00,,,
b1c44f0e-a80d-4df9-bd53-b12e5f7b8048,6e9d3e1b-8ead-4256-9d06-c0324b42f5ab,a7e93193-d6a7-4f39-b11b-6ceb9b0a17f1,2026-04-30,unavailable,,,2026-04-29T20:35:07.760923+00:00,2026-04-29T20:35:07.613+00:00,,,
a5bbd70a-d23a-4dcd-bffd-002f5669bd74,d4827392-69e6-4ecd-838d-fc9e8ce847cf,a7e93193-d6a7-4f39-b11b-6ceb9b0a17f1,2026-04-30,unavailable,,,2026-04-29T20:35:07.760923+00:00,2026-04-29T20:35:07.613+00:00,,,
bb5feeea-6881-4df3-a174-c9192dbc66f6,38fcc94f-ba33-46f6-a1bb-3204823e9cb8,a7e93193-d6a7-4f39-b11b-6ceb9b0a17f1,2026-04-30,unavailable,,,2026-04-29T20:35:07.760923+00:00,2026-04-29T20:35:07.613+00:00,,,
4540ec72-13cd-46a7-88b6-58cb9c1ffece,04cc3ab8-f1fa-4e6c-a4aa-9a4d53f1dc53,a7e93193-d6a7-4f39-b11b-6ceb9b0a17f1,2026-04-30,unavailable,,,2026-04-29T20:35:07.760923+00:00,2026-04-29T20:35:07.613+00:00,,,
27278664-3ec1-4821-9ff6-3cc8b6fb24c5,56f75098-ef8d-4fde-86e8-fbfa21bd8964,a7e93193-d6a7-4f39-b11b-6ceb9b0a17f1,2026-04-30,unavailable,,,2026-04-29T20:35:07.760923+00:00,2026-04-29T20:35:07.613+00:00,,,
e7b57694-ae80-4dcc-9409-58efe4a2bdef,b0c6ac67-3d61-415c-8d9a-8683b6ea618d,a7e93193-d6a7-4f39-b11b-6ceb9b0a17f1,2026-04-30,unavailable,,,2026-04-29T20:35:07.760923+00:00,2026-04-29T20:35:07.613+00:00,,,
399114b5-49d5-484e-85cc-f339e04780e8,1112445f-aba5-4629-b399-08d2c0baf4f8,a7e93193-d6a7-4f39-b11b-6ceb9b0a17f1,2026-04-30,unavailable,,,2026-04-29T20:35:07.760923+00:00,2026-04-29T20:35:07.613+00:00,,,
6aefbe25-19ac-4c5a-a830-afba46588f09,9b9060f3-6432-46c9-a091-a3d8e9560bb2,a7e93193-d6a7-4f39-b11b-6ceb9b0a17f1,2026-04-30,unavailable,,,2026-04-29T20:35:07.760923+00:00,2026-04-29T20:35:07.613+00:00,,,
94c2da50-e83f-4100-97e2-2712b0d93e22,af7f71ef-2b78-4595-ac2c-0a38c88a3ec9,a7e93193-d6a7-4f39-b11b-6ceb9b0a17f1,2026-04-30,unavailable,,,2026-04-29T20:35:07.760923+00:00,2026-04-29T20:35:07.613+00:00,,,
ca943023-4355-46a7-bad8-53187cca91e6,264f35ff-4ff6-4417-91d3-f5d170297d71,a7e93193-d6a7-4f39-b11b-6ceb9b0a17f1,2026-04-30,unavailable,,,2026-04-29T20:35:07.760923+00:00,2026-04-29T20:35:07.613+00:00,,,
da5c7c2c-b018-4bb1-baf9-f17885eec241,3b3371ba-d791-4f27-acd1-c9be0931ac67,a7e93193-d6a7-4f39-b11b-6ceb9b0a17f1,2026-04-30,unavailable,,,2026-04-29T20:35:07.760923+00:00,2026-04-29T20:35:07.613+00:00,,,
0542d460-27b7-4b27-a5fb-3063b1bc5e56,6a8c2c77-2947-4263-b6a0-3ad7a26dd66c,a7e93193-d6a7-4f39-b11b-6ceb9b0a17f1,2026-04-30,unavailable,,,2026-04-29T20:35:07.760923+00:00,2026-04-29T20:35:07.613+00:00,,,
276d3838-9cd2-4f1d-bf1d-d4b249746571,d45982d6-a597-419b-8f2e-7321660ab99a,a7e93193-d6a7-4f39-b11b-6ceb9b0a17f1,2026-04-30,unavailable,,,2026-04-29T20:35:07.760923+00:00,2026-04-29T20:35:07.613+00:00,,,
bba0b1f2-64b2-4917-8392-fe10020468bc,e662ef45-6aed-4a2e-ab16-cead317ac5b0,a7e93193-d6a7-4f39-b11b-6ceb9b0a17f1,2026-04-30,unavailable,,,2026-04-29T20:35:07.760923+00:00,2026-04-29T20:35:07.613+00:00,,,
2f346844-1a16-43bf-afc1-00d4b7b7b977,79baadf2-9252-4ed8-bc44-5f183e823ed6,a7e93193-d6a7-4f39-b11b-6ceb9b0a17f1,2026-04-30,unavailable,,,2026-04-29T20:35:07.760923+00:00,2026-04-29T20:35:07.613+00:00,,,
04dcbe4a-0966-4130-ba34-56779424407d,7761e060-b17e-4cdf-811a-ddb5846d266e,a7e93193-d6a7-4f39-b11b-6ceb9b0a17f1,2026-04-30,unavailable,,,2026-04-29T20:35:07.760923+00:00,2026-04-29T20:35:07.613+00:00,,,
5f13ab81-51fb-499b-a9a1-49258c675571,0b56583d-f70a-49bd-a226-d86b7983ad6c,a7e93193-d6a7-4f39-b11b-6ceb9b0a17f1,2026-04-30,unavailable,,,2026-04-29T20:35:07.760923+00:00,2026-04-29T20:35:07.613+00:00,,,
45e624df-3c9b-40c9-a45a-0a819834faf6,1e6a3cbe-88f7-4cf8-b0d8-b5c6d24cc7b5,a7e93193-d6a7-4f39-b11b-6ceb9b0a17f1,2026-04-30,unavailable,,,2026-04-29T20:35:07.760923+00:00,2026-04-29T20:35:07.613+00:00,,,
90bfdd01-a8a3-4686-a079-ec2385fc26e0,fea7d0a4-a2d7-4f78-8c00-7a0890303058,a7e93193-d6a7-4f39-b11b-6ceb9b0a17f1,2026-04-30,unavailable,,,2026-04-29T20:35:07.760923+00:00,2026-04-29T20:35:07.613+00:00,,,
c111b96d-b6ab-46b9-ac0f-85156453de16,c3573a8c-ee80-4e96-90b2-faedf186756a,a7e93193-d6a7-4f39-b11b-6ceb9b0a17f1,2026-04-30,unavailable,,,2026-04-29T20:35:07.760923+00:00,2026-04-29T20:35:07.613+00:00,,,
2586efa4-40f1-4886-a622-e15b8790ecb2,324152b2-0646-40d1-be88-877c753f6ef2,a7e93193-d6a7-4f39-b11b-6ceb9b0a17f1,2026-04-30,unavailable,,,2026-04-29T20:35:07.760923+00:00,2026-04-29T20:35:07.613+00:00,,,
5d295511-9472-45ab-9d68-b8b3e99a592b,7c8d4998-c5bb-4845-a3e4-444d47ebc795,a7e93193-d6a7-4f39-b11b-6ceb9b0a17f1,2026-04-30,unavailable,,,2026-04-29T20:35:07.760923+00:00,2026-04-29T20:35:07.613+00:00,,,
54872563-0691-4c44-b5d9-45eaff29c0b7,3ddd0c43-44b1-49d6-92f3-047dbc5407c2,a7e93193-d6a7-4f39-b11b-6ceb9b0a17f1,2026-04-30,unavailable,,,2026-04-29T20:35:07.760923+00:00,2026-04-29T20:35:07.613+00:00,,,
72cb5807-7511-405f-adb7-ab3ddfa9741c,dfd11754-81a7-4667-9c5e-f72a6f06c6a1,a7e93193-d6a7-4f39-b11b-6ceb9b0a17f1,2026-04-30,unavailable,,,2026-04-29T20:35:07.760923+00:00,2026-04-29T20:35:07.613+00:00,,,
2fb74626-bc21-4c28-bd71-2188f904267b,76a7e596-d654-4fa0-b7ab-4d60ee3da1cb,a7e93193-d6a7-4f39-b11b-6ceb9b0a17f1,2026-04-30,unavailable,,,2026-04-29T20:35:07.760923+00:00,2026-04-29T20:35:07.613+00:00,,,
c67fa84d-a308-4ec3-adb5-dcb90ea5056c,38af6777-f227-4692-8704-1fe94901ac9f,a7e93193-d6a7-4f39-b11b-6ceb9b0a17f1,2026-04-30,unavailable,,,2026-04-29T20:35:07.760923+00:00,2026-04-29T20:35:07.613+00:00,,,
011eed82-d532-42e8-a7bd-d7b2b4ae3267,258b9b82-338f-4fef-a2ec-fd339af13b9a,a7e93193-d6a7-4f39-b11b-6ceb9b0a17f1,2026-04-30,unavailable,,,2026-04-29T20:35:07.760923+00:00,2026-04-29T20:35:07.613+00:00,,,
45b3eeee-4e30-4bb8-aca4-c8d04d30d965,2eaadb66-8823-4457-a67a-eaed6282bc1f,a7e93193-d6a7-4f39-b11b-6ceb9b0a17f1,2026-04-30,unavailable,,,2026-04-29T20:35:07.760923+00:00,2026-04-29T20:35:07.613+00:00,,,
bb423789-b258-4fb7-996f-34cd5ad8e9e8,ad048662-fccc-44a6-b61e-5b92abe57761,a7e93193-d6a7-4f39-b11b-6ceb9b0a17f1,2026-04-30,unavailable,,,2026-04-29T20:35:07.760923+00:00,2026-04-29T20:35:07.613+00:00,,,
194bb202-ab44-4410-8a9a-e70c855bf49a,1a420063-ba38-4d7b-9dad-82b18a3fb04e,a7e93193-d6a7-4f39-b11b-6ceb9b0a17f1,2026-04-30,unavailable,,,2026-04-29T20:35:07.760923+00:00,2026-04-29T20:35:07.613+00:00,,,
0aa177ac-4d00-47c7-99ec-8b96d061b93b,5ccbb607-f815-4a7f-b90c-feddcc6be27e,a7e93193-d6a7-4f39-b11b-6ceb9b0a17f1,2026-04-30,unavailable,,,2026-04-29T20:35:07.760923+00:00,2026-04-29T20:35:07.613+00:00,,,
d28163d5-ee5b-480f-ad47-b1801fcdd5b6,4e61147f-1e4a-4c78-9aad-365a3a25406b,a7e93193-d6a7-4f39-b11b-6ceb9b0a17f1,2026-04-30,unavailable,,,2026-04-29T20:35:07.760923+00:00,2026-04-29T20:35:07.613+00:00,,,
04221cb6-de4c-4187-8d5d-e83ad6ab6250,de69bc0d-febf-4b24-8450-eb1dd74bd7d8,a7e93193-d6a7-4f39-b11b-6ceb9b0a17f1,2026-04-30,unavailable,,,2026-04-29T20:35:07.760923+00:00,2026-04-29T20:35:07.613+00:00,,,
955f09fc-8517-47c0-967d-8539c0e1f2f7,511d5694-6147-4322-960a-eb6e5cd1e291,a7e93193-d6a7-4f39-b11b-6ceb9b0a17f1,2026-04-30,unavailable,,,2026-04-29T20:35:07.760923+00:00,2026-04-29T20:35:07.613+00:00,,,
0c3f11ab-adc6-4306-b53f-7d32412c0fdb,ffbc1a44-8403-4ff8-98d1-fa7a17336156,a7e93193-d6a7-4f39-b11b-6ceb9b0a17f1,2026-04-30,unavailable,,,2026-04-29T20:35:07.760923+00:00,2026-04-29T20:35:07.613+00:00,,,
618d1d1d-960a-4d12-8db4-9a8929e35c94,cbdadcf6-1004-4020-87e2-c3b5be4fd2dd,a7e93193-d6a7-4f39-b11b-6ceb9b0a17f1,2026-04-30,unavailable,,,2026-04-29T20:35:07.760923+00:00,2026-04-29T20:35:07.613+00:00,,,
072434b0-4a08-48f8-9ee2-b572742e95eb,69606083-2432-4ab8-9738-516864868879,a7e93193-d6a7-4f39-b11b-6ceb9b0a17f1,2026-04-30,unavailable,,,2026-04-29T20:35:07.760923+00:00,2026-04-29T20:35:07.613+00:00,,,
829e126a-8e92-48c8-aff5-bf528e8f5a5b,00bbde0b-08ee-4abd-8ede-4072e5a9b7ef,a7e93193-d6a7-4f39-b11b-6ceb9b0a17f1,2026-04-30,unavailable,,,2026-04-29T20:35:07.760923+00:00,2026-04-29T20:35:07.613+00:00,,,
3f2e729f-d69f-444d-9b6d-13f58a5eb7eb,cd22ecb1-9eea-4ce8-ac14-289d2e8f5e9c,a7e93193-d6a7-4f39-b11b-6ceb9b0a17f1,2026-04-30,unavailable,,,2026-04-29T20:35:07.760923+00:00,2026-04-29T20:35:07.613+00:00,,,
a7d0b02c-d838-4fb1-bc03-b96d67843946,2f04860a-b177-4a1c-8af1-08b2ac1ad567,a7e93193-d6a7-4f39-b11b-6ceb9b0a17f1,2026-04-30,unavailable,,,2026-04-29T20:35:07.760923+00:00,2026-04-29T20:35:07.613+00:00,,,
f8a5e5c7-6bf5-40c1-87d0-06732d1ff4db,cbf76c50-2ebd-4fee-a8a3-0eab9d8366ee,a7e93193-d6a7-4f39-b11b-6ceb9b0a17f1,2026-04-30,unavailable,,,2026-04-29T20:35:07.760923+00:00,2026-04-29T20:35:07.613+00:00,,,
ac76e76d-1cd8-4359-a319-a1fa9cdeab8c,1029d612-5e08-4acb-a939-a54b768987fd,a7e93193-d6a7-4f39-b11b-6ceb9b0a17f1,2026-04-30,unavailable,,,2026-04-29T20:35:07.760923+00:00,2026-04-29T20:35:07.613+00:00,,,
374ea30a-1539-48f9-901e-b81cbf584ac0,cb2f08e7-057b-4cb0-a9f0-b041a5b2e8dc,a7e93193-d6a7-4f39-b11b-6ceb9b0a17f1,2026-04-30,unavailable,,,2026-04-29T20:35:07.760923+00:00,2026-04-29T20:35:07.613+00:00,,,
274d956c-ae7f-4881-9e26-99f60c10e9e8,d00c8ebc-9fbe-4581-9e90-068368dde389,a7e93193-d6a7-4f39-b11b-6ceb9b0a17f1,2026-04-30,unavailable,,,2026-04-29T20:35:07.760923+00:00,2026-04-29T20:35:07.613+00:00,,,
e914e36b-58cb-45e2-b047-e82cf7db5077,df88a062-1568-4a88-ac22-499b4effa2db,a7e93193-d6a7-4f39-b11b-6ceb9b0a17f1,2026-04-30,unavailable,,,2026-04-29T20:35:07.760923+00:00,2026-04-29T20:35:07.613+00:00,,,
47a74863-98e4-471a-928c-b5fcafa911ef,8fe53475-a2ce-4dd6-802b-19151fab1430,a7e93193-d6a7-4f39-b11b-6ceb9b0a17f1,2026-04-30,unavailable,,,2026-04-29T20:35:07.760923+00:00,2026-04-29T20:35:07.613+00:00,,,
902d46a3-c697-437f-ad23-64f2b5fd153f,f43cda55-dd93-4947-ae92-1129a86c1d82,a7e93193-d6a7-4f39-b11b-6ceb9b0a17f1,2026-04-30,unavailable,,,2026-04-29T20:35:07.760923+00:00,2026-04-29T20:35:07.613+00:00,,,
b556d79f-85cf-460c-879c-273397bfc330,d7c99f48-1aa3-45ea-a247-2d7262cc3929,a7e93193-d6a7-4f39-b11b-6ceb9b0a17f1,2026-04-30,unavailable,,,2026-04-29T20:35:07.760923+00:00,2026-04-29T20:35:07.613+00:00,,,
1202956f-54ea-44de-89a7-e24bb15c1767,0c7cb9cf-e1ea-4476-ae2c-972475824bcb,a7e93193-d6a7-4f39-b11b-6ceb9b0a17f1,2026-04-30,unavailable,,,2026-04-29T20:35:07.760923+00:00,2026-04-29T20:35:07.613+00:00,,,
743a9d2d-a77a-4f66-b63c-6329a7969a3d,3a6f4115-4ec8-4772-abf6-144d0e48214b,a7e93193-d6a7-4f39-b11b-6ceb9b0a17f1,2026-04-30,unavailable,,,2026-04-29T20:35:07.760923+00:00,2026-04-29T20:35:07.613+00:00,,,
58f2e7ab-49ab-4946-9918-8689371d44d5,de38634a-5fba-4125-835d-f248ee29f830,a7e93193-d6a7-4f39-b11b-6ceb9b0a17f1,2026-04-30,unavailable,,,2026-04-29T20:35:07.760923+00:00,2026-04-29T20:35:07.613+00:00,,,
2afd3eee-068d-43c4-acff-e081e4409bfd,947e461d-8872-41ee-b7de-9b7ecce25287,a7e93193-d6a7-4f39-b11b-6ceb9b0a17f1,2026-04-30,unavailable,,,2026-04-29T20:35:07.760923+00:00,2026-04-29T20:35:07.613+00:00,,,
b269b4bf-515d-4947-99aa-e93d72ca3cc6,c314664e-d9e7-4d46-aa69-64a1ca26f59b,a7e93193-d6a7-4f39-b11b-6ceb9b0a17f1,2026-04-30,unavailable,,,2026-04-29T20:35:07.760923+00:00,2026-04-29T20:35:07.613+00:00,,,
0e8b8549-8298-4cde-b00e-4a8fa3f8e6a7,86f5e406-a161-4e7a-b8e6-f0db8a178694,a7e93193-d6a7-4f39-b11b-6ceb9b0a17f1,2026-04-30,unavailable,,,2026-04-29T20:35:07.760923+00:00,2026-04-29T20:35:07.613+00:00,,,
5c9b41eb-235e-4bd1-b6ac-6d46d049e8ec,abbb81a1-4121-4a72-b684-74c6430b7051,a7e93193-d6a7-4f39-b11b-6ceb9b0a17f1,2026-04-30,unavailable,,,2026-04-29T20:35:07.760923+00:00,2026-04-29T20:35:07.613+00:00,,,
84d3e13f-d097-4b2c-948e-6b6807e57075,da0edabf-c611-4f36-ab53-1fd0188e5464,a7e93193-d6a7-4f39-b11b-6ceb9b0a17f1,2026-04-30,unavailable,,,2026-04-29T20:35:07.760923+00:00,2026-04-29T20:35:07.613+00:00,,,
e0a23570-ca0a-4b24-9fd1-4d7b0b3ccc10,a8bb4cea-3aad-45ff-96c4-a5af02335e12,a7e93193-d6a7-4f39-b11b-6ceb9b0a17f1,2026-04-30,unavailable,,,2026-04-29T20:35:07.760923+00:00,2026-04-29T20:35:07.613+00:00,,,
8643f09e-3db0-4b5f-8cea-d906331346ca,4e6a0de1-43b6-4120-a6cd-ef1457e85a6e,a7e93193-d6a7-4f39-b11b-6ceb9b0a17f1,2026-04-30,unavailable,,,2026-04-29T20:35:07.760923+00:00,2026-04-29T20:35:07.613+00:00,,,
2461a79f-1a46-4f72-b7ba-f9ee176eda6a,76881990-2ec7-40b9-8ea1-579a5e1192ad,a7e93193-d6a7-4f39-b11b-6ceb9b0a17f1,2026-04-30,unavailable,,,2026-04-29T20:35:07.760923+00:00,2026-04-29T20:35:07.613+00:00,,,
adbde762-6a84-46cc-97da-e1a6159f7aa8,cfb3d243-a1fd-4330-bfce-7e9f169f8277,a7e93193-d6a7-4f39-b11b-6ceb9b0a17f1,2026-04-30,unavailable,,,2026-04-29T20:35:07.760923+00:00,2026-04-29T20:35:07.613+00:00,,,
aef0e7d7-9045-42ee-8e42-22309ca3aaa2,0415b9aa-5c61-4f79-9479-7dce2c76d1a8,a7e93193-d6a7-4f39-b11b-6ceb9b0a17f1,2026-04-30,unavailable,,,2026-04-29T20:35:07.760923+00:00,2026-04-29T20:35:07.613+00:00,,,
1575195c-c346-48a3-9966-abc4f594e3c8,13ac7479-762b-4fc2-b36c-b94223caf3d5,a7e93193-d6a7-4f39-b11b-6ceb9b0a17f1,2026-04-30,unavailable,,,2026-04-29T20:35:07.760923+00:00,2026-04-29T20:35:07.613+00:00,,,
08fdc0de-d9c7-44fa-94da-30b1c7a2a127,41197272-bc0f-47b6-8d09-56f414d3035b,a7e93193-d6a7-4f39-b11b-6ceb9b0a17f1,2026-04-30,unavailable,,,2026-04-29T20:35:07.760923+00:00,2026-04-29T20:35:07.613+00:00,,,
667def66-7e49-426a-af4d-ae1cb346baad,c451e667-831d-4237-9b09-79123b641d17,a7e93193-d6a7-4f39-b11b-6ceb9b0a17f1,2026-04-30,unavailable,,,2026-04-29T20:35:07.760923+00:00,2026-04-29T20:35:07.613+00:00,,,
8f2f8e47-02c1-4b91-8bc9-e0ccc70cba2b,0f564608-78ba-405b-bd40-8d80a71c196e,a7e93193-d6a7-4f39-b11b-6ceb9b0a17f1,2026-04-30,unavailable,,,2026-04-29T20:35:07.760923+00:00,2026-04-29T20:35:07.613+00:00,,,
10eb483c-7c06-4bdb-94c1-21a10f52dfab,ead59b1d-eeed-486b-8bf7-a3aaf55caa2b,a7e93193-d6a7-4f39-b11b-6ceb9b0a17f1,2026-04-30,unavailable,,,2026-04-29T20:35:07.760923+00:00,2026-04-29T20:35:07.613+00:00,,,
12a408f3-b5e6-4e5e-a2fd-1a6f64862e9c,27e7c46d-f7dd-4593-9578-85a9c38acf4e,a7e93193-d6a7-4f39-b11b-6ceb9b0a17f1,2026-04-30,unavailable,,,2026-04-29T20:35:07.760923+00:00,2026-04-29T20:35:07.613+00:00,,,
ae802a5f-663a-4a33-899d-be037a97cb63,aef966a7-cec2-4f64-a7c5-f461033d608a,a7e93193-d6a7-4f39-b11b-6ceb9b0a17f1,2026-04-30,unavailable,,,2026-04-29T20:35:07.760923+00:00,2026-04-29T20:35:07.613+00:00,,,
86a85cc1-dbb8-4b74-87aa-ea904b07880c,8bbedffc-40e5-4f97-9e56-962bea1c24a4,a7e93193-d6a7-4f39-b11b-6ceb9b0a17f1,2026-04-30,unavailable,,,2026-04-29T20:35:07.760923+00:00,2026-04-29T20:35:07.613+00:00,,,
30d1964a-0dc3-4896-96fc-589946804a1a,4cab8fc9-fc23-4a60-9cf8-8a1b08ef6e04,a7e93193-d6a7-4f39-b11b-6ceb9b0a17f1,2026-04-30,unavailable,,,2026-04-29T20:35:07.760923+00:00,2026-04-29T20:35:07.613+00:00,,,
2ee33e4f-14b9-41d8-9604-0639fdfe5fd9,7aab3ed9-e8d8-4bf0-877b-d0e9722a850b,a7e93193-d6a7-4f39-b11b-6ceb9b0a17f1,2026-04-30,unavailable,,,2026-04-29T20:35:07.760923+00:00,2026-04-29T20:35:07.613+00:00,,,
37f2ee48-d4cc-4f86-8b84-304d249b6f64,a976be5b-40c5-4152-9f0d-5b4ef48dd44b,a7e93193-d6a7-4f39-b11b-6ceb9b0a17f1,2026-04-30,unavailable,,,2026-04-29T20:35:07.760923+00:00,2026-04-29T20:35:07.613+00:00,,,
141d50be-65b7-492f-b5e0-87f21d5052b1,fd29e7ff-5086-468d-85a1-7f73829dd930,a7e93193-d6a7-4f39-b11b-6ceb9b0a17f1,2026-04-30,unavailable,,,2026-04-29T20:35:07.760923+00:00,2026-04-29T20:35:07.613+00:00,,,
f5964da1-ae72-45d2-ad32-dbacb1a9248c,1d0c7241-19a1-401d-a709-4f16ed53f990,a7e93193-d6a7-4f39-b11b-6ceb9b0a17f1,2026-04-30,unavailable,,,2026-04-29T20:35:07.760923+00:00,2026-04-29T20:35:07.613+00:00,,,
af41ae7a-d79c-4820-b9a8-bca92251588b,4013f053-8031-4c99-852b-aa0682793bca,a7e93193-d6a7-4f39-b11b-6ceb9b0a17f1,2026-04-30,unavailable,,,2026-04-29T20:35:07.760923+00:00,2026-04-29T20:35:07.613+00:00,,,
bda26aa9-09f8-4086-9df2-c9f78b3ac24a,90570ad5-2c58-4ab5-a1bd-a7dc59a50222,a7e93193-d6a7-4f39-b11b-6ceb9b0a17f1,2026-04-30,unavailable,,,2026-04-29T20:35:07.760923+00:00,2026-04-29T20:35:07.613+00:00,,,
d60cf603-5d4e-4f04-ab84-f8878ca75f25,c8bbe30a-a177-430d-86c5-6616a6f62a0d,a7e93193-d6a7-4f39-b11b-6ceb9b0a17f1,2026-04-30,unavailable,,,2026-04-29T20:35:07.760923+00:00,2026-04-29T20:35:07.613+00:00,,,
82ea216a-40bc-4395-8db2-a3371e06cef6,332f1a66-feeb-4e51-8c9f-db3ac84453f3,a7e93193-d6a7-4f39-b11b-6ceb9b0a17f1,2026-04-30,unavailable,,,2026-04-29T20:35:07.760923+00:00,2026-04-29T20:35:07.613+00:00,,,
baa1ff38-3c73-43d5-a394-909f6542517d,7a452ff1-9cab-4d77-8e7f-81ab30889099,a7e93193-d6a7-4f39-b11b-6ceb9b0a17f1,2026-04-30,unavailable,,,2026-04-29T20:35:07.760923+00:00,2026-04-29T20:35:07.613+00:00,,,
7b59737e-4d99-4de5-b42e-aaebfe51d1ed,cd0f66ef-f670-46a5-983a-60066c8c2825,a7e93193-d6a7-4f39-b11b-6ceb9b0a17f1,2026-04-30,unavailable,,,2026-04-29T20:35:07.760923+00:00,2026-04-29T20:35:07.613+00:00,,,
3adcd6e6-efee-47e3-883b-272ba98de121,185693e3-9895-45d7-ab62-3562a30a27e7,a7e93193-d6a7-4f39-b11b-6ceb9b0a17f1,2026-04-30,unavailable,,,2026-04-29T20:35:07.760923+00:00,2026-04-29T20:35:07.613+00:00,,,
10083f7e-9129-4048-8c94-bb65f6c32ef3,5d9fdebd-7dde-4fd3-9c41-021a59a373a0,a7e93193-d6a7-4f39-b11b-6ceb9b0a17f1,2026-04-30,unavailable,,,2026-04-29T20:35:07.760923+00:00,2026-04-29T20:35:07.613+00:00,,,
b2dccc6f-2100-4f85-a538-edcabbeaedf7,89c1246f-c6d6-48c1-b253-ac897aeb1d11,a7e93193-d6a7-4f39-b11b-6ceb9b0a17f1,2026-04-30,unavailable,,,2026-04-29T20:35:07.760923+00:00,2026-04-29T20:35:07.613+00:00,,,
46f05672-c144-4d1a-955a-841c623fd736,9c203b49-8a07-4319-aae9-fcfd68b34579,a7e93193-d6a7-4f39-b11b-6ceb9b0a17f1,2026-04-30,unavailable,,,2026-04-29T20:35:07.760923+00:00,2026-04-29T20:35:07.613+00:00,,,
07d95b68-eda2-48bd-85a0-2459d2dc795e,d2d14373-69ff-4301-81a2-ba77a96b56cd,a7e93193-d6a7-4f39-b11b-6ceb9b0a17f1,2026-04-30,unavailable,,,2026-04-29T20:35:07.760923+00:00,2026-04-29T20:35:07.613+00:00,,,
b2544aa3-76c8-41f0-b232-7b6e988ad875,7387900d-0b1d-4fe5-b9e6-7c968c2003b3,a7e93193-d6a7-4f39-b11b-6ceb9b0a17f1,2026-04-30,unavailable,,,2026-04-29T20:35:07.760923+00:00,2026-04-29T20:35:07.613+00:00,,,
51b1cc6f-d404-4f53-8138-87ca1fb8d9de,22370f93-2d06-4891-841e-4cf159e301ca,a7e93193-d6a7-4f39-b11b-6ceb9b0a17f1,2026-04-30,unavailable,,,2026-04-29T20:35:07.760923+00:00,2026-04-29T20:35:07.613+00:00,,,
2079433a-a575-4e9e-99dd-2ddab35c988c,0ca63d24-8e2c-4cb8-af36-ceb8ced7f103,a7e93193-d6a7-4f39-b11b-6ceb9b0a17f1,2026-04-30,unavailable,,,2026-04-29T20:35:07.760923+00:00,2026-04-29T20:35:07.613+00:00,,,
68cd2b7e-1b45-4f12-ae54-2c36640295b9,924c513c-c422-4c24-9515-e4544f493394,a7e93193-d6a7-4f39-b11b-6ceb9b0a17f1,2026-04-30,unavailable,,,2026-04-29T20:35:07.760923+00:00,2026-04-29T20:35:07.613+00:00,,,
6c11b4d2-9210-4492-9de1-c0d5d1cae628,79bea6a3-4268-4ae7-8665-deb6b1cf1a9a,a7e93193-d6a7-4f39-b11b-6ceb9b0a17f1,2026-04-30,unavailable,,,2026-04-29T20:35:07.760923+00:00,2026-04-29T20:35:07.613+00:00,,,
0e504e17-9fa0-4e9a-8d9e-0029c04adb12,e0562212-cda5-4a74-ac19-db857f843dbd,a7e93193-d6a7-4f39-b11b-6ceb9b0a17f1,2026-04-30,unavailable,,,2026-04-29T20:35:07.760923+00:00,2026-04-29T20:35:07.613+00:00,,,
eff01505-e632-4bf8-8304-928ac62eb7fe,35f4a879-0b57-4581-9e91-c47200a23c78,a7e93193-d6a7-4f39-b11b-6ceb9b0a17f1,2026-04-30,unavailable,,,2026-04-29T20:35:07.760923+00:00,2026-04-29T20:35:07.613+00:00,,,
49cf5b1a-9f9e-48e6-a3c7-094c5cedce91,c0b5e2df-b927-4ac5-99f5-4368965722ab,a7e93193-d6a7-4f39-b11b-6ceb9b0a17f1,2026-04-30,unavailable,,,2026-04-29T20:35:07.760923+00:00,2026-04-29T20:35:07.613+00:00,,,
5a0b4f2a-fe1b-4f47-bba2-5609d5fb4384,b66e80d0-7f23-44ac-a6d3-5db4212284e6,a7e93193-d6a7-4f39-b11b-6ceb9b0a17f1,2026-04-30,unavailable,,,2026-04-29T20:35:07.760923+00:00,2026-04-29T20:35:07.613+00:00,,,
388bbd0e-4899-4f7d-9b3d-b158e5769c1a,4acd4dc2-eb69-48a4-8f0d-dc509f93beb4,a7e93193-d6a7-4f39-b11b-6ceb9b0a17f1,2026-04-30,unavailable,,,2026-04-29T20:35:07.760923+00:00,2026-04-29T20:35:07.613+00:00,,,
279bb555-cf39-4437-9f54-3128266bf711,604ea0ee-856f-4bd8-90a3-a067244e31db,a7e93193-d6a7-4f39-b11b-6ceb9b0a17f1,2026-04-30,unavailable,,,2026-04-29T20:35:07.760923+00:00,2026-04-29T20:35:07.613+00:00,,,
56601096-1791-48d3-932a-a5eaadcf17ca,3c972950-a216-468e-b719-d3430d265c36,a7e93193-d6a7-4f39-b11b-6ceb9b0a17f1,2026-04-30,unavailable,,,2026-04-29T20:35:07.760923+00:00,2026-04-29T20:35:07.613+00:00,,,
dffb6342-39eb-43d3-95c4-25d3a3cf8049,2ec9bf07-c28b-4a11-809e-a7be42c4db76,a7e93193-d6a7-4f39-b11b-6ceb9b0a17f1,2026-04-30,unavailable,,,2026-04-29T20:35:07.760923+00:00,2026-04-29T20:35:07.613+00:00,,,
0e964c30-b5a4-49dc-b7b8-ce68fd427624,1d6856d9-51da-4f3d-9167-2140aa6f8eba,a7e93193-d6a7-4f39-b11b-6ceb9b0a17f1,2026-04-30,unavailable,,,2026-04-29T20:35:07.760923+00:00,2026-04-29T20:35:07.613+00:00,,,
0637b482-39f8-47c4-bea1-855c1785da16,4f7e4826-6de8-458d-9fc7-dc135acf8c1e,a7e93193-d6a7-4f39-b11b-6ceb9b0a17f1,2026-04-30,unavailable,,,2026-04-29T20:35:07.760923+00:00,2026-04-29T20:35:07.613+00:00,,,
ce60d7ae-b3a6-4b8c-9280-aa60f77c1a9d,c60051a9-4d42-4198-bd08-b24181a2481d,a7e93193-d6a7-4f39-b11b-6ceb9b0a17f1,2026-04-30,unavailable,,,2026-04-29T20:35:07.760923+00:00,2026-04-29T20:35:07.613+00:00,,,
07f5b1a5-4c61-47bf-b000-33b37839f0a8,39f683dd-6e80-43b8-9c10-8f9505093d6e,a7e93193-d6a7-4f39-b11b-6ceb9b0a17f1,2026-04-30,unavailable,,,2026-04-29T20:35:07.760923+00:00,2026-04-29T20:35:07.613+00:00,,,
66ed7cf2-d6b1-4cd5-bf7e-91725fc818c0,2e754b98-4d62-4dde-abae-8fad7eb099d3,a7e93193-d6a7-4f39-b11b-6ceb9b0a17f1,2026-04-30,unavailable,,,2026-04-29T20:35:07.760923+00:00,2026-04-29T20:35:07.613+00:00,,,
07c74e35-4c89-402c-a60a-8a0134acbb05,b3abbd6a-b26d-4a7e-aa1a-d44346bf21b3,a7e93193-d6a7-4f39-b11b-6ceb9b0a17f1,2026-04-30,unavailable,,,2026-04-29T20:35:07.760923+00:00,2026-04-29T20:35:07.613+00:00,,,
ee638ea9-97d1-43f0-9ac8-2b66336943f5,d87652f1-bb0b-444f-ad23-97c5c4d8b7de,a7e93193-d6a7-4f39-b11b-6ceb9b0a17f1,2026-04-30,unavailable,,,2026-04-29T20:35:07.760923+00:00,2026-04-29T20:35:07.613+00:00,,,
73db21bf-7b4b-4722-9f76-de5004d82bda,09d6b27b-cbab-4ce2-b97b-cd849d5588b2,a7e93193-d6a7-4f39-b11b-6ceb9b0a17f1,2026-04-30,unavailable,,,2026-04-29T20:35:07.760923+00:00,2026-04-29T20:35:07.613+00:00,,,
77f8e349-4b2d-485f-b1bc-318bac0542cc,d17e62b0-3615-4ac3-8fb3-f9b22955600f,a7e93193-d6a7-4f39-b11b-6ceb9b0a17f1,2026-04-30,unavailable,,,2026-04-29T20:35:07.760923+00:00,2026-04-29T20:35:07.613+00:00,,,
b24d6af1-7d8e-4864-b9ea-757dc520ae5f,27d10606-8e7f-4afa-8c12-ce177d2f7e31,a7e93193-d6a7-4f39-b11b-6ceb9b0a17f1,2026-04-30,unavailable,,,2026-04-29T20:35:07.760923+00:00,2026-04-29T20:35:07.613+00:00,,,
21e81ba8-35b2-41c7-acb1-1c3b279bc050,e9697f64-3351-4f0c-80a2-97693a2ea2e5,a7e93193-d6a7-4f39-b11b-6ceb9b0a17f1,2026-04-30,unavailable,,,2026-04-29T20:35:07.760923+00:00,2026-04-29T20:35:07.613+00:00,,,
fad082a8-573e-4a69-b7f7-a482d6afc0df,a252243e-ee4b-4544-8a0f-5f1fdfc8cf78,a7e93193-d6a7-4f39-b11b-6ceb9b0a17f1,2026-04-30,unavailable,,,2026-04-29T20:35:07.760923+00:00,2026-04-29T20:35:07.613+00:00,,,
bdc539bc-9289-42d5-bab9-43d04171206c,ec0e87bd-f105-4509-a148-beb9bf6eae42,a7e93193-d6a7-4f39-b11b-6ceb9b0a17f1,2026-04-30,unavailable,,,2026-04-29T20:35:07.760923+00:00,2026-04-29T20:35:07.613+00:00,,,
0da6c392-7057-4eee-94af-bb5bff82d999,9ba79172-9ab7-433c-a656-4b584d3eab1e,a7e93193-d6a7-4f39-b11b-6ceb9b0a17f1,2026-04-30,unavailable,,,2026-04-29T20:35:07.760923+00:00,2026-04-29T20:35:07.613+00:00,,,
627da60a-b1f8-418e-adf8-7b192e361fb5,6c3dfe2a-d412-409f-a2b0-15345fbd2981,a7e93193-d6a7-4f39-b11b-6ceb9b0a17f1,2026-04-30,unavailable,,,2026-04-29T20:35:07.760923+00:00,2026-04-29T20:35:07.613+00:00,,,
efc31dbb-47e9-4b81-8630-b13f9ec86b39,98073499-8a1a-4ca5-99ad-0486e2769c76,a7e93193-d6a7-4f39-b11b-6ceb9b0a17f1,2026-04-30,unavailable,,,2026-04-29T20:35:07.760923+00:00,2026-04-29T20:35:07.613+00:00,,,
e2d7aa5e-9ff9-4d55-b21a-3ca55f94181f,80e8b99d-e4fa-4b8d-b897-b9a26e96d8d3,a7e93193-d6a7-4f39-b11b-6ceb9b0a17f1,2026-04-30,unavailable,,,2026-04-29T20:35:07.760923+00:00,2026-04-29T20:35:07.613+00:00,,,
25a25231-8c04-4ac5-9e17-d4d4a52e8cd4,4be9d559-4c73-4ac4-90bf-cb2939b339f6,a7e93193-d6a7-4f39-b11b-6ceb9b0a17f1,2026-04-30,unavailable,,,2026-04-29T20:35:07.760923+00:00,2026-04-29T20:35:07.613+00:00,,,
b8e135c0-145f-49fb-8e14-c492a96df790,9f56c78e-827c-4cbe-bb50-b014f03485d7,a7e93193-d6a7-4f39-b11b-6ceb9b0a17f1,2026-04-30,unavailable,,,2026-04-29T20:35:07.760923+00:00,2026-04-29T20:35:07.613+00:00,,,
3540c6cf-7580-4d32-8724-687270520ceb,b7693f65-7b87-4620-a292-f9e60fd3cfa9,a7e93193-d6a7-4f39-b11b-6ceb9b0a17f1,2026-04-30,unavailable,,,2026-04-29T20:35:07.760923+00:00,2026-04-29T20:35:07.613+00:00,,,
9df3c0b2-2db4-46a3-b6e8-383b57ce5d2c,34ab878d-5fc3-40ab-8fb7-7c1496accbf0,a7e93193-d6a7-4f39-b11b-6ceb9b0a17f1,2026-04-30,unavailable,,,2026-04-29T20:35:07.760923+00:00,2026-04-29T20:35:07.613+00:00,,,
cc3aca62-743d-497d-9262-ce83056a4e23,f74886a6-2688-4903-92e2-b277ac3871b9,a7e93193-d6a7-4f39-b11b-6ceb9b0a17f1,2026-04-30,unavailable,,,2026-04-29T20:35:07.760923+00:00,2026-04-29T20:35:07.613+00:00,,,
8db96e05-786b-4dc5-a78d-3d9cdaaeae40,ede7731f-5bf6-4a39-95f4-5d3301c929b8,a7e93193-d6a7-4f39-b11b-6ceb9b0a17f1,2026-04-30,unavailable,,,2026-04-29T20:35:07.760923+00:00,2026-04-29T20:35:07.613+00:00,,,
91d7845a-a38d-4276-a078-78cde7feb4f0,1b44a5a2-7c8e-4381-b545-3cecb689cce4,a7e93193-d6a7-4f39-b11b-6ceb9b0a17f1,2026-04-30,unavailable,,,2026-04-29T20:35:07.760923+00:00,2026-04-29T20:35:07.613+00:00,,,
cbb2371f-5c8c-4124-8f19-60e03e792010,19a5d381-d434-4482-aee6-9b44308ff7d3,a7e93193-d6a7-4f39-b11b-6ceb9b0a17f1,2026-04-30,unavailable,,,2026-04-29T20:35:07.760923+00:00,2026-04-29T20:35:07.613+00:00,,,
f8aab905-d3e2-4509-aea3-71449af95cc9,d744e61c-c90f-4181-9247-ae706cf2295d,a7e93193-d6a7-4f39-b11b-6ceb9b0a17f1,2026-04-30,unavailable,,,2026-04-29T20:35:07.760923+00:00,2026-04-29T20:35:07.613+00:00,,,
31b55cf2-a14e-4751-a00d-4744e2360876,1b5e7f69-0650-4d5d-a6bf-e6d54d03f21e,a7e93193-d6a7-4f39-b11b-6ceb9b0a17f1,2026-04-30,unavailable,,,2026-04-29T20:35:07.760923+00:00,2026-04-29T20:35:07.613+00:00,,,
dfd8b5b9-1b75-40cc-8389-d28b45242440,aef96fc8-88ea-48ab-bc0f-0c812c919007,a7e93193-d6a7-4f39-b11b-6ceb9b0a17f1,2026-04-30,unavailable,,,2026-04-29T20:35:07.760923+00:00,2026-04-29T20:35:07.613+00:00,,,
43548979-1e9d-4f76-969c-f062df8d91a0,a6a57270-840f-41ff-998e-0b1d3cefbe24,a7e93193-d6a7-4f39-b11b-6ceb9b0a17f1,2026-04-30,unavailable,,,2026-04-29T20:35:07.760923+00:00,2026-04-29T20:35:07.613+00:00,,,
98887925-8afe-44e4-bb3e-f745fc5bdee3,b78ea1c0-57d8-4155-bc7e-f9178f5c5ee1,a7e93193-d6a7-4f39-b11b-6ceb9b0a17f1,2026-04-30,unavailable,,,2026-04-29T20:35:07.760923+00:00,2026-04-29T20:35:07.613+00:00,,,
9052a0bc-8eb4-447f-9ca5-fd97e8e20fca,7070a97e-2956-4082-b31e-c16321071149,a7e93193-d6a7-4f39-b11b-6ceb9b0a17f1,2026-04-30,unavailable,,,2026-04-29T20:35:07.760923+00:00,2026-04-29T20:35:07.613+00:00,,,
c08faa63-99bc-45a8-abc3-327640659764,bbc3545a-c547-48c5-a757-735e33dc47ec,a7e93193-d6a7-4f39-b11b-6ceb9b0a17f1,2026-04-30,unavailable,,,2026-04-29T20:35:07.760923+00:00,2026-04-29T20:35:07.613+00:00,,,
2e48b324-722c-4e94-be18-54bb3e7799ab,2fc8d3e9-f161-405f-8246-6a15a6c237cb,a7e93193-d6a7-4f39-b11b-6ceb9b0a17f1,2026-04-30,unavailable,,,2026-04-29T20:35:07.760923+00:00,2026-04-29T20:35:07.613+00:00,,,
05059d92-abce-4813-9a62-6e30fd586c00,a2e7a71f-6efe-4d67-b41f-a1338754ff3b,a7e93193-d6a7-4f39-b11b-6ceb9b0a17f1,2026-04-30,unavailable,,,2026-04-29T20:35:07.760923+00:00,2026-04-29T20:35:07.613+00:00,,,
8be8f488-12b0-483b-93d6-30de699ccfd2,407a2c77-9fc9-495a-ba00-749131cac905,a7e93193-d6a7-4f39-b11b-6ceb9b0a17f1,2026-04-30,unavailable,,,2026-04-29T20:35:07.760923+00:00,2026-04-29T20:35:07.613+00:00,,,
67ecdfd9-b686-4925-9791-727e654fa710,0dfe1789-64e1-4258-bf9b-f4b5deaa6bd9,a7e93193-d6a7-4f39-b11b-6ceb9b0a17f1,2026-04-30,unavailable,,,2026-04-29T20:35:07.760923+00:00,2026-04-29T20:35:07.613+00:00,,,
91f96066-9ec0-4ecf-b906-bfe4662aa699,682a4581-1f29-4cd9-ba52-2bf5deb40807,a7e93193-d6a7-4f39-b11b-6ceb9b0a17f1,2026-04-30,unavailable,,,2026-04-29T20:35:07.760923+00:00,2026-04-29T20:35:07.613+00:00,,,
41873dc4-388b-44f0-a305-993ca92d79c4,0330dca4-2e34-4ccd-9ea0-e2eccbcb3ed9,a7e93193-d6a7-4f39-b11b-6ceb9b0a17f1,2026-04-30,unavailable,,,2026-04-29T20:35:07.760923+00:00,2026-04-29T20:35:07.613+00:00,,,
c3907147-3e2c-46f7-bc6a-6ae0835957d1,46d57a11-f9d2-47d0-9096-e6a7b9ed81ad,a7e93193-d6a7-4f39-b11b-6ceb9b0a17f1,2026-04-30,unavailable,,,2026-04-29T20:35:07.760923+00:00,2026-04-29T20:35:07.613+00:00,,,
56945da8-a1a5-42ba-86f8-fb2c9d254737,7c3b600c-73e8-4df6-993e-effdb29ce957,a7e93193-d6a7-4f39-b11b-6ceb9b0a17f1,2026-04-30,unavailable,,,2026-04-29T20:35:07.760923+00:00,2026-04-29T20:35:07.613+00:00,,,
246abc4e-c660-49ad-83bc-406d4800859c,d7284556-1c31-49af-9565-909063b93cc9,a7e93193-d6a7-4f39-b11b-6ceb9b0a17f1,2026-04-30,unavailable,,,2026-04-29T20:35:07.760923+00:00,2026-04-29T20:35:07.613+00:00,,,
79c978d2-ad70-41b5-ac07-0fe3f6d606ec,1f32ff5a-f9b7-440a-8285-ab2ad1ecaa05,a7e93193-d6a7-4f39-b11b-6ceb9b0a17f1,2026-04-30,unavailable,,,2026-04-29T20:35:07.760923+00:00,2026-04-29T20:35:07.613+00:00,,,
d4b062d9-5618-49c8-9f94-9ea635019f44,304ed108-096d-4022-b673-87feae1b5a1a,a7e93193-d6a7-4f39-b11b-6ceb9b0a17f1,2026-04-30,unavailable,,,2026-04-29T20:35:07.760923+00:00,2026-04-29T20:35:07.613+00:00,,,
87572982-1ec2-4d50-9da3-f836b7dc6b80,61a1375c-3254-4fe0-a471-8b8b660f4135,a7e93193-d6a7-4f39-b11b-6ceb9b0a17f1,2026-04-30,unavailable,,,2026-04-29T20:35:07.760923+00:00,2026-04-29T20:35:07.613+00:00,,,
9d462bf3-99d1-4566-b594-e428985adcdf,41817459-03f8-4e71-8ba6-8fa63e5e1b4d,a7e93193-d6a7-4f39-b11b-6ceb9b0a17f1,2026-04-30,unavailable,,,2026-04-29T20:35:07.760923+00:00,2026-04-29T20:35:07.613+00:00,,,
58654985-395d-44c7-825d-e36b19d2073b,ad22aeeb-e301-4beb-9bf9-36b11a302944,a7e93193-d6a7-4f39-b11b-6ceb9b0a17f1,2026-04-30,unavailable,,,2026-04-29T20:35:07.760923+00:00,2026-04-29T20:35:07.613+00:00,,,
05c27ad9-9511-42b7-9aa8-d8f0098721c4,5a9c3504-8fef-4b40-8129-d20f88fbe563,a7e93193-d6a7-4f39-b11b-6ceb9b0a17f1,2026-04-30,unavailable,,,2026-04-29T20:35:07.760923+00:00,2026-04-29T20:35:07.613+00:00,,,
dd92d370-3963-460e-bf64-5f9143cec39f,72705d6f-ba9c-45cc-a890-c2c7baf086c7,a7e93193-d6a7-4f39-b11b-6ceb9b0a17f1,2026-04-30,unavailable,,,2026-04-29T20:35:07.760923+00:00,2026-04-29T20:35:07.613+00:00,,,
6c3056f6-1d92-4be5-bcf7-9d4d54d1a1a2,c6fdc2be-53bd-4c2a-8a6f-665e612aa3b5,a7e93193-d6a7-4f39-b11b-6ceb9b0a17f1,2026-04-30,unavailable,,,2026-04-29T20:35:07.760923+00:00,2026-04-29T20:35:07.613+00:00,,,
7bd8db49-6c5e-4917-bfbe-0f1ddcc47a7a,3d50b41b-54e3-4ea7-b559-e40d8a1ea7e3,a7e93193-d6a7-4f39-b11b-6ceb9b0a17f1,2026-04-30,unavailable,,,2026-04-29T20:35:07.760923+00:00,2026-04-29T20:35:07.613+00:00,,,
94631c46-8fc6-4349-8141-b5f432cc6fc8,508960cd-999c-44de-8e17-218b5cfa40d9,a7e93193-d6a7-4f39-b11b-6ceb9b0a17f1,2026-04-30,unavailable,,,2026-04-29T20:35:07.760923+00:00,2026-04-29T20:35:07.613+00:00,,,
493ca1f2-8bca-499d-8bcf-410bfed1d1d3,6014e544-f4ea-4903-a691-9e2915ee2d07,a7e93193-d6a7-4f39-b11b-6ceb9b0a17f1,2026-04-30,unavailable,,,2026-04-29T20:35:07.760923+00:00,2026-04-29T20:35:07.613+00:00,,,
8674425b-813a-48f3-a56a-b97f7d1e5e49,31738451-481f-400e-aba1-42b2a7452949,a7e93193-d6a7-4f39-b11b-6ceb9b0a17f1,2026-04-30,unavailable,,,2026-04-29T20:35:07.760923+00:00,2026-04-29T20:35:07.613+00:00,,,
34b3c24f-4655-473b-b9b5-cf228984dcc9,0acf89be-de62-4a14-9502-aab639d34f04,a7e93193-d6a7-4f39-b11b-6ceb9b0a17f1,2026-04-30,unavailable,,,2026-04-29T20:35:07.760923+00:00,2026-04-29T20:35:07.613+00:00,,,
8d352264-7a3e-40d6-ad21-859b8ac580ad,ab073af1-5ce8-4acb-b07f-4fa41d2a8a9d,a7e93193-d6a7-4f39-b11b-6ceb9b0a17f1,2026-04-30,unavailable,,,2026-04-29T20:35:07.760923+00:00,2026-04-29T20:35:07.613+00:00,,,
5c6d5cf0-7972-4f48-a3d9-dcd6af1a7fcb,8627c1a1-62d7-49e3-9176-f295969b3c6d,a7e93193-d6a7-4f39-b11b-6ceb9b0a17f1,2026-04-30,unavailable,,,2026-04-29T20:35:07.760923+00:00,2026-04-29T20:35:07.613+00:00,,,
9f216fb2-1a02-406c-ba4e-b7e2b15cd09f,aad00f76-4fe1-44ac-882a-9ad2eb664a5c,a7e93193-d6a7-4f39-b11b-6ceb9b0a17f1,2026-04-30,unavailable,,,2026-04-29T20:35:07.760923+00:00,2026-04-29T20:35:07.613+00:00,,,
15cadc5f-b6e7-4dbd-a6e7-56b50da44736,759e7b56-07aa-4866-bfaa-46efdb0afe58,a7e93193-d6a7-4f39-b11b-6ceb9b0a17f1,2026-04-30,unavailable,,,2026-04-29T20:35:07.760923+00:00,2026-04-29T20:35:07.613+00:00,,,
15970ad4-7203-4ec1-b76c-4e2ea7505e84,38a11035-66a5-48ca-825b-8124f66d4478,a7e93193-d6a7-4f39-b11b-6ceb9b0a17f1,2026-04-30,unavailable,,,2026-04-29T20:35:07.760923+00:00,2026-04-29T20:35:07.613+00:00,,,
a097fa3f-9f21-49a2-a738-2d98d242517a,4898a864-3303-44d8-8c83-8f8996a19fa3,a7e93193-d6a7-4f39-b11b-6ceb9b0a17f1,2026-04-30,unavailable,,,2026-04-29T20:35:07.760923+00:00,2026-04-29T20:35:07.613+00:00,,,
5ae3a543-2723-4c1b-8e6b-ff6c64c3397a,97ee9b66-2711-4df2-99bd-ed1a32f40eb4,a7e93193-d6a7-4f39-b11b-6ceb9b0a17f1,2026-04-30,unavailable,,,2026-04-29T20:35:07.760923+00:00,2026-04-29T20:35:07.613+00:00,,,
22ac7315-e468-4af2-a265-f4721c630703,4fd2406d-0cce-4013-9585-72c23407ceae,a7e93193-d6a7-4f39-b11b-6ceb9b0a17f1,2026-04-30,unavailable,,,2026-04-29T20:35:07.760923+00:00,2026-04-29T20:35:07.613+00:00,,,
99e17c46-6360-4d2c-b859-3ed7f4517100,334edaad-9be5-43ff-a28a-6a165d97d13e,a7e93193-d6a7-4f39-b11b-6ceb9b0a17f1,2026-04-30,unavailable,,,2026-04-29T20:35:07.760923+00:00,2026-04-29T20:35:07.613+00:00,,,
2c2e8c8c-3e2a-45b2-85c7-2328dba77615,ad8151cf-0a93-4205-9f92-19b1bc595a8f,a7e93193-d6a7-4f39-b11b-6ceb9b0a17f1,2026-04-30,unavailable,,,2026-04-29T20:35:07.760923+00:00,2026-04-29T20:35:07.613+00:00,,,
21aaef5c-ab2f-484b-8e0a-de68badc9b5d,9c2ebb31-687b-428e-a2c5-a5e552f7b5cc,a7e93193-d6a7-4f39-b11b-6ceb9b0a17f1,2026-04-30,unavailable,,,2026-04-29T20:35:07.760923+00:00,2026-04-29T20:35:07.613+00:00,,,
5700ac93-7beb-450d-8557-99efa030edbc,0516781f-0290-44a1-9f8f-adbf8db38425,a7e93193-d6a7-4f39-b11b-6ceb9b0a17f1,2026-04-30,unavailable,,,2026-04-29T20:35:07.760923+00:00,2026-04-29T20:35:07.613+00:00,,,
9a4b5ef5-b06e-44a2-82f5-caf39def6ba2,3f899f50-df5f-4364-ba3f-3ef814961309,a7e93193-d6a7-4f39-b11b-6ceb9b0a17f1,2026-04-30,unavailable,,,2026-04-29T20:35:07.760923+00:00,2026-04-29T20:35:07.613+00:00,,,
c1be7926-9f74-4890-93aa-4c35b3ff7cc7,96c9c583-6be1-473c-8531-e58107199fa6,a7e93193-d6a7-4f39-b11b-6ceb9b0a17f1,2026-04-30,unavailable,,,2026-04-29T20:35:07.760923+00:00,2026-04-29T20:35:07.613+00:00,,,
8ae096d9-bb2d-4dc3-9fee-a8d9f7239a5f,949a9839-c640-4bf7-a7b6-59e93d5e927e,a7e93193-d6a7-4f39-b11b-6ceb9b0a17f1,2026-04-30,unavailable,,,2026-04-29T20:35:07.760923+00:00,2026-04-29T20:35:07.613+00:00,,,
849b6db4-d848-4f56-94c3-f81e0548fd6e,1188873c-8be1-42d3-a242-da6f15bf5e4a,a7e93193-d6a7-4f39-b11b-6ceb9b0a17f1,2026-04-30,unavailable,,,2026-04-29T20:35:07.760923+00:00,2026-04-29T20:35:07.613+00:00,,,
cec1bfc2-c99b-4719-abe3-701d6c2d7b3d,2d018036-1224-40a3-82ac-e3644690ab0a,a7e93193-d6a7-4f39-b11b-6ceb9b0a17f1,2026-04-30,unavailable,,,2026-04-29T20:35:07.760923+00:00,2026-04-29T20:35:07.613+00:00,,,
2539be57-bd71-4878-b9a4-988172d2d81a,924984fd-6cab-4b4a-8b62-1fc6860ad5a5,a7e93193-d6a7-4f39-b11b-6ceb9b0a17f1,2026-04-30,unavailable,,,2026-04-29T20:35:07.760923+00:00,2026-04-29T20:35:07.613+00:00,,,
ecc2dc7e-4243-4fa4-b35d-5cc9098ea4b3,3c2f77cd-57af-4557-93a8-25f866c7ef0a,a7e93193-d6a7-4f39-b11b-6ceb9b0a17f1,2026-04-30,unavailable,,,2026-04-29T20:35:07.760923+00:00,2026-04-29T20:35:07.613+00:00,,,
efcc9ea9-09fe-41d6-b289-14839609189b,20af3438-94f4-44dd-a150-079cf139a7a5,a7e93193-d6a7-4f39-b11b-6ceb9b0a17f1,2026-04-30,unavailable,,,2026-04-29T20:35:07.760923+00:00,2026-04-29T20:35:07.613+00:00,,,
b2fed487-3554-490a-846a-da8b8b3666dd,4e30357c-cab4-454a-8698-3f7413a38b2c,a7e93193-d6a7-4f39-b11b-6ceb9b0a17f1,2026-04-30,unavailable,,,2026-04-29T20:35:07.760923+00:00,2026-04-29T20:35:07.613+00:00,,,
07cacb7a-6de4-4db2-8265-4c16e4fe3003,a3d8e08f-8e02-46e5-af59-a2895bf61e63,a7e93193-d6a7-4f39-b11b-6ceb9b0a17f1,2026-04-30,unavailable,,,2026-04-29T20:35:07.760923+00:00,2026-04-29T20:35:07.613+00:00,,,
e1bb533f-66a5-4b43-afaf-6486c59d4487,fd5f8362-52f1-410c-97dc-bbe084c2c8e4,a7e93193-d6a7-4f39-b11b-6ceb9b0a17f1,2026-04-30,unavailable,,,2026-04-29T20:35:07.760923+00:00,2026-04-29T20:35:07.613+00:00,,,
f65a9c31-7c30-4399-ab1b-d67f01c2639a,5d083c30-fb85-4d4f-9757-9cda19fc2821,a7e93193-d6a7-4f39-b11b-6ceb9b0a17f1,2026-04-30,unavailable,,,2026-04-29T20:35:07.760923+00:00,2026-04-29T20:35:07.613+00:00,,,
62048159-35ba-4969-a0ae-662943bc2a1b,e63f9153-d195-48fa-b7e7-19ad412c36da,a7e93193-d6a7-4f39-b11b-6ceb9b0a17f1,2026-04-30,unavailable,,,2026-04-29T20:35:07.760923+00:00,2026-04-29T20:35:07.613+00:00,,,
bf0fe973-1bcd-4f03-83d1-3d9993b832b7,314d5849-c300-477e-93a4-bc99aa664c23,a7e93193-d6a7-4f39-b11b-6ceb9b0a17f1,2026-04-30,unavailable,,,2026-04-29T20:35:07.760923+00:00,2026-04-29T20:35:07.613+00:00,,,
8fbdc4e5-ba6e-42b4-b5c0-322dd2165869,afb8cdfd-4cc1-40f7-9f70-df7cbbb78d06,a7e93193-d6a7-4f39-b11b-6ceb9b0a17f1,2026-04-30,unavailable,,,2026-04-29T20:35:07.760923+00:00,2026-04-29T20:35:07.613+00:00,,,
3105c133-8cde-49f0-b13e-25c1447a9416,66732b90-15ff-4bb5-a9d8-b84ac997d183,a7e93193-d6a7-4f39-b11b-6ceb9b0a17f1,2026-04-30,unavailable,,,2026-04-29T20:35:07.760923+00:00,2026-04-29T20:35:07.613+00:00,,,
e6410dd9-28f3-472d-a4af-1b9ab827b094,29686763-0ead-43f0-9d3a-59f2ccfb2477,a7e93193-d6a7-4f39-b11b-6ceb9b0a17f1,2026-04-30,unavailable,,,2026-04-29T20:35:07.760923+00:00,2026-04-29T20:35:07.613+00:00,,,
cc88bdb5-e757-4e5a-a14c-d59a1989a494,0a960158-e3fa-4ee6-aabd-55578dfe8faa,a7e93193-d6a7-4f39-b11b-6ceb9b0a17f1,2026-04-30,unavailable,,,2026-04-29T20:35:07.760923+00:00,2026-04-29T20:35:07.613+00:00,,,
3c504657-9968-4b20-996c-0d222d3b1d5c,1dbf367f-4514-48e7-8853-81551967c94d,a7e93193-d6a7-4f39-b11b-6ceb9b0a17f1,2026-04-30,unavailable,,,2026-04-29T20:35:07.760923+00:00,2026-04-29T20:35:07.613+00:00,,,
95a4c435-cc4a-4f3a-9764-b26336d3a2e8,52ecfb86-603a-49a2-bed5-ff0ced64f464,a7e93193-d6a7-4f39-b11b-6ceb9b0a17f1,2026-04-30,unavailable,,,2026-04-29T20:35:07.760923+00:00,2026-04-29T20:35:07.613+00:00,,,
44204e77-6470-440f-8c26-dfbddbe2f8a1,de3020b4-e754-4b71-a352-c99160240de4,a7e93193-d6a7-4f39-b11b-6ceb9b0a17f1,2026-04-30,unavailable,,,2026-04-29T20:35:07.760923+00:00,2026-04-29T20:35:07.613+00:00,,,
ad9dcc6a-95d8-49e1-b9ec-3dbfb2bbc76c,d675726f-44a7-475c-9b4b-9ba2bf13996d,a7e93193-d6a7-4f39-b11b-6ceb9b0a17f1,2026-04-30,unavailable,,,2026-04-29T20:35:07.760923+00:00,2026-04-29T20:35:07.613+00:00,,,
3bb261b3-6097-43e4-8f8a-302441690023,07c6eec6-46c9-4e7c-8cab-a524795d38b7,a7e93193-d6a7-4f39-b11b-6ceb9b0a17f1,2026-04-30,unavailable,,,2026-04-29T20:35:07.760923+00:00,2026-04-29T20:35:07.613+00:00,,,
34fdbbca-08a7-44f4-b89c-cbbc31735565,94301ae3-f29e-44c7-a4e4-94add65ee641,a7e93193-d6a7-4f39-b11b-6ceb9b0a17f1,2026-04-30,unavailable,,,2026-04-29T20:35:07.760923+00:00,2026-04-29T20:35:07.613+00:00,,,
ee21243c-dcd0-4da6-9195-7bc87fb47eb7,f3c9bbbe-aef1-46f3-8e9c-83d1d05109d0,a7e93193-d6a7-4f39-b11b-6ceb9b0a17f1,2026-04-30,unavailable,,,2026-04-29T20:35:07.760923+00:00,2026-04-29T20:35:07.613+00:00,,,
57471dee-45aa-4875-80c0-055ee85b06e1,60615a17-1ed6-46d4-9ea7-5733ae4770d1,a7e93193-d6a7-4f39-b11b-6ceb9b0a17f1,2026-04-30,unavailable,,,2026-04-29T20:35:07.760923+00:00,2026-04-29T20:35:07.613+00:00,,,
e83340a9-a8da-4a8e-b959-27bdca44d24e,dcb732ae-01fa-47ac-8c1d-20b1a9d0b47f,a7e93193-d6a7-4f39-b11b-6ceb9b0a17f1,2026-04-30,unavailable,,,2026-04-29T20:35:07.760923+00:00,2026-04-29T20:35:07.613+00:00,,,
7688a337-c0a1-45b4-9256-8f0a37df32f0,44c4bb44-4ddb-4aee-a539-54b238955833,a7e93193-d6a7-4f39-b11b-6ceb9b0a17f1,2026-04-30,unavailable,,,2026-04-29T20:35:07.760923+00:00,2026-04-29T20:35:07.613+00:00,,,
640e38fe-2d9a-40c9-bfdc-f458e2d84707,1231a2f3-61ad-405a-a710-a84a46c2ac8f,a7e93193-d6a7-4f39-b11b-6ceb9b0a17f1,2026-04-30,unavailable,,,2026-04-29T20:35:07.760923+00:00,2026-04-29T20:35:07.613+00:00,,,
abc0fc37-0a4b-4f7d-b2df-64d812871cdb,84c40ee2-5337-4ad7-9f94-14b23375badb,a7e93193-d6a7-4f39-b11b-6ceb9b0a17f1,2026-04-30,unavailable,,,2026-04-29T20:35:07.760923+00:00,2026-04-29T20:35:07.613+00:00,,,
f66274be-8f07-4663-8a2b-72fe197776fc,d366129f-9ec9-4f9d-a4d9-dd76408778d2,a7e93193-d6a7-4f39-b11b-6ceb9b0a17f1,2026-04-30,unavailable,,,2026-04-29T20:35:07.760923+00:00,2026-04-29T20:35:07.613+00:00,,,
11eb0aa1-da4f-4a58-a4e9-ddb04d53a56d,c2cbd94e-49da-4aa5-b4b5-070bb2aae1de,a7e93193-d6a7-4f39-b11b-6ceb9b0a17f1,2026-04-30,unavailable,,,2026-04-29T20:35:07.760923+00:00,2026-04-29T20:35:07.613+00:00,,,
7f3fc291-331f-4f2c-ab2e-9c2667db2f50,2070ea5c-435b-4080-9a08-46095b69baca,a7e93193-d6a7-4f39-b11b-6ceb9b0a17f1,2026-04-30,unavailable,,,2026-04-29T20:35:07.760923+00:00,2026-04-29T20:35:07.613+00:00,,,
e628953e-84f3-4cbd-97d0-1947eb6344cb,d399f7cb-cd56-4360-9e60-ccab8382fb61,a7e93193-d6a7-4f39-b11b-6ceb9b0a17f1,2026-04-30,unavailable,,,2026-04-29T20:35:07.760923+00:00,2026-04-29T20:35:07.613+00:00,,,
7cc22cc6-2648-4f9e-95e6-a3640ad9efde,e29757bb-c15b-4791-8b7e-c0e26dbc2d4c,a7e93193-d6a7-4f39-b11b-6ceb9b0a17f1,2026-04-30,unavailable,,,2026-04-29T20:35:07.760923+00:00,2026-04-29T20:35:07.613+00:00,,,
9d21bf37-b653-4e87-8b9a-b0cff6c1c2c1,72322dd6-8045-401b-aa0e-67ed58ebe0ff,a7e93193-d6a7-4f39-b11b-6ceb9b0a17f1,2026-04-30,unavailable,,,2026-04-29T20:35:07.760923+00:00,2026-04-29T20:35:07.613+00:00,,,
872632d8-610c-48f7-9fcb-8dd9d24b05c5,ad510ff3-14e5-40fa-b454-26ebc4bf299c,a7e93193-d6a7-4f39-b11b-6ceb9b0a17f1,2026-04-30,unavailable,,,2026-04-29T20:35:07.760923+00:00,2026-04-29T20:35:07.613+00:00,,,
1065ac89-bb96-4fcd-ab44-5a9d20fabd46,b90584d8-fc78-420b-91e1-490117cd30cd,a7e93193-d6a7-4f39-b11b-6ceb9b0a17f1,2026-04-30,unavailable,,,2026-04-29T20:35:07.760923+00:00,2026-04-29T20:35:07.613+00:00,,,
fb956c66-9575-4ef4-ae5b-aaa94bdc1a54,dff21156-fd38-405e-a857-e7ad8bffa7f5,a7e93193-d6a7-4f39-b11b-6ceb9b0a17f1,2026-04-30,unavailable,,,2026-04-29T20:35:07.760923+00:00,2026-04-29T20:35:07.613+00:00,,,
f06d7728-0a86-4ca6-8332-be3da57b059c,cde06dcc-2c7a-4476-8a23-469ecb9e3940,a7e93193-d6a7-4f39-b11b-6ceb9b0a17f1,2026-04-30,unavailable,,,2026-04-29T20:35:07.760923+00:00,2026-04-29T20:35:07.613+00:00,,,
9922acfa-8045-47f4-8f29-a5d444868b40,e81c39b6-82fe-4505-b835-ed93e4220988,a7e93193-d6a7-4f39-b11b-6ceb9b0a17f1,2026-04-30,unavailable,,,2026-04-29T20:35:07.760923+00:00,2026-04-29T20:35:07.613+00:00,,,
61db934a-93b5-4332-aff9-5776652ef304,11848d52-fa67-4b56-8b9e-87239a753911,a7e93193-d6a7-4f39-b11b-6ceb9b0a17f1,2026-04-30,unavailable,,,2026-04-29T20:35:07.760923+00:00,2026-04-29T20:35:07.613+00:00,,,
e4fa9786-abe7-41f9-8c46-18fcae28f43c,7dde3a19-d1ad-4170-a663-7bd83ee8d3a2,a7e93193-d6a7-4f39-b11b-6ceb9b0a17f1,2026-04-30,unavailable,,,2026-04-29T20:35:07.760923+00:00,2026-04-29T20:35:07.613+00:00,,,
288e7b38-1ec9-4ecb-9715-bf951fd3a392,e17fe9fd-652f-4542-8a29-65e80a791a00,a7e93193-d6a7-4f39-b11b-6ceb9b0a17f1,2026-04-30,unavailable,,,2026-04-29T20:35:07.760923+00:00,2026-04-29T20:35:07.613+00:00,,,
59bcee09-8c4f-41ce-8c5d-a4ec833e7d23,f14e1eaa-9677-4120-b8b5-37209f399915,a7e93193-d6a7-4f39-b11b-6ceb9b0a17f1,2026-04-30,unavailable,,,2026-04-29T20:35:07.760923+00:00,2026-04-29T20:35:07.613+00:00,,,
628d9e8b-b3b5-4257-a244-fc2743ee6c88,fb11eb56-4d65-413d-8125-ae24b42ae442,a7e93193-d6a7-4f39-b11b-6ceb9b0a17f1,2026-04-30,unavailable,,,2026-04-29T20:35:07.760923+00:00,2026-04-29T20:35:07.613+00:00,,,
a79ae6ee-cf43-4e73-921b-2534bd251382,c9f1257a-9015-4783-86de-82819569ea0a,a7e93193-d6a7-4f39-b11b-6ceb9b0a17f1,2026-04-30,unavailable,,,2026-04-29T20:35:07.760923+00:00,2026-04-29T20:35:07.613+00:00,,,
3dcae2a2-4039-4413-8069-b8e0d5f028dc,336fc578-e349-4e59-bcd2-e1c2b1beadb3,a7e93193-d6a7-4f39-b11b-6ceb9b0a17f1,2026-04-30,unavailable,,,2026-04-29T20:35:07.760923+00:00,2026-04-29T20:35:07.613+00:00,,,
2f80f29c-aae2-4d86-a549-9c7019a0c210,f0c608fc-95ab-4c48-a3ba-877a7937f660,a7e93193-d6a7-4f39-b11b-6ceb9b0a17f1,2026-04-30,unavailable,,,2026-04-29T20:35:07.760923+00:00,2026-04-29T20:35:07.613+00:00,,,
e2f579bf-b66c-4d3a-8bd0-f3f1da715979,10a1cffa-f6d9-4692-8d99-cec08f07ef0d,a7e93193-d6a7-4f39-b11b-6ceb9b0a17f1,2026-04-30,unavailable,,,2026-04-29T20:35:07.760923+00:00,2026-04-29T20:35:07.613+00:00,,,
821094bd-1e5b-4957-be47-39c769b8cf9e,0ae60db8-9ea0-479d-aa4a-55755241cad5,a7e93193-d6a7-4f39-b11b-6ceb9b0a17f1,2026-04-30,unavailable,,,2026-04-29T20:35:07.760923+00:00,2026-04-29T20:35:07.613+00:00,,,
f9460cb9-5148-4f90-9af6-1313c23874d0,be637780-281f-4436-8c97-6efb129cfd2b,a7e93193-d6a7-4f39-b11b-6ceb9b0a17f1,2026-04-30,unavailable,,,2026-04-29T20:35:07.760923+00:00,2026-04-29T20:35:07.613+00:00,,,
2dd66d49-ba15-451d-8f50-d04bca815439,c3916820-1dce-4d0e-a249-f47e95d54255,a7e93193-d6a7-4f39-b11b-6ceb9b0a17f1,2026-04-30,unavailable,,,2026-04-29T20:35:07.760923+00:00,2026-04-29T20:35:07.613+00:00,,,
4c8e328c-dc4d-4726-ab6e-52b27b4999a4,f30e6ede-1de9-4e46-a56d-384b77d3780e,a7e93193-d6a7-4f39-b11b-6ceb9b0a17f1,2026-04-30,unavailable,,,2026-04-29T20:35:07.760923+00:00,2026-04-29T20:35:07.613+00:00,,,
7fed5e02-cc5c-4252-9fad-37f5c78eca5c,f3d61783-a8b2-4f4d-bdca-caa6f8e0e54a,a7e93193-d6a7-4f39-b11b-6ceb9b0a17f1,2026-04-30,unavailable,,,2026-04-29T20:35:07.760923+00:00,2026-04-29T20:35:07.613+00:00,,,
0ce39562-36ba-4530-92a7-9e36c7d98a90,2f002bb7-6444-4ace-87ff-7c547b3f03bd,a7e93193-d6a7-4f39-b11b-6ceb9b0a17f1,2026-04-30,unavailable,,,2026-04-29T20:35:07.760923+00:00,2026-04-29T20:35:07.613+00:00,,,
a134cb02-3963-4153-b94f-9946e2457371,0e124df5-de3e-4013-a192-423ea8975de4,a7e93193-d6a7-4f39-b11b-6ceb9b0a17f1,2026-04-30,unavailable,,,2026-04-29T20:35:07.760923+00:00,2026-04-29T20:35:07.613+00:00,,,
8c28ecc7-16b8-4164-b0f8-bde7543da63e,04912bb8-8ae3-47d1-b26e-21cc9c673432,a7e93193-d6a7-4f39-b11b-6ceb9b0a17f1,2026-04-30,unavailable,,,2026-04-29T20:35:07.760923+00:00,2026-04-29T20:35:07.613+00:00,,,
363fee55-1af9-4555-9f9e-8c104363a1be,4ced9319-ef22-4afb-8131-15662b65ef52,a7e93193-d6a7-4f39-b11b-6ceb9b0a17f1,2026-04-30,unavailable,,,2026-04-29T20:35:07.760923+00:00,2026-04-29T20:35:07.613+00:00,,,
cd3aa9fd-da6c-45e1-9ddc-18512efe1a66,111ca1c2-8e31-471a-bae3-0da35ce73b81,a7e93193-d6a7-4f39-b11b-6ceb9b0a17f1,2026-04-30,unavailable,,,2026-04-29T20:35:07.760923+00:00,2026-04-29T20:35:07.613+00:00,,,
54d1e84c-ca6e-4fa7-a658-2cd314b70662,e4368078-2f9e-44f5-bafe-48f8b1fa741f,a7e93193-d6a7-4f39-b11b-6ceb9b0a17f1,2026-04-30,unavailable,,,2026-04-29T20:35:07.760923+00:00,2026-04-29T20:35:07.613+00:00,,,
60c6b19a-a45c-4b6d-9109-689b82e95f42,6176833b-8baf-4d60-84c7-6e2546e070c0,a7e93193-d6a7-4f39-b11b-6ceb9b0a17f1,2026-04-30,unavailable,,,2026-04-29T20:35:07.760923+00:00,2026-04-29T20:35:07.614+00:00,,,
2db9c2db-310c-4a68-8e6d-18ee19c39d79,f6145d14-6ea4-47b8-b171-5485403ce4a8,a7e93193-d6a7-4f39-b11b-6ceb9b0a17f1,2026-04-30,unavailable,,,2026-04-29T20:35:07.760923+00:00,2026-04-29T20:35:07.614+00:00,,,
c166d8d3-0031-448e-9c72-7fea9cf29506,d37629f0-f0aa-401f-931d-d6af6da3b86c,a7e93193-d6a7-4f39-b11b-6ceb9b0a17f1,2026-04-30,unavailable,,,2026-04-29T20:35:07.760923+00:00,2026-04-29T20:35:07.614+00:00,,,
89c41b2d-33e3-4414-921e-8500b8d36776,405a5d42-18bf-4fed-9975-efc1f85edb15,a7e93193-d6a7-4f39-b11b-6ceb9b0a17f1,2026-04-30,unavailable,,,2026-04-29T20:35:07.760923+00:00,2026-04-29T20:35:07.614+00:00,,,
c7bdb91e-740d-457f-bf76-ef4b57c2d2d8,309781c4-ed69-40dc-860a-712d7414d66e,a7e93193-d6a7-4f39-b11b-6ceb9b0a17f1,2026-04-30,unavailable,,,2026-04-29T20:35:07.760923+00:00,2026-04-29T20:35:07.614+00:00,,,
9314d7fb-9997-4b7f-af91-f1d207dcda3e,b0017451-3a96-49f3-9e48-ea4ef19383bf,a7e93193-d6a7-4f39-b11b-6ceb9b0a17f1,2026-04-30,unavailable,,,2026-04-29T20:35:07.760923+00:00,2026-04-29T20:35:07.614+00:00,,,
8c3c6fa7-d5fd-4e1d-8e84-4339d1162296,25317688-27ec-456d-8b73-c00ff0ad3284,a7e93193-d6a7-4f39-b11b-6ceb9b0a17f1,2026-04-30,unavailable,,,2026-04-29T20:35:07.760923+00:00,2026-04-29T20:35:07.614+00:00,,,
448067e6-22d7-4ccc-9ba4-b8145fb75937,048e8a46-b58e-4c8d-9cd8-f93ec8ad107a,a7e93193-d6a7-4f39-b11b-6ceb9b0a17f1,2026-04-30,unavailable,,,2026-04-29T20:35:07.760923+00:00,2026-04-29T20:35:07.614+00:00,,,
e4c9e020-f9fc-40f4-8b71-be1eeb201ea6,1fcf3901-e345-4476-b740-0d01c2592627,a7e93193-d6a7-4f39-b11b-6ceb9b0a17f1,2026-04-30,unavailable,,,2026-04-29T20:35:07.760923+00:00,2026-04-29T20:35:07.614+00:00,,,
a8dd068b-c9f2-479d-81d5-525349840713,81c16996-0b85-475e-a250-65be09ccef20,a7e93193-d6a7-4f39-b11b-6ceb9b0a17f1,2026-04-30,unavailable,,,2026-04-29T20:35:07.760923+00:00,2026-04-29T20:35:07.614+00:00,,,
92c4c433-cd77-470b-b30e-d138c8d650af,daddf87a-52e4-4130-bcfb-6c57d484bf4f,a7e93193-d6a7-4f39-b11b-6ceb9b0a17f1,2026-04-30,unavailable,,,2026-04-29T20:35:07.760923+00:00,2026-04-29T20:35:07.614+00:00,,,
b726ce23-7baa-4549-888f-288e8eb4b46f,f5639c9e-b6d3-4ba5-a804-c0b05b0eecad,a7e93193-d6a7-4f39-b11b-6ceb9b0a17f1,2026-04-30,unavailable,,,2026-04-29T20:35:07.760923+00:00,2026-04-29T20:35:07.614+00:00,,,
33a30434-4afc-4459-b2a6-67895a63bcc7,b8f48312-5ce2-436f-974e-3f41913ee188,a7e93193-d6a7-4f39-b11b-6ceb9b0a17f1,2026-04-30,unavailable,,,2026-04-29T20:35:07.760923+00:00,2026-04-29T20:35:07.614+00:00,,,
0e70330a-0634-4aba-950f-7adffe023f93,c4880391-d815-4553-ad03-34066e1f1145,a7e93193-d6a7-4f39-b11b-6ceb9b0a17f1,2026-04-30,unavailable,,,2026-04-29T20:35:07.760923+00:00,2026-04-29T20:35:07.614+00:00,,,
1083b84b-bd92-4df3-96eb-6d323d1d67c2,2ce5e1a4-8597-4d64-addc-651953a7a868,a7e93193-d6a7-4f39-b11b-6ceb9b0a17f1,2026-04-30,unavailable,,,2026-04-29T20:35:07.760923+00:00,2026-04-29T20:35:07.614+00:00,,,
45883a98-c3e1-45d0-b62c-872b19fa12b1,69393448-7532-4c5c-afd9-f21c8a87c021,a7e93193-d6a7-4f39-b11b-6ceb9b0a17f1,2026-04-30,unavailable,,,2026-04-29T20:35:07.760923+00:00,2026-04-29T20:35:07.614+00:00,,,
962c11e1-809a-4aa3-84fd-abc8f40368a6,080205a7-44fc-49aa-a1c9-072aa3859d8f,a7e93193-d6a7-4f39-b11b-6ceb9b0a17f1,2026-04-30,unavailable,,,2026-04-29T20:35:07.760923+00:00,2026-04-29T20:35:07.614+00:00,,,
