id,delivery_id,item_id,quantity,unit,unit_price,line_total,created_at,is_bonus,bonus_note
52130acf-b63d-499e-81cb-5a1991c31a47,29af41b9-8c0e-4d2e-8a10-a8f8e8cffed2,dff21156-fd38-405e-a857-e7ad8bffa7f5,1.0,qt,20.0,20.0,2026-04-13T08:56:57.626845+00:00,False,
dcb263ac-b1e2-4472-ad7c-3220811f6375,29af41b9-8c0e-4d2e-8a10-a8f8e8cffed2,11848d52-fa67-4b56-8b9e-87239a753911,1.0,sm,24.0,24.0,2026-04-13T08:56:57.626845+00:00,False,
7ec309a3-f6d4-43fc-a4ad-8acc53d77f37,29af41b9-8c0e-4d2e-8a10-a8f8e8cffed2,ea4552f9-565d-4bdb-98c5-539a307ea325,4.0,qt,10.0,40.0,2026-04-13T08:56:57.626845+00:00,False,
55965b02-4ae7-4e7c-981c-f7c2f055f0e9,29af41b9-8c0e-4d2e-8a10-a8f8e8cffed2,1fcf3901-e345-4476-b740-0d01c2592627,1.0,sm,0.35,0.35,2026-04-13T08:56:57.626845+00:00,False,
8d32739a-6027-47be-91e8-6e2052759d7f,29af41b9-8c0e-4d2e-8a10-a8f8e8cffed2,6176833b-8baf-4d60-84c7-6e2546e070c0,1.0,sm,10.0,10.0,2026-04-13T08:56:57.626845+00:00,False,
b1178085-8ecf-48a8-86aa-6405d92b0a79,29af41b9-8c0e-4d2e-8a10-a8f8e8cffed2,25317688-27ec-456d-8b73-c00ff0ad3284,1.0,sm,6.0,6.0,2026-04-13T08:56:57.626845+00:00,False,
b4e05f82-67fd-4bdd-835a-8c6ea28ce762,29af41b9-8c0e-4d2e-8a10-a8f8e8cffed2,c3916820-1dce-4d0e-a249-f47e95d54255,4.0,lg,20.0,80.0,2026-04-13T08:56:57.626845+00:00,False,
3dabf94b-c00a-4927-a219-7795ee8b2e91,29af41b9-8c0e-4d2e-8a10-a8f8e8cffed2,f3d61783-a8b2-4f4d-bdca-caa6f8e0e54a,1.0,sm,24.0,24.0,2026-04-13T08:56:57.626845+00:00,False,
b3f01a77-abba-4d90-8c39-19ba3d5fb1b0,c4c23d73-decc-4a71-8938-fcb6cdc51741,c9f1257a-9015-4783-86de-82819569ea0a,120.0,ea,12.0,1440.0,2026-04-13T08:57:01.293782+00:00,False,
358a5d39-d422-42ce-978d-e438da0c8c67,c4c23d73-decc-4a71-8938-fcb6cdc51741,e17fe9fd-652f-4542-8a29-65e80a791a00,3.0,lg,20.0,60.0,2026-04-13T08:57:01.293782+00:00,False,
f1705c25-09ae-4951-84a8-572bde315cba,c4c23d73-decc-4a71-8938-fcb6cdc51741,b90584d8-fc78-420b-91e1-490117cd30cd,50.0,ea,6.0,300.0,2026-04-13T08:57:01.293782+00:00,False,
b8fb7fac-60a9-4d1b-954b-e79e8f9687d2,c4c23d73-decc-4a71-8938-fcb6cdc51741,27d10606-8e7f-4afa-8c12-ce177d2f7e31,1.0,lg,10.0,10.0,2026-04-13T08:57:01.293782+00:00,False,
0fa48cdd-0dc7-48ea-b607-4c589fb5f320,c4c23d73-decc-4a71-8938-fcb6cdc51741,25317688-27ec-456d-8b73-c00ff0ad3284,1.0,lg,6.0,6.0,2026-04-13T08:57:01.293782+00:00,False,
93719cc8-198e-4ec4-9614-5d25d42356d8,c4c23d73-decc-4a71-8938-fcb6cdc51741,56f75098-ef8d-4fde-86e8-fbfa21bd8964,8.0,lg,20.0,160.0,2026-04-13T08:57:01.293782+00:00,False,
57d3a85f-2434-4fd0-a42e-97b9ae1da57a,c4c23d73-decc-4a71-8938-fcb6cdc51741,b8f48312-5ce2-436f-974e-3f41913ee188,3.0,lg,15.0,45.0,2026-04-13T08:57:01.293782+00:00,False,
821bba67-1cba-4903-96b2-35a7000948d3,e92f11d7-3944-4240-9344-ea5f012d4aa8,cce17ece-976b-4312-8212-c63feb877194,1.0,lg,0.1,0.1,2026-04-13T09:00:59.627426+00:00,False,
2a90de00-1776-4520-ac8c-b6998871dd5e,c4c23d73-decc-4a71-8938-fcb6cdc51741,7c8d4998-c5bb-4845-a3e4-444d47ebc795,1.0,sm,12.0,12.0,2026-04-13T09:01:00.636948+00:00,False,
c0b9242e-94ea-4238-92ae-8603fc34d7c6,d73830c5-2bf9-4b4c-bda7-df3a5b6dd7cf,6a383d81-af24-4d74-a14e-ec5dd8b4653d,2.0,lg,15.0,30.0,2026-04-13T02:11:51.709181+00:00,False,
5b267b01-1b43-4782-a7a1-79cd5fd138c6,834629e2-1d17-4cf2-9f76-a1bb4b066252,e662ef45-6aed-4a2e-ab16-cead317ac5b0,200.0,ea,0.35,70.0,2026-04-13T02:11:51.845169+00:00,False,
8572784c-d1f3-4099-9711-d327542dfe63,4dd3312c-6349-4ab5-baac-baa161384ca1,e662ef45-6aed-4a2e-ab16-cead317ac5b0,200.0,ea,0.35,70.0,2026-04-13T02:11:51.986598+00:00,False,
d0fc2dbb-8919-4c7c-9777-e2ade6787ef2,4dd3312c-6349-4ab5-baac-baa161384ca1,07facaef-e20c-417b-9419-6486f1ac9071,1.0,lg,20.0,20.0,2026-04-13T02:11:51.986598+00:00,False,
87352e7f-9d5d-40cf-a978-d4c9a5d5caef,4dd3312c-6349-4ab5-baac-baa161384ca1,56f75098-ef8d-4fde-86e8-fbfa21bd8964,1.0,lg,20.0,20.0,2026-04-13T02:11:51.986598+00:00,False,
dddcec5d-c3c9-4f41-bb4d-5fbef377ec7e,694634f2-aca9-4ea1-abfc-6f7af46ac92b,e662ef45-6aed-4a2e-ab16-cead317ac5b0,200.0,ea,0.35,70.0,2026-04-13T02:11:52.165449+00:00,False,
eb097957-9d7e-4066-a081-6a115d452362,694634f2-aca9-4ea1-abfc-6f7af46ac92b,07facaef-e20c-417b-9419-6486f1ac9071,1.0,lg,20.0,20.0,2026-04-13T02:11:52.165449+00:00,False,
d3ea8999-3a94-40d6-b267-f1570592d299,040535ac-7f12-4600-8314-db8c665ecba9,e662ef45-6aed-4a2e-ab16-cead317ac5b0,200.0,ea,0.35,70.0,2026-04-13T02:11:52.436877+00:00,False,
2c9d461d-ba9f-4e07-b0d0-af8ae9349572,040535ac-7f12-4600-8314-db8c665ecba9,f14e1eaa-9677-4120-b8b5-37209f399915,1.0,lg,30.0,30.0,2026-04-13T02:11:52.436877+00:00,False,
771a4bbb-0080-46dc-8c0e-2a6345a492e7,eb414d1d-9a41-407b-b30f-e4c0b48d4e85,e662ef45-6aed-4a2e-ab16-cead317ac5b0,300.0,ea,0.35,105.0,2026-04-13T02:11:52.574701+00:00,False,
8f15d0a0-c522-4dc1-8911-d74683c92861,eb414d1d-9a41-407b-b30f-e4c0b48d4e85,f5639c9e-b6d3-4ba5-a804-c0b05b0eecad,2.0,lg,24.0,48.0,2026-04-13T02:11:52.574701+00:00,False,
c1fc7e6f-3832-4433-940b-7f0d2c9bf5cc,ed08154f-f7c6-4e01-8cf8-337979385087,1fcf3901-e345-4476-b740-0d01c2592627,1.0,sm,0.35,0.35,2026-04-13T08:56:58.428751+00:00,False,
b40d618c-d473-4341-896c-7cdf89eaf8b7,ed08154f-f7c6-4e01-8cf8-337979385087,c9f1257a-9015-4783-86de-82819569ea0a,2.0,lg,12.0,24.0,2026-04-13T08:56:58.428751+00:00,False,
67ea840b-69ea-453a-8a7a-f0a4d61f9398,ed08154f-f7c6-4e01-8cf8-337979385087,11848d52-fa67-4b56-8b9e-87239a753911,1.0,lg,24.0,24.0,2026-04-13T08:56:58.428751+00:00,False,
3cc713ba-ce9d-44dd-b9ba-9dfc5c51243a,ed08154f-f7c6-4e01-8cf8-337979385087,e17fe9fd-652f-4542-8a29-65e80a791a00,1.0,lg,20.0,20.0,2026-04-13T08:56:58.428751+00:00,False,
77c1971b-d5ed-4cc8-93d7-21567d326368,ed08154f-f7c6-4e01-8cf8-337979385087,f30e6ede-1de9-4e46-a56d-384b77d3780e,4.0,lg,12.0,48.0,2026-04-13T08:56:58.428751+00:00,False,
2040a26c-8176-4983-a83e-6bf977a9cbab,57959dc5-3166-4f7f-8488-58689445e6b6,dff21156-fd38-405e-a857-e7ad8bffa7f5,2.0,qt,20.0,40.0,2026-04-13T08:57:01.50415+00:00,False,
de6b58b9-1d8e-4e5f-9ae0-454d9b748271,57959dc5-3166-4f7f-8488-58689445e6b6,ea4552f9-565d-4bdb-98c5-539a307ea325,2.0,qt,10.0,20.0,2026-04-13T08:57:01.50415+00:00,False,
500980b1-b581-497d-8a39-05b1694abcff,57959dc5-3166-4f7f-8488-58689445e6b6,1fcf3901-e345-4476-b740-0d01c2592627,1.0,lg,0.35,0.35,2026-04-13T08:57:01.50415+00:00,False,
8a852d3a-0ba9-4436-8bbb-e2742eaf86c1,57959dc5-3166-4f7f-8488-58689445e6b6,25317688-27ec-456d-8b73-c00ff0ad3284,1.0,lg,6.0,6.0,2026-04-13T08:57:01.50415+00:00,False,
7f24c603-6e89-4b66-95de-c07aa8986a1c,c4c23d73-decc-4a71-8938-fcb6cdc51741,cce17ece-976b-4312-8212-c63feb877194,130.0,ea,0.1,13.0,2026-04-13T09:01:00.752315+00:00,False,
cd74dfc5-7bc5-46ab-bd38-c9927d266e0f,91fbd593-ed91-41e0-b55f-5ad02e608aea,e662ef45-6aed-4a2e-ab16-cead317ac5b0,200.0,ea,0.35,70.0,2026-04-13T02:11:52.729567+00:00,False,
2580a6e2-287c-4314-89f5-477f569b6fa3,91fbd593-ed91-41e0-b55f-5ad02e608aea,b90584d8-fc78-420b-91e1-490117cd30cd,2.0,sm,6.0,12.0,2026-04-13T02:11:52.729567+00:00,False,
143422c7-4cb9-4cff-b651-073d58557aaa,91fbd593-ed91-41e0-b55f-5ad02e608aea,6a383d81-af24-4d74-a14e-ec5dd8b4653d,1.0,lg,15.0,15.0,2026-04-13T02:11:52.729567+00:00,False,
ec220664-b388-4d1d-8d11-ce6efd042736,91fbd593-ed91-41e0-b55f-5ad02e608aea,56f75098-ef8d-4fde-86e8-fbfa21bd8964,1.0,lg,20.0,20.0,2026-04-13T02:11:52.729567+00:00,False,
9525a949-6b9a-44fb-af72-06ad268f60ce,f4a6043a-be01-4c5b-8956-466edf28b70f,f5639c9e-b6d3-4ba5-a804-c0b05b0eecad,3.0,lg,24.0,72.0,2026-04-13T02:11:52.889639+00:00,False,
2d0e2259-3afc-4165-a554-6fa4effe0eb0,f4a6043a-be01-4c5b-8956-466edf28b70f,e662ef45-6aed-4a2e-ab16-cead317ac5b0,450.0,ea,0.35,157.5,2026-04-13T02:11:52.889639+00:00,False,
c1ea39cb-de7a-482d-90f0-411d768ddbdb,f4a6043a-be01-4c5b-8956-466edf28b70f,44bdbde8-576d-4d7f-b668-d2f2bf72fb2e,1.0,lg,15.0,15.0,2026-04-13T02:11:52.889639+00:00,False,
af11517d-5399-4702-8c01-2d9955cf2f19,f6f730e0-2e07-4555-b795-fe8f6e62b784,e662ef45-6aed-4a2e-ab16-cead317ac5b0,300.0,ea,0.35,105.0,2026-04-13T02:11:53.309738+00:00,False,
3ac7f040-fab7-4656-a225-6be783e51665,f6f730e0-2e07-4555-b795-fe8f6e62b784,2eaadb66-8823-4457-a67a-eaed6282bc1f,2.0,sm,6.0,12.0,2026-04-13T02:11:53.309738+00:00,False,
bad5f032-ccb3-40e3-9e25-bcdfa1786c78,f6f730e0-2e07-4555-b795-fe8f6e62b784,6a383d81-af24-4d74-a14e-ec5dd8b4653d,1.0,lg,15.0,15.0,2026-04-13T02:11:53.309738+00:00,False,
3ab23821-54e0-43d9-a2fa-fa78a87fae4c,f6f730e0-2e07-4555-b795-fe8f6e62b784,21d117ac-f8fb-45fd-bf02-a0f11942e9a3,1.0,lg,20.0,20.0,2026-04-13T02:11:53.309738+00:00,False,
1385ed59-1270-4ddc-a9f5-cfa4321d63bf,7f701c41-af9d-422f-9f30-27ff0bfb899b,dff21156-fd38-405e-a857-e7ad8bffa7f5,1.0,qt,20.0,20.0,2026-04-13T08:56:58.890412+00:00,False,
a9ee7037-f9e9-4eb5-948b-84e0d9278a75,7f701c41-af9d-422f-9f30-27ff0bfb899b,1fcf3901-e345-4476-b740-0d01c2592627,1.0,lg,0.35,0.35,2026-04-13T08:56:58.890412+00:00,False,
5fc5fa68-7101-4494-8b25-7e55906cf8db,7f701c41-af9d-422f-9f30-27ff0bfb899b,56f75098-ef8d-4fde-86e8-fbfa21bd8964,4.0,lg,20.0,80.0,2026-04-13T08:56:58.890412+00:00,False,
b830b26d-5774-4779-979e-35c8612b3107,7f701c41-af9d-422f-9f30-27ff0bfb899b,0e124df5-de3e-4013-a192-423ea8975de4,1.0,lg,20.0,20.0,2026-04-13T08:56:58.890412+00:00,False,
bc79e036-c612-4c03-a9ae-d01093e5cd9b,ef2a55f8-7c7f-4b7f-8ddd-dd1156e78aae,e81c39b6-82fe-4505-b835-ed93e4220988,1.0,sm,12.0,12.0,2026-04-13T08:57:01.688576+00:00,False,
3ac2eedf-f4b8-44da-be7d-fd7d3441b874,ef2a55f8-7c7f-4b7f-8ddd-dd1156e78aae,ea4552f9-565d-4bdb-98c5-539a307ea325,2.0,qt,10.0,20.0,2026-04-13T08:57:01.688576+00:00,False,
cb3fe395-d185-4523-ad3b-68e59c55293b,ef2a55f8-7c7f-4b7f-8ddd-dd1156e78aae,dff21156-fd38-405e-a857-e7ad8bffa7f5,2.0,qt,20.0,40.0,2026-04-13T08:57:01.688576+00:00,False,
f3215939-3d1f-474d-8114-42522c530d55,ef2a55f8-7c7f-4b7f-8ddd-dd1156e78aae,1fcf3901-e345-4476-b740-0d01c2592627,200.0,ea,0.35,70.0,2026-04-13T08:57:01.688576+00:00,False,
8ff97807-de1a-4d44-832f-0b0d128443e1,ef2a55f8-7c7f-4b7f-8ddd-dd1156e78aae,40b5c780-6569-4806-8e95-e2c92eaa87c9,1.0,lg,15.0,15.0,2026-04-13T08:57:01.688576+00:00,False,
1f2b3067-19fe-4816-9e25-9eb47642a02c,ef2a55f8-7c7f-4b7f-8ddd-dd1156e78aae,6176833b-8baf-4d60-84c7-6e2546e070c0,1.0,sm,10.0,10.0,2026-04-13T08:57:01.688576+00:00,False,
3033c276-3116-4884-a28a-0f0a7870eef4,ef2a55f8-7c7f-4b7f-8ddd-dd1156e78aae,c3916820-1dce-4d0e-a249-f47e95d54255,2.0,lg,20.0,40.0,2026-04-13T08:57:01.688576+00:00,False,
4dbb0878-9bcf-4458-b6c5-fcdf95d82572,ef2a55f8-7c7f-4b7f-8ddd-dd1156e78aae,f3d61783-a8b2-4f4d-bdca-caa6f8e0e54a,1.0,lg,24.0,24.0,2026-04-13T08:57:01.688576+00:00,False,
10796a6f-0ca6-444e-9e36-cc1bc6f6c5f3,ef2a55f8-7c7f-4b7f-8ddd-dd1156e78aae,111ca1c2-8e31-471a-bae3-0da35ce73b81,2.0,lg,12.0,24.0,2026-04-13T08:57:01.688576+00:00,False,
066daf32-fba4-4c2f-8077-f7cc4be4e4e1,ef2a55f8-7c7f-4b7f-8ddd-dd1156e78aae,8627c1a1-62d7-49e3-9176-f295969b3c6d,1.0,lg,25.0,25.0,2026-04-13T08:57:01.688576+00:00,False,
e41f5486-c69d-4d4f-85c1-a13b40f8fc38,b1a2eefe-b359-4289-af41-27365ffd59b4,d45982d6-a597-419b-8f2e-7321660ab99a,2.0,lg,0.15,0.3,2026-04-13T09:01:01.468163+00:00,False,
e1ddcaec-a2ef-49b6-a18c-d5c6a457ac6f,f9d484d4-3d31-4c24-bac5-c46c5d3a2ba8,07facaef-e20c-417b-9419-6486f1ac9071,1.0,lg,20.0,20.0,2026-04-13T02:11:53.86169+00:00,False,
0ebac9ae-5cfe-4043-954c-cbb332c16858,5e0c8130-8db3-4c7c-8dda-f2cce796106f,07facaef-e20c-417b-9419-6486f1ac9071,1.0,lg,20.0,20.0,2026-04-13T02:11:54.330865+00:00,False,
146bcbfa-17af-472c-af0c-3f4946249916,5e0c8130-8db3-4c7c-8dda-f2cce796106f,e662ef45-6aed-4a2e-ab16-cead317ac5b0,50.0,ea,0.35,17.5,2026-04-13T02:11:54.330865+00:00,False,
a556a55d-eccf-44e5-8e20-dffe47714236,5e0c8130-8db3-4c7c-8dda-f2cce796106f,a65f4504-ba08-4da1-82ee-339201545673,1.0,sm,10.0,10.0,2026-04-13T02:11:54.330865+00:00,False,
30bca99b-ae8f-4b53-977c-bd5837a1fb63,5e0c8130-8db3-4c7c-8dda-f2cce796106f,5d480edd-15b4-4457-b01b-8b369f82cae4,50.0,lg,20.0,1000.0,2026-04-13T02:11:54.330865+00:00,False,
d6256f93-8ed5-43d1-93f1-5c22e1a4262c,dd09c869-a05d-4a7c-afac-eb9395cb502c,2eaadb66-8823-4457-a67a-eaed6282bc1f,1.0,sm,6.0,6.0,2026-04-13T02:11:54.743563+00:00,False,
c8b7a4e1-c0b6-46a4-ad78-d462b7f77130,dd09c869-a05d-4a7c-afac-eb9395cb502c,e662ef45-6aed-4a2e-ab16-cead317ac5b0,200.0,ea,0.35,70.0,2026-04-13T02:11:54.743563+00:00,False,
43569764-bde6-4973-8e94-377f64e90472,dd09c869-a05d-4a7c-afac-eb9395cb502c,5d480edd-15b4-4457-b01b-8b369f82cae4,2.0,lg,20.0,40.0,2026-04-13T02:11:54.743563+00:00,False,
13af6e36-5d1e-4d50-b4b6-7cc316dc7370,572ba28e-0d75-4abd-811c-0bbff6078edf,6a383d81-af24-4d74-a14e-ec5dd8b4653d,2.0,lg,15.0,30.0,2026-04-13T02:11:55.154912+00:00,False,
5fa450bf-0bd3-4a60-a488-d0cb9e72abc6,572ba28e-0d75-4abd-811c-0bbff6078edf,5d480edd-15b4-4457-b01b-8b369f82cae4,2.0,lg,20.0,40.0,2026-04-13T02:11:55.154912+00:00,False,
a55080b1-ccc5-4d4e-9831-533c5669dfde,572ba28e-0d75-4abd-811c-0bbff6078edf,e662ef45-6aed-4a2e-ab16-cead317ac5b0,250.0,ea,0.35,87.5,2026-04-13T02:11:55.154912+00:00,False,
6aa786c6-139f-4622-bffc-7d6ab9f2694e,0c048fb3-8227-4016-a662-54105b2ac66c,e81c39b6-82fe-4505-b835-ed93e4220988,1.0,sm,12.0,12.0,2026-04-13T08:56:59.24972+00:00,False,
e4e1b7d4-dfc1-4ad8-a20c-0e3f0b8dcd09,0c048fb3-8227-4016-a662-54105b2ac66c,c2cbd94e-49da-4aa5-b4b5-070bb2aae1de,1.0,lg,12.0,12.0,2026-04-13T08:56:59.24972+00:00,False,
71217762-fc4b-4cca-99f2-79d1ee5f75be,0c048fb3-8227-4016-a662-54105b2ac66c,1fcf3901-e345-4476-b740-0d01c2592627,200.0,ea,0.35,70.0,2026-04-13T08:56:59.24972+00:00,False,
e580959d-1f33-454c-93cd-17377d462d3d,0c048fb3-8227-4016-a662-54105b2ac66c,c3916820-1dce-4d0e-a249-f47e95d54255,4.0,lg,20.0,80.0,2026-04-13T08:56:59.24972+00:00,False,
cb98f7d8-ba50-4024-8255-e574f4639f11,0c048fb3-8227-4016-a662-54105b2ac66c,6176833b-8baf-4d60-84c7-6e2546e070c0,1.0,sm,10.0,10.0,2026-04-13T08:56:59.24972+00:00,False,
8067c866-9669-4bc0-80ae-b3f21fa3e984,0c048fb3-8227-4016-a662-54105b2ac66c,11848d52-fa67-4b56-8b9e-87239a753911,1.0,lg,24.0,24.0,2026-04-13T08:56:59.24972+00:00,False,
f3d1f7ec-0344-4275-8e65-2d9b3fad71ab,0c048fb3-8227-4016-a662-54105b2ac66c,5d2be0b1-c8e4-4de7-becc-b24c8655215d,1.0,lg,20.0,20.0,2026-04-13T08:56:59.24972+00:00,False,
e521be4b-41ac-4d10-bcb2-0036d32cc0a0,0c048fb3-8227-4016-a662-54105b2ac66c,336fc578-e349-4e59-bcd2-e1c2b1beadb3,1.0,lg,25.0,25.0,2026-04-13T08:56:59.24972+00:00,False,
8c337255-4c4e-423d-ba88-5fa9e79ae460,2e7e47d2-cb7c-42ed-a456-de68d86875a0,1fcf3901-e345-4476-b740-0d01c2592627,50.0,ea,0.35,17.5,2026-04-13T08:57:01.900866+00:00,False,
bfb570dc-fd77-4bdd-883a-44c19f2db4ff,2e7e47d2-cb7c-42ed-a456-de68d86875a0,b0017451-3a96-49f3-9e48-ea4ef19383bf,1.0,lg,10.0,10.0,2026-04-13T08:57:01.900866+00:00,False,
dae5dd84-dc48-4e78-b22e-ea85bc3ff4d5,2e7e47d2-cb7c-42ed-a456-de68d86875a0,c3916820-1dce-4d0e-a249-f47e95d54255,1.0,lg,20.0,20.0,2026-04-13T08:57:01.900866+00:00,False,
6caa1a29-c7e8-4f36-97f7-5f5cb4ee7511,2e7e47d2-cb7c-42ed-a456-de68d86875a0,b8f48312-5ce2-436f-974e-3f41913ee188,1.0,lg,15.0,15.0,2026-04-13T08:57:01.900866+00:00,False,
e933c3f3-e198-43fd-bfde-21200d6673a2,2e7e47d2-cb7c-42ed-a456-de68d86875a0,111ca1c2-8e31-471a-bae3-0da35ce73b81,1.0,lg,12.0,12.0,2026-04-13T08:57:01.900866+00:00,False,
f788d405-3461-4fbf-bc70-4fbb4b2727e8,2e7e47d2-cb7c-42ed-a456-de68d86875a0,13ac7479-762b-4fc2-b36c-b94223caf3d5,1.0,lg,15.0,15.0,2026-04-13T08:57:01.900866+00:00,False,
3682eeec-62c9-4692-a9af-8d9b368a94c7,e91be632-258a-4e5c-a616-694e18c0b772,e662ef45-6aed-4a2e-ab16-cead317ac5b0,150.0,ea,0.35,52.5,2026-04-09T00:01:49.591834+00:00,False,
3d415da6-31f2-43e4-944a-cc57eac65092,668f2169-a690-44bb-b4be-c857887b9f97,ecbae0c7-4bea-436b-9f87-b80c26ec150f,1.0,cs,40.0,40.0,2026-04-13T02:11:54.0787+00:00,False,
f9608ccc-7ab3-434d-aa12-2df2a66fd031,55f7cb56-dd24-4d8c-b391-623db731146e,07facaef-e20c-417b-9419-6486f1ac9071,2.0,lg,20.0,40.0,2026-04-13T02:11:54.547936+00:00,False,
8c79c0b0-ec1a-4f3a-9040-3d0462eae677,55f7cb56-dd24-4d8c-b391-623db731146e,5d480edd-15b4-4457-b01b-8b369f82cae4,50.0,lg,20.0,1000.0,2026-04-13T02:11:54.547936+00:00,False,
19ba94cc-14a7-4ac9-baea-17bb1c395450,d8ebb352-689f-487c-bade-cb63b59e94f0,5d480edd-15b4-4457-b01b-8b369f82cae4,1.0,lg,20.0,20.0,2026-04-13T02:11:54.944147+00:00,False,
787826f5-e145-46c2-a42e-cfa185bcc875,d8ebb352-689f-487c-bade-cb63b59e94f0,6a383d81-af24-4d74-a14e-ec5dd8b4653d,1.0,lg,15.0,15.0,2026-04-13T02:11:54.944147+00:00,False,
ed83cb47-2956-413e-8a9d-13245421f1d0,5dee54f4-1ebd-4f86-b6c6-8d5816742f79,5da6dc1f-43a1-4182-bea0-4d1036c97b6d,1.0,lg,20.0,20.0,2026-04-13T02:11:55.365745+00:00,False,
ca269359-94ad-488c-af2f-b629cbeb4583,5dee54f4-1ebd-4f86-b6c6-8d5816742f79,44bdbde8-576d-4d7f-b668-d2f2bf72fb2e,2.0,lg,15.0,30.0,2026-04-13T02:11:55.365745+00:00,False,
dda43a93-3eb0-457a-86a4-5aef732aaf63,5dee54f4-1ebd-4f86-b6c6-8d5816742f79,e662ef45-6aed-4a2e-ab16-cead317ac5b0,300.0,ea,0.35,105.0,2026-04-13T02:11:55.365745+00:00,False,
f0f891f7-62df-4c97-a20b-3b1187135021,92b0a5f1-67ff-4b57-a1dd-b0bdf35ef44c,e662ef45-6aed-4a2e-ab16-cead317ac5b0,100.0,ea,0.35,35.0,2026-04-13T02:11:55.778956+00:00,False,
86f67a72-ce5b-4416-9f9d-e571ba15c8a1,92b0a5f1-67ff-4b57-a1dd-b0bdf35ef44c,a65f4504-ba08-4da1-82ee-339201545673,1.0,sm,10.0,10.0,2026-04-13T02:11:55.778956+00:00,False,
ecb75968-14e6-46af-92de-452b44e51ba4,92b0a5f1-67ff-4b57-a1dd-b0bdf35ef44c,b90584d8-fc78-420b-91e1-490117cd30cd,1.0,sm,6.0,6.0,2026-04-13T02:11:55.778956+00:00,False,
6325cd1e-535a-4d82-b17f-dfc2a551caf3,1ef9bc46-ebec-41c4-aa5f-e4c4972d0d91,2ec9bf07-c28b-4a11-809e-a7be42c4db76,0.5,lg,20.0,10.0,2026-04-13T02:12:28.743562+00:00,False,
f43d6657-9922-4f44-8362-c837380a64cc,572ba28e-0d75-4abd-811c-0bbff6078edf,6f6dcd58-46f9-4796-8b12-f65aeb26ab1e,1.0,sm,6.0,6.0,2026-04-13T02:11:55.154912+00:00,False,
13fae11b-3b8f-428b-8f1d-9fef27b8f2a2,572ba28e-0d75-4abd-811c-0bbff6078edf,6f6dcd58-46f9-4796-8b12-f65aeb26ab1e,2.0,sm,6.0,12.0,2026-04-13T02:11:55.154912+00:00,False,
cd24a41a-4615-4ade-a6bd-f3b1a9770662,572ba28e-0d75-4abd-811c-0bbff6078edf,cbf76c50-2ebd-4fee-a8a3-0eab9d8366ee,2.0,lg,12.0,24.0,2026-04-13T02:11:55.154912+00:00,False,
112cace9-233c-4a62-b0ac-362468c9353c,572ba28e-0d75-4abd-811c-0bbff6078edf,09dd43ee-5456-4692-9016-433d77d3b6cb,1.0,sm,15.0,15.0,2026-04-13T02:11:55.154912+00:00,False,
d8c50fef-f43d-46fd-aea8-b2addfd83834,572ba28e-0d75-4abd-811c-0bbff6078edf,19508c8b-5f9f-4cda-bffa-d36ef4c07bc2,1.0,lg,10.0,10.0,2026-04-13T02:11:55.154912+00:00,False,
219eb8dc-7232-4729-8fe3-695812d365f7,572ba28e-0d75-4abd-811c-0bbff6078edf,0c7cb9cf-e1ea-4476-ae2c-972475824bcb,1.0,lg,20.0,20.0,2026-04-13T02:11:55.154912+00:00,False,
6860d551-28fc-41cd-975e-1d5ab38c6238,7f98168e-b057-46ba-994c-258224495984,5da6dc1f-43a1-4182-bea0-4d1036c97b6d,1.0,lg,20.0,20.0,2026-04-13T02:11:55.570192+00:00,False,
2fcd936c-42cd-47b8-b565-22cf123e6a34,7f98168e-b057-46ba-994c-258224495984,6f6dcd58-46f9-4796-8b12-f65aeb26ab1e,1.0,sm,6.0,6.0,2026-04-13T02:11:55.570192+00:00,False,
a4ece9a3-acc8-42ad-aa69-c6f220062a9b,3f0a2b29-72f4-4a98-ad96-ab533b3ad82c,44bdbde8-576d-4d7f-b668-d2f2bf72fb2e,1.0,lg,15.0,15.0,2026-04-13T02:11:55.98691+00:00,False,
9b571482-b309-4217-b009-088fc5320c62,3f0a2b29-72f4-4a98-ad96-ab533b3ad82c,04cc3ab8-f1fa-4e6c-a4aa-9a4d53f1dc53,2.0,lg,20.0,40.0,2026-04-13T02:11:55.98691+00:00,False,
fde4a897-4d36-40b2-a31b-eb3695c2173b,3f0a2b29-72f4-4a98-ad96-ab533b3ad82c,5d480edd-15b4-4457-b01b-8b369f82cae4,3.0,lg,20.0,60.0,2026-04-13T02:11:55.98691+00:00,False,
ed29400a-e89d-4188-bad7-9cf3c0d0c873,3f0a2b29-72f4-4a98-ad96-ab533b3ad82c,5da6dc1f-43a1-4182-bea0-4d1036c97b6d,1.0,lg,20.0,20.0,2026-04-13T02:11:55.98691+00:00,False,
86a9c2f5-1852-455b-a7c4-f08c52e63843,3f0a2b29-72f4-4a98-ad96-ab533b3ad82c,a65f4504-ba08-4da1-82ee-339201545673,2.0,sm,10.0,20.0,2026-04-13T02:11:55.98691+00:00,False,
83046189-889f-4d4f-8b05-bda86a2bfdac,3f0a2b29-72f4-4a98-ad96-ab533b3ad82c,cb2f08e7-057b-4cb0-a9f0-b041a5b2e8dc,1.0,lg,30.0,30.0,2026-04-13T02:11:55.98691+00:00,False,
38512578-25a6-4ca6-8b6a-4b8ecd38c72b,dec2b616-f1cc-4246-8ba5-6708810fbb4c,e662ef45-6aed-4a2e-ab16-cead317ac5b0,200.0,ea,0.35,70.0,2026-04-13T02:11:56.403292+00:00,False,
fd033481-c9c5-4b02-a820-5e7df9e4365e,dec2b616-f1cc-4246-8ba5-6708810fbb4c,6f6dcd58-46f9-4796-8b12-f65aeb26ab1e,1.0,sm,6.0,6.0,2026-04-13T02:11:56.403292+00:00,False,
15332167-f111-4692-8492-7c246651b23b,dec2b616-f1cc-4246-8ba5-6708810fbb4c,e662ef45-6aed-4a2e-ab16-cead317ac5b0,100.0,ea,0.35,35.0,2026-04-13T02:11:56.403292+00:00,False,
3a59bccc-d70b-4aac-b8c7-8c8e5429a675,dec2b616-f1cc-4246-8ba5-6708810fbb4c,04cc3ab8-f1fa-4e6c-a4aa-9a4d53f1dc53,1.0,lg,20.0,20.0,2026-04-13T02:11:56.403292+00:00,False,
642a66cf-d066-4acd-8373-054fe5597bd6,dec2b616-f1cc-4246-8ba5-6708810fbb4c,07facaef-e20c-417b-9419-6486f1ac9071,1.0,lg,20.0,20.0,2026-04-13T02:11:56.403292+00:00,False,
7356b94a-53b1-4501-af43-8c2a781a9300,dec2b616-f1cc-4246-8ba5-6708810fbb4c,5d480edd-15b4-4457-b01b-8b369f82cae4,1.0,lg,20.0,20.0,2026-04-13T02:11:56.403292+00:00,False,
2e5b55ef-64cb-46b4-a0d5-ff7fe6b78892,5e62500e-e05e-4e42-afaf-69c55c1f69d3,04cc3ab8-f1fa-4e6c-a4aa-9a4d53f1dc53,2.0,lg,20.0,40.0,2026-04-13T02:11:56.93967+00:00,False,
818f6350-d04b-438e-b735-43eb4d0b234e,5e62500e-e05e-4e42-afaf-69c55c1f69d3,5da6dc1f-43a1-4182-bea0-4d1036c97b6d,2.0,lg,20.0,40.0,2026-04-13T02:11:56.93967+00:00,False,
4acd01f1-84bc-432f-8f34-be8d565936c6,5e62500e-e05e-4e42-afaf-69c55c1f69d3,e662ef45-6aed-4a2e-ab16-cead317ac5b0,100.0,ea,0.35,35.0,2026-04-13T02:11:56.93967+00:00,False,
349d2ecd-b809-472e-bea3-b8a0e323ba54,4c68f5ea-e7a6-4308-a797-4afeed13d99d,04cc3ab8-f1fa-4e6c-a4aa-9a4d53f1dc53,1.0,lg,20.0,20.0,2026-04-13T02:11:57.381859+00:00,False,
8f67fdc0-89f9-455c-874f-109c2b087f0a,4c68f5ea-e7a6-4308-a797-4afeed13d99d,e662ef45-6aed-4a2e-ab16-cead317ac5b0,100.0,ea,0.35,35.0,2026-04-13T02:11:57.381859+00:00,False,
65350f2a-2d2a-4e46-bae4-84527dcf4e6e,75b1874b-c721-4afd-bd2b-a0c046030483,a65f4504-ba08-4da1-82ee-339201545673,1.0,sm,10.0,10.0,2026-04-13T02:11:57.817277+00:00,False,
0fce5394-839e-4fef-b920-a87ae9568118,75b1874b-c721-4afd-bd2b-a0c046030483,0c7cb9cf-e1ea-4476-ae2c-972475824bcb,1.0,lg,20.0,20.0,2026-04-13T02:11:57.817277+00:00,False,
b7bf1676-bee5-4e12-b19c-0d3e9f0435dc,75b1874b-c721-4afd-bd2b-a0c046030483,3cb29cc2-866b-4360-90a3-15d01db8714a,1.0,lg,12.0,12.0,2026-04-13T02:11:57.817277+00:00,False,
7683eb1f-31e3-4eab-96b9-d18a1ca55a5a,75b1874b-c721-4afd-bd2b-a0c046030483,e662ef45-6aed-4a2e-ab16-cead317ac5b0,200.0,ea,0.35,70.0,2026-04-13T02:11:57.817277+00:00,False,
61146c65-bffd-4c7e-a646-f7a5616fdc64,9b58029f-547d-4eb9-9cfc-704b00da8231,3cb29cc2-866b-4360-90a3-15d01db8714a,1.0,lg,12.0,12.0,2026-04-13T02:11:58.280492+00:00,False,
6df9b2ca-0218-4be8-962c-9e761c5b6cb7,9b58029f-547d-4eb9-9cfc-704b00da8231,44bdbde8-576d-4d7f-b668-d2f2bf72fb2e,1.0,lg,15.0,15.0,2026-04-13T02:11:58.280492+00:00,False,
65c1733e-1ece-412b-a89d-ac43e521f693,9b58029f-547d-4eb9-9cfc-704b00da8231,5da6dc1f-43a1-4182-bea0-4d1036c97b6d,1.0,lg,20.0,20.0,2026-04-13T02:11:58.280492+00:00,False,
96588495-09b8-40de-990b-a88a611f30de,796d49d5-2811-41f6-90ab-3cd10c1686d8,44bdbde8-576d-4d7f-b668-d2f2bf72fb2e,1.0,lg,15.0,15.0,2026-04-13T02:11:58.682883+00:00,False,
191dcdc8-1cb7-41bf-a217-2526880f79bb,796d49d5-2811-41f6-90ab-3cd10c1686d8,5d480edd-15b4-4457-b01b-8b369f82cae4,1.0,lg,20.0,20.0,2026-04-13T02:11:58.682883+00:00,False,
0b992d88-1d0b-4b7a-bd8a-ff924107e80f,947e8a25-dabd-4c31-b689-7f077000b488,1e313572-571e-46b4-b012-80449350cf3f,1.0,lg,15.0,15.0,2026-04-13T02:11:59.101716+00:00,False,
df71bf78-882f-4f88-a12d-9144b79f1114,947e8a25-dabd-4c31-b689-7f077000b488,19508c8b-5f9f-4cda-bffa-d36ef4c07bc2,1.0,lg,10.0,10.0,2026-04-13T02:11:59.101716+00:00,False,
5b9ab475-cfcd-4f20-a1d0-4e3bba4106fa,947e8a25-dabd-4c31-b689-7f077000b488,44bdbde8-576d-4d7f-b668-d2f2bf72fb2e,2.0,lg,15.0,30.0,2026-04-13T02:11:59.101716+00:00,False,
92f5a8d0-5bd5-4941-96fa-456877fa9479,947e8a25-dabd-4c31-b689-7f077000b488,185693e3-9895-45d7-ab62-3562a30a27e7,1.0,lg,12.0,12.0,2026-04-13T02:11:59.101716+00:00,False,
f52c0606-60a6-49ba-9791-4c4e0a2f3146,947e8a25-dabd-4c31-b689-7f077000b488,07facaef-e20c-417b-9419-6486f1ac9071,1.0,lg,20.0,20.0,2026-04-13T02:11:59.101716+00:00,False,
24e19022-bf49-4dde-8f94-792426d390b5,947e8a25-dabd-4c31-b689-7f077000b488,b90584d8-fc78-420b-91e1-490117cd30cd,2.0,sm,6.0,12.0,2026-04-13T02:11:59.101716+00:00,False,
88533f73-6e00-45b9-bd19-bb20481de94e,947e8a25-dabd-4c31-b689-7f077000b488,f5639c9e-b6d3-4ba5-a804-c0b05b0eecad,1.0,lg,24.0,24.0,2026-04-13T02:11:59.101716+00:00,False,
c644d56e-f4aa-48ba-81dc-82f01a76ae23,947e8a25-dabd-4c31-b689-7f077000b488,5da6dc1f-43a1-4182-bea0-4d1036c97b6d,20.0,lg,20.0,400.0,2026-04-13T02:11:59.101716+00:00,False,
7b14117b-de75-42a3-847d-1fad7e20855f,9d86b453-f8ed-4969-8a25-12f4f60fca7a,d2d10fe8-69a3-4554-89d2-dedf9ea06203,1.0,lg,15.0,15.0,2026-04-13T02:11:59.547153+00:00,False,
0beb111f-304b-49f5-b030-e1340cf64948,9d86b453-f8ed-4969-8a25-12f4f60fca7a,b90584d8-fc78-420b-91e1-490117cd30cd,2.0,sm,6.0,12.0,2026-04-13T02:11:59.547153+00:00,False,
9055d09c-e9c2-492e-b2e4-0999b636c433,c6286366-edd4-49c7-a1e8-fc631e7fe0d6,04cc3ab8-f1fa-4e6c-a4aa-9a4d53f1dc53,1.0,lg,20.0,20.0,2026-04-13T02:12:00.004995+00:00,False,
55ee2713-0b5e-4e75-a061-c427ffbc85be,c6286366-edd4-49c7-a1e8-fc631e7fe0d6,1e313572-571e-46b4-b012-80449350cf3f,1.0,lg,15.0,15.0,2026-04-13T02:12:00.004995+00:00,False,
9242c322-102b-45f9-8fc9-4f0cf806485a,c6286366-edd4-49c7-a1e8-fc631e7fe0d6,1e6a3cbe-88f7-4cf8-b0d8-b5c6d24cc7b5,1.0,lg,12.0,12.0,2026-04-13T02:12:00.004995+00:00,False,
61cbffc7-27ca-4e1d-8adc-0f30f7bf6ce6,c6286366-edd4-49c7-a1e8-fc631e7fe0d6,cd22ecb1-9eea-4ce8-ac14-289d2e8f5e9c,1.0,lg,12.0,12.0,2026-04-13T02:12:00.004995+00:00,False,
d8b9b8bc-e795-44ac-a126-9564cf000993,c6286366-edd4-49c7-a1e8-fc631e7fe0d6,f5639c9e-b6d3-4ba5-a804-c0b05b0eecad,1.0,lg,24.0,24.0,2026-04-13T02:12:00.004995+00:00,False,
ea2f7926-8c50-43f0-851e-c46e20be074c,c6286366-edd4-49c7-a1e8-fc631e7fe0d6,a65f4504-ba08-4da1-82ee-339201545673,2.0,sm,10.0,20.0,2026-04-13T02:12:00.004995+00:00,False,
64287aa9-223d-48d3-8af0-8d64c3e09769,c6286366-edd4-49c7-a1e8-fc631e7fe0d6,0f564608-78ba-405b-bd40-8d80a71c196e,2.0,sm,10.0,20.0,2026-04-13T02:12:00.004995+00:00,False,
0f23a74d-ec0e-44c5-8d61-fd00ab8d111c,c6286366-edd4-49c7-a1e8-fc631e7fe0d6,19508c8b-5f9f-4cda-bffa-d36ef4c07bc2,1.0,lg,10.0,10.0,2026-04-13T02:12:00.004995+00:00,False,
dfdad257-2996-40a9-b9f1-17e94ad548d2,c6286366-edd4-49c7-a1e8-fc631e7fe0d6,185693e3-9895-45d7-ab62-3562a30a27e7,1.0,lg,12.0,12.0,2026-04-13T02:12:00.004995+00:00,False,
92090e2f-0d77-40e0-a234-4fa5da13e9c7,69070973-fbe3-4577-9331-d07fed772547,d2d10fe8-69a3-4554-89d2-dedf9ea06203,1.0,lg,15.0,15.0,2026-04-13T02:12:00.433488+00:00,False,
8e65d638-1794-4f4a-a00a-b1b205dffb40,69070973-fbe3-4577-9331-d07fed772547,e662ef45-6aed-4a2e-ab16-cead317ac5b0,100.0,ea,0.35,35.0,2026-04-13T02:12:00.433488+00:00,False,
44162fa8-bf5e-4906-a0f4-6fccd8c3d477,69070973-fbe3-4577-9331-d07fed772547,b90584d8-fc78-420b-91e1-490117cd30cd,2.0,sm,6.0,12.0,2026-04-13T02:12:00.433488+00:00,False,
a5afaa2b-4a6d-4e5a-adca-4c46004d8ad0,69070973-fbe3-4577-9331-d07fed772547,cbf76c50-2ebd-4fee-a8a3-0eab9d8366ee,2.0,lg,12.0,24.0,2026-04-13T02:12:00.433488+00:00,False,
d4642e1e-46a8-499e-9723-cbf1cfa4bffb,bc35ba3e-cd59-45ad-b3e6-01b3182156cb,04cc3ab8-f1fa-4e6c-a4aa-9a4d53f1dc53,1.0,lg,20.0,20.0,2026-04-13T02:12:00.845409+00:00,False,
b01bb4f3-9b8a-40ff-b07f-03e42fb9bc10,bc35ba3e-cd59-45ad-b3e6-01b3182156cb,07facaef-e20c-417b-9419-6486f1ac9071,1.0,lg,20.0,20.0,2026-04-13T02:12:00.845409+00:00,False,
8b220007-3e60-4457-8a59-d694fa7fbcc4,bc35ba3e-cd59-45ad-b3e6-01b3182156cb,66056ffe-bed5-4f29-9efc-b3451224d474,1.0,sm,15.0,15.0,2026-04-13T02:12:00.845409+00:00,False,
363397de-f1aa-40c3-bafa-7313ba3ca624,bc35ba3e-cd59-45ad-b3e6-01b3182156cb,185693e3-9895-45d7-ab62-3562a30a27e7,1.0,lg,12.0,12.0,2026-04-13T02:12:00.845409+00:00,False,
b3301e67-9cdf-444d-b7bd-f64dc5fd5726,bc35ba3e-cd59-45ad-b3e6-01b3182156cb,cb8885fa-21df-4a06-9dcc-911e9c6c474d,2.0,sm,15.0,30.0,2026-04-13T02:12:00.845409+00:00,False,
a0f97ea5-02a3-4e27-8ddc-858ecc218ee0,bc35ba3e-cd59-45ad-b3e6-01b3182156cb,f5639c9e-b6d3-4ba5-a804-c0b05b0eecad,1.0,lg,24.0,24.0,2026-04-13T02:12:00.845409+00:00,False,
9147eaa4-5216-44b1-af4d-493d2f4f94e3,bc35ba3e-cd59-45ad-b3e6-01b3182156cb,1e313572-571e-46b4-b012-80449350cf3f,1.0,lg,15.0,15.0,2026-04-13T02:12:00.845409+00:00,False,
218f77bc-80ec-4a90-9b1e-a7af8e77d7bb,1ef9bc46-ebec-41c4-aa5f-e4c4972d0d91,1b5e7f69-0650-4d5d-a6bf-e6d54d03f21e,3.0,lg,25.0,75.0,2026-04-13T02:12:28.743562+00:00,False,
a890ebe8-4bf6-457c-83cd-a2366e11762e,1ef9bc46-ebec-41c4-aa5f-e4c4972d0d91,e3ec98c5-fd0d-4087-ae6f-8b84410a0199,50.0,lbs,6.0,300.0,2026-04-13T02:12:28.743562+00:00,False,
e3f49ad0-8e56-4b89-9e6f-633fd684520b,1ef9bc46-ebec-41c4-aa5f-e4c4972d0d91,511d5694-6147-4322-960a-eb6e5cd1e291,25.0,lbs,4.0,100.0,2026-04-13T02:12:28.743562+00:00,False,
075ffb5d-83ab-4d34-a4fc-c1c5b7155789,1ef9bc46-ebec-41c4-aa5f-e4c4972d0d91,de38634a-5fba-4125-835d-f248ee29f830,10.0,lbs,10.0,100.0,2026-04-13T02:12:28.743562+00:00,False,
818ea78b-28df-4831-977c-d50e35ec5019,1ef9bc46-ebec-41c4-aa5f-e4c4972d0d91,0415b9aa-5c61-4f79-9479-7dce2c76d1a8,14.0,ea,6.4,89.6,2026-04-13T02:12:28.743562+00:00,False,
ae469159-8d2b-4f6f-b699-fe4b9a36fdfe,1ef9bc46-ebec-41c4-aa5f-e4c4972d0d91,a3d8e08f-8e02-46e5-af59-a2895bf61e63,20.0,lbs,4.5,90.0,2026-04-13T02:12:28.743562+00:00,False,
dff196a2-78b6-4057-9968-63ab9d867c25,92b0a5f1-67ff-4b57-a1dd-b0bdf35ef44c,6f6dcd58-46f9-4796-8b12-f65aeb26ab1e,2.0,sm,6.0,12.0,2026-04-13T02:11:55.778956+00:00,False,
92c78969-f0e0-47e9-a055-0ce9af08aef4,92b0a5f1-67ff-4b57-a1dd-b0bdf35ef44c,5da6dc1f-43a1-4182-bea0-4d1036c97b6d,1.0,lg,20.0,20.0,2026-04-13T02:11:55.778956+00:00,False,
04751742-14dd-40ac-8123-0b8edd4bc0d9,86641f9d-8ddc-4590-a943-b53bfcae4f8e,e662ef45-6aed-4a2e-ab16-cead317ac5b0,200.0,ea,0.35,70.0,2026-04-13T02:11:56.1978+00:00,False,
9f5393c9-970d-4ca5-bf60-c7663cb6e762,86641f9d-8ddc-4590-a943-b53bfcae4f8e,3cb29cc2-866b-4360-90a3-15d01db8714a,1.0,lg,12.0,12.0,2026-04-13T02:11:56.1978+00:00,False,
44847e41-2de0-48b2-8253-55de77a9bf31,86641f9d-8ddc-4590-a943-b53bfcae4f8e,5da6dc1f-43a1-4182-bea0-4d1036c97b6d,1.0,lg,20.0,20.0,2026-04-13T02:11:56.1978+00:00,False,
ecdbd2fa-7389-47b5-918e-b1a6ce35b0a5,bab87413-d4c7-4594-9a1b-0053b7ce3427,e662ef45-6aed-4a2e-ab16-cead317ac5b0,100.0,ea,0.35,35.0,2026-04-13T02:11:56.635155+00:00,False,
bd64e6dc-1982-4e5b-a894-a3b4494f7514,bab87413-d4c7-4594-9a1b-0053b7ce3427,19508c8b-5f9f-4cda-bffa-d36ef4c07bc2,1.0,lg,10.0,10.0,2026-04-13T02:11:56.635155+00:00,False,
02e68f30-c28b-4fc8-ab78-69c2ebc6d64d,bab87413-d4c7-4594-9a1b-0053b7ce3427,e662ef45-6aed-4a2e-ab16-cead317ac5b0,100.0,ea,0.35,35.0,2026-04-13T02:11:56.635155+00:00,False,
083d4afa-777e-4c48-93d6-942d19b7a117,6145e6bb-86de-403d-b349-1aa8aa4eb830,e662ef45-6aed-4a2e-ab16-cead317ac5b0,200.0,ea,0.35,70.0,2026-04-13T02:11:57.18134+00:00,False,
1775b1d6-e457-40aa-b7ed-2ad799f8ca28,6145e6bb-86de-403d-b349-1aa8aa4eb830,e662ef45-6aed-4a2e-ab16-cead317ac5b0,200.0,ea,0.35,70.0,2026-04-13T02:11:57.18134+00:00,False,
9cf95b1c-ef43-405a-8aa1-842a28917cb5,6145e6bb-86de-403d-b349-1aa8aa4eb830,0c7cb9cf-e1ea-4476-ae2c-972475824bcb,1.0,lg,20.0,20.0,2026-04-13T02:11:57.18134+00:00,False,
3767087d-f1ee-4174-a30f-e845946ddc8d,6145e6bb-86de-403d-b349-1aa8aa4eb830,3cb29cc2-866b-4360-90a3-15d01db8714a,1.0,lg,12.0,12.0,2026-04-13T02:11:57.18134+00:00,False,
30c5f1ea-2dee-4bc8-b838-07c63d757889,015b5e33-c004-4c01-9b80-2b20b80b850e,07facaef-e20c-417b-9419-6486f1ac9071,1.0,lg,20.0,20.0,2026-04-13T02:11:57.605993+00:00,False,
2881767a-a002-4523-b327-925349ab7cce,015b5e33-c004-4c01-9b80-2b20b80b850e,6f6dcd58-46f9-4796-8b12-f65aeb26ab1e,2.0,sm,6.0,12.0,2026-04-13T02:11:57.605993+00:00,False,
d71afc6d-31e8-43c5-9b2b-f17042631b90,015b5e33-c004-4c01-9b80-2b20b80b850e,e662ef45-6aed-4a2e-ab16-cead317ac5b0,100.0,ea,0.35,35.0,2026-04-13T02:11:57.605993+00:00,False,
98eb82d5-c6dc-41a2-a7a7-64c79165da6a,015b5e33-c004-4c01-9b80-2b20b80b850e,07facaef-e20c-417b-9419-6486f1ac9071,5.0,lg,20.0,100.0,2026-04-13T02:11:57.605993+00:00,False,
2087ce10-8552-4936-905f-2ab995f3ce5c,015b5e33-c004-4c01-9b80-2b20b80b850e,cbf76c50-2ebd-4fee-a8a3-0eab9d8366ee,2.0,lg,12.0,24.0,2026-04-13T02:11:57.605993+00:00,False,
a1e8db8a-f61a-491c-ad3c-953ec042942a,c3c9d4c3-7f1f-423b-a1e3-d717be952e0e,19508c8b-5f9f-4cda-bffa-d36ef4c07bc2,1.0,lg,10.0,10.0,2026-04-13T02:11:58.025262+00:00,False,
0a12de16-6ed4-45d9-8e0f-351b06dd4379,c3c9d4c3-7f1f-423b-a1e3-d717be952e0e,6f6dcd58-46f9-4796-8b12-f65aeb26ab1e,1.0,sm,6.0,6.0,2026-04-13T02:11:58.025262+00:00,False,
f6e322d8-1832-4b85-b1bd-91c98bd0743e,c3c9d4c3-7f1f-423b-a1e3-d717be952e0e,e662ef45-6aed-4a2e-ab16-cead317ac5b0,200.0,ea,0.35,70.0,2026-04-13T02:11:58.025262+00:00,False,
da867289-0546-48c5-a55c-2cf25f7d70fd,1c0ae1ca-fbc9-4bd7-8972-46c317bef654,3cb29cc2-866b-4360-90a3-15d01db8714a,1.0,lg,12.0,12.0,2026-04-13T02:11:58.482231+00:00,False,
0d0181f2-1895-4317-99e7-113444f07461,1c0ae1ca-fbc9-4bd7-8972-46c317bef654,e662ef45-6aed-4a2e-ab16-cead317ac5b0,200.0,ea,0.35,70.0,2026-04-13T02:11:58.482231+00:00,False,
e042511c-bf12-4143-9304-5fa182b5c719,1c0ae1ca-fbc9-4bd7-8972-46c317bef654,cbf76c50-2ebd-4fee-a8a3-0eab9d8366ee,1.0,lg,12.0,12.0,2026-04-13T02:11:58.482231+00:00,False,
8d34f1f1-ca6a-40bd-8f62-6fc9986554d8,1c0ae1ca-fbc9-4bd7-8972-46c317bef654,04cc3ab8-f1fa-4e6c-a4aa-9a4d53f1dc53,1.0,lg,20.0,20.0,2026-04-13T02:11:58.482231+00:00,False,
71e2bf8c-4768-4acb-be7a-334c2a3496b5,1c0ae1ca-fbc9-4bd7-8972-46c317bef654,44bdbde8-576d-4d7f-b668-d2f2bf72fb2e,1.0,lg,15.0,15.0,2026-04-13T02:11:58.482231+00:00,False,
fda8d29d-7c96-4410-b035-9de7a16fed55,766df67d-9a58-4deb-a145-dd0d92b889a6,f5639c9e-b6d3-4ba5-a804-c0b05b0eecad,1.0,lg,24.0,24.0,2026-04-13T02:11:58.897677+00:00,False,
169681a9-7a05-4220-88c3-b250cb96aee3,766df67d-9a58-4deb-a145-dd0d92b889a6,2f002bb7-6444-4ace-87ff-7c547b3f03bd,1.0,lg,12.0,12.0,2026-04-13T02:11:58.897677+00:00,False,
b61efc0d-a749-4a60-b662-4b73ee32f20d,766df67d-9a58-4deb-a145-dd0d92b889a6,1e313572-571e-46b4-b012-80449350cf3f,1.0,lg,15.0,15.0,2026-04-13T02:11:58.897677+00:00,False,
9104301f-ddb7-45ff-a94d-3282dc6eb0bf,766df67d-9a58-4deb-a145-dd0d92b889a6,185693e3-9895-45d7-ab62-3562a30a27e7,1.0,lg,12.0,12.0,2026-04-13T02:11:58.897677+00:00,False,
e989d5a1-a1aa-4d68-a0be-48f339544e05,766df67d-9a58-4deb-a145-dd0d92b889a6,9e04d666-3178-44da-a5ad-75ca73a39c2b,1.0,lg,15.0,15.0,2026-04-13T02:11:58.897677+00:00,False,
0c3418a6-d8a8-4374-96f8-97f9fe58bb42,766df67d-9a58-4deb-a145-dd0d92b889a6,1e6a3cbe-88f7-4cf8-b0d8-b5c6d24cc7b5,1.0,lg,12.0,12.0,2026-04-13T02:11:58.897677+00:00,False,
ce03a138-70c1-4135-84b5-129f74f17f65,766df67d-9a58-4deb-a145-dd0d92b889a6,cbf76c50-2ebd-4fee-a8a3-0eab9d8366ee,2.0,lg,12.0,24.0,2026-04-13T02:11:58.897677+00:00,False,
9cf39bf3-ef81-472f-9b02-974dc28994d3,766df67d-9a58-4deb-a145-dd0d92b889a6,b90584d8-fc78-420b-91e1-490117cd30cd,2.0,sm,6.0,12.0,2026-04-13T02:11:58.897677+00:00,False,
7d696a2a-e005-4b57-aac8-0df33803a351,766df67d-9a58-4deb-a145-dd0d92b889a6,4f0ecc4f-9d09-4bab-9a9c-06ce5326a219,1.0,lg,24.0,24.0,2026-04-13T02:11:58.897677+00:00,False,
3637a429-3ce2-40d5-93d0-45efec6b7274,766df67d-9a58-4deb-a145-dd0d92b889a6,07facaef-e20c-417b-9419-6486f1ac9071,1.0,lg,20.0,20.0,2026-04-13T02:11:58.897677+00:00,False,
07519ce8-4fb1-42af-a9bb-7dad38dcb46b,17640360-a3de-4982-98e8-af2261c159f2,5da6dc1f-43a1-4182-bea0-4d1036c97b6d,1.0,lg,20.0,20.0,2026-04-13T02:11:59.337331+00:00,False,
58361b52-0c1e-466c-b753-9262b0cc7763,17640360-a3de-4982-98e8-af2261c159f2,f5639c9e-b6d3-4ba5-a804-c0b05b0eecad,1.0,lg,24.0,24.0,2026-04-13T02:11:59.337331+00:00,False,
e2f89d7c-9600-4d2d-b3f1-407d4a0bd4b4,5fbc1a31-2579-40df-af1b-921231ba1c13,04cc3ab8-f1fa-4e6c-a4aa-9a4d53f1dc53,1.0,lg,20.0,20.0,2026-04-13T02:11:59.77298+00:00,False,
bdbea39f-6488-4ccd-b61e-809fcecb141c,5fbc1a31-2579-40df-af1b-921231ba1c13,f5639c9e-b6d3-4ba5-a804-c0b05b0eecad,1.0,lg,24.0,24.0,2026-04-13T02:11:59.77298+00:00,False,
08ba5f17-cd1c-431b-8d1d-bff19ee3c4db,5fbc1a31-2579-40df-af1b-921231ba1c13,19508c8b-5f9f-4cda-bffa-d36ef4c07bc2,1.0,lg,10.0,10.0,2026-04-13T02:11:59.77298+00:00,False,
43525cfd-f05e-4de0-a21d-60e92dd6983e,5fbc1a31-2579-40df-af1b-921231ba1c13,cbf76c50-2ebd-4fee-a8a3-0eab9d8366ee,2.0,lg,12.0,24.0,2026-04-13T02:11:59.77298+00:00,False,
fcbef1c4-1b1f-4013-b1b8-bf8cfd73451f,5fbc1a31-2579-40df-af1b-921231ba1c13,e662ef45-6aed-4a2e-ab16-cead317ac5b0,100.0,ea,0.35,35.0,2026-04-13T02:11:59.77298+00:00,False,
12b2da82-bb19-46a3-a185-61d944429c60,5fbc1a31-2579-40df-af1b-921231ba1c13,a65f4504-ba08-4da1-82ee-339201545673,2.0,sm,10.0,20.0,2026-04-13T02:11:59.77298+00:00,False,
66a19405-3fcc-47e3-a8aa-3394a7416859,5fbc1a31-2579-40df-af1b-921231ba1c13,7aab3ed9-e8d8-4bf0-877b-d0e9722a850b,20.0,ea,1.0,20.0,2026-04-13T02:11:59.77298+00:00,False,
6a79ba6e-c985-4e03-b922-10b94d5046a8,5fbc1a31-2579-40df-af1b-921231ba1c13,72322dd6-8045-401b-aa0e-67ed58ebe0ff,10.0,ea,4.95,49.5,2026-04-13T02:11:59.77298+00:00,False,
46cca942-8239-44c9-9a3a-b99833671a0a,cc0f0062-2ae9-42b2-97c1-902a26ce1248,19508c8b-5f9f-4cda-bffa-d36ef4c07bc2,1.0,lg,10.0,10.0,2026-04-13T02:12:00.232894+00:00,False,
0088a204-078c-4193-92b3-890d80edb31a,cc0f0062-2ae9-42b2-97c1-902a26ce1248,f5639c9e-b6d3-4ba5-a804-c0b05b0eecad,1.0,lg,24.0,24.0,2026-04-13T02:12:00.232894+00:00,False,
56558082-d137-440c-a0e5-1f244d09df09,137c5cf8-8586-4e1b-9406-e6d26b36fb7a,f5639c9e-b6d3-4ba5-a804-c0b05b0eecad,1.0,lg,24.0,24.0,2026-04-13T02:12:00.627004+00:00,False,
82c494dc-85b6-408a-8371-0bef401be589,5f0ca64b-1a31-4bf4-b0a4-95af92a7c54f,04cc3ab8-f1fa-4e6c-a4aa-9a4d53f1dc53,1.0,lg,20.0,20.0,2026-04-13T02:12:01.058349+00:00,False,
4e6b791e-a1d2-430c-b6aa-d5247cee540f,5f0ca64b-1a31-4bf4-b0a4-95af92a7c54f,1e313572-571e-46b4-b012-80449350cf3f,1.0,lg,15.0,15.0,2026-04-13T02:12:01.058349+00:00,False,
75577faf-3391-47d9-a4d4-d09d62f8127a,5f0ca64b-1a31-4bf4-b0a4-95af92a7c54f,1e6a3cbe-88f7-4cf8-b0d8-b5c6d24cc7b5,1.0,lg,12.0,12.0,2026-04-13T02:12:01.058349+00:00,False,
10f38823-2393-4212-b980-d933e9488230,5f0ca64b-1a31-4bf4-b0a4-95af92a7c54f,cd22ecb1-9eea-4ce8-ac14-289d2e8f5e9c,1.0,lg,12.0,12.0,2026-04-13T02:12:01.058349+00:00,False,
4976c246-455e-4da2-afcc-4e02a3e93bca,5f0ca64b-1a31-4bf4-b0a4-95af92a7c54f,f5639c9e-b6d3-4ba5-a804-c0b05b0eecad,3.0,lg,24.0,72.0,2026-04-13T02:12:01.058349+00:00,False,
433fffa6-e951-4f40-88d1-8fb5ab429cc3,5f0ca64b-1a31-4bf4-b0a4-95af92a7c54f,cbf76c50-2ebd-4fee-a8a3-0eab9d8366ee,3.0,lg,12.0,36.0,2026-04-13T02:12:01.058349+00:00,False,
0c14445e-ae51-4031-91ec-f71c73772c3a,5f0ca64b-1a31-4bf4-b0a4-95af92a7c54f,0f564608-78ba-405b-bd40-8d80a71c196e,1.0,sm,10.0,10.0,2026-04-13T02:12:01.058349+00:00,False,
1509d022-aba5-40e3-b761-fc95b0e9d07e,5f0ca64b-1a31-4bf4-b0a4-95af92a7c54f,19508c8b-5f9f-4cda-bffa-d36ef4c07bc2,1.0,lg,10.0,10.0,2026-04-13T02:12:01.058349+00:00,False,
8eca628b-9982-41db-8cea-8a9cc842fa1b,5f0ca64b-1a31-4bf4-b0a4-95af92a7c54f,185693e3-9895-45d7-ab62-3562a30a27e7,1.0,lg,12.0,12.0,2026-04-13T02:12:01.058349+00:00,False,
cf59bf56-f9fa-4308-9a4a-a800029bda4b,5f0ca64b-1a31-4bf4-b0a4-95af92a7c54f,5da6dc1f-43a1-4182-bea0-4d1036c97b6d,1.0,lg,20.0,20.0,2026-04-13T02:12:01.058349+00:00,False,
ce2587a6-1e68-4bfd-80f5-2ffb14791195,5f0ca64b-1a31-4bf4-b0a4-95af92a7c54f,4cb1a70a-69ff-40a0-a510-294ba986d499,1.0,lg,12.0,12.0,2026-04-13T02:12:01.058349+00:00,False,
74f792ba-bd0e-4504-ae64-6a0530b139a1,1ef9bc46-ebec-41c4-aa5f-e4c4972d0d91,20a2301c-797c-4953-9efd-b28ccf27e775,4.0,ea,1.4,5.6,2026-04-13T02:12:28.743562+00:00,False,
69e564a6-b9ca-45e3-b577-e5e9e0a728a3,1ef9bc46-ebec-41c4-aa5f-e4c4972d0d91,dfcf3978-e149-42ff-90c3-5ee66fc11c77,5.0,lbs,8.0,40.0,2026-04-13T02:12:28.743562+00:00,False,
7c8599ed-2201-45ba-ad46-6f133c75a682,1ef9bc46-ebec-41c4-aa5f-e4c4972d0d91,f0fe9b25-dd6c-40ca-b3a2-5ad353a1c66e,25.0,ea,3.0,75.0,2026-04-13T02:12:28.743562+00:00,False,
1e3d88de-d97f-4d21-8ecf-93909cf70f4a,1ef9bc46-ebec-41c4-aa5f-e4c4972d0d91,f74886a6-2688-4903-92e2-b277ac3871b9,2.0,bx,48.0,96.0,2026-04-13T02:12:28.743562+00:00,False,
72e24df3-c371-4de9-abe3-b447ebc51d30,de826246-79cc-4c19-b7db-fa54818d5479,0abbd494-b25b-4f13-a55e-dcf6db986965,1.0,lg,15.0,15.0,2026-04-13T02:12:29.311694+00:00,False,
b92c69d0-7b6d-4ff5-979d-6a1190efa8cc,de826246-79cc-4c19-b7db-fa54818d5479,09dd43ee-5456-4692-9016-433d77d3b6cb,3.0,sm,15.0,45.0,2026-04-13T02:12:29.311694+00:00,False,
e16b5d4f-2dc9-4121-b001-03112edba59b,de826246-79cc-4c19-b7db-fa54818d5479,0b56583d-f70a-49bd-a226-d86b7983ad6c,2.0,lg,15.0,30.0,2026-04-13T02:12:29.311694+00:00,False,
4ee6edf4-db87-480c-a8a1-f70e665cb9af,de826246-79cc-4c19-b7db-fa54818d5479,2c6f9099-8630-4310-9a1c-b81f5170e839,1.0,lg,12.0,12.0,2026-04-13T02:12:29.311694+00:00,False,
45a887d0-eb51-4c28-be89-d2932be89415,de826246-79cc-4c19-b7db-fa54818d5479,942cbf39-99e6-40cd-8034-2eacf88611f2,3.0,sm,12.0,36.0,2026-04-13T02:12:29.311694+00:00,False,
3785fe52-9aae-4941-ad05-877051b462d0,de826246-79cc-4c19-b7db-fa54818d5479,f74886a6-2688-4903-92e2-b277ac3871b9,2.0,bx,48.0,96.0,2026-04-13T02:12:29.311694+00:00,False,
44962d75-2884-465e-9e5a-902858ab4521,bc35ba3e-cd59-45ad-b3e6-01b3182156cb,cbf76c50-2ebd-4fee-a8a3-0eab9d8366ee,1.0,lg,12.0,12.0,2026-04-13T02:12:00.845409+00:00,False,
593dfa58-3181-4344-a76d-183ab62b4d06,bc35ba3e-cd59-45ad-b3e6-01b3182156cb,1e6a3cbe-88f7-4cf8-b0d8-b5c6d24cc7b5,1.0,lg,12.0,12.0,2026-04-13T02:12:00.845409+00:00,False,
1137e95d-1928-42ad-ab92-5edfaf81e67e,bc35ba3e-cd59-45ad-b3e6-01b3182156cb,5d083c30-fb85-4d4f-9757-9cda19fc2821,1.0,lg,15.0,15.0,2026-04-13T02:12:00.845409+00:00,False,
cf902409-e79b-42bf-8666-c995cc068db6,76785009-ad6f-4c62-9353-83d23dea13af,cbf76c50-2ebd-4fee-a8a3-0eab9d8366ee,4.0,lg,12.0,48.0,2026-04-13T02:12:01.398283+00:00,False,
36a0232d-4fd0-4dfb-bd24-dee2f339442c,76785009-ad6f-4c62-9353-83d23dea13af,0f564608-78ba-405b-bd40-8d80a71c196e,1.0,sm,10.0,10.0,2026-04-13T02:12:01.398283+00:00,False,
83790699-3ee5-4790-a6ee-bed8b6090873,76785009-ad6f-4c62-9353-83d23dea13af,19508c8b-5f9f-4cda-bffa-d36ef4c07bc2,1.0,lg,10.0,10.0,2026-04-13T02:12:01.398283+00:00,False,
1690e2c2-0e04-4243-9c66-7d32b387f98f,76785009-ad6f-4c62-9353-83d23dea13af,185693e3-9895-45d7-ab62-3562a30a27e7,2.0,lg,12.0,24.0,2026-04-13T02:12:01.398283+00:00,False,
bb2c2159-6d6d-4d7d-922c-627555d3666b,76785009-ad6f-4c62-9353-83d23dea13af,f5639c9e-b6d3-4ba5-a804-c0b05b0eecad,2.0,lg,24.0,48.0,2026-04-13T02:12:01.398283+00:00,False,
4aa6fa1e-69a2-49c7-9b8f-498d8ba69530,76785009-ad6f-4c62-9353-83d23dea13af,9e04d666-3178-44da-a5ad-75ca73a39c2b,1.0,lg,15.0,15.0,2026-04-13T02:12:01.398283+00:00,False,
7a01c011-41bb-43c1-85bb-f3fef6aab851,76785009-ad6f-4c62-9353-83d23dea13af,185693e3-9895-45d7-ab62-3562a30a27e7,1.0,lg,12.0,12.0,2026-04-13T02:12:01.398283+00:00,False,
00c0e4b9-49be-4f96-ab13-0a499f8a0e38,76785009-ad6f-4c62-9353-83d23dea13af,1e6a3cbe-88f7-4cf8-b0d8-b5c6d24cc7b5,1.0,lg,12.0,12.0,2026-04-13T02:12:01.398283+00:00,False,
323725d4-5a85-4dcd-a295-06c1494c27ba,76785009-ad6f-4c62-9353-83d23dea13af,4f0ecc4f-9d09-4bab-9a9c-06ce5326a219,10.0,lg,24.0,240.0,2026-04-13T02:12:01.398283+00:00,False,
a8779ff1-88aa-4793-ae15-ab69336086a5,0d49720e-d305-45f6-bdb1-738a2b49209b,04cc3ab8-f1fa-4e6c-a4aa-9a4d53f1dc53,2.0,lg,20.0,40.0,2026-04-13T02:12:01.880231+00:00,False,
cf8b4645-0079-4903-a00e-f62b43d7eea1,0d49720e-d305-45f6-bdb1-738a2b49209b,5da6dc1f-43a1-4182-bea0-4d1036c97b6d,1.0,lg,20.0,20.0,2026-04-13T02:12:01.880231+00:00,False,
015883ac-1d54-4673-9ec1-6152d33f082a,f88bfb5c-ea32-460d-bcdb-0e7618dcbea9,4f0ecc4f-9d09-4bab-9a9c-06ce5326a219,10.0,lg,24.0,240.0,2026-04-13T02:12:02.374648+00:00,False,
2d28f3f6-d928-4189-998a-ba04dec22338,f88bfb5c-ea32-460d-bcdb-0e7618dcbea9,cbf76c50-2ebd-4fee-a8a3-0eab9d8366ee,1.0,lg,12.0,12.0,2026-04-13T02:12:02.374648+00:00,False,
7bb0e78a-ffc2-4ed3-93ea-3bc215be8077,f88bfb5c-ea32-460d-bcdb-0e7618dcbea9,0f564608-78ba-405b-bd40-8d80a71c196e,2.0,sm,10.0,20.0,2026-04-13T02:12:02.374648+00:00,False,
d8c31a83-ae48-4e95-93d7-f6baadbf7570,f88bfb5c-ea32-460d-bcdb-0e7618dcbea9,19508c8b-5f9f-4cda-bffa-d36ef4c07bc2,1.0,lg,10.0,10.0,2026-04-13T02:12:02.374648+00:00,False,
e14fabf8-ae63-4668-a98e-dc82bc2dbe31,f88bfb5c-ea32-460d-bcdb-0e7618dcbea9,185693e3-9895-45d7-ab62-3562a30a27e7,1.0,lg,12.0,12.0,2026-04-13T02:12:02.374648+00:00,False,
09d11b4a-c47e-42c6-8bff-937538b20bf5,f88bfb5c-ea32-460d-bcdb-0e7618dcbea9,f5639c9e-b6d3-4ba5-a804-c0b05b0eecad,1.0,lg,24.0,24.0,2026-04-13T02:12:02.374648+00:00,False,
0cbf6998-4862-4532-93b5-6f04b2cbbefd,f88bfb5c-ea32-460d-bcdb-0e7618dcbea9,9e04d666-3178-44da-a5ad-75ca73a39c2b,1.0,lg,15.0,15.0,2026-04-13T02:12:02.374648+00:00,False,
28b892aa-ef7d-4430-8277-e2635eaba218,f88bfb5c-ea32-460d-bcdb-0e7618dcbea9,185693e3-9895-45d7-ab62-3562a30a27e7,1.0,lg,12.0,12.0,2026-04-13T02:12:02.374648+00:00,False,
6d14808e-7cae-4069-840d-c3bff5832d2c,f88bfb5c-ea32-460d-bcdb-0e7618dcbea9,1e6a3cbe-88f7-4cf8-b0d8-b5c6d24cc7b5,1.0,lg,12.0,12.0,2026-04-13T02:12:02.374648+00:00,False,
81b2b21f-df46-4185-9210-91994a6c9dab,f88bfb5c-ea32-460d-bcdb-0e7618dcbea9,4f0ecc4f-9d09-4bab-9a9c-06ce5326a219,1.0,lg,24.0,24.0,2026-04-13T02:12:02.374648+00:00,False,
e668d428-cbea-4cc9-97ed-dd4575ec85c5,f88bfb5c-ea32-460d-bcdb-0e7618dcbea9,04cc3ab8-f1fa-4e6c-a4aa-9a4d53f1dc53,2.0,lg,20.0,40.0,2026-04-13T02:12:02.374648+00:00,False,
3f65e726-25b2-412a-a4bc-995e4dc69ef9,f31059a3-0521-41e4-8f13-631ce97af86a,4f0ecc4f-9d09-4bab-9a9c-06ce5326a219,1.0,lg,24.0,24.0,2026-04-13T02:12:02.925081+00:00,False,
4c2bb12c-7420-4502-a29a-df727e61b968,f31059a3-0521-41e4-8f13-631ce97af86a,cbf76c50-2ebd-4fee-a8a3-0eab9d8366ee,1.0,lg,12.0,12.0,2026-04-13T02:12:02.925081+00:00,False,
d85897a1-0fad-4700-ba3e-05c34d90ef03,f31059a3-0521-41e4-8f13-631ce97af86a,0f564608-78ba-405b-bd40-8d80a71c196e,2.0,sm,10.0,20.0,2026-04-13T02:12:02.925081+00:00,False,
0c131198-4347-4652-ab4e-f7fb1cb88c1e,f31059a3-0521-41e4-8f13-631ce97af86a,19508c8b-5f9f-4cda-bffa-d36ef4c07bc2,1.0,lg,10.0,10.0,2026-04-13T02:12:02.925081+00:00,False,
c1922ba3-e85b-4496-a3a6-9b4fc20df4c3,f31059a3-0521-41e4-8f13-631ce97af86a,185693e3-9895-45d7-ab62-3562a30a27e7,1.0,lg,12.0,12.0,2026-04-13T02:12:02.925081+00:00,False,
6819a66b-6290-4707-aec7-01b2a63142e3,f31059a3-0521-41e4-8f13-631ce97af86a,f5639c9e-b6d3-4ba5-a804-c0b05b0eecad,1.0,lg,24.0,24.0,2026-04-13T02:12:02.925081+00:00,False,
cfe46bfd-047e-4d38-84f1-dded38a99d23,f31059a3-0521-41e4-8f13-631ce97af86a,9e04d666-3178-44da-a5ad-75ca73a39c2b,1.0,lg,15.0,15.0,2026-04-13T02:12:02.925081+00:00,False,
7d1f5b24-9d56-4106-b86e-9dd0ab62d516,f31059a3-0521-41e4-8f13-631ce97af86a,185693e3-9895-45d7-ab62-3562a30a27e7,1.0,lg,12.0,12.0,2026-04-13T02:12:02.925081+00:00,False,
0f2e4104-a902-49d2-8eca-5367028abd9d,f31059a3-0521-41e4-8f13-631ce97af86a,1e6a3cbe-88f7-4cf8-b0d8-b5c6d24cc7b5,1.0,lg,12.0,12.0,2026-04-13T02:12:02.925081+00:00,False,
b9901076-2bbd-4147-8a79-6a94ef357d83,f31059a3-0521-41e4-8f13-631ce97af86a,4f0ecc4f-9d09-4bab-9a9c-06ce5326a219,1.0,lg,24.0,24.0,2026-04-13T02:12:02.925081+00:00,False,
5481c5d4-a38d-43db-8cb2-7a9f17e11270,f31059a3-0521-41e4-8f13-631ce97af86a,04cc3ab8-f1fa-4e6c-a4aa-9a4d53f1dc53,2.0,lg,20.0,40.0,2026-04-13T02:12:02.925081+00:00,False,
4a5e6ef1-382b-4766-808f-088c1134cde4,f31059a3-0521-41e4-8f13-631ce97af86a,cbf76c50-2ebd-4fee-a8a3-0eab9d8366ee,1.0,lg,12.0,12.0,2026-04-13T02:12:02.925081+00:00,False,
51dffa09-9b50-47e1-afba-3b2da56f0c02,f31059a3-0521-41e4-8f13-631ce97af86a,b90584d8-fc78-420b-91e1-490117cd30cd,2.0,sm,6.0,12.0,2026-04-13T02:12:02.925081+00:00,False,
7fe80aed-1c64-4760-a5eb-82dab9d069ac,7fd0d914-4158-406c-9a23-4d67f564dc39,3b390b60-bc5f-4a6c-8366-90501656ce20,1.0,lg,15.0,15.0,2026-04-13T02:12:03.397398+00:00,False,
d610282c-04de-43ba-ac89-9bc4beaabfac,7fd0d914-4158-406c-9a23-4d67f564dc39,cbf76c50-2ebd-4fee-a8a3-0eab9d8366ee,1.0,lg,12.0,12.0,2026-04-13T02:12:03.397398+00:00,False,
81be942d-67e3-4cde-9f3f-f57c7fe2b50c,7fd0d914-4158-406c-9a23-4d67f564dc39,0c7cb9cf-e1ea-4476-ae2c-972475824bcb,1.0,lg,20.0,20.0,2026-04-13T02:12:03.397398+00:00,False,
6fe7bb01-35f3-4c5f-8de4-8da2bdc3917f,7fd0d914-4158-406c-9a23-4d67f564dc39,5da6dc1f-43a1-4182-bea0-4d1036c97b6d,1.0,lg,20.0,20.0,2026-04-13T02:12:03.397398+00:00,False,
6c87017d-6972-4096-b855-6d397b8e9df8,7fd0d914-4158-406c-9a23-4d67f564dc39,4f0ecc4f-9d09-4bab-9a9c-06ce5326a219,1.0,lg,24.0,24.0,2026-04-13T02:12:03.397398+00:00,False,
ac3b029c-3b58-4a5d-af0e-2c2259dc39e5,7fd0d914-4158-406c-9a23-4d67f564dc39,b90584d8-fc78-420b-91e1-490117cd30cd,2.0,sm,6.0,12.0,2026-04-13T02:12:03.397398+00:00,False,
484e7fd1-2a51-49d0-8dae-955190778b5d,7fd0d914-4158-406c-9a23-4d67f564dc39,e63f9153-d195-48fa-b7e7-19ad412c36da,1.0,lg,15.0,15.0,2026-04-13T02:12:03.397398+00:00,False,
6020428e-e5b9-4fc1-be41-a07b43766128,7fd0d914-4158-406c-9a23-4d67f564dc39,04cc3ab8-f1fa-4e6c-a4aa-9a4d53f1dc53,2.0,lg,20.0,40.0,2026-04-13T02:12:03.397398+00:00,False,
bc29d5ec-c546-4a43-922e-b077ef84c573,7fd0d914-4158-406c-9a23-4d67f564dc39,cd22ecb1-9eea-4ce8-ac14-289d2e8f5e9c,1.0,lg,12.0,12.0,2026-04-13T02:12:03.397398+00:00,False,
cd0c6728-fcfb-40a3-add1-5e71cd35ece4,7fd0d914-4158-406c-9a23-4d67f564dc39,f5639c9e-b6d3-4ba5-a804-c0b05b0eecad,1.0,lg,24.0,24.0,2026-04-13T02:12:03.397398+00:00,False,
8fee84c3-e24f-42a2-90ff-f7f09dbed898,90d6c37a-00cd-476c-863d-206bef464c19,04cc3ab8-f1fa-4e6c-a4aa-9a4d53f1dc53,2.0,lg,20.0,40.0,2026-04-13T02:12:03.863167+00:00,False,
3b4cad91-1630-45a6-8dcf-66203d9d8533,90d6c37a-00cd-476c-863d-206bef464c19,f5639c9e-b6d3-4ba5-a804-c0b05b0eecad,1.0,lg,24.0,24.0,2026-04-13T02:12:03.863167+00:00,False,
89380193-4ff4-4fa6-8297-5a4f68241114,90d6c37a-00cd-476c-863d-206bef464c19,5da6dc1f-43a1-4182-bea0-4d1036c97b6d,1.0,lg,20.0,20.0,2026-04-13T02:12:03.863167+00:00,False,
dd1b1aa8-401f-4ae0-9985-38624a4be56b,710c5e06-ee7c-47f2-abe0-e4bde2a43af5,04cc3ab8-f1fa-4e6c-a4aa-9a4d53f1dc53,1.0,lg,20.0,20.0,2026-04-13T02:12:04.451571+00:00,False,
306256d2-0f83-4c28-8c42-d64358754255,710c5e06-ee7c-47f2-abe0-e4bde2a43af5,2f04860a-b177-4a1c-8af1-08b2ac1ad567,1.0,lg,12.0,12.0,2026-04-13T02:12:04.451571+00:00,False,
df82b203-5952-4bab-96b9-84115ab26635,710c5e06-ee7c-47f2-abe0-e4bde2a43af5,04cc3ab8-f1fa-4e6c-a4aa-9a4d53f1dc53,3.0,lg,20.0,60.0,2026-04-13T02:12:04.451571+00:00,False,
07dc5b09-b7a0-44b9-b879-6d88cf79edfc,710c5e06-ee7c-47f2-abe0-e4bde2a43af5,9111d6fd-f6d3-4ade-9915-bbfde0232f4b,2.0,lg,12.0,24.0,2026-04-13T02:12:04.451571+00:00,False,
a9ceb139-aca1-4008-a690-c03d5692e8d0,65a04b61-fcd0-4e0c-a7cb-d428f6c607e4,336fc578-e349-4e59-bcd2-e1c2b1beadb3,1.0,lg,25.0,25.0,2026-04-11T17:35:12.15798+00:00,False,
42128739-b08c-4f2c-a8ed-51e0d5508f6d,65a04b61-fcd0-4e0c-a7cb-d428f6c607e4,185693e3-9895-45d7-ab62-3562a30a27e7,1.0,lg,12.0,12.0,2026-04-11T17:35:12.15798+00:00,False,
60507335-3c5b-48a1-bd88-dd988513df6f,b2aa4e46-2b90-415c-bb95-90ec535c88e7,04cc3ab8-f1fa-4e6c-a4aa-9a4d53f1dc53,1.0,lg,20.0,20.0,2026-04-13T02:12:01.655512+00:00,False,
c2fc5d35-6f4d-4460-a26f-45b8775b2e3a,b2aa4e46-2b90-415c-bb95-90ec535c88e7,b90584d8-fc78-420b-91e1-490117cd30cd,2.0,sm,6.0,12.0,2026-04-13T02:12:01.655512+00:00,False,
296f503f-4f11-4d8b-b808-2a8a8002196f,b2aa4e46-2b90-415c-bb95-90ec535c88e7,4cb1a70a-69ff-40a0-a510-294ba986d499,1.0,lg,12.0,12.0,2026-04-13T02:12:01.655512+00:00,False,
c81b1fbc-742f-465d-be27-92ffa9f4b4ab,2128a53e-b02d-4c1e-8b2b-216e6ec4c918,04cc3ab8-f1fa-4e6c-a4aa-9a4d53f1dc53,2.0,lg,20.0,40.0,2026-04-13T02:12:02.088904+00:00,False,
66f48af4-e5c2-43f2-b0cb-adb442b1abce,2128a53e-b02d-4c1e-8b2b-216e6ec4c918,5da6dc1f-43a1-4182-bea0-4d1036c97b6d,1.0,lg,20.0,20.0,2026-04-13T02:12:02.088904+00:00,False,
eb579bc9-e67a-4433-b199-35fc162a1c4b,2128a53e-b02d-4c1e-8b2b-216e6ec4c918,f5639c9e-b6d3-4ba5-a804-c0b05b0eecad,1.0,lg,24.0,24.0,2026-04-13T02:12:02.088904+00:00,False,
895fd111-8587-4ea0-9039-35c71485d81c,2128a53e-b02d-4c1e-8b2b-216e6ec4c918,a65f4504-ba08-4da1-82ee-339201545673,2.0,sm,10.0,20.0,2026-04-13T02:12:02.088904+00:00,False,
008efe53-217b-4fc3-afbd-af065a61c799,65118fc3-3965-4227-9daf-71cdc4429179,cbf76c50-2ebd-4fee-a8a3-0eab9d8366ee,2.0,lg,12.0,24.0,2026-04-13T02:12:02.694154+00:00,False,
83d87848-9092-448e-83f2-048290f1bf20,65118fc3-3965-4227-9daf-71cdc4429179,5da6dc1f-43a1-4182-bea0-4d1036c97b6d,1.0,lg,20.0,20.0,2026-04-13T02:12:02.694154+00:00,False,
c2715dfc-caa2-4d01-a6c3-d29e24691178,65118fc3-3965-4227-9daf-71cdc4429179,e662ef45-6aed-4a2e-ab16-cead317ac5b0,30.0,ea,0.35,10.5,2026-04-13T02:12:02.694154+00:00,False,
6e4177cb-6930-4e1f-8f08-0d2e54bbc7f3,65118fc3-3965-4227-9daf-71cdc4429179,4ced9319-ef22-4afb-8131-15662b65ef52,1.0,lg,10.0,10.0,2026-04-13T02:12:02.694154+00:00,False,
d1a9aafb-1725-470a-bc6c-048dad640bdb,65118fc3-3965-4227-9daf-71cdc4429179,4f0ecc4f-9d09-4bab-9a9c-06ce5326a219,1.0,lg,24.0,24.0,2026-04-13T02:12:02.694154+00:00,False,
83981e25-26c1-412e-99c4-5a4d08cc4506,65118fc3-3965-4227-9daf-71cdc4429179,4f0ecc4f-9d09-4bab-9a9c-06ce5326a219,10.0,lg,24.0,240.0,2026-04-13T02:12:02.694154+00:00,False,
ed54aaca-7dad-460b-a0b4-d64230dcbe0c,65118fc3-3965-4227-9daf-71cdc4429179,b90584d8-fc78-420b-91e1-490117cd30cd,2.0,sm,6.0,12.0,2026-04-13T02:12:02.694154+00:00,False,
217c113b-f025-480e-bcf0-79cd95bc6599,65118fc3-3965-4227-9daf-71cdc4429179,44bdbde8-576d-4d7f-b668-d2f2bf72fb2e,2.0,lg,15.0,30.0,2026-04-13T02:12:02.694154+00:00,False,
8dc9e6b3-e806-434d-a2e3-df97c452fa35,65118fc3-3965-4227-9daf-71cdc4429179,2f04860a-b177-4a1c-8af1-08b2ac1ad567,2.0,lg,12.0,24.0,2026-04-13T02:12:02.694154+00:00,False,
4cdea2ef-ec54-4fbe-806a-edec6446526d,65118fc3-3965-4227-9daf-71cdc4429179,cbf76c50-2ebd-4fee-a8a3-0eab9d8366ee,1.0,lg,12.0,12.0,2026-04-13T02:12:02.694154+00:00,False,
a57d2ff1-95c1-4fe5-84cb-53e332ccc2a9,65118fc3-3965-4227-9daf-71cdc4429179,4cb1a70a-69ff-40a0-a510-294ba986d499,1.0,lg,12.0,12.0,2026-04-13T02:12:02.694154+00:00,False,
9e65a349-ff18-4d2b-88dd-7c58a1eaf09b,65118fc3-3965-4227-9daf-71cdc4429179,d87652f1-bb0b-444f-ad23-97c5c4d8b7de,1.0,sm,6.0,6.0,2026-04-13T02:12:02.694154+00:00,False,
300f8cdc-0b33-411b-b65e-289612a9bfe9,3c139d3d-e55e-4b98-bb0a-2d7b7af5c66e,04cc3ab8-f1fa-4e6c-a4aa-9a4d53f1dc53,2.0,lg,20.0,40.0,2026-04-13T02:12:03.172237+00:00,False,
d394b99e-ae27-4703-ad92-4dca97cec7f0,3c139d3d-e55e-4b98-bb0a-2d7b7af5c66e,cbf76c50-2ebd-4fee-a8a3-0eab9d8366ee,1.0,lg,12.0,12.0,2026-04-13T02:12:03.172237+00:00,False,
18a9a4fe-6744-4ffc-9006-25b121c487ae,3c139d3d-e55e-4b98-bb0a-2d7b7af5c66e,b90584d8-fc78-420b-91e1-490117cd30cd,2.0,sm,6.0,12.0,2026-04-13T02:12:03.172237+00:00,False,
b5be1efc-9ee7-4c53-a46b-55b18b3dabad,3c139d3d-e55e-4b98-bb0a-2d7b7af5c66e,cbf76c50-2ebd-4fee-a8a3-0eab9d8366ee,1.0,lg,12.0,12.0,2026-04-13T02:12:03.172237+00:00,False,
e0150fdb-0186-44cc-91bf-e4c27b0d7b3e,ae362de0-d572-4aee-849b-c89e51e8dd2e,40b5c780-6569-4806-8e95-e2c92eaa87c9,1.0,lg,15.0,15.0,2026-04-13T02:12:03.622165+00:00,False,
dc2026ec-7043-4b67-8ee0-58ccdd9eb01b,ae362de0-d572-4aee-849b-c89e51e8dd2e,05bf9d69-e5d2-48cb-9592-6325e9b0cb39,1.0,lg,15.0,15.0,2026-04-13T02:12:03.622165+00:00,False,
45ed00d1-1427-41d0-8af4-3da4734a825a,ae362de0-d572-4aee-849b-c89e51e8dd2e,e662ef45-6aed-4a2e-ab16-cead317ac5b0,100.0,ea,0.35,35.0,2026-04-13T02:12:03.622165+00:00,False,
00e30493-75db-4f47-9af9-194c9f46c84c,ae362de0-d572-4aee-849b-c89e51e8dd2e,04cc3ab8-f1fa-4e6c-a4aa-9a4d53f1dc53,3.0,lg,20.0,60.0,2026-04-13T02:12:03.622165+00:00,False,
fff3f3e8-0005-4c79-a787-adea76b39fdf,ae362de0-d572-4aee-849b-c89e51e8dd2e,f5639c9e-b6d3-4ba5-a804-c0b05b0eecad,10.0,lg,24.0,240.0,2026-04-13T02:12:03.622165+00:00,False,
aee4a043-3235-4261-a5a9-79926927ba99,ae362de0-d572-4aee-849b-c89e51e8dd2e,4f0ecc4f-9d09-4bab-9a9c-06ce5326a219,1.0,lg,24.0,24.0,2026-04-13T02:12:03.622165+00:00,False,
1e071cc1-214c-4c71-bd7b-a98d95b90b0d,ae362de0-d572-4aee-849b-c89e51e8dd2e,2f04860a-b177-4a1c-8af1-08b2ac1ad567,2.0,lg,12.0,24.0,2026-04-13T02:12:03.622165+00:00,False,
bae9f1d0-d90a-4e42-ab8e-6740bbf07052,ae362de0-d572-4aee-849b-c89e51e8dd2e,f5639c9e-b6d3-4ba5-a804-c0b05b0eecad,1.0,lg,24.0,24.0,2026-04-13T02:12:03.622165+00:00,False,
4410b929-99a7-4c51-aeeb-dbba217833f4,2992ef49-aed8-45a7-956a-77ced2b46799,04cc3ab8-f1fa-4e6c-a4aa-9a4d53f1dc53,10.0,lg,20.0,200.0,2026-04-13T02:12:04.092576+00:00,False,
1303da58-fc6e-4ef9-8d4c-b460312c7fb9,2992ef49-aed8-45a7-956a-77ced2b46799,f5639c9e-b6d3-4ba5-a804-c0b05b0eecad,1.0,lg,24.0,24.0,2026-04-13T02:12:04.092576+00:00,False,
83c8b1e4-d0bd-463c-8c7a-2e810d4b38dd,2992ef49-aed8-45a7-956a-77ced2b46799,5da6dc1f-43a1-4182-bea0-4d1036c97b6d,1.0,lg,20.0,20.0,2026-04-13T02:12:04.092576+00:00,False,
e75d9bf1-f535-42ee-aa2e-649d6ef21b5b,7ca97bfd-636b-45af-b6e3-e682b9861d64,f5639c9e-b6d3-4ba5-a804-c0b05b0eecad,2.0,lg,24.0,48.0,2026-04-13T02:12:04.720872+00:00,False,
bab27b69-2426-4767-a034-4a2a7ef75dbb,7ca97bfd-636b-45af-b6e3-e682b9861d64,2f04860a-b177-4a1c-8af1-08b2ac1ad567,1.0,lg,12.0,12.0,2026-04-13T02:12:04.720872+00:00,False,
ac50e982-384e-4f4d-b8d5-135f87e60a49,7ca97bfd-636b-45af-b6e3-e682b9861d64,04cc3ab8-f1fa-4e6c-a4aa-9a4d53f1dc53,2.0,lg,20.0,40.0,2026-04-13T02:12:04.720872+00:00,False,
2f8b67da-5e19-46ef-b84b-64736da093ca,7ca97bfd-636b-45af-b6e3-e682b9861d64,9111d6fd-f6d3-4ade-9915-bbfde0232f4b,2.0,lg,12.0,24.0,2026-04-13T02:12:04.720872+00:00,False,
deeee05a-8c8a-4207-a14d-f3be709f8e59,7ca97bfd-636b-45af-b6e3-e682b9861d64,0f564608-78ba-405b-bd40-8d80a71c196e,4.0,sm,10.0,40.0,2026-04-13T02:12:04.720872+00:00,False,
39bda7a0-77e9-4182-bdde-8b712100e4d5,7ca97bfd-636b-45af-b6e3-e682b9861d64,a8bb4cea-3aad-45ff-96c4-a5af02335e12,2.0,lg,12.0,24.0,2026-04-13T02:12:04.720872+00:00,False,
556d5c3a-394f-48eb-a025-574318082e51,7ca97bfd-636b-45af-b6e3-e682b9861d64,3d50b41b-54e3-4ea7-b559-e40d8a1ea7e3,2.0,lg,12.0,24.0,2026-04-13T02:12:04.720872+00:00,False,
0ec6c277-5b94-4986-af47-256186821b39,7ca97bfd-636b-45af-b6e3-e682b9861d64,19508c8b-5f9f-4cda-bffa-d36ef4c07bc2,2.0,lg,10.0,20.0,2026-04-13T02:12:04.720872+00:00,False,
72882d15-2dd0-4a5c-bc68-b3f98bb203a2,7ca97bfd-636b-45af-b6e3-e682b9861d64,40b5c780-6569-4806-8e95-e2c92eaa87c9,1.0,lg,15.0,15.0,2026-04-13T02:12:04.720872+00:00,False,
e7710c26-b06c-46ae-a4e0-4ebb4fd6376f,7ca97bfd-636b-45af-b6e3-e682b9861d64,05bf9d69-e5d2-48cb-9592-6325e9b0cb39,1.0,lg,15.0,15.0,2026-04-13T02:12:04.720872+00:00,False,
d53313a7-dad2-4f95-976b-8da58a470cd4,8ab9f28d-3f4b-42ff-9bc3-3018ab15f893,2f04860a-b177-4a1c-8af1-08b2ac1ad567,1.0,lg,12.0,12.0,2026-04-13T02:12:05.173942+00:00,False,
669c0b33-74df-45cd-b41e-5b6a3f5faa5a,8ab9f28d-3f4b-42ff-9bc3-3018ab15f893,04cc3ab8-f1fa-4e6c-a4aa-9a4d53f1dc53,2.0,lg,20.0,40.0,2026-04-13T02:12:05.173942+00:00,False,
7ab702fa-3b44-452a-8784-e8f2db511e2f,8ab9f28d-3f4b-42ff-9bc3-3018ab15f893,9111d6fd-f6d3-4ade-9915-bbfde0232f4b,2.0,lg,12.0,24.0,2026-04-13T02:12:05.173942+00:00,False,
00ec0d9d-2dd3-4df5-90df-764f8fb35bb8,8ab9f28d-3f4b-42ff-9bc3-3018ab15f893,0f564608-78ba-405b-bd40-8d80a71c196e,4.0,sm,10.0,40.0,2026-04-13T02:12:05.173942+00:00,False,
2c55b886-78a6-4609-aa55-15d5477b1767,8ab9f28d-3f4b-42ff-9bc3-3018ab15f893,a8bb4cea-3aad-45ff-96c4-a5af02335e12,2.0,lg,12.0,24.0,2026-04-13T02:12:05.173942+00:00,False,
5db8fd10-690c-49a9-ac38-6d2e8b6ef6ca,8ab9f28d-3f4b-42ff-9bc3-3018ab15f893,3d50b41b-54e3-4ea7-b559-e40d8a1ea7e3,2.0,lg,12.0,24.0,2026-04-13T02:12:05.173942+00:00,False,
fb4ad2cd-c760-419b-9aee-bfea123b0d09,8ab9f28d-3f4b-42ff-9bc3-3018ab15f893,19508c8b-5f9f-4cda-bffa-d36ef4c07bc2,1.0,lg,10.0,10.0,2026-04-13T02:12:05.173942+00:00,False,
cf193562-4465-4329-953e-57bf542f9389,8ab9f28d-3f4b-42ff-9bc3-3018ab15f893,e662ef45-6aed-4a2e-ab16-cead317ac5b0,100.0,ea,0.35,35.0,2026-04-13T02:12:05.173942+00:00,False,
e7daa357-bedb-446e-9d86-7b0e860a5e8c,8ab9f28d-3f4b-42ff-9bc3-3018ab15f893,3b390b60-bc5f-4a6c-8366-90501656ce20,1.0,lg,15.0,15.0,2026-04-13T02:12:05.173942+00:00,False,
94f383ff-5c65-40ec-9321-046c7c4f874a,82dc85e9-4d11-4b63-aab7-b9401f641cf2,e63f9153-d195-48fa-b7e7-19ad412c36da,2.0,lg,15.0,30.0,2026-04-13T02:12:05.608591+00:00,False,
927c7a97-a2e0-43bb-b733-4bf67f1ef0fd,82dc85e9-4d11-4b63-aab7-b9401f641cf2,2f04860a-b177-4a1c-8af1-08b2ac1ad567,1.0,lg,12.0,12.0,2026-04-13T02:12:05.608591+00:00,False,
d4bc56c7-e4b3-4ec4-a8b3-a04963219f24,82dc85e9-4d11-4b63-aab7-b9401f641cf2,f5639c9e-b6d3-4ba5-a804-c0b05b0eecad,1.0,lg,24.0,24.0,2026-04-13T02:12:05.608591+00:00,False,
f61cbc5d-17f8-4e00-8fa9-1ec4a158a1d5,82dc85e9-4d11-4b63-aab7-b9401f641cf2,05bf9d69-e5d2-48cb-9592-6325e9b0cb39,2.0,lg,15.0,30.0,2026-04-13T02:12:05.608591+00:00,False,
db1e0c50-a8f7-4307-9b04-00dbe9fc0d9e,f1c735e8-4a30-4e96-a330-26dd6a593d22,ae35edf7-0f5f-42cb-b1da-7ab6b187d19d,80.0,lg,15.0,1200.0,2026-04-13T02:12:06.038584+00:00,False,
887f08a8-bcf8-4f19-b23f-8d776c7a2ad9,f1c735e8-4a30-4e96-a330-26dd6a593d22,b90584d8-fc78-420b-91e1-490117cd30cd,2.0,sm,6.0,12.0,2026-04-13T02:12:06.038584+00:00,False,
6ccba40b-a09a-4737-b534-8a67314eed90,f1c735e8-4a30-4e96-a330-26dd6a593d22,05bf9d69-e5d2-48cb-9592-6325e9b0cb39,1.0,lg,15.0,15.0,2026-04-13T02:12:06.038584+00:00,False,
a586c98e-e65d-411f-9295-fff399f966c3,f1c735e8-4a30-4e96-a330-26dd6a593d22,e662ef45-6aed-4a2e-ab16-cead317ac5b0,100.0,ea,0.35,35.0,2026-04-13T02:12:06.038584+00:00,False,
c3565f5c-29d9-4025-8323-32aa6b78bd82,f1c735e8-4a30-4e96-a330-26dd6a593d22,4cb1a70a-69ff-40a0-a510-294ba986d499,1.0,lg,12.0,12.0,2026-04-13T02:12:06.038584+00:00,False,
676afa2a-fdd5-4ee1-91e6-65af01f8afb9,f1c735e8-4a30-4e96-a330-26dd6a593d22,d87652f1-bb0b-444f-ad23-97c5c4d8b7de,2.0,sm,6.0,12.0,2026-04-13T02:12:06.038584+00:00,False,
c1d471e2-58f8-4b59-aa37-4031f3c52c97,abaf5adb-17a1-4660-90e6-c41129fbffcb,e63f9153-d195-48fa-b7e7-19ad412c36da,1.0,lg,15.0,15.0,2026-04-11T19:17:46.645342+00:00,False,
e8d79e5f-851a-4b5f-a8a9-aea4323db452,abaf5adb-17a1-4660-90e6-c41129fbffcb,c3916820-1dce-4d0e-a249-f47e95d54255,6.0,lg,20.0,120.0,2026-04-11T19:17:46.645342+00:00,False,
a7ebf1ff-0117-4927-a24e-636e338a5dd1,abaf5adb-17a1-4660-90e6-c41129fbffcb,daddf87a-52e4-4130-bcfb-6c57d484bf4f,5.0,lg,25.0,125.0,2026-04-11T19:17:46.645342+00:00,False,
29523142-a706-42aa-9860-821644f67049,abaf5adb-17a1-4660-90e6-c41129fbffcb,3b3371ba-d791-4f27-acd1-c9be0931ac67,2.0,ea,15.0,30.0,2026-04-11T19:17:46.645342+00:00,False,
cb255712-420b-4fcf-b209-e73c771cdfb5,abaf5adb-17a1-4660-90e6-c41129fbffcb,13ac7479-762b-4fc2-b36c-b94223caf3d5,2.0,qt,15.0,30.0,2026-04-11T19:17:46.645342+00:00,False,
02da9e9f-851d-43e5-80b5-33e01bf0ba22,abaf5adb-17a1-4660-90e6-c41129fbffcb,e81c39b6-82fe-4505-b835-ed93e4220988,1.0,sm,12.0,12.0,2026-04-11T19:17:46.645342+00:00,False,
3d6969fc-0098-4c28-b4bd-ac44494e464e,710c5e06-ee7c-47f2-abe0-e4bde2a43af5,0f564608-78ba-405b-bd40-8d80a71c196e,4.0,sm,10.0,40.0,2026-04-13T02:12:04.451571+00:00,False,
acb4c156-f3f5-493e-ab54-d4d2c094e525,710c5e06-ee7c-47f2-abe0-e4bde2a43af5,a8bb4cea-3aad-45ff-96c4-a5af02335e12,2.0,lg,12.0,24.0,2026-04-13T02:12:04.451571+00:00,False,
b88261e0-da40-4731-8b75-6e1040967d54,710c5e06-ee7c-47f2-abe0-e4bde2a43af5,3d50b41b-54e3-4ea7-b559-e40d8a1ea7e3,2.0,lg,12.0,24.0,2026-04-13T02:12:04.451571+00:00,False,
a2f1f7a5-5721-4ff1-9140-00218fe0dcf0,710c5e06-ee7c-47f2-abe0-e4bde2a43af5,05bf9d69-e5d2-48cb-9592-6325e9b0cb39,1.0,lg,15.0,15.0,2026-04-13T02:12:04.451571+00:00,False,
ed0825e6-d79d-4191-990c-0bffb8c04eb8,710c5e06-ee7c-47f2-abe0-e4bde2a43af5,19508c8b-5f9f-4cda-bffa-d36ef4c07bc2,2.0,lg,10.0,20.0,2026-04-13T02:12:04.451571+00:00,False,
0bb87915-eaf0-467c-a74b-f62fc0398863,f62ff278-9dda-4c6b-84a5-0bb764a08e57,cbf76c50-2ebd-4fee-a8a3-0eab9d8366ee,1.0,lg,12.0,12.0,2026-04-13T02:12:04.95717+00:00,False,
36265162-32a6-46a2-a8cd-d1148fdee27c,f62ff278-9dda-4c6b-84a5-0bb764a08e57,b90584d8-fc78-420b-91e1-490117cd30cd,2.0,sm,6.0,12.0,2026-04-13T02:12:04.95717+00:00,False,
d71403bd-3f3b-4e00-b31d-caf1868173cb,f62ff278-9dda-4c6b-84a5-0bb764a08e57,f5639c9e-b6d3-4ba5-a804-c0b05b0eecad,1.0,lg,24.0,24.0,2026-04-13T02:12:04.95717+00:00,False,
066a0a39-9473-487a-90f2-40c9a80a7a05,f62ff278-9dda-4c6b-84a5-0bb764a08e57,5da6dc1f-43a1-4182-bea0-4d1036c97b6d,1.0,lg,20.0,20.0,2026-04-13T02:12:04.95717+00:00,False,
cd88d914-3c25-4356-8d2d-6eb19737670b,f62ff278-9dda-4c6b-84a5-0bb764a08e57,4f0ecc4f-9d09-4bab-9a9c-06ce5326a219,10.0,lg,24.0,240.0,2026-04-13T02:12:04.95717+00:00,False,
66be4f68-f74e-4632-b6cd-0d9a0bf614bd,07616b04-f71c-4c19-8a55-aa1762416181,e662ef45-6aed-4a2e-ab16-cead317ac5b0,200.0,ea,0.35,70.0,2026-04-13T02:12:05.403279+00:00,False,
5aba3a16-0755-4433-8867-e6b50e3560df,07616b04-f71c-4c19-8a55-aa1762416181,44bdbde8-576d-4d7f-b668-d2f2bf72fb2e,1.0,lg,15.0,15.0,2026-04-13T02:12:05.403279+00:00,False,
b4c818fd-f8f6-454f-81b0-10abce702e5f,07616b04-f71c-4c19-8a55-aa1762416181,f5639c9e-b6d3-4ba5-a804-c0b05b0eecad,1.0,lg,24.0,24.0,2026-04-13T02:12:05.403279+00:00,False,
95eda951-2d64-456b-b74c-84db58fd6c9c,07616b04-f71c-4c19-8a55-aa1762416181,04cc3ab8-f1fa-4e6c-a4aa-9a4d53f1dc53,10.0,lg,20.0,200.0,2026-04-13T02:12:05.403279+00:00,False,
5fde7e4b-c027-48fe-aeb3-af34cf69859e,07616b04-f71c-4c19-8a55-aa1762416181,05bf9d69-e5d2-48cb-9592-6325e9b0cb39,1.0,lg,15.0,15.0,2026-04-13T02:12:05.403279+00:00,False,
e52f4ef2-cbbb-44c8-be41-0a04a6ccea2e,0292ebd9-c55d-459a-bc53-4266efbac586,3b390b60-bc5f-4a6c-8366-90501656ce20,1.0,lg,15.0,15.0,2026-04-13T02:12:05.825208+00:00,False,
a6016a26-c208-449b-8a74-695b9bb383a8,0292ebd9-c55d-459a-bc53-4266efbac586,e662ef45-6aed-4a2e-ab16-cead317ac5b0,150.0,ea,0.35,52.5,2026-04-13T02:12:05.825208+00:00,False,
7c3edf91-7470-45f8-9a6f-83999560af50,0292ebd9-c55d-459a-bc53-4266efbac586,5da6dc1f-43a1-4182-bea0-4d1036c97b6d,1.0,lg,20.0,20.0,2026-04-13T02:12:05.825208+00:00,False,
2463ee09-5302-4d44-89dc-f83298388a06,0292ebd9-c55d-459a-bc53-4266efbac586,2f04860a-b177-4a1c-8af1-08b2ac1ad567,2.0,lg,12.0,24.0,2026-04-13T02:12:05.825208+00:00,False,
14f82ad8-8d4c-492c-a3f8-19feb152fc49,0292ebd9-c55d-459a-bc53-4266efbac586,b90584d8-fc78-420b-91e1-490117cd30cd,2.0,sm,6.0,12.0,2026-04-13T02:12:05.825208+00:00,False,
debb90d4-49c4-459b-893b-3fd5c51e0143,0292ebd9-c55d-459a-bc53-4266efbac586,4f0ecc4f-9d09-4bab-9a9c-06ce5326a219,2.0,lg,24.0,48.0,2026-04-13T02:12:05.825208+00:00,False,
51bf85df-bc4a-44c0-88ef-a7ea28a7687f,0292ebd9-c55d-459a-bc53-4266efbac586,9111d6fd-f6d3-4ade-9915-bbfde0232f4b,10.0,lg,12.0,120.0,2026-04-13T02:12:05.825208+00:00,False,
e56922d2-1a69-46df-9e90-59941a9aeba0,0292ebd9-c55d-459a-bc53-4266efbac586,0f564608-78ba-405b-bd40-8d80a71c196e,10.0,sm,10.0,100.0,2026-04-13T02:12:05.825208+00:00,False,
295b4550-8d2a-4961-8632-c0c5d03a326d,0292ebd9-c55d-459a-bc53-4266efbac586,a8bb4cea-3aad-45ff-96c4-a5af02335e12,1.0,lg,12.0,12.0,2026-04-13T02:12:05.825208+00:00,False,
a1f6a308-e77c-4065-b0fc-7305a3e60cf0,0292ebd9-c55d-459a-bc53-4266efbac586,3d50b41b-54e3-4ea7-b559-e40d8a1ea7e3,1.0,lg,12.0,12.0,2026-04-13T02:12:05.825208+00:00,False,
69ff28ff-01cb-4b9b-81cf-39e6a7094435,1992a097-99c4-470b-b15d-4d1336ade0d2,04cc3ab8-f1fa-4e6c-a4aa-9a4d53f1dc53,10.0,lg,20.0,200.0,2026-04-13T02:12:06.409931+00:00,False,
110d0802-e4b0-4fb0-a551-c1178749ee8a,1992a097-99c4-470b-b15d-4d1336ade0d2,b90584d8-fc78-420b-91e1-490117cd30cd,2.0,sm,6.0,12.0,2026-04-13T02:12:06.409931+00:00,False,
8bbf1c51-31d9-4705-b275-0984fac855ea,1992a097-99c4-470b-b15d-4d1336ade0d2,e662ef45-6aed-4a2e-ab16-cead317ac5b0,150.0,ea,0.35,52.5,2026-04-13T02:12:06.409931+00:00,False,
2ff37dd4-dd6d-4188-b9e1-976faa56138c,1992a097-99c4-470b-b15d-4d1336ade0d2,2f04860a-b177-4a1c-8af1-08b2ac1ad567,2.0,lg,12.0,24.0,2026-04-13T02:12:06.409931+00:00,False,
ddba141b-d0e7-410c-8c90-94ce46fc4831,1992a097-99c4-470b-b15d-4d1336ade0d2,e63f9153-d195-48fa-b7e7-19ad412c36da,2.0,lg,15.0,30.0,2026-04-13T02:12:06.409931+00:00,False,
288fbdf5-0977-49bf-bf80-8370d68d4a7d,1992a097-99c4-470b-b15d-4d1336ade0d2,4cb1a70a-69ff-40a0-a510-294ba986d499,1.0,lg,12.0,12.0,2026-04-13T02:12:06.409931+00:00,False,
9d596a74-fcaa-4330-98a0-33838eca2ff0,1992a097-99c4-470b-b15d-4d1336ade0d2,d87652f1-bb0b-444f-ad23-97c5c4d8b7de,2.0,sm,6.0,12.0,2026-04-13T02:12:06.409931+00:00,False,
31fede20-17b0-4af5-8de9-18f4572b76ae,1992a097-99c4-470b-b15d-4d1336ade0d2,9111d6fd-f6d3-4ade-9915-bbfde0232f4b,10.0,lg,12.0,120.0,2026-04-13T02:12:06.409931+00:00,False,
dc6567c3-ba7b-4f6a-9093-1466341b9338,1992a097-99c4-470b-b15d-4d1336ade0d2,0f564608-78ba-405b-bd40-8d80a71c196e,10.0,sm,10.0,100.0,2026-04-13T02:12:06.409931+00:00,False,
92f6b525-1820-4b6f-9a61-8a24d60c815e,1992a097-99c4-470b-b15d-4d1336ade0d2,a8bb4cea-3aad-45ff-96c4-a5af02335e12,1.0,lg,12.0,12.0,2026-04-13T02:12:06.409931+00:00,False,
5bfbb307-7bf5-41c3-96f8-300674f8c8f4,1992a097-99c4-470b-b15d-4d1336ade0d2,3d50b41b-54e3-4ea7-b559-e40d8a1ea7e3,1.0,lg,12.0,12.0,2026-04-13T02:12:06.409931+00:00,False,
c5ab5beb-4e51-4a2a-ac19-6d510fb26611,22ac1e2b-f8da-41e5-b819-02e9c748ca3a,e662ef45-6aed-4a2e-ab16-cead317ac5b0,100.0,ea,0.35,35.0,2026-04-13T02:12:06.884931+00:00,False,
096c0f22-e576-4455-8b6b-dc264e714c58,22ac1e2b-f8da-41e5-b819-02e9c748ca3a,3b390b60-bc5f-4a6c-8366-90501656ce20,1.0,lg,15.0,15.0,2026-04-13T02:12:06.884931+00:00,False,
e8568d3e-254d-48d0-930e-dc81fccbd590,856c5390-f413-4987-9975-3cb9193e7400,05bf9d69-e5d2-48cb-9592-6325e9b0cb39,2.0,lg,15.0,30.0,2026-04-13T02:12:07.313336+00:00,False,
cc262959-30f5-4145-88ef-e1881327d38f,856c5390-f413-4987-9975-3cb9193e7400,e662ef45-6aed-4a2e-ab16-cead317ac5b0,150.0,ea,0.35,52.5,2026-04-13T02:12:07.313336+00:00,False,
0d193e1b-754f-4223-be0b-1ca0819966b1,856c5390-f413-4987-9975-3cb9193e7400,b90584d8-fc78-420b-91e1-490117cd30cd,4.0,sm,6.0,24.0,2026-04-13T02:12:07.313336+00:00,False,
84578218-121e-48d7-8741-1adabf4a306f,856c5390-f413-4987-9975-3cb9193e7400,4cb1a70a-69ff-40a0-a510-294ba986d499,1.0,lg,12.0,12.0,2026-04-13T02:12:07.313336+00:00,False,
3ea76df2-8361-4d3f-8a4b-63d248789112,856c5390-f413-4987-9975-3cb9193e7400,04cc3ab8-f1fa-4e6c-a4aa-9a4d53f1dc53,10.0,lg,20.0,200.0,2026-04-13T02:12:07.313336+00:00,False,
b0ee4411-0679-4713-9c4e-066b39dc7548,856c5390-f413-4987-9975-3cb9193e7400,d87652f1-bb0b-444f-ad23-97c5c4d8b7de,2.0,sm,6.0,12.0,2026-04-13T02:12:07.313336+00:00,False,
32e6d628-2746-4d04-b867-3a558c249520,856c5390-f413-4987-9975-3cb9193e7400,0f564608-78ba-405b-bd40-8d80a71c196e,10.0,sm,10.0,100.0,2026-04-13T02:12:07.313336+00:00,False,
200d574e-dea1-4cf9-9109-7de5862db07b,856c5390-f413-4987-9975-3cb9193e7400,3d50b41b-54e3-4ea7-b559-e40d8a1ea7e3,1.0,lg,12.0,12.0,2026-04-13T02:12:07.313336+00:00,False,
b782e4b4-7932-475d-83d8-689a9c224192,856c5390-f413-4987-9975-3cb9193e7400,19508c8b-5f9f-4cda-bffa-d36ef4c07bc2,1.0,lg,10.0,10.0,2026-04-13T02:12:07.313336+00:00,False,
94ab51e3-7b0e-47ce-bd95-d1f24800dae6,7453b6e6-70f8-4db7-9702-fb52c42c6f94,e662ef45-6aed-4a2e-ab16-cead317ac5b0,100.0,ea,0.35,35.0,2026-04-13T02:12:07.858023+00:00,False,
a4e3df4e-6c4f-4656-922f-b24f0f508057,7453b6e6-70f8-4db7-9702-fb52c42c6f94,3b390b60-bc5f-4a6c-8366-90501656ce20,1.0,lg,15.0,15.0,2026-04-13T02:12:07.858023+00:00,False,
33eea85b-7c7c-41cd-b928-77f15dff37b7,7453b6e6-70f8-4db7-9702-fb52c42c6f94,0f564608-78ba-405b-bd40-8d80a71c196e,10.0,sm,10.0,100.0,2026-04-13T02:12:07.858023+00:00,False,
bab7234b-005f-4bdc-b105-30a38c5b0885,7453b6e6-70f8-4db7-9702-fb52c42c6f94,a8bb4cea-3aad-45ff-96c4-a5af02335e12,1.0,lg,12.0,12.0,2026-04-13T02:12:07.858023+00:00,False,
be872802-4699-4037-b949-f53c438cce05,7453b6e6-70f8-4db7-9702-fb52c42c6f94,3d50b41b-54e3-4ea7-b559-e40d8a1ea7e3,1.0,lg,12.0,12.0,2026-04-13T02:12:07.858023+00:00,False,
430b7a34-d2e8-4c35-924a-e74e386e77ba,7453b6e6-70f8-4db7-9702-fb52c42c6f94,19508c8b-5f9f-4cda-bffa-d36ef4c07bc2,1.0,lg,10.0,10.0,2026-04-13T02:12:07.858023+00:00,False,
a6edb877-9116-464d-a4af-9c598f5a7ed9,3ce8dfe8-c24c-4568-a01a-355285bbf59b,3c8b8fbc-4f9e-4953-a4bd-37799b337807,10.0,lg,10.0,100.0,2026-04-13T02:12:08.355183+00:00,False,
ae5094f9-9028-488c-a8c3-fe4ce0bc4974,3ce8dfe8-c24c-4568-a01a-355285bbf59b,b0017451-3a96-49f3-9e48-ea4ef19383bf,100.0,ea,0.2,20.0,2026-04-13T02:12:08.355183+00:00,False,
55d9f270-9704-4d99-88fd-a1b08476b2c2,3ce8dfe8-c24c-4568-a01a-355285bbf59b,a65f4504-ba08-4da1-82ee-339201545673,20.0,sm,10.0,200.0,2026-04-13T02:12:08.355183+00:00,False,
1e9542bd-3a96-4105-9bfd-3ab4f5846318,3ce8dfe8-c24c-4568-a01a-355285bbf59b,38af6777-f227-4692-8704-1fe94901ac9f,10.0,lg,10.0,100.0,2026-04-13T02:12:08.355183+00:00,False,
53056d20-0da2-40a8-9a47-05e06211dbef,3ce8dfe8-c24c-4568-a01a-355285bbf59b,d2d10fe8-69a3-4554-89d2-dedf9ea06203,10.0,lg,15.0,150.0,2026-04-13T02:12:08.355183+00:00,False,
bffa8d32-1faf-424c-9e32-d611dd818596,3ce8dfe8-c24c-4568-a01a-355285bbf59b,3d50b41b-54e3-4ea7-b559-e40d8a1ea7e3,10.0,lg,12.0,120.0,2026-04-13T02:12:08.355183+00:00,False,
0b426214-7f3d-4fe5-b4ce-c13e47ff0218,d7f152e9-62ad-42b6-8720-700d1375c41f,b90584d8-fc78-420b-91e1-490117cd30cd,1.0,sm,6.0,6.0,2026-04-13T02:12:29.088187+00:00,False,
9f61fa7b-0e58-4d74-8a97-d2d3acefe7d8,d7f152e9-62ad-42b6-8720-700d1375c41f,e81c39b6-82fe-4505-b835-ed93e4220988,3.0,sm,12.0,36.0,2026-04-13T02:12:29.088187+00:00,False,
ef5af8c8-fcb8-4d67-acbd-846161497420,d7f152e9-62ad-42b6-8720-700d1375c41f,09dd43ee-5456-4692-9016-433d77d3b6cb,1.0,sm,15.0,15.0,2026-04-13T02:12:29.088187+00:00,False,
ededfe9b-b47e-4802-baf0-bb8567d11691,d7f152e9-62ad-42b6-8720-700d1375c41f,1cd8cacb-9218-4990-9bbf-a2e7ce216f54,3.0,sm,12.0,36.0,2026-04-13T02:12:29.088187+00:00,False,
23487bb2-af55-4045-8b3f-f4a2a0ffbee8,d7f152e9-62ad-42b6-8720-700d1375c41f,e662ef45-6aed-4a2e-ab16-cead317ac5b0,500.0,ea,0.35,175.0,2026-04-13T02:12:29.088187+00:00,False,
f9cdc5b2-3449-4d9e-8190-5e86ccbc2e68,d7f152e9-62ad-42b6-8720-700d1375c41f,0abbd494-b25b-4f13-a55e-dcf6db986965,6.0,lg,15.0,90.0,2026-04-13T02:12:29.088187+00:00,False,
ec85bcd9-b903-4bd6-964d-61cf6da03333,d7f152e9-62ad-42b6-8720-700d1375c41f,c34f7e2a-f610-4e56-847b-495bf4739360,3.0,sm,12.0,36.0,2026-04-13T02:12:29.088187+00:00,False,
a380ba0d-9f0f-4f30-8b3a-c67a5963f48a,f1c735e8-4a30-4e96-a330-26dd6a593d22,04cc3ab8-f1fa-4e6c-a4aa-9a4d53f1dc53,2.0,lg,20.0,40.0,2026-04-13T02:12:06.038584+00:00,False,
80fb1659-6eb7-48c5-9328-2beab9db662a,74c0d3b6-ede6-4140-951f-2c2e0867ead0,5da6dc1f-43a1-4182-bea0-4d1036c97b6d,2.0,lg,20.0,40.0,2026-04-13T02:12:06.677119+00:00,False,
7a61dd9c-fb89-4147-a4c4-b0a9a75d470d,74c0d3b6-ede6-4140-951f-2c2e0867ead0,e662ef45-6aed-4a2e-ab16-cead317ac5b0,150.0,ea,0.35,52.5,2026-04-13T02:12:06.677119+00:00,False,
f1738c3b-d132-4de1-a56e-bcb6aa4cb507,74c0d3b6-ede6-4140-951f-2c2e0867ead0,05bf9d69-e5d2-48cb-9592-6325e9b0cb39,2.0,lg,15.0,30.0,2026-04-13T02:12:06.677119+00:00,False,
c0de20fa-2f65-4a4d-a011-a165b38aa722,74c0d3b6-ede6-4140-951f-2c2e0867ead0,04cc3ab8-f1fa-4e6c-a4aa-9a4d53f1dc53,10.0,lg,20.0,200.0,2026-04-13T02:12:06.677119+00:00,False,
c896982f-e4c9-417d-b31c-db4ad96e5eab,67ae341a-3636-4dea-b359-ce7b0a84b9e6,cbf76c50-2ebd-4fee-a8a3-0eab9d8366ee,1.0,lg,12.0,12.0,2026-04-13T02:12:07.103464+00:00,False,
ba720da7-aca8-4d29-81aa-c9eaeef2ffe6,67ae341a-3636-4dea-b359-ce7b0a84b9e6,cd22ecb1-9eea-4ce8-ac14-289d2e8f5e9c,1.0,lg,12.0,12.0,2026-04-13T02:12:07.103464+00:00,False,
cf362a92-9a7b-4b95-93b3-50669459b2d2,67ae341a-3636-4dea-b359-ce7b0a84b9e6,4cb1a70a-69ff-40a0-a510-294ba986d499,1.0,lg,12.0,12.0,2026-04-13T02:12:07.103464+00:00,False,
379823dc-eaee-4250-a7fe-58c5f20de10d,67ae341a-3636-4dea-b359-ce7b0a84b9e6,e662ef45-6aed-4a2e-ab16-cead317ac5b0,150.0,ea,0.35,52.5,2026-04-13T02:12:07.103464+00:00,False,
a90db6a0-9198-4d31-b3db-caab375c6c65,67ae341a-3636-4dea-b359-ce7b0a84b9e6,2d7c5b8a-f3f9-462d-a7b0-06f5ac2dc976,1.0,lg,15.0,15.0,2026-04-13T02:12:07.103464+00:00,False,
05f76a14-56e4-4e06-8b8f-6a3c9342bfb8,67ae341a-3636-4dea-b359-ce7b0a84b9e6,5da6dc1f-43a1-4182-bea0-4d1036c97b6d,2.0,lg,20.0,40.0,2026-04-13T02:12:07.103464+00:00,False,
c4370cc1-4779-4555-995d-f1266f833f7a,67ae341a-3636-4dea-b359-ce7b0a84b9e6,0f564608-78ba-405b-bd40-8d80a71c196e,10.0,sm,10.0,100.0,2026-04-13T02:12:07.103464+00:00,False,
e276cbd8-b867-46a9-9f86-76234e697a00,67ae341a-3636-4dea-b359-ce7b0a84b9e6,a8bb4cea-3aad-45ff-96c4-a5af02335e12,1.0,lg,12.0,12.0,2026-04-13T02:12:07.103464+00:00,False,
3fe14ac6-a9ba-4c2a-ab0a-bd27579b5550,67ae341a-3636-4dea-b359-ce7b0a84b9e6,3d50b41b-54e3-4ea7-b559-e40d8a1ea7e3,1.0,lg,12.0,12.0,2026-04-13T02:12:07.103464+00:00,False,
3aefaf64-158a-4a3a-b646-60103a659e36,67ae341a-3636-4dea-b359-ce7b0a84b9e6,19508c8b-5f9f-4cda-bffa-d36ef4c07bc2,1.0,lg,10.0,10.0,2026-04-13T02:12:07.103464+00:00,False,
edf3d3fc-cdf0-4e92-8219-012a08e5eae3,d6b20895-f741-4186-8deb-a58ca4d976b7,e662ef45-6aed-4a2e-ab16-cead317ac5b0,200.0,ea,0.35,70.0,2026-04-13T02:12:07.52443+00:00,False,
77599293-9d39-4694-bc4f-363fdee3780f,d6b20895-f741-4186-8deb-a58ca4d976b7,05bf9d69-e5d2-48cb-9592-6325e9b0cb39,2.0,lg,15.0,30.0,2026-04-13T02:12:07.52443+00:00,False,
c5e5cae3-6056-4a21-a5fd-9a2afb8de57e,d6b20895-f741-4186-8deb-a58ca4d976b7,f14e1eaa-9677-4120-b8b5-37209f399915,2.0,lg,30.0,60.0,2026-04-13T02:12:07.52443+00:00,False,
e42438a7-1fa3-46d0-bc08-b318406f660c,d6b20895-f741-4186-8deb-a58ca4d976b7,acc2e31f-8c70-4ae8-82e0-30c047f6bc1f,10.0,ea,0.5,5.0,2026-04-13T02:12:07.52443+00:00,False,
3ef4650a-60b8-4050-b75b-979b7b8885a0,2e8609d7-3247-492b-a976-d6a900eae0fe,e662ef45-6aed-4a2e-ab16-cead317ac5b0,100.0,ea,0.35,35.0,2026-04-13T02:12:08.124604+00:00,False,
40c09376-ccb4-4ba4-8768-c2e1b7df34a2,2e8609d7-3247-492b-a976-d6a900eae0fe,04cc3ab8-f1fa-4e6c-a4aa-9a4d53f1dc53,6.0,lg,20.0,120.0,2026-04-13T02:12:08.124604+00:00,False,
6b833ed2-6bc6-4e9d-8293-197eda586e36,2e8609d7-3247-492b-a976-d6a900eae0fe,b90584d8-fc78-420b-91e1-490117cd30cd,2.0,sm,6.0,12.0,2026-04-13T02:12:08.124604+00:00,False,
ef755ed9-2051-4fe4-8b30-601f34b437fc,2e8609d7-3247-492b-a976-d6a900eae0fe,e63f9153-d195-48fa-b7e7-19ad412c36da,1.0,lg,15.0,15.0,2026-04-13T02:12:08.124604+00:00,False,
4edbe8d9-745c-4a35-81e7-bc4550ae23d1,72ee2e5c-20ef-4ef8-93bb-7d857f4baef3,5da6dc1f-43a1-4182-bea0-4d1036c97b6d,1.0,lg,20.0,20.0,2026-04-13T02:12:08.783091+00:00,False,
cebf2fd0-0aa6-4a87-9954-15102df51bce,72ee2e5c-20ef-4ef8-93bb-7d857f4baef3,3b390b60-bc5f-4a6c-8366-90501656ce20,2.0,lg,15.0,30.0,2026-04-13T02:12:08.783091+00:00,False,
80edbe6e-d362-40c6-a6a4-8a5a4edd3baa,72ee2e5c-20ef-4ef8-93bb-7d857f4baef3,e662ef45-6aed-4a2e-ab16-cead317ac5b0,150.0,ea,0.35,52.5,2026-04-13T02:12:08.783091+00:00,False,
efbc6f84-eed5-4707-810f-4f8a7b6649c7,2a99b2ce-a4f0-4952-b796-1b1fff886c51,3b390b60-bc5f-4a6c-8366-90501656ce20,1.0,lg,15.0,15.0,2026-04-13T02:12:09.331376+00:00,False,
17e9cd47-f33e-4528-9aeb-c7c2f1122d22,2a99b2ce-a4f0-4952-b796-1b1fff886c51,e662ef45-6aed-4a2e-ab16-cead317ac5b0,100.0,ea,0.35,35.0,2026-04-13T02:12:09.331376+00:00,False,
86e72f2b-caf7-4a48-a22e-b9fb364098ae,ebe01bcc-4a63-45dd-acac-f6ec487c84db,cbf76c50-2ebd-4fee-a8a3-0eab9d8366ee,1.0,lg,12.0,12.0,2026-04-13T02:12:09.773226+00:00,False,
828706e1-b276-41b3-a6a3-5486c7bc6738,ebe01bcc-4a63-45dd-acac-f6ec487c84db,05bf9d69-e5d2-48cb-9592-6325e9b0cb39,1.0,lg,15.0,15.0,2026-04-13T02:12:09.773226+00:00,False,
5fc7c13d-561c-4c73-8356-fd1b38ec53e0,ebe01bcc-4a63-45dd-acac-f6ec487c84db,0f564608-78ba-405b-bd40-8d80a71c196e,10.0,sm,10.0,100.0,2026-04-13T02:12:09.773226+00:00,False,
3bab1102-d628-42a3-8d4a-d83d7503d086,ebe01bcc-4a63-45dd-acac-f6ec487c84db,cd22ecb1-9eea-4ce8-ac14-289d2e8f5e9c,1.0,lg,12.0,12.0,2026-04-13T02:12:09.773226+00:00,False,
446087b7-2c0b-4e39-a528-974d7dbe01ee,ebe01bcc-4a63-45dd-acac-f6ec487c84db,f14e1eaa-9677-4120-b8b5-37209f399915,2.0,lg,30.0,60.0,2026-04-13T02:12:09.773226+00:00,False,
da062e2d-69ff-453d-83a7-55d76898aa71,ebe01bcc-4a63-45dd-acac-f6ec487c84db,44bdbde8-576d-4d7f-b668-d2f2bf72fb2e,1.0,lg,15.0,15.0,2026-04-13T02:12:09.773226+00:00,False,
57aba2c3-2d35-4f42-be55-efc706806e76,994f2220-fc85-4703-93d7-11519ec5797c,05bf9d69-e5d2-48cb-9592-6325e9b0cb39,1.0,lg,15.0,15.0,2026-04-13T02:12:10.298992+00:00,False,
35c50de9-6527-41f4-a147-cbba15eae411,994f2220-fc85-4703-93d7-11519ec5797c,f14e1eaa-9677-4120-b8b5-37209f399915,2.0,lg,30.0,60.0,2026-04-13T02:12:10.298992+00:00,False,
f6e0a09f-48ae-4444-801a-ab1e44788969,80bb1d25-8049-434f-bf25-c3a9f29c1482,f14e1eaa-9677-4120-b8b5-37209f399915,2.0,lg,30.0,60.0,2026-04-13T02:12:10.856372+00:00,False,
1ef6cec1-a9f9-402e-a4ba-b16c5826afee,80bb1d25-8049-434f-bf25-c3a9f29c1482,b90584d8-fc78-420b-91e1-490117cd30cd,2.0,sm,6.0,12.0,2026-04-13T02:12:10.856372+00:00,False,
0f24d85d-3d39-4a12-be38-f4cb51ca7bfd,80bb1d25-8049-434f-bf25-c3a9f29c1482,cbf76c50-2ebd-4fee-a8a3-0eab9d8366ee,1.0,lg,12.0,12.0,2026-04-13T02:12:10.856372+00:00,False,
002e41d5-9c6c-4976-8ed9-38e433fd04ae,830f28d3-2ada-4858-ab27-f1d9c54d92d9,b90584d8-fc78-420b-91e1-490117cd30cd,5.0,sm,6.0,30.0,2026-04-13T02:12:11.31481+00:00,False,
175e8bf7-b1ee-4bc4-9426-08bcf4e3fc0b,830f28d3-2ada-4858-ab27-f1d9c54d92d9,cbf76c50-2ebd-4fee-a8a3-0eab9d8366ee,2.0,lg,12.0,24.0,2026-04-13T02:12:11.31481+00:00,False,
badb2236-3999-4c0a-9973-dd13774cd56e,830f28d3-2ada-4858-ab27-f1d9c54d92d9,f14e1eaa-9677-4120-b8b5-37209f399915,2.0,lg,30.0,60.0,2026-04-13T02:12:11.31481+00:00,False,
cd532904-ea2c-487d-9c13-eab2a1698f66,830f28d3-2ada-4858-ab27-f1d9c54d92d9,0f564608-78ba-405b-bd40-8d80a71c196e,10.0,sm,10.0,100.0,2026-04-13T02:12:11.31481+00:00,False,
3d5438e7-e504-48a3-b1f7-ed7c43aa599e,830f28d3-2ada-4858-ab27-f1d9c54d92d9,a8bb4cea-3aad-45ff-96c4-a5af02335e12,1.0,lg,12.0,12.0,2026-04-13T02:12:11.31481+00:00,False,
a0b9260a-aa71-4465-b7cf-c39e45280de8,830f28d3-2ada-4858-ab27-f1d9c54d92d9,3d50b41b-54e3-4ea7-b559-e40d8a1ea7e3,1.0,lg,12.0,12.0,2026-04-13T02:12:11.31481+00:00,False,
f8955bd1-0be0-44f3-9dd6-f85e6f0b936c,830f28d3-2ada-4858-ab27-f1d9c54d92d9,d78ec394-051b-4132-aa11-92a24197f565,1.0,lg,12.0,12.0,2026-04-13T02:12:11.31481+00:00,False,
8f303fe7-1e73-4373-90c2-68c1d6c0bfbf,830f28d3-2ada-4858-ab27-f1d9c54d92d9,e662ef45-6aed-4a2e-ab16-cead317ac5b0,1.0,ea,0.35,0.35,2026-04-13T02:12:11.31481+00:00,False,
af921a8e-34df-47c7-80ce-2b3bce5f2007,830f28d3-2ada-4858-ab27-f1d9c54d92d9,0f564608-78ba-405b-bd40-8d80a71c196e,10.0,sm,10.0,100.0,2026-04-13T02:12:11.31481+00:00,False,
7b70325c-bfbf-458a-9f1b-c227b4067289,830f28d3-2ada-4858-ab27-f1d9c54d92d9,a65f4504-ba08-4da1-82ee-339201545673,2.0,sm,10.0,20.0,2026-04-13T02:12:11.31481+00:00,False,
45e2fc93-568a-4b53-abdc-df14bfd35496,830f28d3-2ada-4858-ab27-f1d9c54d92d9,2ec9bf07-c28b-4a11-809e-a7be42c4db76,1.0,lg,20.0,20.0,2026-04-13T02:12:11.31481+00:00,False,
5f7aef75-f150-4139-888a-6a72c50608e5,830f28d3-2ada-4858-ab27-f1d9c54d92d9,d78ec394-051b-4132-aa11-92a24197f565,1.0,lg,12.0,12.0,2026-04-13T02:12:11.31481+00:00,False,
f98a3cf8-e00d-4ce5-8a02-00a7fd4ea13f,830f28d3-2ada-4858-ab27-f1d9c54d92d9,10c6b8e6-72c6-4198-8dbb-9afc48473d68,1.0,lg,24.0,24.0,2026-04-13T02:12:11.31481+00:00,False,
619c54b6-570e-40d2-8e3c-5af853bbae6c,5f99e981-fd64-4ac4-8b83-44f7c95228c1,feaad469-a829-41b2-988e-5efed6c64b6c,200.0,ea,3.0,600.0,2026-04-13T02:12:11.858472+00:00,False,
3f14fb16-e988-4ef8-944f-ac79aaafe85e,5f99e981-fd64-4ac4-8b83-44f7c95228c1,05bf9d69-e5d2-48cb-9592-6325e9b0cb39,2.0,lg,15.0,30.0,2026-04-13T02:12:11.858472+00:00,False,
8abdb29c-e7fa-4010-b5a8-9f9b15d47383,5f99e981-fd64-4ac4-8b83-44f7c95228c1,b90584d8-fc78-420b-91e1-490117cd30cd,4.0,sm,6.0,24.0,2026-04-13T02:12:11.858472+00:00,False,
54473647-631c-46be-a78e-843f179edf43,5f99e981-fd64-4ac4-8b83-44f7c95228c1,5da6dc1f-43a1-4182-bea0-4d1036c97b6d,1.0,lg,20.0,20.0,2026-04-13T02:12:11.858472+00:00,False,
2e316967-fd6a-4b9d-904f-9637aa67d02d,5f99e981-fd64-4ac4-8b83-44f7c95228c1,cbf76c50-2ebd-4fee-a8a3-0eab9d8366ee,1.0,lg,12.0,12.0,2026-04-13T02:12:11.858472+00:00,False,
588e4b2d-cb7f-48bf-b9c4-aaedbb5513ea,5f99e981-fd64-4ac4-8b83-44f7c95228c1,19508c8b-5f9f-4cda-bffa-d36ef4c07bc2,1.0,lg,10.0,10.0,2026-04-13T02:12:11.858472+00:00,False,
f80e992a-65aa-4c4b-92ba-e23e00427549,0e5052f2-0a43-4842-86c1-710c2cd46f61,c3916820-1dce-4d0e-a249-f47e95d54255,2.0,lg,20.0,40.0,2026-04-11T19:22:53.672066+00:00,False,
20eb9877-4ebd-49bf-a4ba-d40a6e823448,0e5052f2-0a43-4842-86c1-710c2cd46f61,336fc578-e349-4e59-bcd2-e1c2b1beadb3,1.0,lg,25.0,25.0,2026-04-11T19:22:53.672066+00:00,False,
159171c6-dca4-4e77-adb7-b385398d9dbd,0e5052f2-0a43-4842-86c1-710c2cd46f61,f6145d14-6ea4-47b8-b171-5485403ce4a8,1.0,lg,10.0,10.0,2026-04-11T19:22:53.672066+00:00,False,
94d72fe1-8782-4388-8754-8e1cf04869ac,0e5052f2-0a43-4842-86c1-710c2cd46f61,6176833b-8baf-4d60-84c7-6e2546e070c0,1.0,lg,10.0,10.0,2026-04-11T19:22:53.672066+00:00,False,
0b687279-c6fa-43f3-9da2-e72f7305e678,0e5052f2-0a43-4842-86c1-710c2cd46f61,11848d52-fa67-4b56-8b9e-87239a753911,1.0,lg,24.0,24.0,2026-04-11T19:22:53.672066+00:00,False,
52065fad-0e32-40ca-ac5d-0515e45ba53c,0e5052f2-0a43-4842-86c1-710c2cd46f61,cd22ecb1-9eea-4ce8-ac14-289d2e8f5e9c,1.0,lg,12.0,12.0,2026-04-11T19:22:53.672066+00:00,False,
d31f5a7a-80e7-4dd0-957c-a1971165f223,0e5052f2-0a43-4842-86c1-710c2cd46f61,e81c39b6-82fe-4505-b835-ed93e4220988,1.0,sm,12.0,12.0,2026-04-11T19:22:53.672066+00:00,False,
2f156897-669a-4255-b4f4-22db1a21fcf9,3ce8dfe8-c24c-4568-a01a-355285bbf59b,6c3dfe2a-d412-409f-a2b0-15345fbd2981,20.0,ea,0.5,10.0,2026-04-13T02:12:08.355183+00:00,False,
0da249c6-9001-4ae2-84fc-54229af45613,32af27ea-d04c-485e-9298-65461cf8f2ed,b90584d8-fc78-420b-91e1-490117cd30cd,2.0,sm,6.0,12.0,2026-04-13T02:12:09.067994+00:00,False,
2efdfc38-9a7a-47ed-b696-ea969ffaa75a,32af27ea-d04c-485e-9298-65461cf8f2ed,0f564608-78ba-405b-bd40-8d80a71c196e,2.0,sm,10.0,20.0,2026-04-13T02:12:09.067994+00:00,False,
ffa766ce-5585-4b1a-95fe-6ad79f93cccb,32af27ea-d04c-485e-9298-65461cf8f2ed,0f564608-78ba-405b-bd40-8d80a71c196e,20.0,sm,10.0,200.0,2026-04-13T02:12:09.067994+00:00,False,
40e305c8-3179-4071-8f00-f302b867d654,32af27ea-d04c-485e-9298-65461cf8f2ed,a8bb4cea-3aad-45ff-96c4-a5af02335e12,1.0,lg,12.0,12.0,2026-04-13T02:12:09.067994+00:00,False,
a631a3c7-edf2-48e9-981d-860c765c99a8,32af27ea-d04c-485e-9298-65461cf8f2ed,3d50b41b-54e3-4ea7-b559-e40d8a1ea7e3,1.0,lg,12.0,12.0,2026-04-13T02:12:09.067994+00:00,False,
27a6d525-e1f3-4141-ac78-a5ae7b389235,32af27ea-d04c-485e-9298-65461cf8f2ed,19508c8b-5f9f-4cda-bffa-d36ef4c07bc2,1.0,lg,10.0,10.0,2026-04-13T02:12:09.067994+00:00,False,
39254a98-90ec-436c-a099-e1495e539cb7,d2f1feef-3675-4e68-bee8-39ad4a7c0e25,3b390b60-bc5f-4a6c-8366-90501656ce20,1.0,lg,15.0,15.0,2026-04-13T02:12:09.543619+00:00,False,
a7b28f2e-fa2d-4baa-9da3-6273be8250e5,d2f1feef-3675-4e68-bee8-39ad4a7c0e25,e662ef45-6aed-4a2e-ab16-cead317ac5b0,100.0,ea,0.35,35.0,2026-04-13T02:12:09.543619+00:00,False,
425f0f24-008b-418f-b662-054f2341e9e2,d2f1feef-3675-4e68-bee8-39ad4a7c0e25,cd22ecb1-9eea-4ce8-ac14-289d2e8f5e9c,1.0,lg,12.0,12.0,2026-04-13T02:12:09.543619+00:00,False,
327c030f-0385-42ba-b76c-f1d10bb3309e,d2f1feef-3675-4e68-bee8-39ad4a7c0e25,0f564608-78ba-405b-bd40-8d80a71c196e,2.0,sm,10.0,20.0,2026-04-13T02:12:09.543619+00:00,False,
089242da-0263-4bc3-8dd5-699d2be587b6,d2f1feef-3675-4e68-bee8-39ad4a7c0e25,aef966a7-cec2-4f64-a7c5-f461033d608a,1.0,lg,25.0,25.0,2026-04-13T02:12:09.543619+00:00,False,
28d429b7-b77e-47b8-bd67-bbfeb3a3034d,d2f1feef-3675-4e68-bee8-39ad4a7c0e25,cbf76c50-2ebd-4fee-a8a3-0eab9d8366ee,1.0,lg,12.0,12.0,2026-04-13T02:12:09.543619+00:00,False,
756580d0-3c2d-4c50-b387-264b958581fb,d2f1feef-3675-4e68-bee8-39ad4a7c0e25,66732b90-15ff-4bb5-a9d8-b84ac997d183,1.0,lg,25.0,25.0,2026-04-13T02:12:09.543619+00:00,False,
a5bbbcc1-cd35-4d55-b630-614c29c15937,d2f1feef-3675-4e68-bee8-39ad4a7c0e25,e17fe9fd-652f-4542-8a29-65e80a791a00,1.0,lg,20.0,20.0,2026-04-13T02:12:09.543619+00:00,False,
75397b4e-272c-43a0-b651-aac893fa2faf,d2f1feef-3675-4e68-bee8-39ad4a7c0e25,f14e1eaa-9677-4120-b8b5-37209f399915,2.0,lg,30.0,60.0,2026-04-13T02:12:09.543619+00:00,False,
2bc687d5-d709-4a47-8105-e3a7e8214276,d2f1feef-3675-4e68-bee8-39ad4a7c0e25,f0b42ce6-df17-407c-aba5-2abb389e2662,1.0,lg,15.0,15.0,2026-04-13T02:12:09.543619+00:00,False,
8afe418a-759f-4877-a2fa-fda36a44a63f,d2f1feef-3675-4e68-bee8-39ad4a7c0e25,2ec9bf07-c28b-4a11-809e-a7be42c4db76,1.0,lg,20.0,20.0,2026-04-13T02:12:09.543619+00:00,False,
1f8f46a7-20d3-47da-aef7-792a81c2885c,d2f1feef-3675-4e68-bee8-39ad4a7c0e25,cd0f66ef-f670-46a5-983a-60066c8c2825,1.0,lg,16.0,16.0,2026-04-13T02:12:09.543619+00:00,False,
21c4be63-7e9f-4949-acb6-023aa6531a27,d2f1feef-3675-4e68-bee8-39ad4a7c0e25,0f564608-78ba-405b-bd40-8d80a71c196e,2.0,sm,10.0,20.0,2026-04-13T02:12:09.543619+00:00,False,
aaaf5590-8897-43e8-a140-04a4d495a3e4,d2f1feef-3675-4e68-bee8-39ad4a7c0e25,cbf76c50-2ebd-4fee-a8a3-0eab9d8366ee,1.0,lg,12.0,12.0,2026-04-13T02:12:09.543619+00:00,False,
8a3740a1-fa7d-4bff-b88f-64b5c7d53f15,d2f1feef-3675-4e68-bee8-39ad4a7c0e25,e662ef45-6aed-4a2e-ab16-cead317ac5b0,100.0,ea,0.35,35.0,2026-04-13T02:12:09.543619+00:00,False,
d2835d93-aa2e-48fb-8715-cb5b53b28114,d2f1feef-3675-4e68-bee8-39ad4a7c0e25,5da6dc1f-43a1-4182-bea0-4d1036c97b6d,1.0,lg,20.0,20.0,2026-04-13T02:12:09.543619+00:00,False,
3a03274d-544c-4baf-bdc8-d6b88b474f8f,e9e15a54-3674-4642-8fc0-5b03e1d67294,4cb1a70a-69ff-40a0-a510-294ba986d499,1.0,lg,12.0,12.0,2026-04-13T02:12:10.010555+00:00,False,
833d8565-1c20-4756-b233-d6e2202317f3,e9e15a54-3674-4642-8fc0-5b03e1d67294,7ccef569-6034-454f-bc79-4368995ec492,1.0,lg,15.0,15.0,2026-04-13T02:12:10.010555+00:00,False,
990b6ee3-0595-446c-8194-46b21ca14f86,e9e15a54-3674-4642-8fc0-5b03e1d67294,3b390b60-bc5f-4a6c-8366-90501656ce20,1.0,lg,15.0,15.0,2026-04-13T02:12:10.010555+00:00,False,
e82fe47d-16e0-4e6c-8793-5c8da865750a,e9e15a54-3674-4642-8fc0-5b03e1d67294,cbf76c50-2ebd-4fee-a8a3-0eab9d8366ee,1.0,lg,12.0,12.0,2026-04-13T02:12:10.010555+00:00,False,
adcc9272-c3ff-48ef-8da9-8987f6dd5450,e9e15a54-3674-4642-8fc0-5b03e1d67294,a65f4504-ba08-4da1-82ee-339201545673,2.0,sm,10.0,20.0,2026-04-13T02:12:10.010555+00:00,False,
329c117a-5c35-4c7b-8b41-c96e6731d9b4,e9e15a54-3674-4642-8fc0-5b03e1d67294,0f564608-78ba-405b-bd40-8d80a71c196e,10.0,sm,10.0,100.0,2026-04-13T02:12:10.010555+00:00,False,
bd9ab33e-bb33-4e6d-b8d2-766789ad2a35,e9e15a54-3674-4642-8fc0-5b03e1d67294,a8bb4cea-3aad-45ff-96c4-a5af02335e12,1.0,lg,12.0,12.0,2026-04-13T02:12:10.010555+00:00,False,
f1419804-ca39-4c94-8770-a73abd552cf6,e9e15a54-3674-4642-8fc0-5b03e1d67294,3d50b41b-54e3-4ea7-b559-e40d8a1ea7e3,1.0,lg,12.0,12.0,2026-04-13T02:12:10.010555+00:00,False,
c89090eb-9364-4a77-a58f-37b36fd3d46e,e9e15a54-3674-4642-8fc0-5b03e1d67294,19508c8b-5f9f-4cda-bffa-d36ef4c07bc2,1.0,lg,10.0,10.0,2026-04-13T02:12:10.010555+00:00,False,
00453aea-29ad-4fd0-bd5b-44c50c137240,e9e15a54-3674-4642-8fc0-5b03e1d67294,3b390b60-bc5f-4a6c-8366-90501656ce20,1.0,lg,15.0,15.0,2026-04-13T02:12:10.010555+00:00,False,
b97a401f-9ead-4517-bd5c-b346c2ebca07,e9e15a54-3674-4642-8fc0-5b03e1d67294,19508c8b-5f9f-4cda-bffa-d36ef4c07bc2,1.0,lg,10.0,10.0,2026-04-13T02:12:10.010555+00:00,False,
80009a33-2089-4e1b-8f5d-a13a13e746df,e9e15a54-3674-4642-8fc0-5b03e1d67294,b0017451-3a96-49f3-9e48-ea4ef19383bf,10.0,ea,0.2,2.0,2026-04-13T02:12:10.010555+00:00,False,
ddb47927-750c-465c-9530-e75b6b767c73,e9e15a54-3674-4642-8fc0-5b03e1d67294,e662ef45-6aed-4a2e-ab16-cead317ac5b0,150.0,ea,0.35,52.5,2026-04-13T02:12:10.010555+00:00,False,
d2c0b668-613d-4303-93c2-ca2df2b46f06,e9e15a54-3674-4642-8fc0-5b03e1d67294,0f564608-78ba-405b-bd40-8d80a71c196e,10.0,sm,10.0,100.0,2026-04-13T02:12:10.010555+00:00,False,
fdf5d275-a68a-4511-a558-8596058f09bf,e9e15a54-3674-4642-8fc0-5b03e1d67294,38af6777-f227-4692-8704-1fe94901ac9f,10.0,lg,10.0,100.0,2026-04-13T02:12:10.010555+00:00,False,
47f2ba50-3dbe-4dbf-935c-aeb688b3c7fd,e9e15a54-3674-4642-8fc0-5b03e1d67294,d2d10fe8-69a3-4554-89d2-dedf9ea06203,10.0,lg,15.0,150.0,2026-04-13T02:12:10.010555+00:00,False,
ecd938da-f28c-473f-9da8-3345d2f1b46e,e9e15a54-3674-4642-8fc0-5b03e1d67294,b0017451-3a96-49f3-9e48-ea4ef19383bf,100.0,ea,0.2,20.0,2026-04-13T02:12:10.010555+00:00,False,
8a3b2c7d-f37c-4aa6-884f-6df365c6ede2,e9e15a54-3674-4642-8fc0-5b03e1d67294,3d50b41b-54e3-4ea7-b559-e40d8a1ea7e3,10.0,lg,12.0,120.0,2026-04-13T02:12:10.010555+00:00,False,
c924700d-7834-4a18-a495-419581517af5,e9e15a54-3674-4642-8fc0-5b03e1d67294,6c3dfe2a-d412-409f-a2b0-15345fbd2981,20.0,ea,0.5,10.0,2026-04-13T02:12:10.010555+00:00,False,
1c84a868-3729-4f37-a856-baf4423a25a9,e9e15a54-3674-4642-8fc0-5b03e1d67294,5da6dc1f-43a1-4182-bea0-4d1036c97b6d,1.0,lg,20.0,20.0,2026-04-13T02:12:10.010555+00:00,False,
4bbf7712-6948-4cdb-8ee9-75a343376d9c,91b89b50-396d-48da-94bd-2b7d498482b9,05bf9d69-e5d2-48cb-9592-6325e9b0cb39,2.0,lg,15.0,30.0,2026-04-13T02:12:10.631402+00:00,False,
9b193987-8623-4565-ab6c-8ee7ef8b1313,91b89b50-396d-48da-94bd-2b7d498482b9,e662ef45-6aed-4a2e-ab16-cead317ac5b0,100.0,ea,0.35,35.0,2026-04-13T02:12:10.631402+00:00,False,
496e5b61-3a39-499e-8098-d583100f7c54,91b89b50-396d-48da-94bd-2b7d498482b9,0f564608-78ba-405b-bd40-8d80a71c196e,10.0,sm,10.0,100.0,2026-04-13T02:12:10.631402+00:00,False,
b1f679f9-8c45-4fe9-a110-a860762d541b,91b89b50-396d-48da-94bd-2b7d498482b9,a8bb4cea-3aad-45ff-96c4-a5af02335e12,1.0,lg,12.0,12.0,2026-04-13T02:12:10.631402+00:00,False,
51a14ec6-9018-4ab3-81fa-56f59f3b4ffa,91b89b50-396d-48da-94bd-2b7d498482b9,3d50b41b-54e3-4ea7-b559-e40d8a1ea7e3,1.0,lg,12.0,12.0,2026-04-13T02:12:10.631402+00:00,False,
9576057e-222b-4885-9e12-c24e5a524cbc,91b89b50-396d-48da-94bd-2b7d498482b9,5da6dc1f-43a1-4182-bea0-4d1036c97b6d,1.0,lg,20.0,20.0,2026-04-13T02:12:10.631402+00:00,False,
d6e3128f-10b3-4d69-a231-41bcbb0f5349,91b89b50-396d-48da-94bd-2b7d498482b9,b90584d8-fc78-420b-91e1-490117cd30cd,2.0,sm,6.0,12.0,2026-04-13T02:12:10.631402+00:00,False,
a6765cc7-f9ac-4034-b34c-28cf4fd1072d,91b89b50-396d-48da-94bd-2b7d498482b9,cbf76c50-2ebd-4fee-a8a3-0eab9d8366ee,1.0,lg,12.0,12.0,2026-04-13T02:12:10.631402+00:00,False,
9e6882c2-9796-4b95-bf77-e3108e9b1e23,91b89b50-396d-48da-94bd-2b7d498482b9,0b56583d-f70a-49bd-a226-d86b7983ad6c,1.0,lg,15.0,15.0,2026-04-13T02:12:10.631402+00:00,False,
08ce4a28-b7cf-453e-8a44-54e7b3280ea2,da90d3cf-a8ec-4602-b732-003582b89534,b90584d8-fc78-420b-91e1-490117cd30cd,2.0,sm,6.0,12.0,2026-04-13T02:12:11.094156+00:00,False,
f83f45ee-9225-4689-887a-7fb31764c566,da90d3cf-a8ec-4602-b732-003582b89534,5da6dc1f-43a1-4182-bea0-4d1036c97b6d,1.0,lg,20.0,20.0,2026-04-13T02:12:11.094156+00:00,False,
649a178b-0274-4dd4-be52-36f526d10be9,da90d3cf-a8ec-4602-b732-003582b89534,f14e1eaa-9677-4120-b8b5-37209f399915,2.0,lg,30.0,60.0,2026-04-13T02:12:11.094156+00:00,False,
d6a8b2f6-dc55-4e7a-95f8-484572b69004,a02bf5a9-cfb8-4866-83e3-5edce0a652c6,b90584d8-fc78-420b-91e1-490117cd30cd,5.0,sm,6.0,30.0,2026-04-13T02:12:11.527749+00:00,False,
40ec1cdf-27d5-4843-befe-120ecf20e940,a02bf5a9-cfb8-4866-83e3-5edce0a652c6,4cb1a70a-69ff-40a0-a510-294ba986d499,1.0,lg,12.0,12.0,2026-04-13T02:12:11.527749+00:00,False,
25bc40d2-ce88-400c-8ed0-59944087c599,a02bf5a9-cfb8-4866-83e3-5edce0a652c6,cd22ecb1-9eea-4ce8-ac14-289d2e8f5e9c,1.0,lg,12.0,12.0,2026-04-13T02:12:11.527749+00:00,False,
97e4d2b6-b37b-4c1f-900f-9e3dac996169,cf27066c-13f1-4064-a045-c2a2bb241ae0,048e8a46-b58e-4c8d-9cd8-f93ec8ad107a,100.0,ea,0.35,35.0,2026-04-11T19:23:58.346049+00:00,False,
e3d89eb1-bec0-4422-99b2-4df10c2a3d6e,cf27066c-13f1-4064-a045-c2a2bb241ae0,3b3371ba-d791-4f27-acd1-c9be0931ac67,1.0,ea,15.0,15.0,2026-04-11T19:23:58.346049+00:00,False,
9b912458-864c-4294-9c5f-38980caa60a1,a02bf5a9-cfb8-4866-83e3-5edce0a652c6,cbf76c50-2ebd-4fee-a8a3-0eab9d8366ee,1.0,lg,12.0,12.0,2026-04-13T02:12:11.527749+00:00,False,
2449fd5c-fd1f-4205-a54a-f2854c04f7ce,a02bf5a9-cfb8-4866-83e3-5edce0a652c6,c1a8700d-9fe7-4842-97e2-84acd9d975b3,100.0,ea,0.1,10.0,2026-04-13T02:12:11.527749+00:00,False,
dfa48690-5d60-4995-9648-b584c09cb88f,7755ebdc-292f-4e71-bb3a-7ac142a4bd82,66732b90-15ff-4bb5-a9d8-b84ac997d183,20.0,lg,25.0,500.0,2026-04-13T02:12:12.082197+00:00,False,
e87f206a-0816-4863-bda1-288b90b89513,7755ebdc-292f-4e71-bb3a-7ac142a4bd82,27e7c46d-f7dd-4593-9578-85a9c38acf4e,5.0,lg,25.0,125.0,2026-04-13T02:12:12.082197+00:00,False,
074ecbd1-9b0c-421b-868d-1cb6ec5b539b,7755ebdc-292f-4e71-bb3a-7ac142a4bd82,10c6b8e6-72c6-4198-8dbb-9afc48473d68,5.0,lg,24.0,120.0,2026-04-13T02:12:12.082197+00:00,False,
0c789b94-f8d2-4fc5-8b0d-d33d18fe8762,7755ebdc-292f-4e71-bb3a-7ac142a4bd82,b78ea1c0-57d8-4155-bc7e-f9178f5c5ee1,3.0,lg,25.0,75.0,2026-04-13T02:12:12.082197+00:00,False,
45f2a9be-094f-4c8e-87ca-9fe7b68da28b,7755ebdc-292f-4e71-bb3a-7ac142a4bd82,f74886a6-2688-4903-92e2-b277ac3871b9,0.5,bx,48.0,24.0,2026-04-13T02:12:12.082197+00:00,False,
4e854b0d-75da-4394-b34c-a83d019b2d2c,7755ebdc-292f-4e71-bb3a-7ac142a4bd82,05bf9d69-e5d2-48cb-9592-6325e9b0cb39,1.5,lg,15.0,22.5,2026-04-13T02:12:12.082197+00:00,False,
5bf00830-cce2-443d-a16c-d4d30e6cd6a2,7755ebdc-292f-4e71-bb3a-7ac142a4bd82,b90584d8-fc78-420b-91e1-490117cd30cd,3.0,sm,6.0,18.0,2026-04-13T02:12:12.082197+00:00,False,
84a0afc7-2c38-40e8-8e7b-8a3d6360882b,7755ebdc-292f-4e71-bb3a-7ac142a4bd82,e662ef45-6aed-4a2e-ab16-cead317ac5b0,150.0,ea,0.35,52.5,2026-04-13T02:12:12.082197+00:00,False,
8b4400ff-47ff-4a7e-b719-4ad627d39c0e,7755ebdc-292f-4e71-bb3a-7ac142a4bd82,3cb29cc2-866b-4360-90a3-15d01db8714a,1.0,lg,12.0,12.0,2026-04-13T02:12:12.082197+00:00,False,
2029ee2c-4138-4a85-940f-52aea85306d8,7755ebdc-292f-4e71-bb3a-7ac142a4bd82,3b390b60-bc5f-4a6c-8366-90501656ce20,1.0,lg,15.0,15.0,2026-04-13T02:12:12.082197+00:00,False,
bfce9446-a102-490a-8b9b-c5691bfda65f,7755ebdc-292f-4e71-bb3a-7ac142a4bd82,f14e1eaa-9677-4120-b8b5-37209f399915,2.0,lg,30.0,60.0,2026-04-13T02:12:12.082197+00:00,False,
41797c10-ef4f-4c40-abfb-ba2e64040a21,7755ebdc-292f-4e71-bb3a-7ac142a4bd82,3cb29cc2-866b-4360-90a3-15d01db8714a,1.0,lg,12.0,12.0,2026-04-13T02:12:12.082197+00:00,False,
d8a4084e-24bc-4e8f-919e-a6b0c8d2e907,fed351f2-1121-4902-ac52-e5d604337a60,f74886a6-2688-4903-92e2-b277ac3871b9,0.5,bx,48.0,24.0,2026-04-13T02:12:12.536396+00:00,False,
d32f58fd-5a2c-4f26-aa8c-3a07ffaa889e,fed351f2-1121-4902-ac52-e5d604337a60,feaad469-a829-41b2-988e-5efed6c64b6c,50.0,ea,3.0,150.0,2026-04-13T02:12:12.536396+00:00,False,
3610605a-7e88-4cee-854f-a7895dea4f7f,fed351f2-1121-4902-ac52-e5d604337a60,e662ef45-6aed-4a2e-ab16-cead317ac5b0,100.0,ea,0.35,35.0,2026-04-13T02:12:12.536396+00:00,False,
fac91a19-5b96-4045-b540-2a99f4997016,fed351f2-1121-4902-ac52-e5d604337a60,b0017451-3a96-49f3-9e48-ea4ef19383bf,50.0,ea,0.2,10.0,2026-04-13T02:12:12.536396+00:00,False,
057fae26-006d-4d94-935e-d3f9ce691a62,fed351f2-1121-4902-ac52-e5d604337a60,b90584d8-fc78-420b-91e1-490117cd30cd,4.0,sm,6.0,24.0,2026-04-13T02:12:12.536396+00:00,False,
ce048859-c173-466b-82c9-a2d62b44fe52,fed351f2-1121-4902-ac52-e5d604337a60,0f564608-78ba-405b-bd40-8d80a71c196e,2.0,sm,10.0,20.0,2026-04-13T02:12:12.536396+00:00,False,
d90e5b02-98e4-49f4-951b-3c24a20c0e77,fed351f2-1121-4902-ac52-e5d604337a60,cbf76c50-2ebd-4fee-a8a3-0eab9d8366ee,1.0,lg,12.0,12.0,2026-04-13T02:12:12.536396+00:00,False,
0316245d-6b41-4511-af4b-45423fa115ec,fed351f2-1121-4902-ac52-e5d604337a60,f0c608fc-95ab-4c48-a3ba-877a7937f660,1.0,lg,12.0,12.0,2026-04-13T02:12:12.536396+00:00,False,
4f763669-9ef0-49e3-b759-26613497996c,fed351f2-1121-4902-ac52-e5d604337a60,c1a8700d-9fe7-4842-97e2-84acd9d975b3,50.0,ea,0.1,5.0,2026-04-13T02:12:12.536396+00:00,False,
a485bf7b-1e4f-4b6f-b0bf-74cde1ac5439,fed351f2-1121-4902-ac52-e5d604337a60,0a36520c-f191-437c-9745-c85a53861102,1.0,lg,10.0,10.0,2026-04-13T02:12:12.536396+00:00,False,
8883c688-63fa-440d-b9f2-72fe07ac0321,fed351f2-1121-4902-ac52-e5d604337a60,e662ef45-6aed-4a2e-ab16-cead317ac5b0,100.0,ea,0.35,35.0,2026-04-13T02:12:12.536396+00:00,False,
78b41439-d489-4f0c-9ee8-3497a5883c1c,fed351f2-1121-4902-ac52-e5d604337a60,b0017451-3a96-49f3-9e48-ea4ef19383bf,100.0,ea,0.2,20.0,2026-04-13T02:12:12.536396+00:00,False,
b5ebc884-f576-4188-8677-ac59694ffa3e,06922f60-b4f0-46a4-869b-4ea31e16a535,e662ef45-6aed-4a2e-ab16-cead317ac5b0,200.0,ea,0.35,70.0,2026-04-13T02:12:13.161202+00:00,False,
b13687b4-b00c-4332-886f-c8e58d494efc,06922f60-b4f0-46a4-869b-4ea31e16a535,e17fe9fd-652f-4542-8a29-65e80a791a00,1.0,lg,20.0,20.0,2026-04-13T02:12:13.161202+00:00,False,
5fcbeb54-68fb-47f3-a80f-1c918e5dff85,06922f60-b4f0-46a4-869b-4ea31e16a535,c8b51b5d-7fe1-40db-ad18-7b79258828a1,1.0,lg,24.0,24.0,2026-04-13T02:12:13.161202+00:00,False,
c8268c9b-dcf1-438b-9afd-4aefae3ba7be,06922f60-b4f0-46a4-869b-4ea31e16a535,cbf76c50-2ebd-4fee-a8a3-0eab9d8366ee,1.0,lg,12.0,12.0,2026-04-13T02:12:13.161202+00:00,False,
9153c06c-efbe-49ba-b9c8-63d71bbb6d7b,06922f60-b4f0-46a4-869b-4ea31e16a535,b90584d8-fc78-420b-91e1-490117cd30cd,5.0,sm,6.0,30.0,2026-04-13T02:12:13.161202+00:00,False,
9bf55212-b6b9-4e39-9e1b-0bef06f6719c,06922f60-b4f0-46a4-869b-4ea31e16a535,f14e1eaa-9677-4120-b8b5-37209f399915,2.0,lg,30.0,60.0,2026-04-13T02:12:13.161202+00:00,False,
35120787-9ced-428e-ad09-b237beabd2e9,06922f60-b4f0-46a4-869b-4ea31e16a535,35f4a879-0b57-4581-9e91-c47200a23c78,1.0,lg,12.0,12.0,2026-04-13T02:12:13.161202+00:00,False,
725bb673-b1bd-482d-b1f6-9a8f8fc4e05c,06922f60-b4f0-46a4-869b-4ea31e16a535,e81c39b6-82fe-4505-b835-ed93e4220988,2.0,sm,12.0,24.0,2026-04-13T02:12:13.161202+00:00,False,
d1490e99-eb5c-4c90-8b53-2205c410e176,06922f60-b4f0-46a4-869b-4ea31e16a535,f74886a6-2688-4903-92e2-b277ac3871b9,1.0,bx,48.0,48.0,2026-04-13T02:12:13.161202+00:00,False,
44b678d3-523a-4bfb-ae63-161e665ecbce,06922f60-b4f0-46a4-869b-4ea31e16a535,bbc3545a-c547-48c5-a757-735e33dc47ec,10.0,lbs,4.0,40.0,2026-04-13T02:12:13.161202+00:00,False,
d0e08240-fd3b-4f60-9957-28e88b185183,29debf89-f0a1-4305-855c-079d15d22de5,e662ef45-6aed-4a2e-ab16-cead317ac5b0,200.0,ea,0.35,70.0,2026-04-13T02:12:13.611376+00:00,False,
96082470-9523-4f78-841b-70b638c7ea08,29debf89-f0a1-4305-855c-079d15d22de5,e662ef45-6aed-4a2e-ab16-cead317ac5b0,25.0,ea,0.35,8.75,2026-04-13T02:12:13.611376+00:00,False,
2bc4dae0-8400-44a9-a12d-23614fdc33bc,29debf89-f0a1-4305-855c-079d15d22de5,e17fe9fd-652f-4542-8a29-65e80a791a00,1.0,lg,20.0,20.0,2026-04-13T02:12:13.611376+00:00,False,
474054ee-f226-4aca-8856-cfaf2a63b60e,29debf89-f0a1-4305-855c-079d15d22de5,b90584d8-fc78-420b-91e1-490117cd30cd,2.0,sm,6.0,12.0,2026-04-13T02:12:13.611376+00:00,False,
12655005-1c84-4586-a2b1-c8045b6c07c1,29debf89-f0a1-4305-855c-079d15d22de5,44bdbde8-576d-4d7f-b668-d2f2bf72fb2e,1.0,lg,15.0,15.0,2026-04-13T02:12:13.611376+00:00,False,
5343fd3a-2b48-4e1b-8201-9f800c20e493,29debf89-f0a1-4305-855c-079d15d22de5,0f564608-78ba-405b-bd40-8d80a71c196e,2.0,sm,10.0,20.0,2026-04-13T02:12:13.611376+00:00,False,
3acc204c-2cf8-4f6f-a4c9-7ea1529ad860,593a5a45-0c59-4ce2-a0ee-ac487451183e,e662ef45-6aed-4a2e-ab16-cead317ac5b0,100.0,ea,0.35,35.0,2026-04-13T02:12:14.066807+00:00,False,
0023f2fb-4698-4e8a-8a1d-a24cc1727acb,593a5a45-0c59-4ce2-a0ee-ac487451183e,e662ef45-6aed-4a2e-ab16-cead317ac5b0,30.0,ea,0.35,10.5,2026-04-13T02:12:14.066807+00:00,False,
b9c3d474-79fb-4210-9b0b-2b3dbb03af3b,b71a9624-b97b-4ecc-bb73-41e537fc54d9,e662ef45-6aed-4a2e-ab16-cead317ac5b0,100.0,ea,0.35,35.0,2026-04-13T02:12:14.635842+00:00,False,
f506dfa4-49be-43d9-8748-afd68a41d89d,b71a9624-b97b-4ecc-bb73-41e537fc54d9,b90584d8-fc78-420b-91e1-490117cd30cd,2.0,sm,6.0,12.0,2026-04-13T02:12:14.635842+00:00,False,
73bd1cab-be3d-4aa0-a78d-0225badb9b4c,b71a9624-b97b-4ecc-bb73-41e537fc54d9,e0ac9138-c667-4899-b1a7-25684d83684c,1.0,sm,12.0,12.0,2026-04-13T02:12:14.635842+00:00,False,
2b43f7e6-009c-40f3-8a18-114d1280d20c,b71a9624-b97b-4ecc-bb73-41e537fc54d9,0a36520c-f191-437c-9745-c85a53861102,2.0,lg,10.0,20.0,2026-04-13T02:12:14.635842+00:00,False,
e7b414e9-8692-4c69-84c7-19fb699b415f,b71a9624-b97b-4ecc-bb73-41e537fc54d9,eca26cbb-d6eb-4cf3-bded-833d0c82c2cc,3.0,ea,3.0,9.0,2026-04-13T02:12:14.635842+00:00,False,
2f566842-a24d-4f3f-bb0a-dd7b9aa87fae,b71a9624-b97b-4ecc-bb73-41e537fc54d9,c1a8700d-9fe7-4842-97e2-84acd9d975b3,5000.0,ea,0.1,500.0,2026-04-13T02:12:14.635842+00:00,False,
cfe6a9f0-d3d3-4569-b25b-b50335cb1860,b71a9624-b97b-4ecc-bb73-41e537fc54d9,254f04b8-24d1-4501-82ab-3de9aa297e4a,10.0,lg,25.0,250.0,2026-04-13T02:12:14.635842+00:00,False,
5bdccb19-d1de-4486-aa9c-10273b463085,606e3c0a-7385-468a-a118-35907f7dde09,b90584d8-fc78-420b-91e1-490117cd30cd,2.0,sm,6.0,12.0,2026-04-13T02:12:15.08616+00:00,False,
bc04b84d-3b1c-4261-aafe-5fc5ca70944c,606e3c0a-7385-468a-a118-35907f7dde09,e81c39b6-82fe-4505-b835-ed93e4220988,1.0,sm,12.0,12.0,2026-04-13T02:12:15.08616+00:00,False,
c99e78f6-ad5d-487b-a440-0781136408f0,606e3c0a-7385-468a-a118-35907f7dde09,e0ac9138-c667-4899-b1a7-25684d83684c,1.0,sm,12.0,12.0,2026-04-13T02:12:15.08616+00:00,False,
1bd0c6c5-2572-4e23-b99c-7bdffc7468b9,606e3c0a-7385-468a-a118-35907f7dde09,e662ef45-6aed-4a2e-ab16-cead317ac5b0,50.0,ea,0.35,17.5,2026-04-13T02:12:15.08616+00:00,False,
016858da-0ccf-4cad-aae7-ba607345bbcf,606e3c0a-7385-468a-a118-35907f7dde09,f0b42ce6-df17-407c-aba5-2abb389e2662,1.0,lg,15.0,15.0,2026-04-13T02:12:15.08616+00:00,False,
74c7d5d0-8dcc-49e3-ad82-57b40bb4c95a,606e3c0a-7385-468a-a118-35907f7dde09,4f4e920c-2cf6-4d2e-bd9b-e81927d9a495,10.0,ea,5.0,50.0,2026-04-13T02:12:15.08616+00:00,False,
0fd7134e-1941-4543-a1c0-8edf5f742747,d0ec7fb6-0d35-4738-868d-84ba8ee3424a,b90584d8-fc78-420b-91e1-490117cd30cd,2.0,sm,6.0,12.0,2026-04-13T02:12:15.589337+00:00,False,
36b02b84-7391-4789-bb3d-192c9d33173a,d0ec7fb6-0d35-4738-868d-84ba8ee3424a,e0ac9138-c667-4899-b1a7-25684d83684c,2.0,sm,12.0,24.0,2026-04-13T02:12:15.589337+00:00,False,
09619f17-1091-4e60-b1b8-05a009252f39,d0ec7fb6-0d35-4738-868d-84ba8ee3424a,3b390b60-bc5f-4a6c-8366-90501656ce20,1.0,lg,15.0,15.0,2026-04-13T02:12:15.589337+00:00,False,
0068e212-3b04-4812-b825-18c459915aa2,d0ec7fb6-0d35-4738-868d-84ba8ee3424a,0b56583d-f70a-49bd-a226-d86b7983ad6c,1.0,lg,15.0,15.0,2026-04-13T02:12:15.589337+00:00,False,
a8e03831-feb7-444c-b84e-826a2e5d76bb,d0ec7fb6-0d35-4738-868d-84ba8ee3424a,e662ef45-6aed-4a2e-ab16-cead317ac5b0,100.0,ea,0.35,35.0,2026-04-13T02:12:15.589337+00:00,False,
9032ebf9-77ee-4fb2-9d95-9ad8e9938bb8,d0ec7fb6-0d35-4738-868d-84ba8ee3424a,f14e1eaa-9677-4120-b8b5-37209f399915,1.0,lg,30.0,30.0,2026-04-13T02:12:15.589337+00:00,False,
fdb1426a-6225-4a29-8f2c-a5ffc75571e4,ec1ef258-98e0-4879-9f66-ed68b117efb4,e81c39b6-82fe-4505-b835-ed93e4220988,1.0,sm,12.0,12.0,2026-04-11T19:32:08.733756+00:00,False,
5800369b-bcb3-4188-add6-c3352f211394,ec1ef258-98e0-4879-9f66-ed68b117efb4,264f35ff-4ff6-4417-91d3-f5d170297d71,1.0,ea,15.0,15.0,2026-04-11T19:32:08.733756+00:00,False,
3de1221c-ed3d-4f86-99d1-ee00dc4b0e87,ec1ef258-98e0-4879-9f66-ed68b117efb4,185693e3-9895-45d7-ab62-3562a30a27e7,1.0,lg,12.0,12.0,2026-04-11T19:32:08.733756+00:00,False,
933a73d5-0b7b-4b7e-9660-1b29c9cc8542,ec1ef258-98e0-4879-9f66-ed68b117efb4,d4827392-69e6-4ecd-838d-fc9e8ce847cf,4.0,lg,12.0,48.0,2026-04-11T19:32:08.733756+00:00,False,
a7ce5c90-5ea1-4a54-a364-a97e7f21c8b1,ec1ef258-98e0-4879-9f66-ed68b117efb4,22370f93-2d06-4891-841e-4cf159e301ca,5.0,lg,12.0,60.0,2026-04-11T19:32:08.733756+00:00,False,
0289de5c-9eb2-4d16-955f-9fc1479e51ce,ec1ef258-98e0-4879-9f66-ed68b117efb4,0ca63d24-8e2c-4cb8-af36-ceb8ced7f103,1.0,lg,15.0,15.0,2026-04-11T19:32:08.733756+00:00,False,
e48f5dda-c2de-4e1b-9425-660b42d4479f,ec1ef258-98e0-4879-9f66-ed68b117efb4,b67bd172-bbd0-48ef-9cda-9d458718bae0,1.0,ea,25.0,25.0,2026-04-11T19:32:08.733756+00:00,False,
2d66b49f-1dd5-4642-8382-4fba1d4dff91,5f99e981-fd64-4ac4-8b83-44f7c95228c1,0f564608-78ba-405b-bd40-8d80a71c196e,2.0,sm,10.0,20.0,2026-04-13T02:12:11.858472+00:00,False,
4b3f03c2-192a-4e9c-bf42-f4c3727d75b5,5f99e981-fd64-4ac4-8b83-44f7c95228c1,f14e1eaa-9677-4120-b8b5-37209f399915,1.0,lg,30.0,30.0,2026-04-13T02:12:11.858472+00:00,False,
77254743-1b76-45de-979c-a6e8f81fc9d2,757a6a59-fc75-4c02-b3ab-55c7075b5212,f0b42ce6-df17-407c-aba5-2abb389e2662,2.0,lg,15.0,30.0,2026-04-13T02:12:12.305424+00:00,False,
1d26a3ec-3f83-430a-84b6-0b951072c49f,757a6a59-fc75-4c02-b3ab-55c7075b5212,cbf76c50-2ebd-4fee-a8a3-0eab9d8366ee,1.0,lg,12.0,12.0,2026-04-13T02:12:12.305424+00:00,False,
76bd470f-61d0-4034-8bbf-bbf89b4e0b42,757a6a59-fc75-4c02-b3ab-55c7075b5212,b90584d8-fc78-420b-91e1-490117cd30cd,2.0,sm,6.0,12.0,2026-04-13T02:12:12.305424+00:00,False,
09b55317-275b-4239-8ed1-c6a1bd30dd84,757a6a59-fc75-4c02-b3ab-55c7075b5212,6f6dcd58-46f9-4796-8b12-f65aeb26ab1e,2.0,sm,6.0,12.0,2026-04-13T02:12:12.305424+00:00,False,
3a59d953-3fe9-47ed-a763-6586e81497b3,757a6a59-fc75-4c02-b3ab-55c7075b5212,0f564608-78ba-405b-bd40-8d80a71c196e,2.0,sm,10.0,20.0,2026-04-13T02:12:12.305424+00:00,False,
f8818c08-a365-4920-aad4-edd51c5b6c71,757a6a59-fc75-4c02-b3ab-55c7075b5212,f14e1eaa-9677-4120-b8b5-37209f399915,1.0,lg,30.0,30.0,2026-04-13T02:12:12.305424+00:00,False,
0f1ca4e7-8a2b-4674-a2a6-7cb481598a5f,3e5c159d-b291-4f7e-9c96-b5e6d9d1383a,0f564608-78ba-405b-bd40-8d80a71c196e,4.0,sm,10.0,40.0,2026-04-13T02:12:12.784158+00:00,False,
cd9ab09c-9242-4acd-abb1-1dc2781ee9a2,3e5c159d-b291-4f7e-9c96-b5e6d9d1383a,cbf76c50-2ebd-4fee-a8a3-0eab9d8366ee,1.0,lg,12.0,12.0,2026-04-13T02:12:12.784158+00:00,False,
ef3c45f0-14cb-44c8-b5aa-19ff944e095a,3e5c159d-b291-4f7e-9c96-b5e6d9d1383a,b90584d8-fc78-420b-91e1-490117cd30cd,2.0,sm,6.0,12.0,2026-04-13T02:12:12.784158+00:00,False,
32aad8ce-b5d8-41f3-af49-97ca3a995fa3,3e5c159d-b291-4f7e-9c96-b5e6d9d1383a,f14e1eaa-9677-4120-b8b5-37209f399915,2.0,lg,30.0,60.0,2026-04-13T02:12:12.784158+00:00,False,
cf0007e8-e8e0-46b3-8adb-fa240576e184,3e5c159d-b291-4f7e-9c96-b5e6d9d1383a,d87652f1-bb0b-444f-ad23-97c5c4d8b7de,2.0,sm,6.0,12.0,2026-04-13T02:12:12.784158+00:00,False,
3995ef36-b005-484d-b599-af2735571d00,3e5c159d-b291-4f7e-9c96-b5e6d9d1383a,cb8885fa-21df-4a06-9dcc-911e9c6c474d,5.0,sm,15.0,75.0,2026-04-13T02:12:12.784158+00:00,False,
a139a484-b84d-41f1-8d37-ab2b975cdecb,3e5c159d-b291-4f7e-9c96-b5e6d9d1383a,eca26cbb-d6eb-4cf3-bded-833d0c82c2cc,3.0,ea,3.0,9.0,2026-04-13T02:12:12.784158+00:00,False,
ef277551-dba0-48f1-bf82-8978dda762b3,3e5c159d-b291-4f7e-9c96-b5e6d9d1383a,ad510ff3-14e5-40fa-b454-26ebc4bf299c,1.0,lg,15.0,15.0,2026-04-13T02:12:12.784158+00:00,False,
41e778ed-7d6e-4b51-857c-56931d9c3be1,3e5c159d-b291-4f7e-9c96-b5e6d9d1383a,e662ef45-6aed-4a2e-ab16-cead317ac5b0,300.0,ea,0.35,105.0,2026-04-13T02:12:12.784158+00:00,False,
6866f467-bca1-45f4-bb62-6424f4495dd9,3e5c159d-b291-4f7e-9c96-b5e6d9d1383a,f0b42ce6-df17-407c-aba5-2abb389e2662,5.0,lg,15.0,75.0,2026-04-13T02:12:12.784158+00:00,False,
1e60756a-471d-4fd6-9a0e-3cc599a66a88,3e5c159d-b291-4f7e-9c96-b5e6d9d1383a,b0017451-3a96-49f3-9e48-ea4ef19383bf,250.0,ea,0.2,50.0,2026-04-13T02:12:12.784158+00:00,False,
b6114f14-e51f-45e9-ab8a-0d86d72ffee9,3e5c159d-b291-4f7e-9c96-b5e6d9d1383a,332f1a66-feeb-4e51-8c9f-db3ac84453f3,5.0,lg,12.0,60.0,2026-04-13T02:12:12.784158+00:00,False,
2ac9fe55-8a9c-4a4b-90ce-ccba1f74973b,3e5c159d-b291-4f7e-9c96-b5e6d9d1383a,0a36520c-f191-437c-9745-c85a53861102,2.0,lg,10.0,20.0,2026-04-13T02:12:12.784158+00:00,False,
f0f206f7-3514-46d4-9b9b-ac3318f00843,3e5c159d-b291-4f7e-9c96-b5e6d9d1383a,c1a8700d-9fe7-4842-97e2-84acd9d975b3,100.0,ea,0.1,10.0,2026-04-13T02:12:12.784158+00:00,False,
33b9554a-7312-4653-9a5f-bc59500f01b0,3e5c159d-b291-4f7e-9c96-b5e6d9d1383a,f14e1eaa-9677-4120-b8b5-37209f399915,10.0,lg,30.0,300.0,2026-04-13T02:12:12.784158+00:00,False,
b0be9c42-3e25-4219-b2f1-96070ea88355,3e5c159d-b291-4f7e-9c96-b5e6d9d1383a,4261d2fb-71d3-4a3f-a3a2-ae6a3306afd6,5.0,ea,1.0,5.0,2026-04-13T02:12:12.784158+00:00,False,
26f58d73-6ef2-4666-8b61-b31904248a00,0486cc9f-2737-4390-9fc7-880c15cd1350,e662ef45-6aed-4a2e-ab16-cead317ac5b0,200.0,ea,0.35,70.0,2026-04-13T02:12:13.377786+00:00,False,
0cfe2416-84f6-45ae-93a4-bb4e53930191,0486cc9f-2737-4390-9fc7-880c15cd1350,c8b51b5d-7fe1-40db-ad18-7b79258828a1,1.0,lg,24.0,24.0,2026-04-13T02:12:13.377786+00:00,False,
f452d72d-a161-44aa-918f-b5d38fee29ea,0486cc9f-2737-4390-9fc7-880c15cd1350,b90584d8-fc78-420b-91e1-490117cd30cd,2.0,sm,6.0,12.0,2026-04-13T02:12:13.377786+00:00,False,
6c32c41d-8fa7-4256-93da-8241eac5700f,fa2e69c3-d49e-48a5-a5dc-d2e7715f5df1,e662ef45-6aed-4a2e-ab16-cead317ac5b0,100.0,ea,0.35,35.0,2026-04-13T02:12:13.858911+00:00,False,
cf8b42d0-2799-438c-9af8-68ca886019bb,fa2e69c3-d49e-48a5-a5dc-d2e7715f5df1,b90584d8-fc78-420b-91e1-490117cd30cd,2.0,sm,6.0,12.0,2026-04-13T02:12:13.858911+00:00,False,
8c1acdc5-94a3-4856-9d9a-d8ed0838f8df,fa2e69c3-d49e-48a5-a5dc-d2e7715f5df1,cbf76c50-2ebd-4fee-a8a3-0eab9d8366ee,1.0,lg,12.0,12.0,2026-04-13T02:12:13.858911+00:00,False,
0ff5edba-9420-405e-9be8-a4a5e6c970c4,5742cf18-14e6-4f65-9ddc-01246fdc0999,e662ef45-6aed-4a2e-ab16-cead317ac5b0,100.0,ea,0.35,35.0,2026-04-13T02:12:14.390755+00:00,False,
64feecb1-f13e-49eb-a4b6-66e545a18887,5742cf18-14e6-4f65-9ddc-01246fdc0999,e17fe9fd-652f-4542-8a29-65e80a791a00,1.0,lg,20.0,20.0,2026-04-13T02:12:14.390755+00:00,False,
6c2dc31b-2e43-436e-a233-fb5b14587baa,5742cf18-14e6-4f65-9ddc-01246fdc0999,0abbd494-b25b-4f13-a55e-dcf6db986965,1.0,lg,15.0,15.0,2026-04-13T02:12:14.390755+00:00,False,
1abd0a9b-b5fd-4a11-8c3d-79242a6cae3d,5742cf18-14e6-4f65-9ddc-01246fdc0999,c8b51b5d-7fe1-40db-ad18-7b79258828a1,1.0,lg,24.0,24.0,2026-04-13T02:12:14.390755+00:00,False,
b08fa1a6-fb2c-4e41-9147-cf48ef165d15,5742cf18-14e6-4f65-9ddc-01246fdc0999,44bdbde8-576d-4d7f-b668-d2f2bf72fb2e,1.0,lg,15.0,15.0,2026-04-13T02:12:14.390755+00:00,False,
cdeed181-f166-4a6f-b484-feada1a1fc30,5742cf18-14e6-4f65-9ddc-01246fdc0999,0f564608-78ba-405b-bd40-8d80a71c196e,2.0,sm,10.0,20.0,2026-04-13T02:12:14.390755+00:00,False,
4b987cdf-8e01-498f-925b-22c0c5543250,5742cf18-14e6-4f65-9ddc-01246fdc0999,b90584d8-fc78-420b-91e1-490117cd30cd,2.0,sm,6.0,12.0,2026-04-13T02:12:14.390755+00:00,False,
77c372de-4736-4b09-a662-ba1253df0068,5742cf18-14e6-4f65-9ddc-01246fdc0999,05bf9d69-e5d2-48cb-9592-6325e9b0cb39,2.0,lg,15.0,30.0,2026-04-13T02:12:14.390755+00:00,False,
55ecb227-5829-439a-ae30-49f084e7df20,cc59400d-c3ab-4845-9bc6-a653cd165dcc,f14e1eaa-9677-4120-b8b5-37209f399915,1.0,lg,30.0,30.0,2026-04-13T02:12:14.867321+00:00,False,
57d743ea-3551-477e-89ca-84e184db8675,cc59400d-c3ab-4845-9bc6-a653cd165dcc,b90584d8-fc78-420b-91e1-490117cd30cd,1.0,sm,6.0,6.0,2026-04-13T02:12:14.867321+00:00,False,
880c9680-bf2f-4d88-a3d3-de440f88c640,cc59400d-c3ab-4845-9bc6-a653cd165dcc,05bf9d69-e5d2-48cb-9592-6325e9b0cb39,3.0,lg,15.0,45.0,2026-04-13T02:12:14.867321+00:00,False,
5769188a-7607-49e4-a654-589fd4259ae3,cc59400d-c3ab-4845-9bc6-a653cd165dcc,6f6dcd58-46f9-4796-8b12-f65aeb26ab1e,1.0,sm,6.0,6.0,2026-04-13T02:12:14.867321+00:00,False,
20d8bce7-a85a-4cc0-83f6-57e31401d5ff,cc59400d-c3ab-4845-9bc6-a653cd165dcc,e662ef45-6aed-4a2e-ab16-cead317ac5b0,100.0,ea,0.35,35.0,2026-04-13T02:12:14.867321+00:00,False,
8646c831-b900-42b5-bf99-0f92c68cadc1,cc59400d-c3ab-4845-9bc6-a653cd165dcc,0b56583d-f70a-49bd-a226-d86b7983ad6c,1.0,lg,15.0,15.0,2026-04-13T02:12:14.867321+00:00,False,
75797c71-e5ee-4e88-9bbc-d2f65297080e,71a2f144-618c-415e-9917-62b3eb7a6639,eca26cbb-d6eb-4cf3-bded-833d0c82c2cc,4.0,ea,3.0,12.0,2026-04-13T02:12:15.326252+00:00,False,
21e6ca6d-4ba8-41b2-8b4e-77f9896a4002,71a2f144-618c-415e-9917-62b3eb7a6639,0f564608-78ba-405b-bd40-8d80a71c196e,4.0,sm,10.0,40.0,2026-04-13T02:12:15.326252+00:00,False,
18cc6c0e-0784-433e-ad91-201485990123,71a2f144-618c-415e-9917-62b3eb7a6639,cbf76c50-2ebd-4fee-a8a3-0eab9d8366ee,1.0,lg,12.0,12.0,2026-04-13T02:12:15.326252+00:00,False,
3528893a-2f12-4f18-afa6-f81ee08fc2fa,71a2f144-618c-415e-9917-62b3eb7a6639,b90584d8-fc78-420b-91e1-490117cd30cd,2.0,sm,6.0,12.0,2026-04-13T02:12:15.326252+00:00,False,
6368db21-d787-468f-8977-b1d454395ff6,99a15dc7-a5b0-45b0-9202-c9bdfbbb4b42,b90584d8-fc78-420b-91e1-490117cd30cd,4.0,sm,6.0,24.0,2026-04-13T02:12:15.895792+00:00,False,
7325a531-3568-47a3-b0e3-0fcac46b0c96,99a15dc7-a5b0-45b0-9202-c9bdfbbb4b42,0b56583d-f70a-49bd-a226-d86b7983ad6c,1.0,lg,15.0,15.0,2026-04-13T02:12:15.895792+00:00,False,
43d89b8c-9d4d-46dd-aa4e-46fdd23bf307,99a15dc7-a5b0-45b0-9202-c9bdfbbb4b42,e662ef45-6aed-4a2e-ab16-cead317ac5b0,200.0,ea,0.35,70.0,2026-04-13T02:12:15.895792+00:00,False,
180641eb-582e-4ca4-ac72-82a2f624652e,99a15dc7-a5b0-45b0-9202-c9bdfbbb4b42,f14e1eaa-9677-4120-b8b5-37209f399915,1.0,lg,30.0,30.0,2026-04-13T02:12:15.895792+00:00,False,
ddd3bdb2-d57c-4b30-9fb5-f047f1e764de,99a15dc7-a5b0-45b0-9202-c9bdfbbb4b42,e662ef45-6aed-4a2e-ab16-cead317ac5b0,20.0,ea,0.35,7.0,2026-04-13T02:12:15.895792+00:00,False,
89733a32-3be8-4974-8528-3c955068db75,99a15dc7-a5b0-45b0-9202-c9bdfbbb4b42,f14e1eaa-9677-4120-b8b5-37209f399915,1.0,lg,30.0,30.0,2026-04-13T02:12:15.895792+00:00,False,
def0be56-5ae7-4fd4-bbfd-d5b0625ab89f,99a15dc7-a5b0-45b0-9202-c9bdfbbb4b42,b90584d8-fc78-420b-91e1-490117cd30cd,1.0,sm,6.0,6.0,2026-04-13T02:12:15.895792+00:00,False,
4e9f609e-9090-4a93-ad31-08cbcfd1f0e1,bcd3ed80-0af7-4877-89bf-5f605c354a44,b90584d8-fc78-420b-91e1-490117cd30cd,2.0,sm,6.0,12.0,2026-04-13T02:12:16.316641+00:00,False,
3166137f-d65a-4e98-98ca-7b7b9c1c86d6,bcd3ed80-0af7-4877-89bf-5f605c354a44,0f564608-78ba-405b-bd40-8d80a71c196e,4.0,sm,10.0,40.0,2026-04-13T02:12:16.316641+00:00,False,
d21df917-bf0a-45ab-aafb-815cb09ac5f5,bcd3ed80-0af7-4877-89bf-5f605c354a44,e81c39b6-82fe-4505-b835-ed93e4220988,1.0,sm,12.0,12.0,2026-04-13T02:12:16.316641+00:00,False,
ee84fd3e-0072-4119-b702-1a7c20e95c55,cebb31ea-28a7-4070-89ab-8a2f8a7d2c51,e81c39b6-82fe-4505-b835-ed93e4220988,1.0,sm,12.0,12.0,2026-04-11T19:37:03.2459+00:00,False,
8b53a0f6-e6da-4589-b51f-00c12cbb98f9,cebb31ea-28a7-4070-89ab-8a2f8a7d2c51,d4827392-69e6-4ecd-838d-fc9e8ce847cf,4.0,lg,12.0,48.0,2026-04-11T19:37:03.2459+00:00,False,
f1c31d30-6aad-4d82-a2a4-6b67e86c408e,cebb31ea-28a7-4070-89ab-8a2f8a7d2c51,2eaadb66-8823-4457-a67a-eaed6282bc1f,1.0,sm,6.0,6.0,2026-04-11T19:37:03.2459+00:00,False,
2dc77fbd-8416-467a-a50b-44a5375b6057,cebb31ea-28a7-4070-89ab-8a2f8a7d2c51,3c972950-a216-468e-b719-d3430d265c36,1.0,lg,15.0,15.0,2026-04-11T19:37:03.2459+00:00,False,
0d4ac290-75ba-4424-8d1e-8902c7b09712,cebb31ea-28a7-4070-89ab-8a2f8a7d2c51,a2039f51-91f6-4381-a452-6b9f6c351a31,1.0,ea,25.0,25.0,2026-04-11T19:37:03.2459+00:00,False,
6148d42b-44cb-4916-aa28-6a25f9a13f0c,cebb31ea-28a7-4070-89ab-8a2f8a7d2c51,0330dca4-2e34-4ccd-9ea0-e2eccbcb3ed9,1.0,ea,15.0,15.0,2026-04-11T19:37:03.2459+00:00,False,
1c9b64c6-207f-48af-8020-e268e28d226d,cebb31ea-28a7-4070-89ab-8a2f8a7d2c51,13ac7479-762b-4fc2-b36c-b94223caf3d5,2.0,qt,15.0,30.0,2026-04-11T19:37:03.2459+00:00,False,
32475804-c5f6-4b95-bc7e-694d9e26b570,d0ec7fb6-0d35-4738-868d-84ba8ee3424a,c1a8700d-9fe7-4842-97e2-84acd9d975b3,250.0,ea,0.1,25.0,2026-04-13T02:12:15.589337+00:00,False,
73eeb296-2e0b-438f-be81-87dd3e8fda64,d0ec7fb6-0d35-4738-868d-84ba8ee3424a,0a36520c-f191-437c-9745-c85a53861102,2.0,lg,10.0,20.0,2026-04-13T02:12:15.589337+00:00,False,
bb95d8d4-0446-4187-997d-30a9d4b4277e,d0ec7fb6-0d35-4738-868d-84ba8ee3424a,f0c608fc-95ab-4c48-a3ba-877a7937f660,2.0,lg,12.0,24.0,2026-04-13T02:12:15.589337+00:00,False,
59749e2d-73d0-4723-b99d-d1fae98cfe7f,d0ec7fb6-0d35-4738-868d-84ba8ee3424a,bbc3545a-c547-48c5-a757-735e33dc47ec,15.0,lbs,4.0,60.0,2026-04-13T02:12:15.589337+00:00,False,
76b6964b-e7d6-448d-b3b5-7773e719f20f,2cf6bdc1-cbfd-42cc-8231-e3cc38ce6ccb,b90584d8-fc78-420b-91e1-490117cd30cd,2.0,sm,6.0,12.0,2026-04-13T02:12:16.090348+00:00,False,
1abdcfc1-a7cf-4bc9-8d16-2b9372352f4d,2cf6bdc1-cbfd-42cc-8231-e3cc38ce6ccb,10c6b8e6-72c6-4198-8dbb-9afc48473d68,1.0,lg,24.0,24.0,2026-04-13T02:12:16.090348+00:00,False,
9dacb85a-2962-4edd-853b-4b21cb640d85,2cf6bdc1-cbfd-42cc-8231-e3cc38ce6ccb,0b56583d-f70a-49bd-a226-d86b7983ad6c,1.0,lg,15.0,15.0,2026-04-13T02:12:16.090348+00:00,False,
3f9438ea-419f-48dc-b69a-90f7759abe13,bcd3ed80-0af7-4877-89bf-5f605c354a44,f14e1eaa-9677-4120-b8b5-37209f399915,1.0,lg,30.0,30.0,2026-04-13T02:12:16.316641+00:00,False,
4045be96-72cd-4ab3-8e02-0342c4db86bf,47425182-f158-4f91-b96f-e10dc8e50b95,0b56583d-f70a-49bd-a226-d86b7983ad6c,1.0,lg,15.0,15.0,2026-04-13T02:12:16.543428+00:00,False,
56aee6c5-758a-4e70-be85-9cad7c36ab00,47425182-f158-4f91-b96f-e10dc8e50b95,b90584d8-fc78-420b-91e1-490117cd30cd,2.0,sm,6.0,12.0,2026-04-13T02:12:16.543428+00:00,False,
3aac9e79-a073-4a87-bdd8-34e51e6b578a,47425182-f158-4f91-b96f-e10dc8e50b95,f14e1eaa-9677-4120-b8b5-37209f399915,1.0,lg,30.0,30.0,2026-04-13T02:12:16.543428+00:00,False,
81cb7ddb-0513-4675-b4c8-a77a9fa11eb6,47425182-f158-4f91-b96f-e10dc8e50b95,ad510ff3-14e5-40fa-b454-26ebc4bf299c,2.0,lg,15.0,30.0,2026-04-13T02:12:16.543428+00:00,False,
08ee433c-3763-4260-b64a-5dcd54e655df,47425182-f158-4f91-b96f-e10dc8e50b95,f0c608fc-95ab-4c48-a3ba-877a7937f660,2.0,lg,12.0,24.0,2026-04-13T02:12:16.543428+00:00,False,
6012a5d4-de77-4bca-9ae4-7473e1dd1b91,47425182-f158-4f91-b96f-e10dc8e50b95,c1a8700d-9fe7-4842-97e2-84acd9d975b3,250.0,ea,0.1,25.0,2026-04-13T02:12:16.543428+00:00,False,
b9246420-e047-4a7e-a6a4-09e33bc3679c,47425182-f158-4f91-b96f-e10dc8e50b95,0a36520c-f191-437c-9745-c85a53861102,2.0,lg,10.0,20.0,2026-04-13T02:12:16.543428+00:00,False,
e98f3758-21b5-47cf-bae7-9192cbb4b87d,47425182-f158-4f91-b96f-e10dc8e50b95,cb8885fa-21df-4a06-9dcc-911e9c6c474d,1.0,sm,15.0,15.0,2026-04-13T02:12:16.543428+00:00,False,
00fa2a70-b607-48ef-a4cb-d43dcb0b40d0,47425182-f158-4f91-b96f-e10dc8e50b95,e662ef45-6aed-4a2e-ab16-cead317ac5b0,50.0,ea,0.35,17.5,2026-04-13T02:12:16.543428+00:00,False,
40b518fc-d7cb-469e-946b-458c7ca5dd4c,47425182-f158-4f91-b96f-e10dc8e50b95,f0b42ce6-df17-407c-aba5-2abb389e2662,0.5,lg,15.0,7.5,2026-04-13T02:12:16.543428+00:00,False,
97128326-5217-42a7-93cd-47a8c38876a5,47425182-f158-4f91-b96f-e10dc8e50b95,b90584d8-fc78-420b-91e1-490117cd30cd,1.0,sm,6.0,6.0,2026-04-13T02:12:16.543428+00:00,False,
771729ae-8d9e-42dc-ab14-3fd5d5756942,47425182-f158-4f91-b96f-e10dc8e50b95,ff117f7e-e829-4c9b-94be-583211e2b8eb,1.0,sm,15.0,15.0,2026-04-13T02:12:16.543428+00:00,False,
45232018-d4f5-4338-ad48-04474c74ac62,47425182-f158-4f91-b96f-e10dc8e50b95,27e7c46d-f7dd-4593-9578-85a9c38acf4e,1.0,lg,25.0,25.0,2026-04-13T02:12:16.543428+00:00,False,
3a980baa-2fd1-406b-8d8d-b026607256c8,27cb3c06-9659-4ffe-846f-79e3802c6b36,4f4e920c-2cf6-4d2e-bd9b-e81927d9a495,8.0,ea,5.0,40.0,2026-04-13T02:12:16.792942+00:00,False,
90825d09-5122-4b1f-a282-174eeb2866b9,27cb3c06-9659-4ffe-846f-79e3802c6b36,b90584d8-fc78-420b-91e1-490117cd30cd,1.0,sm,6.0,6.0,2026-04-13T02:12:16.792942+00:00,False,
63777d16-b731-4152-a8a3-ed18f770923e,27cb3c06-9659-4ffe-846f-79e3802c6b36,ff117f7e-e829-4c9b-94be-583211e2b8eb,1.0,sm,15.0,15.0,2026-04-13T02:12:16.792942+00:00,False,
d2dd944a-f791-45be-be28-c6c86d52aef0,27cb3c06-9659-4ffe-846f-79e3802c6b36,2ec9bf07-c28b-4a11-809e-a7be42c4db76,1.0,lg,20.0,20.0,2026-04-13T02:12:16.792942+00:00,False,
cac95cc6-bb3a-453b-af65-46686cc8afb1,27cb3c06-9659-4ffe-846f-79e3802c6b36,5d2be0b1-c8e4-4de7-becc-b24c8655215d,1.0,lg,20.0,20.0,2026-04-13T02:12:16.792942+00:00,False,
fca403c8-83b2-47ed-820a-7f8bb3a4e78f,27cb3c06-9659-4ffe-846f-79e3802c6b36,b0017451-3a96-49f3-9e48-ea4ef19383bf,1.0,ea,0.2,0.2,2026-04-13T02:12:16.792942+00:00,False,
f7b5e625-aaf3-4bb4-828f-26b887c44d96,27cb3c06-9659-4ffe-846f-79e3802c6b36,4f4e920c-2cf6-4d2e-bd9b-e81927d9a495,8.0,ea,5.0,40.0,2026-04-13T02:12:16.792942+00:00,False,
e9dd6688-c9d2-4d1e-bab9-36aa30a62e8e,27cb3c06-9659-4ffe-846f-79e3802c6b36,ad510ff3-14e5-40fa-b454-26ebc4bf299c,1.0,lg,15.0,15.0,2026-04-13T02:12:16.792942+00:00,False,
1e9a25b7-65d9-44b1-8bdb-8e322de55777,27cb3c06-9659-4ffe-846f-79e3802c6b36,cb8885fa-21df-4a06-9dcc-911e9c6c474d,2.0,sm,15.0,30.0,2026-04-13T02:12:16.792942+00:00,False,
ca469eaf-ff7f-496c-91af-e114ced3e22c,27cb3c06-9659-4ffe-846f-79e3802c6b36,8e08ef07-dafc-46a6-8d05-a8ed0e1cb79c,1.0,lg,12.0,12.0,2026-04-13T02:12:16.792942+00:00,False,
1e90c99c-e000-4875-a37f-3b993e7ee6ac,27cb3c06-9659-4ffe-846f-79e3802c6b36,c1a8700d-9fe7-4842-97e2-84acd9d975b3,5.0,ea,0.1,0.5,2026-04-13T02:12:16.792942+00:00,False,
22a4c336-ff6b-411d-bb8d-514ddca1722b,27cb3c06-9659-4ffe-846f-79e3802c6b36,45a1142b-7760-4e8c-a1af-989c15a5fdc4,1.0,lg,12.0,12.0,2026-04-13T02:12:16.792942+00:00,False,
57f73921-3118-4e9a-82dc-5937022660a3,27cb3c06-9659-4ffe-846f-79e3802c6b36,5920adcc-3687-45b2-a0ad-50b17f24faef,2.0,lg,15.0,30.0,2026-04-13T02:12:16.792942+00:00,False,
e09d0c31-0564-4d5f-9434-f4bed056f4ab,271595c9-e719-4c54-b015-6edf2d6d88bc,f0c608fc-95ab-4c48-a3ba-877a7937f660,1.0,lg,12.0,12.0,2026-04-13T02:12:17.224733+00:00,False,
ef50635e-82ac-4074-914d-383ffab7f5db,271595c9-e719-4c54-b015-6edf2d6d88bc,cb8885fa-21df-4a06-9dcc-911e9c6c474d,4.0,sm,15.0,60.0,2026-04-13T02:12:17.224733+00:00,False,
d9094483-3404-4d10-91ba-a29203351d53,271595c9-e719-4c54-b015-6edf2d6d88bc,5d2be0b1-c8e4-4de7-becc-b24c8655215d,6.0,lg,20.0,120.0,2026-04-13T02:12:17.224733+00:00,False,
2f3ecba0-d201-4463-8a5f-899f347e3541,271595c9-e719-4c54-b015-6edf2d6d88bc,b90584d8-fc78-420b-91e1-490117cd30cd,3.0,sm,6.0,18.0,2026-04-13T02:12:17.224733+00:00,False,
2b894332-487a-477d-908e-4b8ec930621d,271595c9-e719-4c54-b015-6edf2d6d88bc,0b56583d-f70a-49bd-a226-d86b7983ad6c,0.5,lg,15.0,7.5,2026-04-13T02:12:17.224733+00:00,False,
266f7a66-5544-4b33-9ab8-41688df73a57,271595c9-e719-4c54-b015-6edf2d6d88bc,e0ac9138-c667-4899-b1a7-25684d83684c,1.0,sm,12.0,12.0,2026-04-13T02:12:17.224733+00:00,False,
d3006034-3a56-4be5-b935-9095b5f29ced,271595c9-e719-4c54-b015-6edf2d6d88bc,f74886a6-2688-4903-92e2-b277ac3871b9,1.0,bx,48.0,48.0,2026-04-13T02:12:17.224733+00:00,False,
b6fdc4d8-cafa-4302-9204-8d6687f361c1,271595c9-e719-4c54-b015-6edf2d6d88bc,bbc3545a-c547-48c5-a757-735e33dc47ec,25.0,lbs,4.0,100.0,2026-04-13T02:12:17.224733+00:00,False,
a688aff5-b706-4719-90a6-751dc06d33b2,b3f67abe-c220-487e-9cbb-f0584a84153a,cbf76c50-2ebd-4fee-a8a3-0eab9d8366ee,2.0,lg,12.0,24.0,2026-04-13T02:12:17.433867+00:00,False,
102d6ada-a457-4150-9001-4ba11337ab58,b3f67abe-c220-487e-9cbb-f0584a84153a,b90584d8-fc78-420b-91e1-490117cd30cd,1.0,sm,6.0,6.0,2026-04-13T02:12:17.433867+00:00,False,
21aaafc2-28b3-4734-8eb8-4a76d096d933,b3f67abe-c220-487e-9cbb-f0584a84153a,f14e1eaa-9677-4120-b8b5-37209f399915,1.0,lg,30.0,30.0,2026-04-13T02:12:17.433867+00:00,False,
85f6a8fc-802a-49d8-8c73-8aca035792c1,b3f67abe-c220-487e-9cbb-f0584a84153a,2ec9bf07-c28b-4a11-809e-a7be42c4db76,0.5,lg,20.0,10.0,2026-04-13T02:12:17.433867+00:00,False,
a70fef47-53e2-4585-898c-cb72d1432ac4,b3f67abe-c220-487e-9cbb-f0584a84153a,e662ef45-6aed-4a2e-ab16-cead317ac5b0,200.0,ea,0.35,70.0,2026-04-13T02:12:17.433867+00:00,False,
b6f0502b-0ff7-46cf-9b96-eefdd63f35f7,b3f67abe-c220-487e-9cbb-f0584a84153a,4acd4dc2-eb69-48a4-8f0d-dc509f93beb4,1.0,sm,12.0,12.0,2026-04-13T02:12:17.433867+00:00,False,
9f9c4607-b86a-48c3-8afd-1e2acb09700e,b3f67abe-c220-487e-9cbb-f0584a84153a,0b56583d-f70a-49bd-a226-d86b7983ad6c,1.0,lg,15.0,15.0,2026-04-13T02:12:17.433867+00:00,False,
ce00c594-fa13-40cf-9fff-ac3e799c8f99,b3f67abe-c220-487e-9cbb-f0584a84153a,27e7c46d-f7dd-4593-9578-85a9c38acf4e,5.0,lg,25.0,125.0,2026-04-13T02:12:17.433867+00:00,False,
d1a2291b-31fb-4c88-ab1e-3d8d80fcf059,bfab97ee-b3bc-4bba-9f6b-9e08ba6a56df,f14e1eaa-9677-4120-b8b5-37209f399915,1.0,lg,30.0,30.0,2026-04-13T02:12:17.634987+00:00,False,
e7f5cb27-337f-4fbb-928c-a2f624b98626,8fe63366-e5db-497f-9840-530487b7a54e,b90584d8-fc78-420b-91e1-490117cd30cd,1.0,sm,6.0,6.0,2026-04-13T02:12:17.85696+00:00,False,
6a587473-8165-47a2-a3ad-8a57f9b26e9a,8fe63366-e5db-497f-9840-530487b7a54e,f14e1eaa-9677-4120-b8b5-37209f399915,1.0,lg,30.0,30.0,2026-04-13T02:12:17.85696+00:00,False,
8287c396-0315-4ad7-9399-689fd31384d4,8fe63366-e5db-497f-9840-530487b7a54e,e17fe9fd-652f-4542-8a29-65e80a791a00,1.0,lg,20.0,20.0,2026-04-13T02:12:17.85696+00:00,False,
d854d295-3cfd-4255-a997-bee490d35a2b,8fe63366-e5db-497f-9840-530487b7a54e,ff117f7e-e829-4c9b-94be-583211e2b8eb,1.0,sm,15.0,15.0,2026-04-13T02:12:17.85696+00:00,False,
a35ed158-e4fa-430b-90b4-a866fb987bd8,8fe63366-e5db-497f-9840-530487b7a54e,2ec9bf07-c28b-4a11-809e-a7be42c4db76,1.0,lg,20.0,20.0,2026-04-13T02:12:17.85696+00:00,False,
76ee474a-00ef-405f-a94b-5aaa14b4490f,8fe63366-e5db-497f-9840-530487b7a54e,f0c608fc-95ab-4c48-a3ba-877a7937f660,5.0,lg,12.0,60.0,2026-04-13T02:12:17.85696+00:00,False,
401674ff-137e-44b3-8f2b-87d691698c50,8fe63366-e5db-497f-9840-530487b7a54e,cb8885fa-21df-4a06-9dcc-911e9c6c474d,10.0,sm,15.0,150.0,2026-04-13T02:12:17.85696+00:00,False,
0961b84f-04a2-4660-83da-fee561869d74,a7850f8b-69c2-4f3c-bb50-67a35330b39b,19508c8b-5f9f-4cda-bffa-d36ef4c07bc2,1.0,lg,10.0,10.0,2026-04-13T02:11:33.267164+00:00,False,
7d9c384b-c2fd-414a-8f04-a29134a30ecc,a7850f8b-69c2-4f3c-bb50-67a35330b39b,5920adcc-3687-45b2-a0ad-50b17f24faef,1.0,lg,15.0,15.0,2026-04-13T02:11:33.267164+00:00,False,
cee90196-c94d-4391-bd0f-11410fc52e0a,a7850f8b-69c2-4f3c-bb50-67a35330b39b,f14e1eaa-9677-4120-b8b5-37209f399915,1.0,lg,30.0,30.0,2026-04-13T02:11:33.267164+00:00,False,
bafe6f3c-82ed-43a5-8a52-723ca56071a7,a7850f8b-69c2-4f3c-bb50-67a35330b39b,0a36520c-f191-437c-9745-c85a53861102,2.0,lg,10.0,20.0,2026-04-13T02:11:33.267164+00:00,False,
44502063-777a-4fff-9226-68639b8dd352,5da66a83-e8b7-4310-a86e-d2cb1075b8af,f14e1eaa-9677-4120-b8b5-37209f399915,1.0,lg,30.0,30.0,2026-04-13T02:11:33.574957+00:00,False,
52bcf670-fa86-4606-b503-474cb3f288d7,5da66a83-e8b7-4310-a86e-d2cb1075b8af,3f899f50-df5f-4364-ba3f-3ef814961309,20.0,lbs,4.5,90.0,2026-04-13T02:11:33.574957+00:00,False,
d38c6aee-da4b-4293-bc70-7726911f1017,5da66a83-e8b7-4310-a86e-d2cb1075b8af,9c2ebb31-687b-428e-a2c5-a5e552f7b5cc,20.0,lbs,4.5,90.0,2026-04-13T02:11:33.574957+00:00,False,
80a2a495-2fb8-4dfa-83c4-1626981fa372,5da66a83-e8b7-4310-a86e-d2cb1075b8af,cb8885fa-21df-4a06-9dcc-911e9c6c474d,2.0,sm,15.0,30.0,2026-04-13T02:11:33.574957+00:00,False,
39dd26f3-181b-4e76-9713-a635a81ba320,5da66a83-e8b7-4310-a86e-d2cb1075b8af,66732b90-15ff-4bb5-a9d8-b84ac997d183,2.0,lg,25.0,50.0,2026-04-13T02:11:33.574957+00:00,False,
fa8ffaee-faed-477d-ae0f-8f871ec1e49f,5da66a83-e8b7-4310-a86e-d2cb1075b8af,07facaef-e20c-417b-9419-6486f1ac9071,1.0,lg,20.0,20.0,2026-04-13T02:11:33.574957+00:00,False,
0c4b88d1-7ecc-43d6-861f-2f305ce8ec4e,5da66a83-e8b7-4310-a86e-d2cb1075b8af,e0562212-cda5-4a74-ac19-db857f843dbd,4.0,lg,12.0,48.0,2026-04-13T02:11:33.574957+00:00,False,
2f6215ad-26a1-43f8-bc17-9bf46d1c2fc0,f841854f-ef56-4089-a638-ec790cc8c620,5920adcc-3687-45b2-a0ad-50b17f24faef,1.0,lg,15.0,15.0,2026-04-13T02:11:33.821358+00:00,False,
3f5991bc-cc8c-449c-9efc-3335ded465c3,f841854f-ef56-4089-a638-ec790cc8c620,1cd8cacb-9218-4990-9bbf-a2e7ce216f54,1.0,sm,12.0,12.0,2026-04-13T02:11:33.821358+00:00,False,
193a3f46-1eb2-49d6-aa1c-e7253b657348,f841854f-ef56-4089-a638-ec790cc8c620,942cbf39-99e6-40cd-8034-2eacf88611f2,2.0,sm,12.0,24.0,2026-04-13T02:11:33.821358+00:00,False,
ad96525f-acb9-4292-9a44-1c44423eb7d0,f841854f-ef56-4089-a638-ec790cc8c620,6f6dcd58-46f9-4796-8b12-f65aeb26ab1e,1.0,sm,6.0,6.0,2026-04-13T02:11:33.821358+00:00,False,
d2e719d5-8980-49d5-b9f5-4b54b31929a7,f841854f-ef56-4089-a638-ec790cc8c620,a65f4504-ba08-4da1-82ee-339201545673,2.0,sm,10.0,20.0,2026-04-13T02:11:33.821358+00:00,False,
72e5ae5b-75c0-44fc-b341-f090bab442aa,f841854f-ef56-4089-a638-ec790cc8c620,e662ef45-6aed-4a2e-ab16-cead317ac5b0,200.0,ea,0.35,70.0,2026-04-13T02:11:33.821358+00:00,False,
029551c0-f429-49da-820f-61b68b6549a0,f841854f-ef56-4089-a638-ec790cc8c620,b0017451-3a96-49f3-9e48-ea4ef19383bf,50.0,ea,0.2,10.0,2026-04-13T02:11:33.821358+00:00,False,
52e1a9b5-e7b0-4ae1-ad38-99937db15a32,f841854f-ef56-4089-a638-ec790cc8c620,bfa7d4bd-6923-4d5f-9b63-2801c4cd92b2,1.0,lg,15.0,15.0,2026-04-13T02:11:33.821358+00:00,False,
08f8e77e-929e-40af-b3a1-cd7aa9d0baf1,f841854f-ef56-4089-a638-ec790cc8c620,d744e61c-c90f-4181-9247-ae706cf2295d,1.0,lbs,4.0,4.0,2026-04-13T02:11:33.821358+00:00,False,
b69eb362-2c59-4cf3-990a-658cf3f48e3f,f841854f-ef56-4089-a638-ec790cc8c620,e662ef45-6aed-4a2e-ab16-cead317ac5b0,150.0,ea,0.35,52.5,2026-04-13T02:11:33.821358+00:00,False,
01e75eb3-9808-45cd-917e-1327eeb3d83f,f841854f-ef56-4089-a638-ec790cc8c620,f0b42ce6-df17-407c-aba5-2abb389e2662,1.0,lg,15.0,15.0,2026-04-13T02:11:33.821358+00:00,False,
9cd1e4e0-8827-440a-a6a3-7f38f2f81102,83f2bd31-143d-4257-8f11-d61dce274ac5,fd5f8362-52f1-410c-97dc-bbe084c2c8e4,5.0,lg,10.0,50.0,2026-04-13T02:11:33.98603+00:00,False,
1457d370-c38c-49fd-881b-9e10eb29004b,d1a7f714-faaa-4571-93b9-ab532df47aa1,c6fdc2be-53bd-4c2a-8a6f-665e612aa3b5,1.0,lg,12.0,12.0,2026-04-13T02:11:34.146627+00:00,False,
c7483e2b-64d0-475a-8119-cb1cee8c6b06,d1a7f714-faaa-4571-93b9-ab532df47aa1,e662ef45-6aed-4a2e-ab16-cead317ac5b0,30.0,ea,0.35,10.5,2026-04-13T02:11:34.146627+00:00,False,
e4bec382-be92-4b02-a6bc-f52b9e979fe5,d1a7f714-faaa-4571-93b9-ab532df47aa1,3f899f50-df5f-4364-ba3f-3ef814961309,2.0,lbs,4.5,9.0,2026-04-13T02:11:34.146627+00:00,False,
3f7681dc-3339-4908-876f-f71c8c54b251,d1a7f714-faaa-4571-93b9-ab532df47aa1,96c9c583-6be1-473c-8531-e58107199fa6,5.0,lbs,4.5,22.5,2026-04-13T02:11:34.146627+00:00,False,
95ac4b20-7040-4979-9b9e-04cd2dbeb640,d1a7f714-faaa-4571-93b9-ab532df47aa1,ad8151cf-0a93-4205-9f92-19b1bc595a8f,10.0,lbs,6.0,60.0,2026-04-13T02:11:34.146627+00:00,False,
938855dc-2405-4c21-8f7a-3184ff5a1de2,d1a7f714-faaa-4571-93b9-ab532df47aa1,6f6dcd58-46f9-4796-8b12-f65aeb26ab1e,1.0,sm,6.0,6.0,2026-04-13T02:11:34.146627+00:00,False,
dba5d32b-293b-4977-8f9a-626a523cf8cb,d1a7f714-faaa-4571-93b9-ab532df47aa1,4fd2406d-0cce-4013-9585-72c23407ceae,10.0,lbs,4.99,49.9,2026-04-13T02:11:34.146627+00:00,False,
d1e5cc52-5cda-478c-b7a8-b8d417d477ba,bbe5f42f-050e-4b60-bbb9-c380a65c73c9,f0b42ce6-df17-407c-aba5-2abb389e2662,1.0,lg,15.0,15.0,2026-04-13T02:11:34.331015+00:00,False,
040a895b-31c4-43bd-91d1-5aaf7b23d2df,bbe5f42f-050e-4b60-bbb9-c380a65c73c9,e662ef45-6aed-4a2e-ab16-cead317ac5b0,75.0,ea,0.35,26.25,2026-04-13T02:11:34.331015+00:00,False,
cc338867-d208-4fb5-907e-a25a07367769,bbe5f42f-050e-4b60-bbb9-c380a65c73c9,942cbf39-99e6-40cd-8034-2eacf88611f2,1.0,sm,12.0,12.0,2026-04-13T02:11:34.331015+00:00,False,
492485f2-b406-4051-b975-14b59ac1a843,bbe5f42f-050e-4b60-bbb9-c380a65c73c9,1cd8cacb-9218-4990-9bbf-a2e7ce216f54,1.0,sm,12.0,12.0,2026-04-13T02:11:34.331015+00:00,False,
b40f9d09-7015-4524-ad1e-bddb05bf1bee,bbe5f42f-050e-4b60-bbb9-c380a65c73c9,6f6dcd58-46f9-4796-8b12-f65aeb26ab1e,1.0,sm,6.0,6.0,2026-04-13T02:11:34.331015+00:00,False,
95296aae-23ba-4525-b38b-f07326386b10,bbe5f42f-050e-4b60-bbb9-c380a65c73c9,f0b42ce6-df17-407c-aba5-2abb389e2662,1.0,lg,15.0,15.0,2026-04-13T02:11:34.331015+00:00,False,
d049bf42-1724-4ab6-9111-2c43ae3bf019,bbe5f42f-050e-4b60-bbb9-c380a65c73c9,96c9c583-6be1-473c-8531-e58107199fa6,10.0,lbs,4.5,45.0,2026-04-13T02:11:34.331015+00:00,False,
d2b795ec-52da-491a-abee-3e8561c77657,a5184f00-0098-4c4e-82c4-15de2671e8da,e662ef45-6aed-4a2e-ab16-cead317ac5b0,120.0,ea,0.35,42.0,2026-04-13T02:11:34.480066+00:00,False,
f58a5306-adc9-40e4-bec7-88373c41c16b,a5184f00-0098-4c4e-82c4-15de2671e8da,b90584d8-fc78-420b-91e1-490117cd30cd,1.0,sm,6.0,6.0,2026-04-13T02:11:34.480066+00:00,False,
a57e0ecd-08f2-4670-9e84-da2f7df0db53,a5184f00-0098-4c4e-82c4-15de2671e8da,c60051a9-4d42-4198-bd08-b24181a2481d,1.0,sm,6.0,6.0,2026-04-13T02:11:34.480066+00:00,False,
6636de1d-222c-405a-b9b2-431ccd5f27e2,a5184f00-0098-4c4e-82c4-15de2671e8da,6f6dcd58-46f9-4796-8b12-f65aeb26ab1e,1.0,sm,6.0,6.0,2026-04-13T02:11:34.480066+00:00,False,
e1f24d3e-a135-4799-9c8a-187fd4d9b275,a5184f00-0098-4c4e-82c4-15de2671e8da,cbf76c50-2ebd-4fee-a8a3-0eab9d8366ee,1.0,lg,12.0,12.0,2026-04-13T02:11:34.480066+00:00,False,
91f0c922-bce7-4a9e-9fe5-e4a8188bfbc9,a5184f00-0098-4c4e-82c4-15de2671e8da,1cd8cacb-9218-4990-9bbf-a2e7ce216f54,1.0,sm,12.0,12.0,2026-04-13T02:11:34.480066+00:00,False,
32a74908-773d-43d4-b728-126aca8e3971,a5184f00-0098-4c4e-82c4-15de2671e8da,304ed108-096d-4022-b673-87feae1b5a1a,1.0,lg,25.0,25.0,2026-04-13T02:11:34.480066+00:00,False,
92504d0a-9974-44b8-9fbe-5f105527b245,07928639-4dec-4750-889c-eea7de3ab164,5920adcc-3687-45b2-a0ad-50b17f24faef,1.0,lg,15.0,15.0,2026-04-13T02:11:34.633503+00:00,False,
bd84d16f-3f1f-40df-937f-5545d1c088aa,07928639-4dec-4750-889c-eea7de3ab164,19508c8b-5f9f-4cda-bffa-d36ef4c07bc2,1.0,lg,10.0,10.0,2026-04-13T02:11:34.633503+00:00,False,
6c664884-5928-40d2-9b60-c7770cb54855,07928639-4dec-4750-889c-eea7de3ab164,304ed108-096d-4022-b673-87feae1b5a1a,2.0,lg,25.0,50.0,2026-04-13T02:11:34.633503+00:00,False,
5ce87742-a95a-493c-9f8f-cc62ad8eeecc,07928639-4dec-4750-889c-eea7de3ab164,309781c4-ed69-40dc-860a-712d7414d66e,1.0,lg,16.0,16.0,2026-04-13T02:11:34.633503+00:00,False,
2a9296be-b794-4027-906b-40aeb9dd6e51,07928639-4dec-4750-889c-eea7de3ab164,e662ef45-6aed-4a2e-ab16-cead317ac5b0,100.0,ea,0.35,35.0,2026-04-13T02:11:34.633503+00:00,False,
faa05cb2-3b69-4443-9978-fc6245fe4fc2,3a985f3c-b250-41b1-9811-f4278686de38,e662ef45-6aed-4a2e-ab16-cead317ac5b0,105.0,ea,0.35,36.75,2026-04-13T02:11:34.792627+00:00,False,
d1267d24-3e93-4aec-aec0-64fb946fda14,3a985f3c-b250-41b1-9811-f4278686de38,0a36520c-f191-437c-9745-c85a53861102,1.0,lg,10.0,10.0,2026-04-13T02:11:34.792627+00:00,False,
b1efd395-00ff-4266-be5c-f1be3654a05f,3a985f3c-b250-41b1-9811-f4278686de38,61a1375c-3254-4fe0-a471-8b8b660f4135,10.0,ea,1.0,10.0,2026-04-13T02:11:34.792627+00:00,False,
8b54df05-8e4c-48e6-9728-3db75eba5cb4,3a985f3c-b250-41b1-9811-f4278686de38,b0017451-3a96-49f3-9e48-ea4ef19383bf,1.0,ea,0.2,0.2,2026-04-13T02:11:34.792627+00:00,False,
d6f34737-a580-479c-80cb-17774d08db56,f6c6eda5-e04c-486c-949c-7054c7c140f1,da0edabf-c611-4f36-ab53-1fd0188e5464,10.0,lbs,5.0,50.0,2026-04-13T02:11:34.946981+00:00,False,
dd9e6168-f1f0-4d1d-9b72-fb9b26112cc4,f6c6eda5-e04c-486c-949c-7054c7c140f1,da0edabf-c611-4f36-ab53-1fd0188e5464,10.0,lbs,5.0,50.0,2026-04-13T02:11:34.946981+00:00,False,
9b62cfcf-3dec-411f-883f-30f15d31e303,f6c6eda5-e04c-486c-949c-7054c7c140f1,0a36520c-f191-437c-9745-c85a53861102,1.0,lg,10.0,10.0,2026-04-13T02:11:34.946981+00:00,False,
92de870b-a03d-43d0-aa79-ca6716e714ba,f6c6eda5-e04c-486c-949c-7054c7c140f1,942cbf39-99e6-40cd-8034-2eacf88611f2,1.0,sm,12.0,12.0,2026-04-13T02:11:34.946981+00:00,False,
04e14449-1792-4733-a193-50ecdc343154,f6c6eda5-e04c-486c-949c-7054c7c140f1,1cd8cacb-9218-4990-9bbf-a2e7ce216f54,1.0,sm,12.0,12.0,2026-04-13T02:11:34.946981+00:00,False,
53117e3b-54d4-4b06-a4e6-4ab2a8d0dbf2,f6c6eda5-e04c-486c-949c-7054c7c140f1,e662ef45-6aed-4a2e-ab16-cead317ac5b0,80.0,ea,0.35,28.0,2026-04-13T02:11:34.946981+00:00,False,
37476453-21b1-49e1-9bd2-bcdfa2866511,f6c6eda5-e04c-486c-949c-7054c7c140f1,5da6dc1f-43a1-4182-bea0-4d1036c97b6d,1.0,lg,20.0,20.0,2026-04-13T02:11:34.946981+00:00,False,
d926683d-1808-43d3-a096-d21964be156d,f6c6eda5-e04c-486c-949c-7054c7c140f1,44bdbde8-576d-4d7f-b668-d2f2bf72fb2e,1.0,lg,15.0,15.0,2026-04-13T02:11:34.946981+00:00,False,
53030c16-6162-42da-a167-3ac498589244,f6c6eda5-e04c-486c-949c-7054c7c140f1,cb8885fa-21df-4a06-9dcc-911e9c6c474d,10.0,sm,15.0,150.0,2026-04-13T02:11:34.946981+00:00,False,
c5c884a0-2a72-4cd1-b4b6-93a0c1774273,f6c6eda5-e04c-486c-949c-7054c7c140f1,cb8885fa-21df-4a06-9dcc-911e9c6c474d,10.0,sm,15.0,150.0,2026-04-13T02:11:34.946981+00:00,False,
a7c1d442-70a2-4887-be8d-1f9eac9805a0,f6c6eda5-e04c-486c-949c-7054c7c140f1,09dd43ee-5456-4692-9016-433d77d3b6cb,1.0,sm,15.0,15.0,2026-04-13T02:11:34.946981+00:00,False,
f03e3dce-0f75-4b23-8ee8-cf789bbc5257,f6c6eda5-e04c-486c-949c-7054c7c140f1,b90584d8-fc78-420b-91e1-490117cd30cd,1.0,sm,6.0,6.0,2026-04-13T02:11:34.946981+00:00,False,
91d663fe-6272-4a69-a59a-5110734dd8d7,f6c6eda5-e04c-486c-949c-7054c7c140f1,b90584d8-fc78-420b-91e1-490117cd30cd,1.0,sm,6.0,6.0,2026-04-13T02:11:34.946981+00:00,False,
32e07586-cb57-44f0-ba86-b9001f07bb69,f6c6eda5-e04c-486c-949c-7054c7c140f1,e3ec98c5-fd0d-4087-ae6f-8b84410a0199,1.0,lbs,6.0,6.0,2026-04-13T02:11:34.946981+00:00,False,
be6c1807-d077-4ba3-8d11-d667a79f34b4,f6c6eda5-e04c-486c-949c-7054c7c140f1,1312210e-9cd8-4bac-96a8-11da91414ca2,1.0,lbs,25.0,25.0,2026-04-13T02:11:34.946981+00:00,False,
9484962c-cf3c-4a08-9924-ef4580031327,f6c6eda5-e04c-486c-949c-7054c7c140f1,1312210e-9cd8-4bac-96a8-11da91414ca2,1.0,lbs,25.0,25.0,2026-04-13T02:11:34.946981+00:00,False,
75d11d92-ce4b-46ae-9cbd-e155e0b9dbb9,f6c6eda5-e04c-486c-949c-7054c7c140f1,66732b90-15ff-4bb5-a9d8-b84ac997d183,1.0,lg,25.0,25.0,2026-04-13T02:11:34.946981+00:00,False,
e69f8b96-d93c-44bb-98ed-6c5b3667be69,f6c6eda5-e04c-486c-949c-7054c7c140f1,9c2ebb31-687b-428e-a2c5-a5e552f7b5cc,1.0,lbs,4.5,4.5,2026-04-13T02:11:34.946981+00:00,False,
125a12b3-0d56-48ab-b0da-58e2e77e5081,f6c6eda5-e04c-486c-949c-7054c7c140f1,96c9c583-6be1-473c-8531-e58107199fa6,1.0,lbs,4.5,4.5,2026-04-13T02:11:34.946981+00:00,False,
f2d6877a-8a43-404e-b40c-910684406798,f6c6eda5-e04c-486c-949c-7054c7c140f1,4fd2406d-0cce-4013-9585-72c23407ceae,8.0,lbs,4.99,39.92,2026-04-13T02:11:34.946981+00:00,False,
5259c1f8-4515-47b2-a9c4-e79e3a5d0a2c,1029f511-e9e9-4a15-81bb-a1775b08f48f,d00c8ebc-9fbe-4581-9e90-068368dde389,9.0,lbs,5.0,45.0,2026-04-13T02:11:39.139712+00:00,False,
7739667e-9dcb-4811-a325-3aaeff65ca2a,1029f511-e9e9-4a15-81bb-a1775b08f48f,e3ec98c5-fd0d-4087-ae6f-8b84410a0199,15.0,lbs,6.0,90.0,2026-04-13T02:11:39.139712+00:00,False,
a0b58035-362f-4244-8137-0b76586cc5fb,1029f511-e9e9-4a15-81bb-a1775b08f48f,0a36520c-f191-437c-9745-c85a53861102,1.0,lg,10.0,10.0,2026-04-13T02:11:39.139712+00:00,False,
fee873c4-0e6d-4c84-88f5-c0c67ad55167,1029f511-e9e9-4a15-81bb-a1775b08f48f,b78ea1c0-57d8-4155-bc7e-f9178f5c5ee1,1.0,lg,25.0,25.0,2026-04-13T02:11:39.139712+00:00,False,
b4932012-e7bf-43b5-83af-9f4dbc4ca055,1029f511-e9e9-4a15-81bb-a1775b08f48f,e662ef45-6aed-4a2e-ab16-cead317ac5b0,150.0,ea,0.35,52.5,2026-04-13T02:11:39.139712+00:00,False,
cf0ed5bc-9be1-4766-94e1-ae375b1dbc61,1029f511-e9e9-4a15-81bb-a1775b08f48f,3c2f77cd-57af-4557-93a8-25f866c7ef0a,1.0,lg,20.0,20.0,2026-04-13T02:11:39.139712+00:00,False,
5197944d-af7d-4a33-9649-8f404c5df09a,1029f511-e9e9-4a15-81bb-a1775b08f48f,cbf76c50-2ebd-4fee-a8a3-0eab9d8366ee,1.0,lg,12.0,12.0,2026-04-13T02:11:39.139712+00:00,False,
38add210-8aa0-4828-bed3-f5bafe95f172,1029f511-e9e9-4a15-81bb-a1775b08f48f,ff117f7e-e829-4c9b-94be-583211e2b8eb,1.0,sm,15.0,15.0,2026-04-13T02:11:39.139712+00:00,False,
5dd66c12-e1c8-40de-aa6a-7e2ade72e6ce,1029f511-e9e9-4a15-81bb-a1775b08f48f,ff117f7e-e829-4c9b-94be-583211e2b8eb,1.0,sm,15.0,15.0,2026-04-13T02:11:39.139712+00:00,False,
4516c688-f272-42cf-94b7-ff0b5329f700,1029f511-e9e9-4a15-81bb-a1775b08f48f,511d5694-6147-4322-960a-eb6e5cd1e291,34.0,lbs,4.0,136.0,2026-04-13T02:11:39.139712+00:00,False,
14f9b042-f5c1-4622-8266-fb5b03905e33,bbc50ca1-f3dc-4601-ab33-ce8a089457c1,309781c4-ed69-40dc-860a-712d7414d66e,1.0,lg,16.0,16.0,2026-04-13T02:11:39.295856+00:00,False,
830f5036-f1b4-4fce-a039-e3e586ba4b37,bbc50ca1-f3dc-4601-ab33-ce8a089457c1,d00c8ebc-9fbe-4581-9e90-068368dde389,8.0,lbs,5.0,40.0,2026-04-13T02:11:39.295856+00:00,False,
878c8426-2fe5-4da6-9c01-e3fa9377446d,bbc50ca1-f3dc-4601-ab33-ce8a089457c1,19508c8b-5f9f-4cda-bffa-d36ef4c07bc2,1.0,lg,10.0,10.0,2026-04-13T02:11:39.295856+00:00,False,
6f69750a-3759-4904-a7f9-1baed1ef9ee7,bbc50ca1-f3dc-4601-ab33-ce8a089457c1,5920adcc-3687-45b2-a0ad-50b17f24faef,1.0,lg,15.0,15.0,2026-04-13T02:11:39.295856+00:00,False,
5c7cd06d-e25d-4dd3-bdc5-5d4ab11286fa,bbc50ca1-f3dc-4601-ab33-ce8a089457c1,c6fdc2be-53bd-4c2a-8a6f-665e612aa3b5,1.0,lg,12.0,12.0,2026-04-13T02:11:39.295856+00:00,False,
ce3580ed-4a8a-459b-b404-6937c1b8edc9,bbc50ca1-f3dc-4601-ab33-ce8a089457c1,304ed108-096d-4022-b673-87feae1b5a1a,1.0,lg,25.0,25.0,2026-04-13T02:11:39.295856+00:00,False,
5914f54b-b303-49c6-b352-9383327542a5,bbc50ca1-f3dc-4601-ab33-ce8a089457c1,1cd8cacb-9218-4990-9bbf-a2e7ce216f54,1.0,sm,12.0,12.0,2026-04-13T02:11:39.295856+00:00,False,
47548939-643d-4547-ac1a-991260f68cc7,bbc50ca1-f3dc-4601-ab33-ce8a089457c1,a65f4504-ba08-4da1-82ee-339201545673,1.0,sm,10.0,10.0,2026-04-13T02:11:39.295856+00:00,False,
83fc5ef8-62f9-4c85-82cc-dc35cc9329d0,bbc50ca1-f3dc-4601-ab33-ce8a089457c1,e662ef45-6aed-4a2e-ab16-cead317ac5b0,100.0,ea,0.35,35.0,2026-04-13T02:11:39.295856+00:00,False,
c66a1ad4-d621-4c55-b85d-2a196be31968,3e19f520-bcdf-41e2-a684-93fb65b70a50,e662ef45-6aed-4a2e-ab16-cead317ac5b0,100.0,ea,0.35,35.0,2026-04-13T02:11:39.435034+00:00,False,
fb6dfd54-9991-420f-95f4-a11d57b623a2,3e19f520-bcdf-41e2-a684-93fb65b70a50,c6fdc2be-53bd-4c2a-8a6f-665e612aa3b5,1.0,lg,12.0,12.0,2026-04-13T02:11:39.435034+00:00,False,
86fba799-c710-4b61-86b3-bceb5be66693,3e19f520-bcdf-41e2-a684-93fb65b70a50,e3ec98c5-fd0d-4087-ae6f-8b84410a0199,2.0,lbs,6.0,12.0,2026-04-13T02:11:39.435034+00:00,False,
441cb796-9b91-4dfd-b89b-88465d4c30af,3e19f520-bcdf-41e2-a684-93fb65b70a50,c60051a9-4d42-4198-bd08-b24181a2481d,1.0,sm,6.0,6.0,2026-04-13T02:11:39.435034+00:00,False,
9d876aa5-f871-4372-b2c5-779956c930c0,17b078fe-bac6-498a-934c-fb71f1f97650,309781c4-ed69-40dc-860a-712d7414d66e,1.0,lg,16.0,16.0,2026-04-13T02:11:39.592497+00:00,False,
9b2666a1-ec28-4a00-a5b0-10ec1c202a83,17b078fe-bac6-498a-934c-fb71f1f97650,c6fdc2be-53bd-4c2a-8a6f-665e612aa3b5,1.0,lg,12.0,12.0,2026-04-13T02:11:39.592497+00:00,False,
c6c30030-b0e7-4b60-86c9-1e41d3e4a8e3,17b078fe-bac6-498a-934c-fb71f1f97650,e662ef45-6aed-4a2e-ab16-cead317ac5b0,100.0,ea,0.35,35.0,2026-04-13T02:11:39.592497+00:00,False,
1d03756c-3faa-47fb-bc6e-b2f4e5a16962,17b078fe-bac6-498a-934c-fb71f1f97650,e662ef45-6aed-4a2e-ab16-cead317ac5b0,100.0,ea,0.35,35.0,2026-04-13T02:11:39.592497+00:00,False,
f21af1d9-f66d-439e-a729-2a265b05f5ee,17b078fe-bac6-498a-934c-fb71f1f97650,9b9060f3-6432-46c9-a091-a3d8e9560bb2,1.0,lg,20.0,20.0,2026-04-13T02:11:39.592497+00:00,False,
2c9d2d8b-1987-4515-a781-e631782e22f5,17b078fe-bac6-498a-934c-fb71f1f97650,09dd43ee-5456-4692-9016-433d77d3b6cb,1.0,sm,15.0,15.0,2026-04-13T02:11:39.592497+00:00,False,
a715cbac-3d86-4e38-bba9-dec43369c2f8,17b078fe-bac6-498a-934c-fb71f1f97650,b0017451-3a96-49f3-9e48-ea4ef19383bf,60.0,ea,0.2,12.0,2026-04-13T02:11:39.592497+00:00,False,
a0383b16-62e0-4949-a136-71566226a54d,17b078fe-bac6-498a-934c-fb71f1f97650,304ed108-096d-4022-b673-87feae1b5a1a,1.0,lg,25.0,25.0,2026-04-13T02:11:39.592497+00:00,False,
f84f9357-7dc7-4869-af60-3c9ed9c99aa0,17b078fe-bac6-498a-934c-fb71f1f97650,1cd8cacb-9218-4990-9bbf-a2e7ce216f54,1.0,sm,12.0,12.0,2026-04-13T02:11:39.592497+00:00,False,
4674f6f5-7566-4d58-9d69-de757625b52f,17b078fe-bac6-498a-934c-fb71f1f97650,953a114e-45a0-47ca-8ac0-c0e188cd65c2,1.0,lg,15.0,15.0,2026-04-13T02:11:39.592497+00:00,False,
ee70191d-4f94-48d5-981d-d16d2a5f81f6,17b078fe-bac6-498a-934c-fb71f1f97650,f14e1eaa-9677-4120-b8b5-37209f399915,1.0,lg,30.0,30.0,2026-04-13T02:11:39.592497+00:00,False,
023890c0-cada-4daf-be52-efd745dd7349,17b078fe-bac6-498a-934c-fb71f1f97650,e3ec98c5-fd0d-4087-ae6f-8b84410a0199,20.0,lbs,6.0,120.0,2026-04-13T02:11:39.592497+00:00,False,
d41f4240-4d3d-45b7-8cad-257582b2dadf,a2535815-151d-4b48-8d93-af8898b17151,96c9c583-6be1-473c-8531-e58107199fa6,13.0,lbs,4.5,58.5,2026-04-13T02:11:39.832522+00:00,False,
4854a690-8d81-41c4-8c11-48b3f99a198e,a2535815-151d-4b48-8d93-af8898b17151,e662ef45-6aed-4a2e-ab16-cead317ac5b0,100.0,ea,0.35,35.0,2026-04-13T02:11:39.832522+00:00,False,
9cfa3d47-e78e-4077-8fdf-5f719f8ccc69,a2535815-151d-4b48-8d93-af8898b17151,e662ef45-6aed-4a2e-ab16-cead317ac5b0,100.0,ea,0.35,35.0,2026-04-13T02:11:39.832522+00:00,False,
08b16a93-4e3f-45e7-8f0c-682d31f042fd,a2535815-151d-4b48-8d93-af8898b17151,cb8885fa-21df-4a06-9dcc-911e9c6c474d,1.0,sm,15.0,15.0,2026-04-13T02:11:39.832522+00:00,False,
22b9be79-3e91-404f-82b6-74016cfa4978,a2535815-151d-4b48-8d93-af8898b17151,b0017451-3a96-49f3-9e48-ea4ef19383bf,60.0,ea,0.2,12.0,2026-04-13T02:11:39.832522+00:00,False,
47a6fd24-c5f8-4d00-9392-3552e86f66aa,a2535815-151d-4b48-8d93-af8898b17151,304ed108-096d-4022-b673-87feae1b5a1a,1.0,lg,25.0,25.0,2026-04-13T02:11:39.832522+00:00,False,
615d9ca6-9472-45ff-8001-dc1692f58631,a2535815-151d-4b48-8d93-af8898b17151,1cd8cacb-9218-4990-9bbf-a2e7ce216f54,1.0,sm,12.0,12.0,2026-04-13T02:11:39.832522+00:00,False,
5cfae6f7-6cb5-430d-8e63-285c590d5a9c,a2535815-151d-4b48-8d93-af8898b17151,0a36520c-f191-437c-9745-c85a53861102,1.0,lg,10.0,10.0,2026-04-13T02:11:39.832522+00:00,False,
ec2987f5-8c2e-49c2-83de-a73781070878,a2535815-151d-4b48-8d93-af8898b17151,d00c8ebc-9fbe-4581-9e90-068368dde389,8.0,lbs,5.0,40.0,2026-04-13T02:11:39.832522+00:00,False,
432ffe4b-64fd-4d3d-8f6b-3264c86517f1,a2535815-151d-4b48-8d93-af8898b17151,e3ec98c5-fd0d-4087-ae6f-8b84410a0199,20.0,lbs,6.0,120.0,2026-04-13T02:11:39.832522+00:00,False,
bf91954a-3f71-4a3f-a011-bc4d10aa170f,a2535815-151d-4b48-8d93-af8898b17151,da0edabf-c611-4f36-ab53-1fd0188e5464,20.0,lbs,5.0,100.0,2026-04-13T02:11:39.832522+00:00,False,
6d3785c4-6be5-450e-98f8-333ed41a58e9,6704e981-4706-4704-911d-2ae8dd85def3,511d5694-6147-4322-960a-eb6e5cd1e291,1.0,lbs,4.0,4.0,2026-04-13T02:11:40.074049+00:00,False,
38fe45b5-1186-44ae-b31b-bf4885136d39,6704e981-4706-4704-911d-2ae8dd85def3,19508c8b-5f9f-4cda-bffa-d36ef4c07bc2,1.0,lg,10.0,10.0,2026-04-13T02:11:40.074049+00:00,False,
3b2b24b4-f3b0-41b2-8014-f88ea5c40e10,6704e981-4706-4704-911d-2ae8dd85def3,5920adcc-3687-45b2-a0ad-50b17f24faef,1.0,lg,15.0,15.0,2026-04-13T02:11:40.074049+00:00,False,
f781bf44-a9f1-436c-8763-accac0c5c1d4,6704e981-4706-4704-911d-2ae8dd85def3,44bdbde8-576d-4d7f-b668-d2f2bf72fb2e,1.0,lg,15.0,15.0,2026-04-13T02:11:40.074049+00:00,False,
7e74a949-4336-46a0-90a3-5460e0618f54,6704e981-4706-4704-911d-2ae8dd85def3,6f6dcd58-46f9-4796-8b12-f65aeb26ab1e,1.0,sm,6.0,6.0,2026-04-13T02:11:40.074049+00:00,False,
a90a1f96-1ac6-4b96-8f23-7ba88d9d15db,6704e981-4706-4704-911d-2ae8dd85def3,4acd4dc2-eb69-48a4-8f0d-dc509f93beb4,1.0,sm,12.0,12.0,2026-04-13T02:11:40.074049+00:00,False,
08624917-bb3a-4d01-a324-d4f33e409014,6704e981-4706-4704-911d-2ae8dd85def3,e662ef45-6aed-4a2e-ab16-cead317ac5b0,100.0,ea,0.35,35.0,2026-04-13T02:11:40.074049+00:00,False,
fe79ec21-c377-47d2-82df-56b6ba81e3a7,6704e981-4706-4704-911d-2ae8dd85def3,e662ef45-6aed-4a2e-ab16-cead317ac5b0,100.0,ea,0.35,35.0,2026-04-13T02:11:40.074049+00:00,False,
6e7372ee-7f10-411b-8f27-ffbc1036bfe0,6704e981-4706-4704-911d-2ae8dd85def3,e3ec98c5-fd0d-4087-ae6f-8b84410a0199,7.0,lbs,6.0,42.0,2026-04-13T02:11:40.074049+00:00,False,
242b2d71-34c6-4c9a-ae9f-afbc9f219e78,6704e981-4706-4704-911d-2ae8dd85def3,cbf76c50-2ebd-4fee-a8a3-0eab9d8366ee,1.0,lg,12.0,12.0,2026-04-13T02:11:40.074049+00:00,False,
a8abb9c5-563f-439e-993d-56cda08b73c2,6704e981-4706-4704-911d-2ae8dd85def3,1cd8cacb-9218-4990-9bbf-a2e7ce216f54,1.0,sm,12.0,12.0,2026-04-13T02:11:40.074049+00:00,False,
71a7d4c9-cadc-4eba-8eb0-aa4c86661e5b,b031def0-9271-4508-bbda-1e155bf97d7a,b0017451-3a96-49f3-9e48-ea4ef19383bf,1.0,ea,0.2,0.2,2026-04-13T02:11:35.177816+00:00,False,
381083a2-141e-459d-b8f0-44e94ad9bc12,b031def0-9271-4508-bbda-1e155bf97d7a,0a36520c-f191-437c-9745-c85a53861102,1.0,lg,10.0,10.0,2026-04-13T02:11:35.177816+00:00,False,
5feb0cae-836a-497c-836c-f34156e19c4f,b031def0-9271-4508-bbda-1e155bf97d7a,f0b42ce6-df17-407c-aba5-2abb389e2662,1.0,lg,15.0,15.0,2026-04-13T02:11:35.177816+00:00,False,
2cf78316-ec30-40bb-9e46-5631ad225dcd,b031def0-9271-4508-bbda-1e155bf97d7a,c6fdc2be-53bd-4c2a-8a6f-665e612aa3b5,1.0,lg,12.0,12.0,2026-04-13T02:11:35.177816+00:00,False,
186b1fad-04c3-4b8d-88f6-b0683f16d92c,b031def0-9271-4508-bbda-1e155bf97d7a,4fd2406d-0cce-4013-9585-72c23407ceae,6.0,lbs,4.99,29.94,2026-04-13T02:11:35.177816+00:00,False,
2af874bd-c388-42b0-8477-f49d6eeed74d,b031def0-9271-4508-bbda-1e155bf97d7a,96c9c583-6be1-473c-8531-e58107199fa6,1.5,lbs,4.5,6.75,2026-04-13T02:11:35.177816+00:00,False,
be1972da-1754-44f5-a4d9-ef606704cfd9,b031def0-9271-4508-bbda-1e155bf97d7a,304ed108-096d-4022-b673-87feae1b5a1a,1.0,lg,25.0,25.0,2026-04-13T02:11:35.177816+00:00,False,
e1982ba4-577c-49b9-bbe0-24771074e51b,b031def0-9271-4508-bbda-1e155bf97d7a,cbf76c50-2ebd-4fee-a8a3-0eab9d8366ee,1.0,lg,12.0,12.0,2026-04-13T02:11:35.177816+00:00,False,
0b5d0ec1-15d8-4ed2-8e7b-9c8369472204,b031def0-9271-4508-bbda-1e155bf97d7a,3f899f50-df5f-4364-ba3f-3ef814961309,1.0,lbs,4.5,4.5,2026-04-13T02:11:35.177816+00:00,False,
e58a35e4-9cc8-497c-93ed-ef8d77e83ac8,0a75f5da-465b-4296-8dfb-46e9438f3f06,e662ef45-6aed-4a2e-ab16-cead317ac5b0,105.0,ea,0.35,36.75,2026-04-13T02:11:35.384468+00:00,False,
a0a3c781-8e66-4ca7-9d31-c738d7a3e840,0a75f5da-465b-4296-8dfb-46e9438f3f06,19508c8b-5f9f-4cda-bffa-d36ef4c07bc2,1.0,lg,10.0,10.0,2026-04-13T02:11:35.384468+00:00,False,
dbd5a09d-a7c2-4eec-9ba1-0766820cd93c,0a75f5da-465b-4296-8dfb-46e9438f3f06,e662ef45-6aed-4a2e-ab16-cead317ac5b0,35.0,ea,0.35,12.25,2026-04-13T02:11:35.384468+00:00,False,
18e8d6e7-e950-4e0f-9082-5016a99e4f94,0a75f5da-465b-4296-8dfb-46e9438f3f06,953a114e-45a0-47ca-8ac0-c0e188cd65c2,1.0,lg,15.0,15.0,2026-04-13T02:11:35.384468+00:00,False,
35e247be-462e-4e30-aa7f-fc645729f47b,0a75f5da-465b-4296-8dfb-46e9438f3f06,b0017451-3a96-49f3-9e48-ea4ef19383bf,1.0,ea,0.2,0.2,2026-04-13T02:11:35.384468+00:00,False,
5ecb98af-31d4-43fb-9670-d96a1a3a057e,178b48ec-1ea3-453d-8c8f-b49c2432c464,da0edabf-c611-4f36-ab53-1fd0188e5464,1.5,lbs,5.0,7.5,2026-04-13T02:11:35.583762+00:00,False,
f760bdaa-ac25-43f6-9eb4-48e4137cef17,178b48ec-1ea3-453d-8c8f-b49c2432c464,96c9c583-6be1-473c-8531-e58107199fa6,1.0,lbs,4.5,4.5,2026-04-13T02:11:35.583762+00:00,False,
398c514c-3336-4340-bcb9-5b0025e7a8c0,178b48ec-1ea3-453d-8c8f-b49c2432c464,96c9c583-6be1-473c-8531-e58107199fa6,1.0,lbs,4.5,4.5,2026-04-13T02:11:35.583762+00:00,False,
b95dc374-fd12-4505-9067-0fc836fdc2bf,178b48ec-1ea3-453d-8c8f-b49c2432c464,b0017451-3a96-49f3-9e48-ea4ef19383bf,1.0,ea,0.2,0.2,2026-04-13T02:11:35.583762+00:00,False,
0d43f4a0-5605-44f2-b3c4-001b0c081415,178b48ec-1ea3-453d-8c8f-b49c2432c464,38af6777-f227-4692-8704-1fe94901ac9f,1.0,lg,10.0,10.0,2026-04-13T02:11:35.583762+00:00,False,
48e9e67e-e3e1-401b-86e4-b95b8e2b27aa,178b48ec-1ea3-453d-8c8f-b49c2432c464,da0edabf-c611-4f36-ab53-1fd0188e5464,1.0,lbs,5.0,5.0,2026-04-13T02:11:35.583762+00:00,False,
f9c407a6-d651-4eae-9e95-b8706e1291ed,178b48ec-1ea3-453d-8c8f-b49c2432c464,2070ea5c-435b-4080-9a08-46095b69baca,1.0,lg,40.0,40.0,2026-04-13T02:11:35.583762+00:00,False,
2883e502-b823-488f-a8f9-25998c736015,178b48ec-1ea3-453d-8c8f-b49c2432c464,e662ef45-6aed-4a2e-ab16-cead317ac5b0,150.0,ea,0.35,52.5,2026-04-13T02:11:35.583762+00:00,False,
afd73ba9-37e1-4554-beb8-3a974a4683af,178b48ec-1ea3-453d-8c8f-b49c2432c464,6f6dcd58-46f9-4796-8b12-f65aeb26ab1e,1.0,sm,6.0,6.0,2026-04-13T02:11:35.583762+00:00,False,
e1f28b54-2395-43c5-a910-d77f0e4e82fe,178b48ec-1ea3-453d-8c8f-b49c2432c464,304ed108-096d-4022-b673-87feae1b5a1a,1.0,lg,25.0,25.0,2026-04-13T02:11:35.583762+00:00,False,
f1791c1f-7f80-4391-b286-1082f3620c1f,043f2a98-a115-45ec-aade-90a0f21100c0,e662ef45-6aed-4a2e-ab16-cead317ac5b0,110.0,ea,0.35,38.5,2026-04-13T02:11:35.743151+00:00,False,
6d1e6a85-bf3b-401f-8e33-cc177970cd9f,043f2a98-a115-45ec-aade-90a0f21100c0,96c9c583-6be1-473c-8531-e58107199fa6,1.0,lbs,4.5,4.5,2026-04-13T02:11:35.743151+00:00,False,
869324df-8807-49c4-82d5-3476f114ec5a,043f2a98-a115-45ec-aade-90a0f21100c0,da0edabf-c611-4f36-ab53-1fd0188e5464,1.0,lbs,5.0,5.0,2026-04-13T02:11:35.743151+00:00,False,
c3682041-3c7e-4534-9600-0a1f3a610f45,043f2a98-a115-45ec-aade-90a0f21100c0,e662ef45-6aed-4a2e-ab16-cead317ac5b0,150.0,ea,0.35,52.5,2026-04-13T02:11:35.743151+00:00,False,
aeaf1999-7179-4c52-ba01-367582e63177,043f2a98-a115-45ec-aade-90a0f21100c0,44bdbde8-576d-4d7f-b668-d2f2bf72fb2e,1.0,lg,15.0,15.0,2026-04-13T02:11:35.743151+00:00,False,
9e20a2fd-d3f8-432c-a6f9-d90ff3ac01ec,043f2a98-a115-45ec-aade-90a0f21100c0,5920adcc-3687-45b2-a0ad-50b17f24faef,1.0,lg,15.0,15.0,2026-04-13T02:11:35.743151+00:00,False,
be244403-545e-479f-9b91-5f2fec91532b,043f2a98-a115-45ec-aade-90a0f21100c0,19508c8b-5f9f-4cda-bffa-d36ef4c07bc2,1.0,lg,10.0,10.0,2026-04-13T02:11:35.743151+00:00,False,
22db1bdf-5eaa-4c1c-9b7b-9ddec90b525f,043f2a98-a115-45ec-aade-90a0f21100c0,e662ef45-6aed-4a2e-ab16-cead317ac5b0,1.0,ea,0.35,0.35,2026-04-13T02:11:35.743151+00:00,False,
1aee9bbc-ccf1-43c8-9551-f493f93e1e8f,043f2a98-a115-45ec-aade-90a0f21100c0,309781c4-ed69-40dc-860a-712d7414d66e,1.0,lg,16.0,16.0,2026-04-13T02:11:35.743151+00:00,False,
7ab9ee2d-8359-433d-aa06-0e504ba4be34,043f2a98-a115-45ec-aade-90a0f21100c0,b0017451-3a96-49f3-9e48-ea4ef19383bf,1.0,ea,0.2,0.2,2026-04-13T02:11:35.743151+00:00,False,
2a1e17b9-0bbd-4fc5-8a3f-7e7f2c16c96a,043f2a98-a115-45ec-aade-90a0f21100c0,61a1375c-3254-4fe0-a471-8b8b660f4135,10.0,ea,1.0,10.0,2026-04-13T02:11:35.743151+00:00,False,
193a7e41-6e0a-4c82-87c0-4f6e7443573a,043f2a98-a115-45ec-aade-90a0f21100c0,aa1f52af-a81a-43fc-84f2-8739dc579d52,1.0,sm,15.0,15.0,2026-04-13T02:11:35.743151+00:00,False,
b0f42ef1-a0d7-4673-bca7-4cadbd642a81,043f2a98-a115-45ec-aade-90a0f21100c0,a65f4504-ba08-4da1-82ee-339201545673,1.0,sm,10.0,10.0,2026-04-13T02:11:35.743151+00:00,False,
cc3b78e9-d110-43d1-b50f-66ae9540d720,043f2a98-a115-45ec-aade-90a0f21100c0,09dd43ee-5456-4692-9016-433d77d3b6cb,1.0,sm,15.0,15.0,2026-04-13T02:11:35.743151+00:00,False,
a4a77859-3686-48f9-872b-e234d6715c8e,043f2a98-a115-45ec-aade-90a0f21100c0,c6fdc2be-53bd-4c2a-8a6f-665e612aa3b5,1.0,lg,12.0,12.0,2026-04-13T02:11:35.743151+00:00,False,
2542b0eb-d600-4746-b74c-bfdf897b7ac5,b2d18d8e-ecf4-4875-9ba8-205ccbfd20f7,f14e1eaa-9677-4120-b8b5-37209f399915,1.0,lg,30.0,30.0,2026-04-13T02:11:35.899437+00:00,False,
5bfd0f3e-3978-48b5-b3b5-c1f4b3e0a093,b2d18d8e-ecf4-4875-9ba8-205ccbfd20f7,19508c8b-5f9f-4cda-bffa-d36ef4c07bc2,1.0,lg,10.0,10.0,2026-04-13T02:11:35.899437+00:00,False,
25416c4a-e193-4ba5-9ff0-e31fa6c45681,b2d18d8e-ecf4-4875-9ba8-205ccbfd20f7,5920adcc-3687-45b2-a0ad-50b17f24faef,1.0,lg,15.0,15.0,2026-04-13T02:11:35.899437+00:00,False,
80976625-d08a-4ca6-9393-ae534fd453e9,b2d18d8e-ecf4-4875-9ba8-205ccbfd20f7,09dd43ee-5456-4692-9016-433d77d3b6cb,1.0,sm,15.0,15.0,2026-04-13T02:11:35.899437+00:00,False,
dc19adc0-a88f-46a1-8b62-38cf593a7c8f,b2d18d8e-ecf4-4875-9ba8-205ccbfd20f7,e662ef45-6aed-4a2e-ab16-cead317ac5b0,105.0,ea,0.35,36.75,2026-04-13T02:11:35.899437+00:00,False,
47918915-cc27-43a6-95b1-dd7cb3a0d95f,b2d18d8e-ecf4-4875-9ba8-205ccbfd20f7,334edaad-9be5-43ff-a28a-6a165d97d13e,5.0,lbs,4.99,24.95,2026-04-13T02:11:35.899437+00:00,False,
e25d6c27-8800-4303-b444-06941094ce03,b2d18d8e-ecf4-4875-9ba8-205ccbfd20f7,3f899f50-df5f-4364-ba3f-3ef814961309,0.5,lbs,4.5,2.25,2026-04-13T02:11:35.899437+00:00,False,
36884d24-1b4f-4292-8b4f-4745399e62a0,e29af746-f9ff-4a50-9e6a-f3691212299b,e662ef45-6aed-4a2e-ab16-cead317ac5b0,160.0,ea,0.35,56.0,2026-04-13T02:11:36.052412+00:00,False,
575ede12-7628-4f09-945c-f21a0461080f,e29af746-f9ff-4a50-9e6a-f3691212299b,cb8885fa-21df-4a06-9dcc-911e9c6c474d,6.0,sm,15.0,90.0,2026-04-13T02:11:36.052412+00:00,False,
941f8430-a4eb-4b2b-a351-1ab2acde6982,e29af746-f9ff-4a50-9e6a-f3691212299b,c6fdc2be-53bd-4c2a-8a6f-665e612aa3b5,1.0,lg,12.0,12.0,2026-04-13T02:11:36.052412+00:00,False,
5c70937d-71ca-4de5-9562-4e4f6d66b10a,e29af746-f9ff-4a50-9e6a-f3691212299b,d00c8ebc-9fbe-4581-9e90-068368dde389,1.0,lbs,5.0,5.0,2026-04-13T02:11:36.052412+00:00,False,
2106f496-0ad9-475f-af92-1c06cb221509,e29af746-f9ff-4a50-9e6a-f3691212299b,19508c8b-5f9f-4cda-bffa-d36ef4c07bc2,1.0,lg,10.0,10.0,2026-04-13T02:11:36.052412+00:00,False,
b658b226-414a-4991-9eed-2df592087540,e29af746-f9ff-4a50-9e6a-f3691212299b,5920adcc-3687-45b2-a0ad-50b17f24faef,1.0,lg,15.0,15.0,2026-04-13T02:11:36.052412+00:00,False,
bf117c2b-f38c-4934-99dc-91f38100edb6,e29af746-f9ff-4a50-9e6a-f3691212299b,ff117f7e-e829-4c9b-94be-583211e2b8eb,1.0,sm,15.0,15.0,2026-04-13T02:11:36.052412+00:00,False,
a7d8351d-3e89-425e-9780-131c280d8f03,e29af746-f9ff-4a50-9e6a-f3691212299b,c6110ff1-93d1-471e-b0b1-bdb584068e25,1.0,sm,15.0,15.0,2026-04-13T02:11:36.052412+00:00,False,
0c7c4677-a382-4982-964b-298dc6aaaf32,e29af746-f9ff-4a50-9e6a-f3691212299b,6f6dcd58-46f9-4796-8b12-f65aeb26ab1e,1.0,sm,6.0,6.0,2026-04-13T02:11:36.052412+00:00,False,
b0e4da5f-cf9d-4335-8e91-54b8641bc27e,a56fcacc-5bc9-4c59-8f4a-15d1df9a04da,e662ef45-6aed-4a2e-ab16-cead317ac5b0,300.0,ea,0.35,105.0,2026-04-13T02:11:36.194794+00:00,False,
6067e8e4-3719-4ae7-bd6d-7bea5be7e3cd,a56fcacc-5bc9-4c59-8f4a-15d1df9a04da,334edaad-9be5-43ff-a28a-6a165d97d13e,10.0,lbs,4.99,49.9,2026-04-13T02:11:36.194794+00:00,False,
54af282b-03bc-4aaf-a21f-3dbfa9592949,a56fcacc-5bc9-4c59-8f4a-15d1df9a04da,1188873c-8be1-42d3-a242-da6f15bf5e4a,1.0,lbs,4.5,4.5,2026-04-13T02:11:36.194794+00:00,False,
43fc2d83-b304-4c83-b794-0092f56ef7ca,a56fcacc-5bc9-4c59-8f4a-15d1df9a04da,3f899f50-df5f-4364-ba3f-3ef814961309,1.0,lbs,4.5,4.5,2026-04-13T02:11:36.194794+00:00,False,
1e836d08-adb5-4708-a854-960efcd68c72,a56fcacc-5bc9-4c59-8f4a-15d1df9a04da,b78ea1c0-57d8-4155-bc7e-f9178f5c5ee1,0.5,lg,25.0,12.5,2026-04-13T02:11:36.194794+00:00,False,
10905e7a-7ce7-4341-8cb4-04e2d04a6664,2a50b3ca-5b8d-41c0-b96a-99ad6a157ab0,d00c8ebc-9fbe-4581-9e90-068368dde389,1.0,lbs,5.0,5.0,2026-04-13T02:11:36.337745+00:00,False,
11c504c3-9baf-4d34-8610-465c5e309d99,2a50b3ca-5b8d-41c0-b96a-99ad6a157ab0,5920adcc-3687-45b2-a0ad-50b17f24faef,1.0,lg,15.0,15.0,2026-04-13T02:11:36.337745+00:00,False,
8ac178fe-8ca7-4586-92a4-46397afae044,2a50b3ca-5b8d-41c0-b96a-99ad6a157ab0,19508c8b-5f9f-4cda-bffa-d36ef4c07bc2,1.0,lg,10.0,10.0,2026-04-13T02:11:36.337745+00:00,False,
11134ef9-e4ca-47fb-a5a0-3b01a5100420,2a50b3ca-5b8d-41c0-b96a-99ad6a157ab0,309781c4-ed69-40dc-860a-712d7414d66e,1.0,lg,16.0,16.0,2026-04-13T02:11:36.337745+00:00,False,
32c4313e-f6bc-4548-b147-55add2aae9db,2a50b3ca-5b8d-41c0-b96a-99ad6a157ab0,f74886a6-2688-4903-92e2-b277ac3871b9,5.0,bx,48.0,240.0,2026-04-13T02:11:36.337745+00:00,False,
2c7c26c7-a47e-4377-9314-58279ea5cdd5,5bf95912-d1d8-488d-9a81-44bbfa48cac1,0a36520c-f191-437c-9745-c85a53861102,1.0,lg,10.0,10.0,2026-04-13T02:11:36.492147+00:00,False,
6b1e9f66-dda9-42c0-94cd-bfeb29234669,5bf95912-d1d8-488d-9a81-44bbfa48cac1,d399f7cb-cd56-4360-9e60-ccab8382fb61,1.0,lg,15.0,15.0,2026-04-13T02:11:36.492147+00:00,False,
d9ef6eda-3d6d-4cfb-bc8e-f425a1453743,5bf95912-d1d8-488d-9a81-44bbfa48cac1,0f564608-78ba-405b-bd40-8d80a71c196e,1.0,sm,10.0,10.0,2026-04-13T02:11:36.492147+00:00,False,
e2d268af-7b94-4967-99f6-7566808e51ca,5bf95912-d1d8-488d-9a81-44bbfa48cac1,da0edabf-c611-4f36-ab53-1fd0188e5464,1.0,lbs,5.0,5.0,2026-04-13T02:11:36.492147+00:00,False,
e94dc4e2-c545-4770-bdc4-76fda9b8b45b,5bf95912-d1d8-488d-9a81-44bbfa48cac1,3f899f50-df5f-4364-ba3f-3ef814961309,1.0,lbs,4.5,4.5,2026-04-13T02:11:36.492147+00:00,False,
b7453480-e022-4e30-b06b-61c09d47f19d,5bf95912-d1d8-488d-9a81-44bbfa48cac1,334edaad-9be5-43ff-a28a-6a165d97d13e,10.0,lbs,4.99,49.9,2026-04-13T02:11:36.492147+00:00,False,
0c4f58e0-bf6b-4769-abac-0cc9629c09e9,5bf95912-d1d8-488d-9a81-44bbfa48cac1,1188873c-8be1-42d3-a242-da6f15bf5e4a,1.0,lbs,4.5,4.5,2026-04-13T02:11:36.492147+00:00,False,
44ebe01c-3f75-4bf2-b4f2-18adfcd540af,5bf95912-d1d8-488d-9a81-44bbfa48cac1,c6fdc2be-53bd-4c2a-8a6f-665e612aa3b5,1.0,lg,12.0,12.0,2026-04-13T02:11:36.492147+00:00,False,
12ad3c11-bd5e-4803-a964-979d1605454b,5bf95912-d1d8-488d-9a81-44bbfa48cac1,cbf76c50-2ebd-4fee-a8a3-0eab9d8366ee,1.0,lg,12.0,12.0,2026-04-13T02:11:36.492147+00:00,False,
34e67198-1f3a-4c48-8c8d-20ed5da9df5a,5bf95912-d1d8-488d-9a81-44bbfa48cac1,44bdbde8-576d-4d7f-b668-d2f2bf72fb2e,1.0,lg,15.0,15.0,2026-04-13T02:11:36.492147+00:00,False,
864c7b0c-c1d4-494c-9564-fa596638e183,5bf95912-d1d8-488d-9a81-44bbfa48cac1,5da6dc1f-43a1-4182-bea0-4d1036c97b6d,1.0,lg,20.0,20.0,2026-04-13T02:11:36.492147+00:00,False,
108596e8-f20c-4847-8abf-a74f6dc1f0f7,5bf95912-d1d8-488d-9a81-44bbfa48cac1,cb8885fa-21df-4a06-9dcc-911e9c6c474d,10.0,sm,15.0,150.0,2026-04-13T02:11:36.492147+00:00,False,
0ee49dcc-2706-4e48-ad5c-d5a89fc94f2c,5bf95912-d1d8-488d-9a81-44bbfa48cac1,1cd8cacb-9218-4990-9bbf-a2e7ce216f54,1.0,sm,12.0,12.0,2026-04-13T02:11:36.492147+00:00,False,
07f527e6-f0b0-4d94-b214-67a148482558,5bf95912-d1d8-488d-9a81-44bbfa48cac1,942cbf39-99e6-40cd-8034-2eacf88611f2,1.0,sm,12.0,12.0,2026-04-13T02:11:36.492147+00:00,False,
53359e7b-1748-47b9-8968-1904286ab41a,5bf95912-d1d8-488d-9a81-44bbfa48cac1,96c9c583-6be1-473c-8531-e58107199fa6,1.0,lbs,4.5,4.5,2026-04-13T02:11:36.492147+00:00,False,
9eb0f2d4-af23-4a4f-ae2a-223028dad45d,9440d889-fcc0-4210-9355-3d98f336961e,e662ef45-6aed-4a2e-ab16-cead317ac5b0,200.0,ea,0.35,70.0,2026-04-13T02:11:36.713157+00:00,False,
bdda01d3-187b-4819-b8f1-8825ccb845fc,9440d889-fcc0-4210-9355-3d98f336961e,e662ef45-6aed-4a2e-ab16-cead317ac5b0,100.0,ea,0.35,35.0,2026-04-13T02:11:36.713157+00:00,False,
8aba2a43-7509-4ae5-8d78-7e6d77dd3ec6,9440d889-fcc0-4210-9355-3d98f336961e,e3ec98c5-fd0d-4087-ae6f-8b84410a0199,1.0,lbs,6.0,6.0,2026-04-13T02:11:36.713157+00:00,False,
62a4e155-e60f-494e-9840-707b70b81b0b,9440d889-fcc0-4210-9355-3d98f336961e,a65f4504-ba08-4da1-82ee-339201545673,1.0,sm,10.0,10.0,2026-04-13T02:11:36.713157+00:00,False,
c4a918b5-995e-4d9a-955d-2eae5a85d9d3,a12e81fb-b122-45a4-804f-183b93fc35d2,1312210e-9cd8-4bac-96a8-11da91414ca2,1.0,lbs,25.0,25.0,2026-04-13T02:11:36.870845+00:00,False,
92962633-71bc-459e-8199-d25a10030e8b,a12e81fb-b122-45a4-804f-183b93fc35d2,e3ec98c5-fd0d-4087-ae6f-8b84410a0199,60.0,lbs,6.0,360.0,2026-04-13T02:11:36.870845+00:00,False,
baf09501-64b2-44f3-be8f-563193ca6b52,a12e81fb-b122-45a4-804f-183b93fc35d2,c6fdc2be-53bd-4c2a-8a6f-665e612aa3b5,1.0,lg,12.0,12.0,2026-04-13T02:11:36.870845+00:00,False,
468ba305-7320-4f6a-bec7-bbdda9605859,a12e81fb-b122-45a4-804f-183b93fc35d2,b0017451-3a96-49f3-9e48-ea4ef19383bf,1.0,ea,0.2,0.2,2026-04-13T02:11:36.870845+00:00,False,
6b19c374-dfac-4657-9cff-d4752769793e,a12e81fb-b122-45a4-804f-183b93fc35d2,96c9c583-6be1-473c-8531-e58107199fa6,3.0,lbs,4.5,13.5,2026-04-13T02:11:36.870845+00:00,False,
28f9a56e-8160-4a63-ab24-5c804649f3f4,a12e81fb-b122-45a4-804f-183b93fc35d2,1188873c-8be1-42d3-a242-da6f15bf5e4a,1.0,lbs,4.5,4.5,2026-04-13T02:11:36.870845+00:00,False,
de58a03f-899d-4e2b-a2d7-68fa625c1e03,a12e81fb-b122-45a4-804f-183b93fc35d2,fd5f8362-52f1-410c-97dc-bbe084c2c8e4,1.0,lg,10.0,10.0,2026-04-13T02:11:36.870845+00:00,False,
ba2ff888-c98a-4bb7-ad0b-60682348dd8e,a12e81fb-b122-45a4-804f-183b93fc35d2,cbf76c50-2ebd-4fee-a8a3-0eab9d8366ee,1.0,lg,12.0,12.0,2026-04-13T02:11:36.870845+00:00,False,
2f410a1d-3e60-4d90-b4e8-1accd653f227,a12e81fb-b122-45a4-804f-183b93fc35d2,6f6dcd58-46f9-4796-8b12-f65aeb26ab1e,1.0,sm,6.0,6.0,2026-04-13T02:11:36.870845+00:00,False,
daf86977-85d9-490d-acf8-0e35cc77e281,153ac907-1375-40f9-9421-fb137c7be641,511d5694-6147-4322-960a-eb6e5cd1e291,76.0,lbs,4.0,304.0,2026-04-13T02:11:37.041006+00:00,False,
032f1f22-e549-4812-9818-d6fe2251e1ab,153ac907-1375-40f9-9421-fb137c7be641,953a114e-45a0-47ca-8ac0-c0e188cd65c2,1.0,lg,15.0,15.0,2026-04-13T02:11:37.041006+00:00,False,
3980c058-32c1-41e2-b84e-9bcbbabea67a,153ac907-1375-40f9-9421-fb137c7be641,d00c8ebc-9fbe-4581-9e90-068368dde389,60.0,lbs,5.0,300.0,2026-04-13T02:11:37.041006+00:00,False,
54d2825f-6b0f-4833-a5e0-7a1996fbd8f2,153ac907-1375-40f9-9421-fb137c7be641,f14e1eaa-9677-4120-b8b5-37209f399915,1.0,lg,30.0,30.0,2026-04-13T02:11:37.041006+00:00,False,
2929abb0-f9d8-4740-8393-fe6f994c9239,153ac907-1375-40f9-9421-fb137c7be641,a65f4504-ba08-4da1-82ee-339201545673,1.0,sm,10.0,10.0,2026-04-13T02:11:37.041006+00:00,False,
8e2bc903-e326-4482-829b-01676324caa6,153ac907-1375-40f9-9421-fb137c7be641,e662ef45-6aed-4a2e-ab16-cead317ac5b0,200.0,ea,0.35,70.0,2026-04-13T02:11:37.041006+00:00,False,
42d118dd-3591-493e-ba9e-52c22de465b1,153ac907-1375-40f9-9421-fb137c7be641,e662ef45-6aed-4a2e-ab16-cead317ac5b0,150.0,ea,0.35,52.5,2026-04-13T02:11:37.041006+00:00,False,
45d739cb-7f64-4e00-b4de-bcf86f6a884b,153ac907-1375-40f9-9421-fb137c7be641,c6fdc2be-53bd-4c2a-8a6f-665e612aa3b5,1.0,lg,12.0,12.0,2026-04-13T02:11:37.041006+00:00,False,
a513b36f-3ca9-4073-9191-a9fec9a8485e,153ac907-1375-40f9-9421-fb137c7be641,1cd8cacb-9218-4990-9bbf-a2e7ce216f54,1.0,sm,12.0,12.0,2026-04-13T02:11:37.041006+00:00,False,
f3ebff3e-72b4-4cf4-a49f-173ef8b1979f,153ac907-1375-40f9-9421-fb137c7be641,334edaad-9be5-43ff-a28a-6a165d97d13e,45.0,lbs,4.99,224.55,2026-04-13T02:11:37.041006+00:00,False,
3c0c7ac5-77f2-4734-96d5-1823ccae6873,153ac907-1375-40f9-9421-fb137c7be641,3f899f50-df5f-4364-ba3f-3ef814961309,38.0,lbs,4.5,171.0,2026-04-13T02:11:37.041006+00:00,False,
c2d255ca-3a25-4ecf-8704-56770b98e7f1,153ac907-1375-40f9-9421-fb137c7be641,b0017451-3a96-49f3-9e48-ea4ef19383bf,30.0,ea,0.2,6.0,2026-04-13T02:11:37.041006+00:00,False,
3d942594-f6aa-471b-84a3-b1b6bec4b015,153ac907-1375-40f9-9421-fb137c7be641,79baadf2-9252-4ed8-bc44-5f183e823ed6,60.0,lbs,6.0,360.0,2026-04-13T02:11:37.041006+00:00,False,
4c2315ca-ac63-4c29-8742-5fb6a92f7a8b,b8fcd226-1d33-4548-a478-7a382b1644d8,61a1375c-3254-4fe0-a471-8b8b660f4135,25.0,ea,1.0,25.0,2026-04-13T02:11:37.192332+00:00,False,
ae46a668-7bc4-4494-8929-da202ff2f632,b8fcd226-1d33-4548-a478-7a382b1644d8,cb8885fa-21df-4a06-9dcc-911e9c6c474d,4.0,sm,15.0,60.0,2026-04-13T02:11:37.192332+00:00,False,
4301c76d-ea10-4767-9e06-33391c75fb24,b8fcd226-1d33-4548-a478-7a382b1644d8,e662ef45-6aed-4a2e-ab16-cead317ac5b0,100.0,ea,0.35,35.0,2026-04-13T02:11:37.192332+00:00,False,
04adb960-1219-4afd-b88e-912037675ea5,b8fcd226-1d33-4548-a478-7a382b1644d8,e662ef45-6aed-4a2e-ab16-cead317ac5b0,100.0,ea,0.35,35.0,2026-04-13T02:11:37.192332+00:00,False,
02aba124-1072-41d1-9ca2-c1acd998318f,8f012fd6-2a2b-4563-b098-202da960ce24,e662ef45-6aed-4a2e-ab16-cead317ac5b0,100.0,ea,0.35,35.0,2026-04-13T02:11:37.342097+00:00,False,
99eda394-41c4-4bdd-9a32-8710ec6cf408,8f012fd6-2a2b-4563-b098-202da960ce24,b0017451-3a96-49f3-9e48-ea4ef19383bf,30.0,ea,0.2,6.0,2026-04-13T02:11:37.342097+00:00,False,
d33db20e-3c91-4753-a5f3-13f362bc6955,8f012fd6-2a2b-4563-b098-202da960ce24,dfcf3978-e149-42ff-90c3-5ee66fc11c77,25.0,lbs,8.0,200.0,2026-04-13T02:11:37.342097+00:00,False,
b87cb9e4-5ce2-4275-8c5a-78efeafac089,8f012fd6-2a2b-4563-b098-202da960ce24,e3ec98c5-fd0d-4087-ae6f-8b84410a0199,25.0,lbs,6.0,150.0,2026-04-13T02:11:37.342097+00:00,False,
a8ae48ee-4635-497e-b39a-2fe08ae3537d,8f012fd6-2a2b-4563-b098-202da960ce24,334edaad-9be5-43ff-a28a-6a165d97d13e,20.0,lbs,4.99,99.8,2026-04-13T02:11:37.342097+00:00,False,
876c6ae2-7e72-482a-bd1d-b5e12dd259ad,8f012fd6-2a2b-4563-b098-202da960ce24,c6fdc2be-53bd-4c2a-8a6f-665e612aa3b5,1.0,lg,12.0,12.0,2026-04-13T02:11:37.342097+00:00,False,
11942f78-b7ca-4ef9-a41f-5b7cca1a7d0b,8f012fd6-2a2b-4563-b098-202da960ce24,a65f4504-ba08-4da1-82ee-339201545673,1.0,sm,10.0,10.0,2026-04-13T02:11:37.342097+00:00,False,
7f799a02-b1cc-47ba-a496-9ef405e3a2e3,8f012fd6-2a2b-4563-b098-202da960ce24,511d5694-6147-4322-960a-eb6e5cd1e291,30.0,lbs,4.0,120.0,2026-04-13T02:11:37.342097+00:00,False,
7cddf7a3-a5c5-41e3-a431-e81c020b1844,8f012fd6-2a2b-4563-b098-202da960ce24,a6a57270-840f-41ff-998e-0b1d3cefbe24,1.0,ea,8.0,8.0,2026-04-13T02:11:37.342097+00:00,False,
7acd7c10-5ac0-49b9-a1fa-361292f2f266,96bc7d68-d6be-4e21-b47d-eedf010688af,96c9c583-6be1-473c-8531-e58107199fa6,1.0,lbs,4.5,4.5,2026-04-13T02:11:37.494165+00:00,False,
03920138-4558-4560-b5c8-f35696cb3cc6,96bc7d68-d6be-4e21-b47d-eedf010688af,9c2ebb31-687b-428e-a2c5-a5e552f7b5cc,0.5,lbs,4.5,2.25,2026-04-13T02:11:37.494165+00:00,False,
505558ca-7ff2-46c1-b50f-06515ffcf19d,96bc7d68-d6be-4e21-b47d-eedf010688af,e3ec98c5-fd0d-4087-ae6f-8b84410a0199,5.0,lbs,6.0,30.0,2026-04-13T02:11:37.494165+00:00,False,
62224c17-df5a-4ccf-97c8-41fe39e964d6,96bc7d68-d6be-4e21-b47d-eedf010688af,e662ef45-6aed-4a2e-ab16-cead317ac5b0,100.0,ea,0.35,35.0,2026-04-13T02:11:37.494165+00:00,False,
53789a99-86f6-416b-80f8-09436b752b50,96bc7d68-d6be-4e21-b47d-eedf010688af,19508c8b-5f9f-4cda-bffa-d36ef4c07bc2,1.0,lg,10.0,10.0,2026-04-13T02:11:37.494165+00:00,False,
53716b09-1be5-46b6-8cc8-3569ee8d26a2,96bc7d68-d6be-4e21-b47d-eedf010688af,5920adcc-3687-45b2-a0ad-50b17f24faef,1.0,lg,15.0,15.0,2026-04-13T02:11:37.494165+00:00,False,
82d965a8-aae1-4819-844a-4cce7c4c377d,96bc7d68-d6be-4e21-b47d-eedf010688af,2c6d8e1e-5fca-4ef0-8171-db565a70bb02,1.0,lg,36.0,36.0,2026-04-13T02:11:37.494165+00:00,False,
cc606240-07c2-40df-8a5d-bfe1e41113df,96bc7d68-d6be-4e21-b47d-eedf010688af,cbf76c50-2ebd-4fee-a8a3-0eab9d8366ee,1.0,lg,12.0,12.0,2026-04-13T02:11:37.494165+00:00,False,
782f7065-c32c-40b8-a868-d96a1385f9a9,d97432fa-4822-477b-9629-bf30c3eb48bd,e3ec98c5-fd0d-4087-ae6f-8b84410a0199,30.0,lbs,6.0,180.0,2026-04-13T02:11:37.648532+00:00,False,
acf171df-085a-4c98-9aa2-60f6cbe2b7e4,d97432fa-4822-477b-9629-bf30c3eb48bd,772df8d5-6962-487a-99d2-78d6ef150e85,1.0,lg,24.0,24.0,2026-04-13T02:11:37.648532+00:00,False,
0556f1cb-801a-4ea6-9dce-d8f5233fe380,d97432fa-4822-477b-9629-bf30c3eb48bd,942cbf39-99e6-40cd-8034-2eacf88611f2,1.0,sm,12.0,12.0,2026-04-13T02:11:37.648532+00:00,False,
9407e34b-eaac-4c92-b68f-dc79cfae7477,d97432fa-4822-477b-9629-bf30c3eb48bd,1cd8cacb-9218-4990-9bbf-a2e7ce216f54,1.0,sm,12.0,12.0,2026-04-13T02:11:37.648532+00:00,False,
898fcd16-dd8a-410f-980c-5a144890b68f,d97432fa-4822-477b-9629-bf30c3eb48bd,4acd4dc2-eb69-48a4-8f0d-dc509f93beb4,1.0,sm,12.0,12.0,2026-04-13T02:11:37.648532+00:00,False,
6a5152dd-33c9-47ac-9d90-db685c538255,d97432fa-4822-477b-9629-bf30c3eb48bd,b0017451-3a96-49f3-9e48-ea4ef19383bf,25.0,ea,0.2,5.0,2026-04-13T02:11:37.648532+00:00,False,
e720473b-76f1-4a04-ad3f-56b7567c62af,737837f3-1f62-42af-9ad1-ef2a7738ac24,1cd8cacb-9218-4990-9bbf-a2e7ce216f54,1.0,sm,12.0,12.0,2026-04-13T02:11:37.835236+00:00,False,
72038d5e-6359-4fb2-b83b-b2136a5b5222,737837f3-1f62-42af-9ad1-ef2a7738ac24,772df8d5-6962-487a-99d2-78d6ef150e85,1.0,lg,24.0,24.0,2026-04-13T02:11:37.835236+00:00,False,
36a0c523-8662-4d0e-b55c-5ed045077093,737837f3-1f62-42af-9ad1-ef2a7738ac24,a65f4504-ba08-4da1-82ee-339201545673,1.0,sm,10.0,10.0,2026-04-13T02:11:37.835236+00:00,False,
82f81340-8573-4e53-a62a-d7b23ac94edb,737837f3-1f62-42af-9ad1-ef2a7738ac24,e662ef45-6aed-4a2e-ab16-cead317ac5b0,100.0,ea,0.35,35.0,2026-04-13T02:11:37.835236+00:00,False,
16fa7772-a321-4421-ad86-3538a7d29bbd,737837f3-1f62-42af-9ad1-ef2a7738ac24,b0017451-3a96-49f3-9e48-ea4ef19383bf,40.0,ea,0.2,8.0,2026-04-13T02:11:37.835236+00:00,False,
fc9efe6f-5a96-4036-a1ab-8a55af16ea32,737837f3-1f62-42af-9ad1-ef2a7738ac24,cb8885fa-21df-4a06-9dcc-911e9c6c474d,8.0,sm,15.0,120.0,2026-04-13T02:11:37.835236+00:00,False,
26dfa3d6-80cb-4028-b410-35e1abb09c8f,737837f3-1f62-42af-9ad1-ef2a7738ac24,511d5694-6147-4322-960a-eb6e5cd1e291,68.0,lbs,4.0,272.0,2026-04-13T02:11:37.835236+00:00,False,
5fc988cd-1b99-408b-bd3d-f591d3ab5f44,737837f3-1f62-42af-9ad1-ef2a7738ac24,a6a57270-840f-41ff-998e-0b1d3cefbe24,45.0,ea,8.0,360.0,2026-04-13T02:11:37.835236+00:00,False,
a0f92858-8a6b-4daf-aea0-9541a8f9d76e,737837f3-1f62-42af-9ad1-ef2a7738ac24,4e6a0de1-43b6-4120-a6cd-ef1457e85a6e,10.0,lbs,4.0,40.0,2026-04-13T02:11:37.835236+00:00,False,
1fe9fb5b-0ffa-4dd3-a48e-5262abf552e0,737837f3-1f62-42af-9ad1-ef2a7738ac24,96c9c583-6be1-473c-8531-e58107199fa6,5.0,lbs,4.5,22.5,2026-04-13T02:11:37.835236+00:00,False,
736f9b45-9794-426f-b936-300d084a483b,a5a5e4e4-3a33-4118-9bc4-706888a0f6e2,3c2f77cd-57af-4557-93a8-25f866c7ef0a,1.0,lg,20.0,20.0,2026-04-13T02:11:37.986085+00:00,False,
19aab0d9-b560-4281-8463-5e837fd9ae71,a5a5e4e4-3a33-4118-9bc4-706888a0f6e2,c6110ff1-93d1-471e-b0b1-bdb584068e25,1.0,sm,15.0,15.0,2026-04-13T02:11:37.986085+00:00,False,
3aeface0-3271-45be-87d7-63e6d54f8587,a5a5e4e4-3a33-4118-9bc4-706888a0f6e2,ff117f7e-e829-4c9b-94be-583211e2b8eb,1.0,sm,15.0,15.0,2026-04-13T02:11:37.986085+00:00,False,
20274fe0-7397-4eb2-878a-8675e4216051,a5a5e4e4-3a33-4118-9bc4-706888a0f6e2,e662ef45-6aed-4a2e-ab16-cead317ac5b0,50.0,ea,0.35,17.5,2026-04-13T02:11:37.986085+00:00,False,
e67860ef-510d-4335-a40c-1acb8baadfef,a5a5e4e4-3a33-4118-9bc4-706888a0f6e2,e662ef45-6aed-4a2e-ab16-cead317ac5b0,150.0,ea,0.35,52.5,2026-04-13T02:11:37.986085+00:00,False,
d3a19c67-99bd-4846-9031-7e4ed8b32b22,a5a5e4e4-3a33-4118-9bc4-706888a0f6e2,a65f4504-ba08-4da1-82ee-339201545673,1.0,sm,10.0,10.0,2026-04-13T02:11:37.986085+00:00,False,
a1844359-2851-4d6b-9f31-4d6dcc868f5d,a5a5e4e4-3a33-4118-9bc4-706888a0f6e2,5920adcc-3687-45b2-a0ad-50b17f24faef,1.0,lg,15.0,15.0,2026-04-13T02:11:37.986085+00:00,False,
32e87b87-e39c-428c-93b3-82f95929ab35,a5a5e4e4-3a33-4118-9bc4-706888a0f6e2,19508c8b-5f9f-4cda-bffa-d36ef4c07bc2,1.0,lg,10.0,10.0,2026-04-13T02:11:37.986085+00:00,False,
46a6ce40-9bb9-43b1-a244-1be2e2da49bb,a5a5e4e4-3a33-4118-9bc4-706888a0f6e2,cb8885fa-21df-4a06-9dcc-911e9c6c474d,13.0,sm,15.0,195.0,2026-04-13T02:11:37.986085+00:00,False,
6e4147b8-9b18-45f6-97ac-33ac3b216113,a5a5e4e4-3a33-4118-9bc4-706888a0f6e2,5920adcc-3687-45b2-a0ad-50b17f24faef,1.0,lg,15.0,15.0,2026-04-13T02:11:37.986085+00:00,False,
d9a02f7f-10f0-46c3-9f52-78cd1ad8e56d,a5a5e4e4-3a33-4118-9bc4-706888a0f6e2,07facaef-e20c-417b-9419-6486f1ac9071,1.0,lg,20.0,20.0,2026-04-13T02:11:37.986085+00:00,False,
a88e14e3-d598-4962-897f-afb2971e32d0,a5a5e4e4-3a33-4118-9bc4-706888a0f6e2,511d5694-6147-4322-960a-eb6e5cd1e291,48.0,lbs,4.0,192.0,2026-04-13T02:11:37.986085+00:00,False,
79352754-e155-4283-aafe-bd5588399edd,a5a5e4e4-3a33-4118-9bc4-706888a0f6e2,dfcf3978-e149-42ff-90c3-5ee66fc11c77,16.0,lbs,8.0,128.0,2026-04-13T02:11:37.986085+00:00,False,
a316f2cd-a346-475a-99eb-868b8b81ab2f,acb419ff-86ec-450d-a42b-a4ed344f96eb,5920adcc-3687-45b2-a0ad-50b17f24faef,1.0,lg,15.0,15.0,2026-04-13T02:11:38.134914+00:00,False,
cbbb1b25-5819-45ef-9710-9575cf2c7af0,acb419ff-86ec-450d-a42b-a4ed344f96eb,f14e1eaa-9677-4120-b8b5-37209f399915,1.0,lg,30.0,30.0,2026-04-13T02:11:38.134914+00:00,False,
f983d00c-5c63-44eb-8be0-a40544443b80,acb419ff-86ec-450d-a42b-a4ed344f96eb,e662ef45-6aed-4a2e-ab16-cead317ac5b0,200.0,ea,0.35,70.0,2026-04-13T02:11:38.134914+00:00,False,
a375657b-6f42-4c58-8123-7d2de2680412,acb419ff-86ec-450d-a42b-a4ed344f96eb,e662ef45-6aed-4a2e-ab16-cead317ac5b0,200.0,ea,0.35,70.0,2026-04-13T02:11:38.134914+00:00,False,
36ddcd08-f4d8-4dec-9394-aa318682ff23,acb419ff-86ec-450d-a42b-a4ed344f96eb,c6fdc2be-53bd-4c2a-8a6f-665e612aa3b5,1.0,lg,12.0,12.0,2026-04-13T02:11:38.134914+00:00,False,
ac85d1da-bce1-467f-9172-33c4e886c871,acb419ff-86ec-450d-a42b-a4ed344f96eb,334edaad-9be5-43ff-a28a-6a165d97d13e,1.0,lbs,4.99,4.99,2026-04-13T02:11:38.134914+00:00,False,
2325e8df-d595-4848-a032-c791f76003d2,acb419ff-86ec-450d-a42b-a4ed344f96eb,e3ec98c5-fd0d-4087-ae6f-8b84410a0199,1.0,lbs,6.0,6.0,2026-04-13T02:11:38.134914+00:00,False,
8f60f34f-f4a5-4282-a339-1b9f98ac7dc0,acb419ff-86ec-450d-a42b-a4ed344f96eb,e3ec98c5-fd0d-4087-ae6f-8b84410a0199,1.0,lbs,6.0,6.0,2026-04-13T02:11:38.134914+00:00,False,
07839c58-2725-4d28-bde8-4d0602f84c22,acb419ff-86ec-450d-a42b-a4ed344f96eb,b0017451-3a96-49f3-9e48-ea4ef19383bf,60.0,ea,0.2,12.0,2026-04-13T02:11:38.134914+00:00,False,
cb7b2282-7ef6-4cf4-a327-f201cd605608,acb419ff-86ec-450d-a42b-a4ed344f96eb,304ed108-096d-4022-b673-87feae1b5a1a,1.0,lg,25.0,25.0,2026-04-13T02:11:38.134914+00:00,False,
3c35584e-9fe2-4e92-81d8-838aa6baee8f,acb419ff-86ec-450d-a42b-a4ed344f96eb,cbf76c50-2ebd-4fee-a8a3-0eab9d8366ee,1.0,lg,12.0,12.0,2026-04-13T02:11:38.134914+00:00,False,
87bf4757-9011-49d9-aaba-14fcb2506fdc,5da4fede-52ad-4a68-addf-4e2169fd3631,953a114e-45a0-47ca-8ac0-c0e188cd65c2,1.0,lg,15.0,15.0,2026-04-13T02:11:38.277787+00:00,False,
2aa55f18-b23d-4009-a986-b7e33cae0524,5da4fede-52ad-4a68-addf-4e2169fd3631,d00c8ebc-9fbe-4581-9e90-068368dde389,20.0,lbs,5.0,100.0,2026-04-13T02:11:38.277787+00:00,False,
aecf7b74-8371-4268-8270-077815144889,5da4fede-52ad-4a68-addf-4e2169fd3631,6f6dcd58-46f9-4796-8b12-f65aeb26ab1e,1.0,sm,6.0,6.0,2026-04-13T02:11:38.277787+00:00,False,
4a8114c3-1f84-4093-835f-77dff56a81dc,5da4fede-52ad-4a68-addf-4e2169fd3631,e662ef45-6aed-4a2e-ab16-cead317ac5b0,100.0,ea,0.35,35.0,2026-04-13T02:11:38.277787+00:00,False,
e1da4528-c721-461d-8902-fc303a279bf4,5da4fede-52ad-4a68-addf-4e2169fd3631,1cd8cacb-9218-4990-9bbf-a2e7ce216f54,1.0,sm,12.0,12.0,2026-04-13T02:11:38.277787+00:00,False,
01b2f61c-4bc5-4eee-9d5e-3a8583f29cd0,5da4fede-52ad-4a68-addf-4e2169fd3631,e3ec98c5-fd0d-4087-ae6f-8b84410a0199,40.0,lbs,6.0,240.0,2026-04-13T02:11:38.277787+00:00,False,
4784419a-53f1-4384-8cfe-eb84a0238f05,5da4fede-52ad-4a68-addf-4e2169fd3631,61a1375c-3254-4fe0-a471-8b8b660f4135,39.0,ea,1.0,39.0,2026-04-13T02:11:38.277787+00:00,False,
637c0f03-da6a-4415-9c9a-bc10f3bbeef0,5da4fede-52ad-4a68-addf-4e2169fd3631,511d5694-6147-4322-960a-eb6e5cd1e291,60.0,lbs,4.0,240.0,2026-04-13T02:11:38.277787+00:00,False,
2b5d0a81-3d8d-43e6-8ae7-1a27afa45678,5da4fede-52ad-4a68-addf-4e2169fd3631,d00c8ebc-9fbe-4581-9e90-068368dde389,47.0,lbs,5.0,235.0,2026-04-13T02:11:38.277787+00:00,False,
6765a0ec-a824-4dfc-adda-9b6862e9a12a,5da4fede-52ad-4a68-addf-4e2169fd3631,334edaad-9be5-43ff-a28a-6a165d97d13e,1.0,lbs,4.99,4.99,2026-04-13T02:11:38.277787+00:00,False,
7de98ab3-a4c4-40cc-a5ea-5dd5cf243d02,4deb3537-fb65-4ed3-ae53-c67cbcc89d85,d00c8ebc-9fbe-4581-9e90-068368dde389,30.0,lbs,5.0,150.0,2026-04-13T02:11:38.44267+00:00,False,
1d0f2a28-dc2f-48b3-bd71-982dc0d98687,4deb3537-fb65-4ed3-ae53-c67cbcc89d85,309781c4-ed69-40dc-860a-712d7414d66e,1.0,lg,16.0,16.0,2026-04-13T02:11:38.44267+00:00,False,
4b71fb17-1c14-4d96-a9ff-c011af450fa4,4deb3537-fb65-4ed3-ae53-c67cbcc89d85,942cbf39-99e6-40cd-8034-2eacf88611f2,1.0,sm,12.0,12.0,2026-04-13T02:11:38.44267+00:00,False,
30248354-426c-4923-a089-5c9d3d263a47,4deb3537-fb65-4ed3-ae53-c67cbcc89d85,1cd8cacb-9218-4990-9bbf-a2e7ce216f54,1.0,sm,12.0,12.0,2026-04-13T02:11:38.44267+00:00,False,
fd96322c-8563-4197-9466-549b21a69110,4deb3537-fb65-4ed3-ae53-c67cbcc89d85,e662ef45-6aed-4a2e-ab16-cead317ac5b0,200.0,ea,0.35,70.0,2026-04-13T02:11:38.44267+00:00,False,
f3a6cc66-ad79-46b7-aed5-40c2c3809c9a,4deb3537-fb65-4ed3-ae53-c67cbcc89d85,e662ef45-6aed-4a2e-ab16-cead317ac5b0,200.0,ea,0.35,70.0,2026-04-13T02:11:38.44267+00:00,False,
04c9c9c8-42d9-48f9-9ba2-3030f608f6d6,4deb3537-fb65-4ed3-ae53-c67cbcc89d85,cbf76c50-2ebd-4fee-a8a3-0eab9d8366ee,1.0,lg,12.0,12.0,2026-04-13T02:11:38.44267+00:00,False,
0690d01c-bdb0-47d5-bec7-8f746ced69ef,4deb3537-fb65-4ed3-ae53-c67cbcc89d85,cb8885fa-21df-4a06-9dcc-911e9c6c474d,12.0,sm,15.0,180.0,2026-04-13T02:11:38.44267+00:00,False,
9e0a4f06-dae2-4a87-a132-ccc37859c502,4deb3537-fb65-4ed3-ae53-c67cbcc89d85,b0017451-3a96-49f3-9e48-ea4ef19383bf,60.0,ea,0.2,12.0,2026-04-13T02:11:38.44267+00:00,False,
9bdf120e-6616-45ff-9c6d-37aa7d509776,4deb3537-fb65-4ed3-ae53-c67cbcc89d85,a65f4504-ba08-4da1-82ee-339201545673,1.0,sm,10.0,10.0,2026-04-13T02:11:38.44267+00:00,False,
9dd737bd-65fb-4125-902e-6df163d73666,4deb3537-fb65-4ed3-ae53-c67cbcc89d85,e3ec98c5-fd0d-4087-ae6f-8b84410a0199,20.0,lbs,6.0,120.0,2026-04-13T02:11:38.44267+00:00,False,
5fb66a9b-b1fa-4297-831c-ad00322d93c7,4deb3537-fb65-4ed3-ae53-c67cbcc89d85,aa1f52af-a81a-43fc-84f2-8739dc579d52,1.0,sm,15.0,15.0,2026-04-13T02:11:38.44267+00:00,False,
55aab632-042c-45dc-b18e-5f70e4f7dfb5,4deb3537-fb65-4ed3-ae53-c67cbcc89d85,c60051a9-4d42-4198-bd08-b24181a2481d,1.0,sm,6.0,6.0,2026-04-13T02:11:38.44267+00:00,False,
9b912488-a70a-44f5-b402-ab28b8dbcb0a,4deb3537-fb65-4ed3-ae53-c67cbcc89d85,c19c0355-5119-46a4-956d-310776ade079,1.0,lg,15.0,15.0,2026-04-13T02:11:38.44267+00:00,False,
f1370e9e-8164-49d5-b5e7-27b7bb175623,4deb3537-fb65-4ed3-ae53-c67cbcc89d85,c2a76342-b6cd-4037-89e3-ebfa887bbb51,1.0,lg,25.0,25.0,2026-04-13T02:11:38.44267+00:00,False,
be66faef-b87c-4f9d-a174-03de0606a950,4deb3537-fb65-4ed3-ae53-c67cbcc89d85,511d5694-6147-4322-960a-eb6e5cd1e291,25.0,lbs,4.0,100.0,2026-04-13T02:11:38.44267+00:00,False,
53ba6479-ffea-4168-9b60-e59873798a5a,a11b3730-57f6-4de3-907b-598148c349ba,4acd4dc2-eb69-48a4-8f0d-dc509f93beb4,1.0,sm,12.0,12.0,2026-04-13T02:11:38.594216+00:00,False,
87b7ea6a-ce3f-4317-837c-d1d345ffad1c,a11b3730-57f6-4de3-907b-598148c349ba,e662ef45-6aed-4a2e-ab16-cead317ac5b0,125.0,ea,0.35,43.75,2026-04-13T02:11:38.594216+00:00,False,
cc9f66f0-528d-494b-a228-85e321341f5c,a11b3730-57f6-4de3-907b-598148c349ba,e662ef45-6aed-4a2e-ab16-cead317ac5b0,100.0,ea,0.35,35.0,2026-04-13T02:11:38.594216+00:00,False,
e6396809-ecd1-4df0-8ca5-64cdba5d2e58,a11b3730-57f6-4de3-907b-598148c349ba,f74886a6-2688-4903-92e2-b277ac3871b9,4.0,bx,48.0,192.0,2026-04-13T02:11:38.594216+00:00,False,
d71b2c27-d67e-4bd7-8e5c-69980b389dfc,a11b3730-57f6-4de3-907b-598148c349ba,334edaad-9be5-43ff-a28a-6a165d97d13e,5.0,lbs,4.99,24.95,2026-04-13T02:11:38.594216+00:00,False,
2f45e7be-5812-46f9-b57f-866b9f78d3a5,a11b3730-57f6-4de3-907b-598148c349ba,a65f4504-ba08-4da1-82ee-339201545673,1.0,sm,10.0,10.0,2026-04-13T02:11:38.594216+00:00,False,
d55e2353-a3ef-48a3-a831-316b872b470d,a11b3730-57f6-4de3-907b-598148c349ba,1cd8cacb-9218-4990-9bbf-a2e7ce216f54,1.0,sm,12.0,12.0,2026-04-13T02:11:38.594216+00:00,False,
0d4baa33-6a50-4f2b-9228-0d3a0272ae17,a11b3730-57f6-4de3-907b-598148c349ba,e3ec98c5-fd0d-4087-ae6f-8b84410a0199,2.0,lbs,6.0,12.0,2026-04-13T02:11:38.594216+00:00,False,
27519ad8-5242-4ab4-a6ec-c7632a3f0c77,a11b3730-57f6-4de3-907b-598148c349ba,cb8885fa-21df-4a06-9dcc-911e9c6c474d,1.0,sm,15.0,15.0,2026-04-13T02:11:38.594216+00:00,False,
444312a5-32eb-444f-a51c-c68bec0520bc,a11b3730-57f6-4de3-907b-598148c349ba,953a114e-45a0-47ca-8ac0-c0e188cd65c2,1.0,lg,15.0,15.0,2026-04-13T02:11:38.594216+00:00,False,
c65793b2-7c3d-4e7b-9310-ebc4c11afe17,50f2d9e8-1432-4992-83d6-39e5267e23a4,0a36520c-f191-437c-9745-c85a53861102,1.0,lg,10.0,10.0,2026-04-13T02:11:38.767718+00:00,False,
81403509-d2f8-4fde-97c5-b1994436b683,50f2d9e8-1432-4992-83d6-39e5267e23a4,c6fdc2be-53bd-4c2a-8a6f-665e612aa3b5,1.0,lg,12.0,12.0,2026-04-13T02:11:38.767718+00:00,False,
1f9cdcf6-a18c-4799-9655-aa87d9d44e24,50f2d9e8-1432-4992-83d6-39e5267e23a4,4fd2406d-0cce-4013-9585-72c23407ceae,1.0,lbs,4.99,4.99,2026-04-13T02:11:38.767718+00:00,False,
15b891eb-e63c-4369-947a-8a1175cb67d7,50f2d9e8-1432-4992-83d6-39e5267e23a4,f74886a6-2688-4903-92e2-b277ac3871b9,5.0,bx,48.0,240.0,2026-04-13T02:11:38.767718+00:00,False,
cd927d36-b539-44b4-8198-88a0037d7bcd,50f2d9e8-1432-4992-83d6-39e5267e23a4,e662ef45-6aed-4a2e-ab16-cead317ac5b0,300.0,ea,0.35,105.0,2026-04-13T02:11:38.767718+00:00,False,
ed2bd1e9-27a7-4a9e-9698-d8fb5f42d3c6,50f2d9e8-1432-4992-83d6-39e5267e23a4,cbf76c50-2ebd-4fee-a8a3-0eab9d8366ee,1.0,lg,12.0,12.0,2026-04-13T02:11:38.767718+00:00,False,
bc008954-4b33-4abf-b9ea-d74d6d5f5164,50f2d9e8-1432-4992-83d6-39e5267e23a4,cb8885fa-21df-4a06-9dcc-911e9c6c474d,2.0,sm,15.0,30.0,2026-04-13T02:11:38.767718+00:00,False,
a42025ad-7cf0-4097-b369-9a25ee2c944e,50f2d9e8-1432-4992-83d6-39e5267e23a4,b0017451-3a96-49f3-9e48-ea4ef19383bf,60.0,ea,0.2,12.0,2026-04-13T02:11:38.767718+00:00,False,
44e077da-1498-4eef-9e4f-bf70db4215d1,50f2d9e8-1432-4992-83d6-39e5267e23a4,a65f4504-ba08-4da1-82ee-339201545673,1.0,sm,10.0,10.0,2026-04-13T02:11:38.767718+00:00,False,
4b801f78-9d86-42b2-b791-742517e5d0ea,50f2d9e8-1432-4992-83d6-39e5267e23a4,1cd8cacb-9218-4990-9bbf-a2e7ce216f54,1.0,sm,12.0,12.0,2026-04-13T02:11:38.767718+00:00,False,
dee4d8e6-6bf0-4064-969a-8f6a88355672,50f2d9e8-1432-4992-83d6-39e5267e23a4,953a114e-45a0-47ca-8ac0-c0e188cd65c2,2.0,lg,15.0,30.0,2026-04-13T02:11:38.767718+00:00,False,
3ce303ed-63b1-460e-b0b1-1a60c9905c85,50f2d9e8-1432-4992-83d6-39e5267e23a4,304ed108-096d-4022-b673-87feae1b5a1a,1.0,lg,25.0,25.0,2026-04-13T02:11:38.767718+00:00,False,
62fc3ff7-6e53-4ceb-adff-370eafd1061e,50f2d9e8-1432-4992-83d6-39e5267e23a4,61a1375c-3254-4fe0-a471-8b8b660f4135,10.0,ea,1.0,10.0,2026-04-13T02:11:38.767718+00:00,False,
8ae6bc97-b289-44c0-a390-4f85a963dc33,50f2d9e8-1432-4992-83d6-39e5267e23a4,5920adcc-3687-45b2-a0ad-50b17f24faef,1.0,lg,15.0,15.0,2026-04-13T02:11:38.767718+00:00,False,
ca6553dd-d317-4cb2-8204-4160799c9f55,50f2d9e8-1432-4992-83d6-39e5267e23a4,5920adcc-3687-45b2-a0ad-50b17f24faef,1.0,lg,15.0,15.0,2026-04-13T02:11:38.767718+00:00,False,
30b9a191-f1ca-40d0-96b7-fdd25f408aa1,50f2d9e8-1432-4992-83d6-39e5267e23a4,f14e1eaa-9677-4120-b8b5-37209f399915,1.0,lg,30.0,30.0,2026-04-13T02:11:38.767718+00:00,False,
30a29ebf-b75d-4a16-878d-8b5a0731d768,50f2d9e8-1432-4992-83d6-39e5267e23a4,e3ec98c5-fd0d-4087-ae6f-8b84410a0199,35.0,lbs,6.0,210.0,2026-04-13T02:11:38.767718+00:00,False,
41d245b4-6b63-420f-9989-1fa78cb6302f,45ecf092-21f1-4d3c-88b7-298b912732af,b0017451-3a96-49f3-9e48-ea4ef19383bf,45.0,ea,0.2,9.0,2026-04-13T02:11:38.929049+00:00,False,
ac4b232b-bf74-49af-bae3-eb217ceec318,45ecf092-21f1-4d3c-88b7-298b912732af,f74886a6-2688-4903-92e2-b277ac3871b9,5.0,bx,48.0,240.0,2026-04-13T02:11:38.929049+00:00,False,
7eda98b8-9198-483b-b9ef-4e012a9074ce,45ecf092-21f1-4d3c-88b7-298b912732af,e662ef45-6aed-4a2e-ab16-cead317ac5b0,200.0,ea,0.35,70.0,2026-04-13T02:11:38.929049+00:00,False,
eeccd5c5-7bee-455a-ab30-28f2b1d516f6,56dd35cd-142d-4bea-a264-75281c98081b,e662ef45-6aed-4a2e-ab16-cead317ac5b0,100.0,ea,0.35,35.0,2026-04-13T02:11:47.346986+00:00,False,
bcc1b1e1-c927-4c9d-9dcf-428b6120e7d2,56dd35cd-142d-4bea-a264-75281c98081b,c60051a9-4d42-4198-bd08-b24181a2481d,1.0,sm,6.0,6.0,2026-04-13T02:11:47.346986+00:00,False,
0b9d7cba-43e1-46b5-be5b-576325627d61,8329b20d-2e6d-40bb-9032-926030ee3170,e662ef45-6aed-4a2e-ab16-cead317ac5b0,400.0,ea,0.35,140.0,2026-04-13T02:11:47.492224+00:00,False,
8162a55d-395e-429b-97bd-112177051f7f,8329b20d-2e6d-40bb-9032-926030ee3170,1112445f-aba5-4629-b399-08d2c0baf4f8,0.5,lg,20.0,10.0,2026-04-13T02:11:47.492224+00:00,False,
3665ac41-b982-4747-9a30-b1eb34e62a6a,8329b20d-2e6d-40bb-9032-926030ee3170,0c7cb9cf-e1ea-4476-ae2c-972475824bcb,1.0,lg,20.0,20.0,2026-04-13T02:11:47.492224+00:00,False,
5279977c-e7cc-4414-871c-d801d385ee11,8329b20d-2e6d-40bb-9032-926030ee3170,56f75098-ef8d-4fde-86e8-fbfa21bd8964,4.0,lg,20.0,80.0,2026-04-13T02:11:47.492224+00:00,False,
758f7db2-5177-4cc0-8078-66351a270c07,8329b20d-2e6d-40bb-9032-926030ee3170,ff117f7e-e829-4c9b-94be-583211e2b8eb,1.0,sm,15.0,15.0,2026-04-13T02:11:47.492224+00:00,False,
3a31ad12-3530-4bfd-9a8f-bdd57bda0441,8329b20d-2e6d-40bb-9032-926030ee3170,b90584d8-fc78-420b-91e1-490117cd30cd,1.0,sm,6.0,6.0,2026-04-13T02:11:47.492224+00:00,False,
4207ea67-12ed-41c6-9ac7-4a082131c9cf,8329b20d-2e6d-40bb-9032-926030ee3170,89deecdc-4aaf-4b43-9716-bc54563a3e98,2.0,lg,20.0,40.0,2026-04-13T02:11:47.492224+00:00,False,
c034dc8c-00b8-4b1d-bbd2-cad3acaa0153,8329b20d-2e6d-40bb-9032-926030ee3170,f0c608fc-95ab-4c48-a3ba-877a7937f660,1.0,lg,12.0,12.0,2026-04-13T02:11:47.492224+00:00,False,
0580eb91-54c5-4035-b655-2ee569562bc1,6018185e-0187-4a56-9f93-a23200cf7c48,e662ef45-6aed-4a2e-ab16-cead317ac5b0,100.0,ea,0.35,35.0,2026-04-13T02:11:47.638702+00:00,False,
5e1b3d4e-6855-41e2-90b7-b76b21fe885c,6018185e-0187-4a56-9f93-a23200cf7c48,27133740-8739-4086-b026-370f41fedf92,0.5,lg,20.0,10.0,2026-04-13T02:11:47.638702+00:00,False,
4fa7f071-129d-4581-a49b-2bf6ad9071da,6018185e-0187-4a56-9f93-a23200cf7c48,7ccef569-6034-454f-bc79-4368995ec492,1.0,lg,15.0,15.0,2026-04-13T02:11:47.638702+00:00,False,
4fa6ef34-c635-4622-b1f0-47a4e9ee16c6,6018185e-0187-4a56-9f93-a23200cf7c48,cbf76c50-2ebd-4fee-a8a3-0eab9d8366ee,1.0,lg,12.0,12.0,2026-04-13T02:11:47.638702+00:00,False,
691472bb-b612-4560-a329-11a4f890e297,6018185e-0187-4a56-9f93-a23200cf7c48,b0017451-3a96-49f3-9e48-ea4ef19383bf,40.0,ea,0.2,8.0,2026-04-13T02:11:47.638702+00:00,False,
bd474b4e-b1e2-457e-a83b-f9cedf63f436,aeebf288-c8fc-46ea-a3b6-6d6730aba039,e662ef45-6aed-4a2e-ab16-cead317ac5b0,150.0,ea,0.35,52.5,2026-04-13T02:11:47.842323+00:00,False,
c79c5add-eadb-48c9-9b4f-d4831f89ac6e,aeebf288-c8fc-46ea-a3b6-6d6730aba039,b0017451-3a96-49f3-9e48-ea4ef19383bf,40.0,ea,0.2,8.0,2026-04-13T02:11:47.842323+00:00,False,
7a7b6b09-182b-4e5b-beee-14eefeaa1979,aeebf288-c8fc-46ea-a3b6-6d6730aba039,89deecdc-4aaf-4b43-9716-bc54563a3e98,3.0,lg,20.0,60.0,2026-04-13T02:11:47.842323+00:00,False,
0810bb8e-96b3-485b-a9d0-e7f2c4c545f9,aeebf288-c8fc-46ea-a3b6-6d6730aba039,c60051a9-4d42-4198-bd08-b24181a2481d,1.0,sm,6.0,6.0,2026-04-13T02:11:47.842323+00:00,False,
570cdf0f-a81d-4fb3-b5a3-4137b64fce2b,aeebf288-c8fc-46ea-a3b6-6d6730aba039,f14e1eaa-9677-4120-b8b5-37209f399915,1.0,lg,30.0,30.0,2026-04-13T02:11:47.842323+00:00,False,
e39fc5ac-9356-4e59-9a4a-d70e8201c699,ad272f69-edfb-4445-9b2a-bcaa27339d76,6a383d81-af24-4d74-a14e-ec5dd8b4653d,2.0,lg,15.0,30.0,2026-04-13T02:11:48.081285+00:00,False,
0a8658ea-1f73-4d0e-a338-1b274367512d,ad272f69-edfb-4445-9b2a-bcaa27339d76,56f75098-ef8d-4fde-86e8-fbfa21bd8964,2.0,lg,20.0,40.0,2026-04-13T02:11:48.081285+00:00,False,
c2b50d73-1a20-4a52-8ba5-3a8717dcc3d5,ad272f69-edfb-4445-9b2a-bcaa27339d76,b90584d8-fc78-420b-91e1-490117cd30cd,2.0,sm,6.0,12.0,2026-04-13T02:11:48.081285+00:00,False,
4fc7b456-50a8-4456-a5ba-eb7229ab73ac,ad272f69-edfb-4445-9b2a-bcaa27339d76,e662ef45-6aed-4a2e-ab16-cead317ac5b0,100.0,ea,0.35,35.0,2026-04-13T02:11:48.081285+00:00,False,
b2e33fdd-b2f0-40d7-a6c7-fa563ea36b01,ad272f69-edfb-4445-9b2a-bcaa27339d76,89deecdc-4aaf-4b43-9716-bc54563a3e98,4.0,lg,20.0,80.0,2026-04-13T02:11:48.081285+00:00,False,
53aa18cc-7ba7-4041-94af-7f3ecc7c5509,ad272f69-edfb-4445-9b2a-bcaa27339d76,1312210e-9cd8-4bac-96a8-11da91414ca2,5.0,lbs,25.0,125.0,2026-04-13T02:11:48.081285+00:00,False,
2c46f2be-f77a-49dd-813f-5658ac0eb86a,ad272f69-edfb-4445-9b2a-bcaa27339d76,c3573a8c-ee80-4e96-90b2-faedf186756a,2.0,bx,20.0,40.0,2026-04-13T02:11:48.081285+00:00,False,
d482a00b-99e0-41b2-acb5-a9051f14e146,ad272f69-edfb-4445-9b2a-bcaa27339d76,ad510ff3-14e5-40fa-b454-26ebc4bf299c,10.0,lg,15.0,150.0,2026-04-13T02:11:48.081285+00:00,False,
e3dfc1c7-3748-4d1e-9255-9220bc6f58d6,ad272f69-edfb-4445-9b2a-bcaa27339d76,f14e1eaa-9677-4120-b8b5-37209f399915,2.0,lg,30.0,60.0,2026-04-13T02:11:48.081285+00:00,False,
5c853f1a-ed8f-45b0-9c57-d8038f9557b3,5df6077a-78c4-4a8d-8e9e-80acd2bd88df,e662ef45-6aed-4a2e-ab16-cead317ac5b0,300.0,ea,0.35,105.0,2026-04-13T02:11:48.23941+00:00,False,
bd26a18b-67f1-4c5e-902a-9fe62b8c44af,5df6077a-78c4-4a8d-8e9e-80acd2bd88df,e662ef45-6aed-4a2e-ab16-cead317ac5b0,50.0,ea,0.35,17.5,2026-04-13T02:11:48.23941+00:00,False,
7e25b3bd-4bb5-4621-b81e-478f6b92dca9,5df6077a-78c4-4a8d-8e9e-80acd2bd88df,56f75098-ef8d-4fde-86e8-fbfa21bd8964,2.0,lg,20.0,40.0,2026-04-13T02:11:48.23941+00:00,False,
b6a0fd11-0d98-42b3-b46c-26eae5575326,5df6077a-78c4-4a8d-8e9e-80acd2bd88df,44bdbde8-576d-4d7f-b668-d2f2bf72fb2e,1.0,lg,15.0,15.0,2026-04-13T02:11:48.23941+00:00,False,
67b5b903-69ee-4b11-91cd-1f0e157a452c,5df6077a-78c4-4a8d-8e9e-80acd2bd88df,b90584d8-fc78-420b-91e1-490117cd30cd,1.0,sm,6.0,6.0,2026-04-13T02:11:48.23941+00:00,False,
28c54df9-a292-4cae-9d8e-c3993d5ab873,5df6077a-78c4-4a8d-8e9e-80acd2bd88df,89deecdc-4aaf-4b43-9716-bc54563a3e98,1.0,lg,20.0,20.0,2026-04-13T02:11:48.23941+00:00,False,
2f15536c-b22d-4432-ab70-b89a1e827d53,3be47f9b-71a9-426e-afc9-4a8741466785,6a383d81-af24-4d74-a14e-ec5dd8b4653d,1.0,lg,15.0,15.0,2026-04-13T02:11:48.383384+00:00,False,
47ba6feb-9db8-479f-9df4-746a1cada479,3be47f9b-71a9-426e-afc9-4a8741466785,5da6dc1f-43a1-4182-bea0-4d1036c97b6d,1.0,lg,20.0,20.0,2026-04-13T02:11:48.383384+00:00,False,
597f66d6-19b2-4e64-abac-1c8915176602,6704e981-4706-4704-911d-2ae8dd85def3,8fe53475-a2ce-4dd6-802b-19151fab1430,11.0,lbs,1.25,13.75,2026-04-13T02:11:40.074049+00:00,False,
112d08ff-d4b2-458c-954d-f1e089fc0248,5bca443a-2309-47b3-8c1a-e04ebdef3b60,ff117f7e-e829-4c9b-94be-583211e2b8eb,1.0,sm,15.0,15.0,2026-04-13T02:11:40.233438+00:00,False,
e71c9213-cdec-4bc6-9679-936526b40c07,5bca443a-2309-47b3-8c1a-e04ebdef3b60,e662ef45-6aed-4a2e-ab16-cead317ac5b0,120.0,ea,0.35,42.0,2026-04-13T02:11:40.233438+00:00,False,
4a899707-469a-4100-a350-43c020e957e4,5bca443a-2309-47b3-8c1a-e04ebdef3b60,d00c8ebc-9fbe-4581-9e90-068368dde389,12.0,lbs,5.0,60.0,2026-04-13T02:11:40.233438+00:00,False,
2d1f8f28-4091-4eaa-8fc3-2ad043c81286,5bca443a-2309-47b3-8c1a-e04ebdef3b60,953a114e-45a0-47ca-8ac0-c0e188cd65c2,1.0,lg,15.0,15.0,2026-04-13T02:11:40.233438+00:00,False,
16ef0676-c8b8-4d2c-809e-50464da4561c,5bca443a-2309-47b3-8c1a-e04ebdef3b60,4fd2406d-0cce-4013-9585-72c23407ceae,50.0,lbs,4.99,249.5,2026-04-13T02:11:40.233438+00:00,False,
0080adba-6001-4775-a85a-efe5fa965c90,5bca443a-2309-47b3-8c1a-e04ebdef3b60,9c2ebb31-687b-428e-a2c5-a5e552f7b5cc,9.0,lbs,4.5,40.5,2026-04-13T02:11:40.233438+00:00,False,
a5c96ca9-e98b-49ab-9043-eb60a72d14b3,985d9897-136a-49af-a0bb-d3788606164a,c6fdc2be-53bd-4c2a-8a6f-665e612aa3b5,1.0,lg,12.0,12.0,2026-04-13T02:11:40.382409+00:00,False,
0cbdad42-bc15-4ae6-84c7-356e2a5e24c7,985d9897-136a-49af-a0bb-d3788606164a,e662ef45-6aed-4a2e-ab16-cead317ac5b0,100.0,ea,0.35,35.0,2026-04-13T02:11:40.382409+00:00,False,
31f7cce4-7fa6-4f19-a59e-dc15f970c1ae,985d9897-136a-49af-a0bb-d3788606164a,0a36520c-f191-437c-9745-c85a53861102,1.0,lg,10.0,10.0,2026-04-13T02:11:40.382409+00:00,False,
3b9ce076-9770-4e73-b47c-448740895678,985d9897-136a-49af-a0bb-d3788606164a,e3ec98c5-fd0d-4087-ae6f-8b84410a0199,8.0,lbs,6.0,48.0,2026-04-13T02:11:40.382409+00:00,False,
94927125-fc25-432b-babe-66b8cbebaf62,985d9897-136a-49af-a0bb-d3788606164a,1312210e-9cd8-4bac-96a8-11da91414ca2,1.0,lbs,25.0,25.0,2026-04-13T02:11:40.382409+00:00,False,
a5c18c87-7ca0-4fdc-be9d-a8e103a3f225,6ee55959-1f9a-4d12-8163-eb7b587af43f,e3ec98c5-fd0d-4087-ae6f-8b84410a0199,15.0,lbs,6.0,90.0,2026-04-13T02:11:40.542101+00:00,False,
ebb64958-90e3-433a-b766-7df8f3b49e9e,6ee55959-1f9a-4d12-8163-eb7b587af43f,953a114e-45a0-47ca-8ac0-c0e188cd65c2,2.0,lg,15.0,30.0,2026-04-13T02:11:40.542101+00:00,False,
fd45d90b-75cd-4951-8d41-2ef5034e3231,6ee55959-1f9a-4d12-8163-eb7b587af43f,d00c8ebc-9fbe-4581-9e90-068368dde389,10.0,lbs,5.0,50.0,2026-04-13T02:11:40.542101+00:00,False,
4bda3411-d474-4dad-8e08-b33c99a8cccc,6ee55959-1f9a-4d12-8163-eb7b587af43f,f14e1eaa-9677-4120-b8b5-37209f399915,1.0,lg,30.0,30.0,2026-04-13T02:11:40.542101+00:00,False,
9317ae36-d5b2-48da-b364-b7ce3efbf309,6ee55959-1f9a-4d12-8163-eb7b587af43f,e662ef45-6aed-4a2e-ab16-cead317ac5b0,150.0,ea,0.35,52.5,2026-04-13T02:11:40.542101+00:00,False,
726c51b5-7d46-468e-b806-0505d79e0be9,6ee55959-1f9a-4d12-8163-eb7b587af43f,e662ef45-6aed-4a2e-ab16-cead317ac5b0,100.0,ea,0.35,35.0,2026-04-13T02:11:40.542101+00:00,False,
0bdde1fb-0291-4aa5-a8f7-85203b7f9fd0,6ee55959-1f9a-4d12-8163-eb7b587af43f,c6fdc2be-53bd-4c2a-8a6f-665e612aa3b5,1.0,lg,12.0,12.0,2026-04-13T02:11:40.542101+00:00,False,
ff9875fa-7ecf-43d7-8f13-c9f548d758aa,6ee55959-1f9a-4d12-8163-eb7b587af43f,a65f4504-ba08-4da1-82ee-339201545673,1.0,sm,10.0,10.0,2026-04-13T02:11:40.542101+00:00,False,
0cf0ac30-2fae-4ee7-b161-9b6cebb0d199,6ee55959-1f9a-4d12-8163-eb7b587af43f,cb8885fa-21df-4a06-9dcc-911e9c6c474d,1.0,sm,15.0,15.0,2026-04-13T02:11:40.542101+00:00,False,
434f8fe1-6271-46e8-a1e2-f7b5d123de07,6ee55959-1f9a-4d12-8163-eb7b587af43f,0a36520c-f191-437c-9745-c85a53861102,1.0,lg,10.0,10.0,2026-04-13T02:11:40.542101+00:00,False,
0d7eff95-76bc-49aa-af67-fdd6bae53048,6ee55959-1f9a-4d12-8163-eb7b587af43f,ff117f7e-e829-4c9b-94be-583211e2b8eb,1.0,sm,15.0,15.0,2026-04-13T02:11:40.542101+00:00,False,
30988e3c-9829-4aa3-8ebb-50e35099bbbd,6ee55959-1f9a-4d12-8163-eb7b587af43f,f0c608fc-95ab-4c48-a3ba-877a7937f660,1.0,lg,12.0,12.0,2026-04-13T02:11:40.542101+00:00,False,
299932f1-5d55-430c-83f8-f71f5131da2b,6ee55959-1f9a-4d12-8163-eb7b587af43f,d399f7cb-cd56-4360-9e60-ccab8382fb61,1.0,lg,15.0,15.0,2026-04-13T02:11:40.542101+00:00,False,
c68816a1-7886-4401-8851-9b18eebcf121,6ee55959-1f9a-4d12-8163-eb7b587af43f,cbf76c50-2ebd-4fee-a8a3-0eab9d8366ee,1.0,lg,12.0,12.0,2026-04-13T02:11:40.542101+00:00,False,
60f43565-eafb-4098-abcd-cc7ea3dca867,6ee55959-1f9a-4d12-8163-eb7b587af43f,511d5694-6147-4322-960a-eb6e5cd1e291,21.0,lbs,4.0,84.0,2026-04-13T02:11:40.542101+00:00,False,
d300fad0-5b41-4bbd-bb94-7f02d16edefa,42cad233-75b8-400e-876b-9b66cc450afb,e3ec98c5-fd0d-4087-ae6f-8b84410a0199,2.0,lbs,6.0,12.0,2026-04-13T02:11:40.693797+00:00,False,
8827f499-73a2-4606-be7e-24502f09fd05,42cad233-75b8-400e-876b-9b66cc450afb,953a114e-45a0-47ca-8ac0-c0e188cd65c2,2.0,lg,15.0,30.0,2026-04-13T02:11:40.693797+00:00,False,
fc268ea5-edde-434f-8ce4-b4c800844f70,42cad233-75b8-400e-876b-9b66cc450afb,772df8d5-6962-487a-99d2-78d6ef150e85,1.0,lg,24.0,24.0,2026-04-13T02:11:40.693797+00:00,False,
49c5b3a2-2b72-4571-9148-848e6f8e3629,42cad233-75b8-400e-876b-9b66cc450afb,9c2ebb31-687b-428e-a2c5-a5e552f7b5cc,18.0,lbs,4.5,81.0,2026-04-13T02:11:40.693797+00:00,False,
f580ee27-cc07-4bc2-b1b6-0cf34a17fb65,42cad233-75b8-400e-876b-9b66cc450afb,e662ef45-6aed-4a2e-ab16-cead317ac5b0,150.0,ea,0.35,52.5,2026-04-13T02:11:40.693797+00:00,False,
4783a0d2-03bf-44e9-8dca-5dd1f9ee98c9,42cad233-75b8-400e-876b-9b66cc450afb,e662ef45-6aed-4a2e-ab16-cead317ac5b0,100.0,ea,0.35,35.0,2026-04-13T02:11:40.693797+00:00,False,
127ad641-6c47-43ce-ad4d-e86ed476bc60,42cad233-75b8-400e-876b-9b66cc450afb,c60051a9-4d42-4198-bd08-b24181a2481d,1.0,sm,6.0,6.0,2026-04-13T02:11:40.693797+00:00,False,
a158ac59-80f7-4ed6-9012-45bcb7c9243f,42cad233-75b8-400e-876b-9b66cc450afb,c6fdc2be-53bd-4c2a-8a6f-665e612aa3b5,1.0,lg,12.0,12.0,2026-04-13T02:11:40.693797+00:00,False,
97954701-4667-4e2d-8651-7d8d68b25e22,42cad233-75b8-400e-876b-9b66cc450afb,cb8885fa-21df-4a06-9dcc-911e9c6c474d,3.0,sm,15.0,45.0,2026-04-13T02:11:40.693797+00:00,False,
26027821-4984-47c0-9aa1-2df139aa056e,42cad233-75b8-400e-876b-9b66cc450afb,309781c4-ed69-40dc-860a-712d7414d66e,1.0,lg,16.0,16.0,2026-04-13T02:11:40.693797+00:00,False,
24170f9a-235f-4da8-869a-1bef1b8081f6,42cad233-75b8-400e-876b-9b66cc450afb,f0c608fc-95ab-4c48-a3ba-877a7937f660,3.0,lg,12.0,36.0,2026-04-13T02:11:40.693797+00:00,False,
76c60b6c-10aa-4040-bb66-37fa322bb584,42cad233-75b8-400e-876b-9b66cc450afb,e3ec98c5-fd0d-4087-ae6f-8b84410a0199,10.0,lbs,6.0,60.0,2026-04-13T02:11:40.693797+00:00,False,
22da5d8d-957b-424f-88a7-0a7176cc1650,42cad233-75b8-400e-876b-9b66cc450afb,da0edabf-c611-4f36-ab53-1fd0188e5464,10.0,lbs,5.0,50.0,2026-04-13T02:11:40.693797+00:00,False,
d7c16200-5953-491d-83d9-d62a04de7275,c14aaad4-223f-4c6f-932d-a593be8115b8,f0b42ce6-df17-407c-aba5-2abb389e2662,1.0,lg,15.0,15.0,2026-04-13T02:11:40.862294+00:00,False,
d569914a-69ac-4a0e-b7a9-08fe4ecfb9b3,c14aaad4-223f-4c6f-932d-a593be8115b8,e662ef45-6aed-4a2e-ab16-cead317ac5b0,100.0,ea,0.35,35.0,2026-04-13T02:11:40.862294+00:00,False,
476c123e-ed1a-4cc4-ae73-20c3274f34ef,c14aaad4-223f-4c6f-932d-a593be8115b8,e662ef45-6aed-4a2e-ab16-cead317ac5b0,100.0,ea,0.35,35.0,2026-04-13T02:11:40.862294+00:00,False,
a75b6de4-fb18-4de9-b88a-fd43b7786726,c14aaad4-223f-4c6f-932d-a593be8115b8,1cd8cacb-9218-4990-9bbf-a2e7ce216f54,1.0,sm,12.0,12.0,2026-04-13T02:11:40.862294+00:00,False,
8e813a5d-1d69-4b0d-8dbf-84977d80c7d6,c14aaad4-223f-4c6f-932d-a593be8115b8,953a114e-45a0-47ca-8ac0-c0e188cd65c2,1.0,lg,15.0,15.0,2026-04-13T02:11:40.862294+00:00,False,
a9f6fe55-19df-49cc-8536-4687dd7a52c0,c14aaad4-223f-4c6f-932d-a593be8115b8,d00c8ebc-9fbe-4581-9e90-068368dde389,15.0,lbs,5.0,75.0,2026-04-13T02:11:40.862294+00:00,False,
32f482e0-02dc-417c-beae-112efc097b5e,c14aaad4-223f-4c6f-932d-a593be8115b8,b0017451-3a96-49f3-9e48-ea4ef19383bf,30.0,ea,0.2,6.0,2026-04-13T02:11:40.862294+00:00,False,
6dd250a9-1671-46dd-971e-2546f828f65d,c14aaad4-223f-4c6f-932d-a593be8115b8,c6fdc2be-53bd-4c2a-8a6f-665e612aa3b5,1.0,lg,12.0,12.0,2026-04-13T02:11:40.862294+00:00,False,
64c0b5cd-b695-444a-8419-2a5f6c5ce316,c14aaad4-223f-4c6f-932d-a593be8115b8,cbf76c50-2ebd-4fee-a8a3-0eab9d8366ee,2.0,lg,12.0,24.0,2026-04-13T02:11:40.862294+00:00,False,
ae5f9b8f-af2e-4600-8a4d-25c341425b52,c14aaad4-223f-4c6f-932d-a593be8115b8,0a36520c-f191-437c-9745-c85a53861102,1.0,lg,10.0,10.0,2026-04-13T02:11:40.862294+00:00,False,
9c5220e9-f629-4053-9378-46abe05288af,c14aaad4-223f-4c6f-932d-a593be8115b8,e3ec98c5-fd0d-4087-ae6f-8b84410a0199,15.0,lbs,6.0,90.0,2026-04-13T02:11:40.862294+00:00,False,
76cf5af0-2285-4b03-9937-6d6e1192effe,c14aaad4-223f-4c6f-932d-a593be8115b8,d399f7cb-cd56-4360-9e60-ccab8382fb61,1.0,lg,15.0,15.0,2026-04-13T02:11:40.862294+00:00,False,
4786f379-e87a-4f8a-962e-4182ad251d74,c14aaad4-223f-4c6f-932d-a593be8115b8,7f6dd06a-83e0-4750-b802-b1f90cefa97f,1.0,lg,20.0,20.0,2026-04-13T02:11:40.862294+00:00,False,
4de46954-a69f-4a88-81d9-50fe284641aa,c14aaad4-223f-4c6f-932d-a593be8115b8,d87652f1-bb0b-444f-ad23-97c5c4d8b7de,1.0,sm,6.0,6.0,2026-04-13T02:11:40.862294+00:00,False,
7c9693fe-2d4f-4724-9970-0edec9430110,492d4ff1-ba6b-4dca-bbab-90b8e0d4d465,1cd8cacb-9218-4990-9bbf-a2e7ce216f54,1.0,sm,12.0,12.0,2026-04-13T02:11:41.012619+00:00,False,
ca6d4dca-da6c-4be7-83d4-1b7c92370f1e,492d4ff1-ba6b-4dca-bbab-90b8e0d4d465,b78ea1c0-57d8-4155-bc7e-f9178f5c5ee1,1.0,lg,25.0,25.0,2026-04-13T02:11:41.012619+00:00,False,
7be9f155-da3a-4017-a21b-f9267f24b4b0,492d4ff1-ba6b-4dca-bbab-90b8e0d4d465,d00c8ebc-9fbe-4581-9e90-068368dde389,20.0,lbs,5.0,100.0,2026-04-13T02:11:41.012619+00:00,False,
6c9f11e9-143b-4e29-a8ff-64fe819cc0fb,492d4ff1-ba6b-4dca-bbab-90b8e0d4d465,b0017451-3a96-49f3-9e48-ea4ef19383bf,30.0,ea,0.2,6.0,2026-04-13T02:11:41.012619+00:00,False,
6bbb5a00-6b6f-48d1-b494-c23cbf9ef5f7,492d4ff1-ba6b-4dca-bbab-90b8e0d4d465,cb8885fa-21df-4a06-9dcc-911e9c6c474d,1.0,sm,15.0,15.0,2026-04-13T02:11:41.012619+00:00,False,
941c6b76-5b1d-456b-893f-5e1c4bba211f,492d4ff1-ba6b-4dca-bbab-90b8e0d4d465,e3ec98c5-fd0d-4087-ae6f-8b84410a0199,8.0,lbs,6.0,48.0,2026-04-13T02:11:41.012619+00:00,False,
e704a00c-5af0-403b-aeb9-c44823422593,492d4ff1-ba6b-4dca-bbab-90b8e0d4d465,8fe53475-a2ce-4dd6-802b-19151fab1430,10.0,lbs,1.25,12.5,2026-04-13T02:11:41.012619+00:00,False,
f11b01fd-3a7d-4b0a-abd4-3506f48f28c5,efa25c94-1dcd-4dba-9f12-6ceed0bf50e1,4acd4dc2-eb69-48a4-8f0d-dc509f93beb4,1.0,sm,12.0,12.0,2026-04-13T02:11:41.281685+00:00,False,
5715ff35-ed86-448a-a468-42dd77e7c21f,efa25c94-1dcd-4dba-9f12-6ceed0bf50e1,304ed108-096d-4022-b673-87feae1b5a1a,1.0,lg,25.0,25.0,2026-04-13T02:11:41.281685+00:00,False,
ed86a1ea-bf7b-4de4-bdd4-41fd68e329f0,efa25c94-1dcd-4dba-9f12-6ceed0bf50e1,1cd8cacb-9218-4990-9bbf-a2e7ce216f54,1.0,sm,12.0,12.0,2026-04-13T02:11:41.281685+00:00,False,
4fb74c5e-10b2-40d6-a3b1-3dbdb92af9a8,efa25c94-1dcd-4dba-9f12-6ceed0bf50e1,309781c4-ed69-40dc-860a-712d7414d66e,1.0,lg,16.0,16.0,2026-04-13T02:11:41.281685+00:00,False,
602d7b08-0d81-485d-a9b3-e2c1fc8b4efe,efa25c94-1dcd-4dba-9f12-6ceed0bf50e1,19508c8b-5f9f-4cda-bffa-d36ef4c07bc2,1.0,lg,10.0,10.0,2026-04-13T02:11:41.281685+00:00,False,
d1fc708d-5a60-4be0-8ef4-709d4c572ae6,efa25c94-1dcd-4dba-9f12-6ceed0bf50e1,5920adcc-3687-45b2-a0ad-50b17f24faef,1.0,lg,15.0,15.0,2026-04-13T02:11:41.281685+00:00,False,
680a8153-f109-4eba-a623-d4dcdc681e20,efa25c94-1dcd-4dba-9f12-6ceed0bf50e1,d00c8ebc-9fbe-4581-9e90-068368dde389,2.0,lbs,5.0,10.0,2026-04-13T02:11:41.281685+00:00,False,
0f8f066b-413b-471d-9b4a-05bf967490db,5bc9d1f6-7644-4ca0-8948-f0bea417486c,1cd8cacb-9218-4990-9bbf-a2e7ce216f54,1.0,sm,12.0,12.0,2026-04-13T02:11:41.645949+00:00,False,
7a0aff89-e896-4897-8896-3416e025c9df,5bc9d1f6-7644-4ca0-8948-f0bea417486c,942cbf39-99e6-40cd-8034-2eacf88611f2,1.0,sm,12.0,12.0,2026-04-13T02:11:41.645949+00:00,False,
a5dfeb59-5ed6-4003-958e-2c14b96e0872,5bc9d1f6-7644-4ca0-8948-f0bea417486c,953a114e-45a0-47ca-8ac0-c0e188cd65c2,3.0,lg,15.0,45.0,2026-04-13T02:11:41.645949+00:00,False,
696c6252-f354-4d68-a230-1d9d4f7eb39d,5bc9d1f6-7644-4ca0-8948-f0bea417486c,e662ef45-6aed-4a2e-ab16-cead317ac5b0,100.0,ea,0.35,35.0,2026-04-13T02:11:41.645949+00:00,False,
b13a57d3-bf0d-4e53-833d-e733e602871a,5bc9d1f6-7644-4ca0-8948-f0bea417486c,f0c608fc-95ab-4c48-a3ba-877a7937f660,1.0,lg,12.0,12.0,2026-04-13T02:11:41.645949+00:00,False,
aaa72d1f-a47a-4c81-a695-e367c83858d1,74492998-f3a3-4630-84c7-7bd225fb745d,953a114e-45a0-47ca-8ac0-c0e188cd65c2,1.0,lg,15.0,15.0,2026-04-13T02:11:41.795048+00:00,False,
6e2529d4-7533-4e0f-b541-12b2cb5345db,74492998-f3a3-4630-84c7-7bd225fb745d,942cbf39-99e6-40cd-8034-2eacf88611f2,1.0,sm,12.0,12.0,2026-04-13T02:11:41.795048+00:00,False,
9b1a33d4-6ace-4a1b-b419-ca20ca20297d,74492998-f3a3-4630-84c7-7bd225fb745d,c6fdc2be-53bd-4c2a-8a6f-665e612aa3b5,0.5,lg,12.0,6.0,2026-04-13T02:11:41.795048+00:00,False,
66ef85e1-14ab-416c-a474-cc245b3f0076,74492998-f3a3-4630-84c7-7bd225fb745d,e662ef45-6aed-4a2e-ab16-cead317ac5b0,150.0,ea,0.35,52.5,2026-04-13T02:11:41.795048+00:00,False,
b802490a-be3d-45dc-aee2-bf3eee2e3aaa,74492998-f3a3-4630-84c7-7bd225fb745d,b0017451-3a96-49f3-9e48-ea4ef19383bf,45.0,ea,0.2,9.0,2026-04-13T02:11:41.795048+00:00,False,
2dd3bd5d-9c6f-4fbb-a0de-7e978ac95303,74492998-f3a3-4630-84c7-7bd225fb745d,07facaef-e20c-417b-9419-6486f1ac9071,0.5,lg,20.0,10.0,2026-04-13T02:11:41.795048+00:00,False,
37db6462-f038-4499-be8e-6c433fb9caf1,74492998-f3a3-4630-84c7-7bd225fb745d,aa1f52af-a81a-43fc-84f2-8739dc579d52,1.0,sm,15.0,15.0,2026-04-13T02:11:41.795048+00:00,False,
f087c253-dce2-4a0a-b86d-1ceaaea188ba,74492998-f3a3-4630-84c7-7bd225fb745d,2eaadb66-8823-4457-a67a-eaed6282bc1f,1.0,sm,6.0,6.0,2026-04-13T02:11:41.795048+00:00,False,
b750bae5-8ff8-43b1-a4e1-66f67abe471d,74492998-f3a3-4630-84c7-7bd225fb745d,f0c608fc-95ab-4c48-a3ba-877a7937f660,1.0,lg,12.0,12.0,2026-04-13T02:11:41.795048+00:00,False,
ddc800f7-89c9-4bae-a292-22cfb1f2737c,74492998-f3a3-4630-84c7-7bd225fb745d,309781c4-ed69-40dc-860a-712d7414d66e,1.0,lg,16.0,16.0,2026-04-13T02:11:41.795048+00:00,False,
84fecd5c-af5c-413e-99cf-ea2ac55fe858,74492998-f3a3-4630-84c7-7bd225fb745d,ad510ff3-14e5-40fa-b454-26ebc4bf299c,1.0,lg,15.0,15.0,2026-04-13T02:11:41.795048+00:00,False,
de16ddf0-0833-4a2d-b4cd-39e0cd5be7c8,58fb5062-5a2b-4ccb-a585-911dded6df93,e662ef45-6aed-4a2e-ab16-cead317ac5b0,400.0,ea,0.35,140.0,2026-04-13T02:11:41.963756+00:00,False,
26610312-52e8-4f68-a7c0-85cb7b2afb74,58fb5062-5a2b-4ccb-a585-911dded6df93,d399f7cb-cd56-4360-9e60-ccab8382fb61,1.0,lg,15.0,15.0,2026-04-13T02:11:41.963756+00:00,False,
ea5b8e81-4785-4046-a735-8c2cff842aba,58fb5062-5a2b-4ccb-a585-911dded6df93,4acd4dc2-eb69-48a4-8f0d-dc509f93beb4,1.0,sm,12.0,12.0,2026-04-13T02:11:41.963756+00:00,False,
ebf4abdf-3673-412c-98cf-42136fa41d15,58fb5062-5a2b-4ccb-a585-911dded6df93,ad510ff3-14e5-40fa-b454-26ebc4bf299c,1.0,lg,15.0,15.0,2026-04-13T02:11:41.963756+00:00,False,
09f26f2e-4376-4d3b-9951-d764c8659702,58fb5062-5a2b-4ccb-a585-911dded6df93,0a36520c-f191-437c-9745-c85a53861102,2.0,lg,10.0,20.0,2026-04-13T02:11:41.963756+00:00,False,
af31195d-a380-42ef-af6d-df4ec81f87f1,58fb5062-5a2b-4ccb-a585-911dded6df93,96c9c583-6be1-473c-8531-e58107199fa6,10.0,lbs,4.5,45.0,2026-04-13T02:11:41.963756+00:00,False,
9cc90a05-1e50-4d06-899c-aa7c50e3d3ac,58fb5062-5a2b-4ccb-a585-911dded6df93,1cd8cacb-9218-4990-9bbf-a2e7ce216f54,1.0,sm,12.0,12.0,2026-04-13T02:11:41.963756+00:00,False,
1953e4a2-fd28-4bd0-857e-46f721afb1fc,58fb5062-5a2b-4ccb-a585-911dded6df93,942cbf39-99e6-40cd-8034-2eacf88611f2,1.0,sm,12.0,12.0,2026-04-13T02:11:41.963756+00:00,False,
cc64016b-e6c6-4f23-8dc2-14a9ca786ec4,58fb5062-5a2b-4ccb-a585-911dded6df93,304ed108-096d-4022-b673-87feae1b5a1a,1.0,lg,25.0,25.0,2026-04-13T02:11:41.963756+00:00,False,
d9582141-cee7-4713-951d-2db7b881be8b,58fb5062-5a2b-4ccb-a585-911dded6df93,f14e1eaa-9677-4120-b8b5-37209f399915,1.0,lg,30.0,30.0,2026-04-13T02:11:41.963756+00:00,False,
3d4979e5-9d18-4718-9f16-1a24f203ce37,58fb5062-5a2b-4ccb-a585-911dded6df93,ff117f7e-e829-4c9b-94be-583211e2b8eb,1.0,sm,15.0,15.0,2026-04-13T02:11:41.963756+00:00,False,
ee46ca34-654b-4742-a4d8-12d1f5aac32e,58fb5062-5a2b-4ccb-a585-911dded6df93,4fd2406d-0cce-4013-9585-72c23407ceae,10.0,lbs,4.99,49.9,2026-04-13T02:11:41.963756+00:00,False,
1a420314-fdb8-435e-86f6-ebe5997fda2a,58fb5062-5a2b-4ccb-a585-911dded6df93,f0c608fc-95ab-4c48-a3ba-877a7937f660,1.0,lg,12.0,12.0,2026-04-13T02:11:41.963756+00:00,False,
e7a98cf5-20e5-4292-b817-fb8f1848f18a,58fb5062-5a2b-4ccb-a585-911dded6df93,56f75098-ef8d-4fde-86e8-fbfa21bd8964,1.0,lg,20.0,20.0,2026-04-13T02:11:41.963756+00:00,False,
f44782ac-6562-4e71-89c4-7b7d85e6629c,58fb5062-5a2b-4ccb-a585-911dded6df93,b0017451-3a96-49f3-9e48-ea4ef19383bf,40.0,ea,0.2,8.0,2026-04-13T02:11:41.963756+00:00,False,
3a878fe7-bade-4c46-9860-c3bb18318715,58fb5062-5a2b-4ccb-a585-911dded6df93,1312210e-9cd8-4bac-96a8-11da91414ca2,5.0,lbs,25.0,125.0,2026-04-13T02:11:41.963756+00:00,False,
8961cba1-b049-4ad3-8d26-639182bbaf21,58fb5062-5a2b-4ccb-a585-911dded6df93,09dd43ee-5456-4692-9016-433d77d3b6cb,1.0,sm,15.0,15.0,2026-04-13T02:11:41.963756+00:00,False,
3545a2b3-7d42-4cc0-8d99-5e26e2b9c190,5ab84c05-78bc-4ffb-949f-9ad8645bc935,b78ea1c0-57d8-4155-bc7e-f9178f5c5ee1,1.0,lg,25.0,25.0,2026-04-13T02:11:42.12664+00:00,False,
302f8c10-40ba-4f7f-9281-d4fd15464f3c,5ab84c05-78bc-4ffb-949f-9ad8645bc935,e662ef45-6aed-4a2e-ab16-cead317ac5b0,50.0,ea,0.35,17.5,2026-04-13T02:11:42.12664+00:00,False,
108096b5-4787-417a-a383-681fb7a42821,5ab84c05-78bc-4ffb-949f-9ad8645bc935,953a114e-45a0-47ca-8ac0-c0e188cd65c2,3.0,lg,15.0,45.0,2026-04-13T02:11:42.12664+00:00,False,
a8799466-09d2-45ed-89fa-271b1a220dc5,5ab84c05-78bc-4ffb-949f-9ad8645bc935,f0c608fc-95ab-4c48-a3ba-877a7937f660,1.0,lg,12.0,12.0,2026-04-13T02:11:42.12664+00:00,False,
fdc16349-8528-4e49-91f9-c8740f7f3160,5ab84c05-78bc-4ffb-949f-9ad8645bc935,56f75098-ef8d-4fde-86e8-fbfa21bd8964,1.0,lg,20.0,20.0,2026-04-13T02:11:42.12664+00:00,False,
06973817-8614-4eea-97bf-1d5fd7f4a6b5,5ab84c05-78bc-4ffb-949f-9ad8645bc935,1cd8cacb-9218-4990-9bbf-a2e7ce216f54,1.0,sm,12.0,12.0,2026-04-13T02:11:42.12664+00:00,False,
9d2b1352-5ecc-4da4-8e9a-65b76ae7b3f0,5ab84c05-78bc-4ffb-949f-9ad8645bc935,a65f4504-ba08-4da1-82ee-339201545673,1.0,sm,10.0,10.0,2026-04-13T02:11:42.12664+00:00,False,
d4cab122-08c8-4b93-855f-9ce409cda233,0fd5c066-cc6b-4443-b0df-aaabe65d9c0e,309781c4-ed69-40dc-860a-712d7414d66e,1.0,lg,16.0,16.0,2026-04-13T02:11:42.336982+00:00,False,
4e928c7d-8c98-4409-95ff-191edafba101,0fd5c066-cc6b-4443-b0df-aaabe65d9c0e,1cd8cacb-9218-4990-9bbf-a2e7ce216f54,1.0,sm,12.0,12.0,2026-04-13T02:11:42.336982+00:00,False,
18dbf474-f3f3-4fb0-8c75-dd1fc42caca8,0fd5c066-cc6b-4443-b0df-aaabe65d9c0e,b66e80d0-7f23-44ac-a6d3-5db4212284e6,1.0,lg,15.0,15.0,2026-04-13T02:11:42.336982+00:00,False,
90ab896c-1cb5-40c7-ac86-40f399105659,0fd5c066-cc6b-4443-b0df-aaabe65d9c0e,e662ef45-6aed-4a2e-ab16-cead317ac5b0,150.0,ea,0.35,52.5,2026-04-13T02:11:42.336982+00:00,False,
3a2280b5-be2b-41dc-afa6-aaa3188c5ad8,92184854-2a28-458f-9a3f-38478c32c46e,e662ef45-6aed-4a2e-ab16-cead317ac5b0,150.0,ea,0.35,52.5,2026-04-13T02:11:42.629364+00:00,False,
5b1ea6a7-0049-4ab8-89f1-487fa314c7cc,235d1027-1a76-4ec2-a098-a0d522096acf,c6fdc2be-53bd-4c2a-8a6f-665e612aa3b5,0.5,lg,12.0,6.0,2026-04-13T02:11:42.815914+00:00,False,
3fd3cddd-3e11-4c92-93bc-924db885e764,235d1027-1a76-4ec2-a098-a0d522096acf,b66e80d0-7f23-44ac-a6d3-5db4212284e6,1.0,lg,15.0,15.0,2026-04-13T02:11:42.815914+00:00,False,
398b885e-45f1-461a-9fed-746aedb403e0,235d1027-1a76-4ec2-a098-a0d522096acf,f0c608fc-95ab-4c48-a3ba-877a7937f660,1.0,lg,12.0,12.0,2026-04-13T02:11:42.815914+00:00,False,
6c8d38f7-2e0f-4d61-a1cc-65f4ea6da7be,235d1027-1a76-4ec2-a098-a0d522096acf,e662ef45-6aed-4a2e-ab16-cead317ac5b0,200.0,ea,0.35,70.0,2026-04-13T02:11:42.815914+00:00,False,
b92c80bf-27b3-44e4-817c-3c64319c526f,235d1027-1a76-4ec2-a098-a0d522096acf,511d5694-6147-4322-960a-eb6e5cd1e291,50.0,lbs,4.0,200.0,2026-04-13T02:11:42.815914+00:00,False,
dae2ae48-bf2e-4982-a8f9-e2abcf724994,235d1027-1a76-4ec2-a098-a0d522096acf,942cbf39-99e6-40cd-8034-2eacf88611f2,1.0,sm,12.0,12.0,2026-04-13T02:11:42.815914+00:00,False,
26d72e37-99d5-4575-9b4e-3ce56081ac9a,235d1027-1a76-4ec2-a098-a0d522096acf,9b9060f3-6432-46c9-a091-a3d8e9560bb2,1.0,lg,20.0,20.0,2026-04-13T02:11:42.815914+00:00,False,
b5511d88-e0bf-4e20-91b2-044f48786940,235d1027-1a76-4ec2-a098-a0d522096acf,aa1f52af-a81a-43fc-84f2-8739dc579d52,1.0,sm,15.0,15.0,2026-04-13T02:11:42.815914+00:00,False,
8f44f903-e5a8-4591-b710-db7f9b60b7e4,235d1027-1a76-4ec2-a098-a0d522096acf,f14e1eaa-9677-4120-b8b5-37209f399915,1.0,lg,30.0,30.0,2026-04-13T02:11:42.815914+00:00,False,
7c04a8fd-4869-4443-b184-91ada3b4b9d5,235d1027-1a76-4ec2-a098-a0d522096acf,0a36520c-f191-437c-9745-c85a53861102,1.0,lg,10.0,10.0,2026-04-13T02:11:42.815914+00:00,False,
56ffa704-8548-4ef3-98f8-b31073fb978f,4f140965-0cfe-47f4-ade2-c72d52e21674,0a36520c-f191-437c-9745-c85a53861102,1.0,lg,10.0,10.0,2026-04-13T02:11:42.960488+00:00,False,
0ccbc28f-a217-4ab4-a448-d5d61e36e3e4,4f140965-0cfe-47f4-ade2-c72d52e21674,e662ef45-6aed-4a2e-ab16-cead317ac5b0,220.0,ea,0.35,77.0,2026-04-13T02:11:42.960488+00:00,False,
c208f3ac-cc5d-41ee-9357-fca8bf401496,4f140965-0cfe-47f4-ade2-c72d52e21674,56f75098-ef8d-4fde-86e8-fbfa21bd8964,1.0,lg,20.0,20.0,2026-04-13T02:11:42.960488+00:00,False,
a3e6ec65-789e-45b9-8dca-7c79859d678a,4f140965-0cfe-47f4-ade2-c72d52e21674,f0c608fc-95ab-4c48-a3ba-877a7937f660,1.0,lg,12.0,12.0,2026-04-13T02:11:42.960488+00:00,False,
6dc97643-a8ce-4b93-9279-f2ec0eeccd04,4f140965-0cfe-47f4-ade2-c72d52e21674,b78ea1c0-57d8-4155-bc7e-f9178f5c5ee1,0.5,lg,25.0,12.5,2026-04-13T02:11:42.960488+00:00,False,
59d6a113-97e3-4f9a-8d32-0f838b9c1aaa,4f140965-0cfe-47f4-ade2-c72d52e21674,b0017451-3a96-49f3-9e48-ea4ef19383bf,45.0,ea,0.2,9.0,2026-04-13T02:11:42.960488+00:00,False,
74da115e-5828-4837-a421-5b818a8d2e80,4f140965-0cfe-47f4-ade2-c72d52e21674,1cd8cacb-9218-4990-9bbf-a2e7ce216f54,1.0,sm,12.0,12.0,2026-04-13T02:11:42.960488+00:00,False,
022598df-e1c9-4b88-8e0a-964fc5eea3df,4f140965-0cfe-47f4-ade2-c72d52e21674,942cbf39-99e6-40cd-8034-2eacf88611f2,1.0,sm,12.0,12.0,2026-04-13T02:11:42.960488+00:00,False,
14f57b4c-ae43-4688-b226-06c2fd95d94a,4f140965-0cfe-47f4-ade2-c72d52e21674,a65f4504-ba08-4da1-82ee-339201545673,1.0,sm,10.0,10.0,2026-04-13T02:11:42.960488+00:00,False,
d5e4cd8b-be70-477e-aa36-dc0153627196,4f140965-0cfe-47f4-ade2-c72d52e21674,1112445f-aba5-4629-b399-08d2c0baf4f8,0.5,lg,20.0,10.0,2026-04-13T02:11:42.960488+00:00,False,
80fba618-2544-405a-b8db-cf0d0bb1e021,4f140965-0cfe-47f4-ade2-c72d52e21674,66056ffe-bed5-4f29-9efc-b3451224d474,6.0,sm,15.0,90.0,2026-04-13T02:11:42.960488+00:00,False,
a77eb4c3-83b8-473a-b561-c1ac173338be,4f140965-0cfe-47f4-ade2-c72d52e21674,953a114e-45a0-47ca-8ac0-c0e188cd65c2,4.0,lg,15.0,60.0,2026-04-13T02:11:42.960488+00:00,False,
9cbe7049-082a-41df-9019-5bc777c10b7a,4f140965-0cfe-47f4-ade2-c72d52e21674,b0c6ac67-3d61-415c-8d9a-8683b6ea618d,0.5,lbs,8.0,4.0,2026-04-13T02:11:42.960488+00:00,False,
48935bfa-64d1-4706-be37-d1a245fa5d99,4f140965-0cfe-47f4-ade2-c72d52e21674,cbf76c50-2ebd-4fee-a8a3-0eab9d8366ee,1.0,lg,12.0,12.0,2026-04-13T02:11:42.960488+00:00,False,
78f2a709-3108-4789-b516-32122addc5df,daa7f64c-4105-4e58-bfb7-aad8884a151d,1cd8cacb-9218-4990-9bbf-a2e7ce216f54,2.0,sm,12.0,24.0,2026-04-13T02:11:43.115682+00:00,False,
e1979571-11ae-446d-921d-47cd3b2eb877,daa7f64c-4105-4e58-bfb7-aad8884a151d,942cbf39-99e6-40cd-8034-2eacf88611f2,2.0,sm,12.0,24.0,2026-04-13T02:11:43.115682+00:00,False,
41b09fdf-2b5d-466a-a4eb-629ce92b8563,daa7f64c-4105-4e58-bfb7-aad8884a151d,6f6dcd58-46f9-4796-8b12-f65aeb26ab1e,2.0,sm,6.0,12.0,2026-04-13T02:11:43.115682+00:00,False,
cad4b3d7-1bdc-43bf-b82c-a9678c602a60,daa7f64c-4105-4e58-bfb7-aad8884a151d,953a114e-45a0-47ca-8ac0-c0e188cd65c2,2.0,lg,15.0,30.0,2026-04-13T02:11:43.115682+00:00,False,
f676a39c-49d5-4a2e-a41c-fcd44cf4d465,daa7f64c-4105-4e58-bfb7-aad8884a151d,a65f4504-ba08-4da1-82ee-339201545673,1.0,sm,10.0,10.0,2026-04-13T02:11:43.115682+00:00,False,
df50817b-e183-47b7-9593-c394ded5bb6d,daa7f64c-4105-4e58-bfb7-aad8884a151d,d399f7cb-cd56-4360-9e60-ccab8382fb61,2.0,lg,15.0,30.0,2026-04-13T02:11:43.115682+00:00,False,
bcafc8f6-d799-4950-bc95-7e9efa22f562,daa7f64c-4105-4e58-bfb7-aad8884a151d,b90584d8-fc78-420b-91e1-490117cd30cd,2.0,sm,6.0,12.0,2026-04-13T02:11:43.115682+00:00,False,
a88a289d-43f1-4ade-bcf2-343bc424a6de,daa7f64c-4105-4e58-bfb7-aad8884a151d,4acd4dc2-eb69-48a4-8f0d-dc509f93beb4,1.0,sm,12.0,12.0,2026-04-13T02:11:43.115682+00:00,False,
18d865e8-68de-4cce-a324-e1a547acf738,daa7f64c-4105-4e58-bfb7-aad8884a151d,e662ef45-6aed-4a2e-ab16-cead317ac5b0,200.0,ea,0.35,70.0,2026-04-13T02:11:43.115682+00:00,False,
840d4215-04ed-47f6-91f3-14008e4f3288,daa7f64c-4105-4e58-bfb7-aad8884a151d,f14e1eaa-9677-4120-b8b5-37209f399915,1.0,lg,30.0,30.0,2026-04-13T02:11:43.115682+00:00,False,
afc04db9-b894-4d35-9792-69a99940d811,daa7f64c-4105-4e58-bfb7-aad8884a151d,2eaadb66-8823-4457-a67a-eaed6282bc1f,1.0,sm,6.0,6.0,2026-04-13T02:11:43.115682+00:00,False,
4be4ec5a-85e8-4812-ac8f-d2656328f5ac,daa7f64c-4105-4e58-bfb7-aad8884a151d,cb8885fa-21df-4a06-9dcc-911e9c6c474d,2.0,sm,15.0,30.0,2026-04-13T02:11:43.115682+00:00,False,
4757c440-bf94-4b3d-90c0-f4b22581703a,daa7f64c-4105-4e58-bfb7-aad8884a151d,304ed108-096d-4022-b673-87feae1b5a1a,1.0,lg,25.0,25.0,2026-04-13T02:11:43.115682+00:00,False,
3bc0d012-489b-4c04-a8bc-35e07fa8f5c6,5931992a-0e36-4566-b47e-87d555c51517,b90584d8-fc78-420b-91e1-490117cd30cd,2.0,sm,6.0,12.0,2026-04-13T02:11:43.265424+00:00,False,
35f4adaa-069a-4d23-bee4-864b1e0e6333,5931992a-0e36-4566-b47e-87d555c51517,309781c4-ed69-40dc-860a-712d7414d66e,1.0,lg,16.0,16.0,2026-04-13T02:11:43.265424+00:00,False,
e414081f-cc38-46ba-b7d2-e0a2d0b36679,5931992a-0e36-4566-b47e-87d555c51517,0a36520c-f191-437c-9745-c85a53861102,1.0,lg,10.0,10.0,2026-04-13T02:11:43.265424+00:00,False,
40286b0f-4520-4332-99b1-aede06c5695f,5931992a-0e36-4566-b47e-87d555c51517,1cd8cacb-9218-4990-9bbf-a2e7ce216f54,1.0,sm,12.0,12.0,2026-04-13T02:11:43.265424+00:00,False,
145b269c-4374-416c-bc1a-16c9e3315caa,5931992a-0e36-4566-b47e-87d555c51517,a65f4504-ba08-4da1-82ee-339201545673,1.0,sm,10.0,10.0,2026-04-13T02:11:43.265424+00:00,False,
2c66cdb3-158a-4cc8-aff0-6629e6680edb,5931992a-0e36-4566-b47e-87d555c51517,e662ef45-6aed-4a2e-ab16-cead317ac5b0,250.0,ea,0.35,87.5,2026-04-13T02:11:43.265424+00:00,False,
db4b8e49-9a38-432b-a3ea-08df0792afda,5931992a-0e36-4566-b47e-87d555c51517,c6fdc2be-53bd-4c2a-8a6f-665e612aa3b5,0.5,lg,12.0,6.0,2026-04-13T02:11:43.265424+00:00,False,
d97724be-b742-42f9-ae6f-ab350c6ce479,5931992a-0e36-4566-b47e-87d555c51517,ad510ff3-14e5-40fa-b454-26ebc4bf299c,1.0,lg,15.0,15.0,2026-04-13T02:11:43.265424+00:00,False,
fa18b9b1-dfce-41ea-90dc-18029711bf78,5931992a-0e36-4566-b47e-87d555c51517,66732b90-15ff-4bb5-a9d8-b84ac997d183,4.0,lg,25.0,100.0,2026-04-13T02:11:43.265424+00:00,False,
e7506457-df59-4e56-b3ea-6fd3af408fee,5931992a-0e36-4566-b47e-87d555c51517,07facaef-e20c-417b-9419-6486f1ac9071,1.0,lg,20.0,20.0,2026-04-13T02:11:43.265424+00:00,False,
31b3e3e2-47c6-47ed-8857-c99d16d2caf9,5931992a-0e36-4566-b47e-87d555c51517,66056ffe-bed5-4f29-9efc-b3451224d474,1.0,sm,15.0,15.0,2026-04-13T02:11:43.265424+00:00,False,
3fd6d4d5-1e70-4b9d-b5a7-7d96c3fd414d,5931992a-0e36-4566-b47e-87d555c51517,0a36520c-f191-437c-9745-c85a53861102,1.0,lg,10.0,10.0,2026-04-13T02:11:43.265424+00:00,False,
d0d79fd4-1ecc-4681-9198-18b2fc663da8,5931992a-0e36-4566-b47e-87d555c51517,b0017451-3a96-49f3-9e48-ea4ef19383bf,45.0,ea,0.2,9.0,2026-04-13T02:11:43.265424+00:00,False,
ebf9f6e2-aebc-4531-9205-d966b2fc14bf,5931992a-0e36-4566-b47e-87d555c51517,29686763-0ead-43f0-9d3a-59f2ccfb2477,2.0,lbs,6.0,12.0,2026-04-13T02:11:43.265424+00:00,False,
d8422261-0434-4a44-855f-0588a91ae0ae,c0f8315b-09ca-4fff-b043-bbddbcc520e4,953a114e-45a0-47ca-8ac0-c0e188cd65c2,1.0,lg,15.0,15.0,2026-04-13T02:11:43.41672+00:00,False,
0f4d0149-29c7-482f-8f65-8043beb5ebe2,c0f8315b-09ca-4fff-b043-bbddbcc520e4,b90584d8-fc78-420b-91e1-490117cd30cd,1.0,sm,6.0,6.0,2026-04-13T02:11:43.41672+00:00,False,
ce16ad73-c88b-451c-a6d4-8c9e1f80dbe9,c0f8315b-09ca-4fff-b043-bbddbcc520e4,07facaef-e20c-417b-9419-6486f1ac9071,1.0,lg,20.0,20.0,2026-04-13T02:11:43.41672+00:00,False,
dad6c298-39a6-45a8-b507-4a393814f0c8,c0f8315b-09ca-4fff-b043-bbddbcc520e4,e662ef45-6aed-4a2e-ab16-cead317ac5b0,100.0,ea,0.35,35.0,2026-04-13T02:11:43.41672+00:00,False,
7a00ecea-d0db-437b-9a83-ea8ab3dcaf08,c0f8315b-09ca-4fff-b043-bbddbcc520e4,d399f7cb-cd56-4360-9e60-ccab8382fb61,1.0,lg,15.0,15.0,2026-04-13T02:11:43.41672+00:00,False,
4a2aee3e-1c74-44c4-8a4f-8380cc5016c4,c0f8315b-09ca-4fff-b043-bbddbcc520e4,f14e1eaa-9677-4120-b8b5-37209f399915,1.0,lg,30.0,30.0,2026-04-13T02:11:43.41672+00:00,False,
c7c9d01e-2c81-4e69-b95e-6a4fac61c497,c0f8315b-09ca-4fff-b043-bbddbcc520e4,b0017451-3a96-49f3-9e48-ea4ef19383bf,45.0,ea,0.2,9.0,2026-04-13T02:11:43.41672+00:00,False,
5d181617-d059-4ec5-a70b-3dca5016a5e3,c8805a34-1762-44bf-bbf0-ba3903f76d25,e662ef45-6aed-4a2e-ab16-cead317ac5b0,100.0,ea,0.35,35.0,2026-04-13T02:11:43.564447+00:00,False,
c29afa2d-ccbc-4561-bd3e-7008a053c321,c8805a34-1762-44bf-bbf0-ba3903f76d25,f0c608fc-95ab-4c48-a3ba-877a7937f660,1.0,lg,12.0,12.0,2026-04-13T02:11:43.564447+00:00,False,
3d528ef7-d895-4a79-a967-34a2e4bc486a,c8805a34-1762-44bf-bbf0-ba3903f76d25,1312210e-9cd8-4bac-96a8-11da91414ca2,1.0,lbs,25.0,25.0,2026-04-13T02:11:43.564447+00:00,False,
ed4abf08-a8f1-445f-9433-bc24c94d38d9,c8805a34-1762-44bf-bbf0-ba3903f76d25,cbf76c50-2ebd-4fee-a8a3-0eab9d8366ee,1.0,lg,12.0,12.0,2026-04-13T02:11:43.564447+00:00,False,
636942b2-cdfa-4fd1-866c-49b28ecd7459,c8805a34-1762-44bf-bbf0-ba3903f76d25,304ed108-096d-4022-b673-87feae1b5a1a,1.0,lg,25.0,25.0,2026-04-13T02:11:43.564447+00:00,False,
a758fe3e-f992-49e4-9780-9728026a0ca7,58b8910f-1071-40f3-944a-a96b62a3d363,511d5694-6147-4322-960a-eb6e5cd1e291,214.0,lbs,4.0,856.0,2026-04-13T02:11:43.717888+00:00,False,
bd7e49f1-b2ce-4724-a76d-c7bb56cbea90,58b8910f-1071-40f3-944a-a96b62a3d363,cbf76c50-2ebd-4fee-a8a3-0eab9d8366ee,1.0,lg,12.0,12.0,2026-04-13T02:11:43.717888+00:00,False,
8052a9fe-41bc-4664-9308-9857df300e58,58b8910f-1071-40f3-944a-a96b62a3d363,0415b9aa-5c61-4f79-9479-7dce2c76d1a8,6.0,ea,6.4,38.4,2026-04-13T02:11:43.717888+00:00,False,
6a9323b7-0751-487e-b74f-1e8a0eba9438,58b8910f-1071-40f3-944a-a96b62a3d363,953a114e-45a0-47ca-8ac0-c0e188cd65c2,2.0,lg,15.0,30.0,2026-04-13T02:11:43.717888+00:00,False,
8a41e2cd-8c96-43cc-a814-fba13132989a,58b8910f-1071-40f3-944a-a96b62a3d363,f14e1eaa-9677-4120-b8b5-37209f399915,1.0,lg,30.0,30.0,2026-04-13T02:11:43.717888+00:00,False,
cb833540-0bb8-47b3-8b00-564384e0212d,58b8910f-1071-40f3-944a-a96b62a3d363,e662ef45-6aed-4a2e-ab16-cead317ac5b0,250.0,ea,0.35,87.5,2026-04-13T02:11:43.717888+00:00,False,
4c9a14ec-de70-4986-b1a1-c4b92dc086b8,58b8910f-1071-40f3-944a-a96b62a3d363,2eaadb66-8823-4457-a67a-eaed6282bc1f,1.0,sm,6.0,6.0,2026-04-13T02:11:43.717888+00:00,False,
ed7748f5-7240-48d1-879f-b194801e4829,58b8910f-1071-40f3-944a-a96b62a3d363,aa1f52af-a81a-43fc-84f2-8739dc579d52,1.0,sm,15.0,15.0,2026-04-13T02:11:43.717888+00:00,False,
d4ff3326-2b84-4be5-a8bd-a15fbea677c5,58b8910f-1071-40f3-944a-a96b62a3d363,b90584d8-fc78-420b-91e1-490117cd30cd,2.0,sm,6.0,12.0,2026-04-13T02:11:43.717888+00:00,False,
5c34fe64-0bcd-410f-ab03-185ae172152b,58b8910f-1071-40f3-944a-a96b62a3d363,07facaef-e20c-417b-9419-6486f1ac9071,0.5,lg,20.0,10.0,2026-04-13T02:11:43.717888+00:00,False,
694118c1-150b-4607-a4bd-65c1feb52f92,58b8910f-1071-40f3-944a-a96b62a3d363,c6fdc2be-53bd-4c2a-8a6f-665e612aa3b5,1.0,lg,12.0,12.0,2026-04-13T02:11:43.717888+00:00,False,
9d945490-1a40-472d-ae7c-35600f156a80,58b8910f-1071-40f3-944a-a96b62a3d363,b0017451-3a96-49f3-9e48-ea4ef19383bf,1.0,ea,0.2,0.2,2026-04-13T02:11:43.717888+00:00,False,
44a44f52-cfa2-4874-9bef-dda37160b064,58b8910f-1071-40f3-944a-a96b62a3d363,1cd8cacb-9218-4990-9bbf-a2e7ce216f54,1.0,sm,12.0,12.0,2026-04-13T02:11:43.717888+00:00,False,
cd85393e-42b8-4d14-a10e-9c102d8efc09,58b8910f-1071-40f3-944a-a96b62a3d363,942cbf39-99e6-40cd-8034-2eacf88611f2,1.0,sm,12.0,12.0,2026-04-13T02:11:43.717888+00:00,False,
7854c47a-f364-4a10-9e8a-1db8f9ca4596,58b8910f-1071-40f3-944a-a96b62a3d363,a65f4504-ba08-4da1-82ee-339201545673,1.0,sm,10.0,10.0,2026-04-13T02:11:43.717888+00:00,False,
f0bee0bf-e23e-42a8-a8bc-63e83cb5158c,58b8910f-1071-40f3-944a-a96b62a3d363,0a36520c-f191-437c-9745-c85a53861102,1.0,lg,10.0,10.0,2026-04-13T02:11:43.717888+00:00,False,
97a42290-5a0d-40ff-af98-1d0a89906e9a,ab2f905a-a813-41c4-b330-198f0ee06a5a,953a114e-45a0-47ca-8ac0-c0e188cd65c2,2.0,lg,15.0,30.0,2026-04-13T02:11:43.938188+00:00,False,
16d71df4-3ed9-434e-9444-a524ec6fdc0c,ab2f905a-a813-41c4-b330-198f0ee06a5a,07facaef-e20c-417b-9419-6486f1ac9071,0.5,lg,20.0,10.0,2026-04-13T02:11:43.938188+00:00,False,
7b845f57-e44f-4d15-909f-f223c6ca5067,ab2f905a-a813-41c4-b330-198f0ee06a5a,e662ef45-6aed-4a2e-ab16-cead317ac5b0,500.0,ea,0.35,175.0,2026-04-13T02:11:43.938188+00:00,False,
e2e5e6ab-808e-4751-94bc-5b44b4b762e4,ab2f905a-a813-41c4-b330-198f0ee06a5a,1cd8cacb-9218-4990-9bbf-a2e7ce216f54,2.0,sm,12.0,24.0,2026-04-13T02:11:43.938188+00:00,False,
1e2c3e6d-ec1d-4594-aa94-4d790aa9cfd2,ab2f905a-a813-41c4-b330-198f0ee06a5a,942cbf39-99e6-40cd-8034-2eacf88611f2,2.0,sm,12.0,24.0,2026-04-13T02:11:43.938188+00:00,False,
96848229-22a7-4d6b-b7e8-1e34d5c739e3,ab2f905a-a813-41c4-b330-198f0ee06a5a,a65f4504-ba08-4da1-82ee-339201545673,2.0,sm,10.0,20.0,2026-04-13T02:11:43.938188+00:00,False,
ba0d3f2e-e8ac-4e1a-9063-3757bfe324b3,ab2f905a-a813-41c4-b330-198f0ee06a5a,b90584d8-fc78-420b-91e1-490117cd30cd,2.0,sm,6.0,12.0,2026-04-13T02:11:43.938188+00:00,False,
04cbf4ee-539a-46c4-8f08-bd046790208c,ab2f905a-a813-41c4-b330-198f0ee06a5a,f0c608fc-95ab-4c48-a3ba-877a7937f660,2.0,lg,12.0,24.0,2026-04-13T02:11:43.938188+00:00,False,
eb60b271-2dac-41ce-956d-64a5b35bf818,ab2f905a-a813-41c4-b330-198f0ee06a5a,cb8885fa-21df-4a06-9dcc-911e9c6c474d,2.0,sm,15.0,30.0,2026-04-13T02:11:43.938188+00:00,False,
369651e4-f296-436d-b7c3-182c216f1d4a,4105d95d-3fd8-44c7-a4f1-e2f9cd4e2dad,0415b9aa-5c61-4f79-9479-7dce2c76d1a8,23.0,ea,6.4,147.2,2026-04-13T02:11:44.128688+00:00,False,
14317ca4-83b6-41f4-80f0-06a7b4c2189e,4105d95d-3fd8-44c7-a4f1-e2f9cd4e2dad,d744e61c-c90f-4181-9247-ae706cf2295d,6.0,lbs,4.0,24.0,2026-04-13T02:11:44.128688+00:00,False,
6cc126b0-3427-4436-bf24-e13246c59b7f,4105d95d-3fd8-44c7-a4f1-e2f9cd4e2dad,c60051a9-4d42-4198-bd08-b24181a2481d,1.0,sm,6.0,6.0,2026-04-13T02:11:44.128688+00:00,False,
996ab681-1219-43d9-84dc-3a8a19236d3e,4105d95d-3fd8-44c7-a4f1-e2f9cd4e2dad,c34f7e2a-f610-4e56-847b-495bf4739360,1.0,sm,12.0,12.0,2026-04-13T02:11:44.128688+00:00,False,
287c4b62-01fb-4dbb-ac71-19de7f1a9035,4105d95d-3fd8-44c7-a4f1-e2f9cd4e2dad,f0c608fc-95ab-4c48-a3ba-877a7937f660,1.0,lg,12.0,12.0,2026-04-13T02:11:44.128688+00:00,False,
1efefd5d-b6b0-4fc2-9675-8a06da35c757,4105d95d-3fd8-44c7-a4f1-e2f9cd4e2dad,56f75098-ef8d-4fde-86e8-fbfa21bd8964,1.0,lg,20.0,20.0,2026-04-13T02:11:44.128688+00:00,False,
fa7b0e8f-a461-4946-8533-a5ab5bea9cf8,4105d95d-3fd8-44c7-a4f1-e2f9cd4e2dad,b0017451-3a96-49f3-9e48-ea4ef19383bf,25.0,ea,0.2,5.0,2026-04-13T02:11:44.128688+00:00,False,
50f6f279-0e50-486a-bc5a-2626ea74afad,4105d95d-3fd8-44c7-a4f1-e2f9cd4e2dad,cbf76c50-2ebd-4fee-a8a3-0eab9d8366ee,1.0,lg,12.0,12.0,2026-04-13T02:11:44.128688+00:00,False,
8aa6d8a2-4dbc-4c41-990b-582840044865,4105d95d-3fd8-44c7-a4f1-e2f9cd4e2dad,e662ef45-6aed-4a2e-ab16-cead317ac5b0,150.0,ea,0.35,52.5,2026-04-13T02:11:44.128688+00:00,False,
10441e31-2f01-4467-a0f1-5a58da4d2729,4105d95d-3fd8-44c7-a4f1-e2f9cd4e2dad,6f6dcd58-46f9-4796-8b12-f65aeb26ab1e,2.0,sm,6.0,12.0,2026-04-13T02:11:44.128688+00:00,False,
e1d97009-9f56-4670-9dbc-9b6422ac8be3,4105d95d-3fd8-44c7-a4f1-e2f9cd4e2dad,66056ffe-bed5-4f29-9efc-b3451224d474,1.0,sm,15.0,15.0,2026-04-13T02:11:44.128688+00:00,False,
3de9fb4b-f85b-485d-9fd2-a5ea545ebf5d,4105d95d-3fd8-44c7-a4f1-e2f9cd4e2dad,a65f4504-ba08-4da1-82ee-339201545673,1.0,sm,10.0,10.0,2026-04-13T02:11:44.128688+00:00,False,
a59b5d81-a387-49be-8111-f19cc68ecb4c,4105d95d-3fd8-44c7-a4f1-e2f9cd4e2dad,e3ec98c5-fd0d-4087-ae6f-8b84410a0199,20.0,lbs,6.0,120.0,2026-04-13T02:11:44.128688+00:00,False,
b6ba4df8-4c16-45f9-9abd-552462159ed4,f25cf5a0-ff0b-40d4-94c0-220220c9d785,4acd4dc2-eb69-48a4-8f0d-dc509f93beb4,1.0,sm,12.0,12.0,2026-04-13T02:11:44.270766+00:00,False,
be74f8fd-9573-4f58-98eb-e7f4478dfebb,f25cf5a0-ff0b-40d4-94c0-220220c9d785,1cd8cacb-9218-4990-9bbf-a2e7ce216f54,1.0,sm,12.0,12.0,2026-04-13T02:11:44.270766+00:00,False,
60d2e0c7-e190-48e5-9352-bfa3859c68eb,f25cf5a0-ff0b-40d4-94c0-220220c9d785,942cbf39-99e6-40cd-8034-2eacf88611f2,1.0,sm,12.0,12.0,2026-04-13T02:11:44.270766+00:00,False,
1ebd02a7-f08a-4880-b507-f5872fc20f81,f25cf5a0-ff0b-40d4-94c0-220220c9d785,a65f4504-ba08-4da1-82ee-339201545673,1.0,sm,10.0,10.0,2026-04-13T02:11:44.270766+00:00,False,
fcb52c94-195a-4605-af2e-7100596c804a,f25cf5a0-ff0b-40d4-94c0-220220c9d785,e662ef45-6aed-4a2e-ab16-cead317ac5b0,300.0,ea,0.35,105.0,2026-04-13T02:11:44.270766+00:00,False,
cd056c33-7214-4acc-b0f4-f00443f0a01c,f25cf5a0-ff0b-40d4-94c0-220220c9d785,b0017451-3a96-49f3-9e48-ea4ef19383bf,50.0,ea,0.2,10.0,2026-04-13T02:11:44.270766+00:00,False,
b48494bd-ed7b-4fb2-8240-7cfcbd7b6ab5,f25cf5a0-ff0b-40d4-94c0-220220c9d785,c6fdc2be-53bd-4c2a-8a6f-665e612aa3b5,1.0,lg,12.0,12.0,2026-04-13T02:11:44.270766+00:00,False,
1b739826-4af1-4be8-895e-f667c93ff256,f25cf5a0-ff0b-40d4-94c0-220220c9d785,56f75098-ef8d-4fde-86e8-fbfa21bd8964,1.0,lg,20.0,20.0,2026-04-13T02:11:44.270766+00:00,False,
45fc911d-9522-40d7-b685-31abe89ae356,f25cf5a0-ff0b-40d4-94c0-220220c9d785,953a114e-45a0-47ca-8ac0-c0e188cd65c2,2.0,lg,15.0,30.0,2026-04-13T02:11:44.270766+00:00,False,
539febb7-ea6e-4b86-b910-7a82a9e8a412,f25cf5a0-ff0b-40d4-94c0-220220c9d785,b0c6ac67-3d61-415c-8d9a-8683b6ea618d,5.0,lbs,8.0,40.0,2026-04-13T02:11:44.270766+00:00,False,
77ec393e-b235-43cf-bbec-28a43ea196da,5f1c135b-29f2-4d4f-91d0-12d198ba4fc9,aa1f52af-a81a-43fc-84f2-8739dc579d52,1.0,sm,15.0,15.0,2026-04-13T02:11:44.433218+00:00,False,
60aff438-9c88-42cc-8de1-c1da083c547f,5f1c135b-29f2-4d4f-91d0-12d198ba4fc9,f14e1eaa-9677-4120-b8b5-37209f399915,1.0,lg,30.0,30.0,2026-04-13T02:11:44.433218+00:00,False,
87372da9-8246-4092-80b6-deb7f1800e05,5f1c135b-29f2-4d4f-91d0-12d198ba4fc9,0a36520c-f191-437c-9745-c85a53861102,1.0,lg,10.0,10.0,2026-04-13T02:11:44.433218+00:00,False,
b5efeb55-23a0-489c-9702-2cfdb67f050b,5f1c135b-29f2-4d4f-91d0-12d198ba4fc9,4acd4dc2-eb69-48a4-8f0d-dc509f93beb4,1.0,sm,12.0,12.0,2026-04-13T02:11:44.433218+00:00,False,
7b29b5e3-8594-4e0d-a7c7-e5b0760887e5,5f1c135b-29f2-4d4f-91d0-12d198ba4fc9,b90584d8-fc78-420b-91e1-490117cd30cd,1.0,sm,6.0,6.0,2026-04-13T02:11:44.433218+00:00,False,
31c7161f-e672-44b9-b329-94f273b4f36f,5f1c135b-29f2-4d4f-91d0-12d198ba4fc9,09dd43ee-5456-4692-9016-433d77d3b6cb,1.0,sm,15.0,15.0,2026-04-13T02:11:44.433218+00:00,False,
259d0782-4b13-4fa5-8862-b7411f09df9c,5f1c135b-29f2-4d4f-91d0-12d198ba4fc9,e3ec98c5-fd0d-4087-ae6f-8b84410a0199,10.0,lbs,6.0,60.0,2026-04-13T02:11:44.433218+00:00,False,
59457f37-2887-4177-832f-36117bc3c83d,5f1c135b-29f2-4d4f-91d0-12d198ba4fc9,a65f4504-ba08-4da1-82ee-339201545673,1.0,sm,10.0,10.0,2026-04-13T02:11:44.433218+00:00,False,
8383b355-a748-44ff-871a-307b6a73a64c,5f1c135b-29f2-4d4f-91d0-12d198ba4fc9,942cbf39-99e6-40cd-8034-2eacf88611f2,1.0,sm,12.0,12.0,2026-04-13T02:11:44.433218+00:00,False,
3ed092c2-01c3-46fe-b22f-3b3a2172a1ed,5f1c135b-29f2-4d4f-91d0-12d198ba4fc9,cb8885fa-21df-4a06-9dcc-911e9c6c474d,1.0,sm,15.0,15.0,2026-04-13T02:11:44.433218+00:00,False,
c84ec380-9469-4008-bc51-156e1e1f3925,5f1c135b-29f2-4d4f-91d0-12d198ba4fc9,f0c608fc-95ab-4c48-a3ba-877a7937f660,1.0,lg,12.0,12.0,2026-04-13T02:11:44.433218+00:00,False,
fa50f25e-221a-4da6-a756-e03b96803648,5f1c135b-29f2-4d4f-91d0-12d198ba4fc9,cbf76c50-2ebd-4fee-a8a3-0eab9d8366ee,1.0,lg,12.0,12.0,2026-04-13T02:11:44.433218+00:00,False,
22f7c291-c9c6-42a5-91c3-380d02507ead,5f1c135b-29f2-4d4f-91d0-12d198ba4fc9,304ed108-096d-4022-b673-87feae1b5a1a,1.0,lg,25.0,25.0,2026-04-13T02:11:44.433218+00:00,False,
d7889534-6a7e-4e66-9f57-f2dd2c32bd88,5f1c135b-29f2-4d4f-91d0-12d198ba4fc9,29686763-0ead-43f0-9d3a-59f2ccfb2477,5.0,lbs,6.0,30.0,2026-04-13T02:11:44.433218+00:00,False,
92411b08-9a2a-408e-887e-ce60021a0081,5f1c135b-29f2-4d4f-91d0-12d198ba4fc9,66732b90-15ff-4bb5-a9d8-b84ac997d183,2.0,lg,25.0,50.0,2026-04-13T02:11:44.433218+00:00,False,
5b5c95ea-bc89-4e4a-b6bf-7a4e1507b082,5f1c135b-29f2-4d4f-91d0-12d198ba4fc9,2eaadb66-8823-4457-a67a-eaed6282bc1f,1.0,sm,6.0,6.0,2026-04-13T02:11:44.433218+00:00,False,
1075357d-7e9b-4525-9294-f01ee46d877f,5f1c135b-29f2-4d4f-91d0-12d198ba4fc9,f64ae6e9-98b8-4d49-96ba-8d2b7cb99216,4.0,ea,1.68,6.72,2026-04-13T02:11:44.433218+00:00,False,
98684d03-dabf-45e4-9e13-76596b4b33a1,5f1c135b-29f2-4d4f-91d0-12d198ba4fc9,89deecdc-4aaf-4b43-9716-bc54563a3e98,1.0,lg,20.0,20.0,2026-04-13T02:11:44.433218+00:00,False,
57dfdad6-802a-4972-a7ad-262691214d9c,5f1c135b-29f2-4d4f-91d0-12d198ba4fc9,6a383d81-af24-4d74-a14e-ec5dd8b4653d,1.0,lg,15.0,15.0,2026-04-13T02:11:44.433218+00:00,False,
2437d42a-dee7-43c1-8c12-5d971a02d62b,5f1c135b-29f2-4d4f-91d0-12d198ba4fc9,c451e667-831d-4237-9b09-79123b641d17,1.0,lg,25.0,25.0,2026-04-13T02:11:44.433218+00:00,False,
f4bdf05e-f92f-4805-9de1-74aed484deb3,5f1c135b-29f2-4d4f-91d0-12d198ba4fc9,72322dd6-8045-401b-aa0e-67ed58ebe0ff,1.0,ea,4.95,4.95,2026-04-13T02:11:44.433218+00:00,False,
95fe24ab-0a6c-4873-a943-61ec2f182922,5f1c135b-29f2-4d4f-91d0-12d198ba4fc9,e662ef45-6aed-4a2e-ab16-cead317ac5b0,400.0,ea,0.35,140.0,2026-04-13T02:11:44.433218+00:00,False,
a2bd23db-8160-4339-bc13-2afee7b9fc40,5f1c135b-29f2-4d4f-91d0-12d198ba4fc9,21d117ac-f8fb-45fd-bf02-a0f11942e9a3,1.0,lg,20.0,20.0,2026-04-13T02:11:44.433218+00:00,False,
dd2d57d6-ea39-4f5f-9e75-32078720fb8b,7e32378f-c726-4631-9541-64ecce9e5794,b66e80d0-7f23-44ac-a6d3-5db4212284e6,2.0,lg,15.0,30.0,2026-04-13T02:11:44.588954+00:00,False,
26371494-5aa3-412e-a3b3-ca0a222ca3c0,7e32378f-c726-4631-9541-64ecce9e5794,0a36520c-f191-437c-9745-c85a53861102,2.0,lg,10.0,20.0,2026-04-13T02:11:44.588954+00:00,False,
bfe54b32-6138-4c1b-8366-e81d372610b7,7e32378f-c726-4631-9541-64ecce9e5794,07facaef-e20c-417b-9419-6486f1ac9071,0.5,lg,20.0,10.0,2026-04-13T02:11:44.588954+00:00,False,
c872dad7-99d3-4a7c-a139-af5b8e62d80d,7e32378f-c726-4631-9541-64ecce9e5794,b90584d8-fc78-420b-91e1-490117cd30cd,1.0,sm,6.0,6.0,2026-04-13T02:11:44.588954+00:00,False,
320cec30-2f8d-44bb-a60c-daed480b4570,7e32378f-c726-4631-9541-64ecce9e5794,e662ef45-6aed-4a2e-ab16-cead317ac5b0,300.0,ea,0.35,105.0,2026-04-13T02:11:44.588954+00:00,False,
bb761833-12d1-44f2-8c9e-082a30863c53,7e32378f-c726-4631-9541-64ecce9e5794,1cd8cacb-9218-4990-9bbf-a2e7ce216f54,1.0,sm,12.0,12.0,2026-04-13T02:11:44.588954+00:00,False,
559d712b-0f60-4321-bcb7-fae0413c7e97,7e32378f-c726-4631-9541-64ecce9e5794,942cbf39-99e6-40cd-8034-2eacf88611f2,1.0,sm,12.0,12.0,2026-04-13T02:11:44.588954+00:00,False,
a389c78f-a4c8-48d4-bf93-993a2e1df796,7e32378f-c726-4631-9541-64ecce9e5794,a65f4504-ba08-4da1-82ee-339201545673,1.0,sm,10.0,10.0,2026-04-13T02:11:44.588954+00:00,False,
ed6da8ea-1ce7-4a2c-8b24-6f68145d4265,7e32378f-c726-4631-9541-64ecce9e5794,c6fdc2be-53bd-4c2a-8a6f-665e612aa3b5,0.5,lg,12.0,6.0,2026-04-13T02:11:44.588954+00:00,False,
4c7b119e-da87-43ad-8153-4bdd1ec5f206,7e32378f-c726-4631-9541-64ecce9e5794,b0017451-3a96-49f3-9e48-ea4ef19383bf,30.0,ea,0.2,6.0,2026-04-13T02:11:44.588954+00:00,False,
bbcd6e31-4ab8-4872-8b04-1005eef7ecda,7e32378f-c726-4631-9541-64ecce9e5794,772df8d5-6962-487a-99d2-78d6ef150e85,1.0,lg,24.0,24.0,2026-04-13T02:11:44.588954+00:00,False,
42d8803f-d1ef-40ac-8a8b-e35296494ae9,7e32378f-c726-4631-9541-64ecce9e5794,e3ec98c5-fd0d-4087-ae6f-8b84410a0199,10.0,lbs,6.0,60.0,2026-04-13T02:11:44.588954+00:00,False,
a08a5991-973c-41c9-a7cf-8fc276eb94e5,5f48530c-e428-4eb6-8f3e-8b23b09c8d52,b66e80d0-7f23-44ac-a6d3-5db4212284e6,1.0,lg,15.0,15.0,2026-04-13T02:11:44.735234+00:00,False,
776fbb58-b1a4-4cc3-9a10-602144e52db8,5f48530c-e428-4eb6-8f3e-8b23b09c8d52,772df8d5-6962-487a-99d2-78d6ef150e85,5.0,lg,24.0,120.0,2026-04-13T02:11:44.735234+00:00,False,
59d394c7-e0f7-4e39-8e2d-69dbc10c6a1a,5f48530c-e428-4eb6-8f3e-8b23b09c8d52,6f6dcd58-46f9-4796-8b12-f65aeb26ab1e,1.0,sm,6.0,6.0,2026-04-13T02:11:44.735234+00:00,False,
d6eb8f2b-6c0b-43db-8fed-ba99f9fb09be,5f48530c-e428-4eb6-8f3e-8b23b09c8d52,e662ef45-6aed-4a2e-ab16-cead317ac5b0,300.0,ea,0.35,105.0,2026-04-13T02:11:44.735234+00:00,False,
35a9f74f-9fce-4524-a496-a67bb0290fc2,5f48530c-e428-4eb6-8f3e-8b23b09c8d52,f0c608fc-95ab-4c48-a3ba-877a7937f660,1.0,lg,12.0,12.0,2026-04-13T02:11:44.735234+00:00,False,
f25bd6a9-5f84-43f6-929d-3c5966ac6ddc,5f48530c-e428-4eb6-8f3e-8b23b09c8d52,1cd8cacb-9218-4990-9bbf-a2e7ce216f54,1.0,sm,12.0,12.0,2026-04-13T02:11:44.735234+00:00,False,
1a7fc9b6-2089-45dc-854d-262b95555aab,5f48530c-e428-4eb6-8f3e-8b23b09c8d52,942cbf39-99e6-40cd-8034-2eacf88611f2,1.0,sm,12.0,12.0,2026-04-13T02:11:44.735234+00:00,False,
a95d2148-c3da-4ec6-a8e2-f85b66e7e274,5f48530c-e428-4eb6-8f3e-8b23b09c8d52,a65f4504-ba08-4da1-82ee-339201545673,2.0,sm,10.0,20.0,2026-04-13T02:11:44.735234+00:00,False,
1b76214d-d3b8-4157-a7a0-884e0129c273,5f48530c-e428-4eb6-8f3e-8b23b09c8d52,b0017451-3a96-49f3-9e48-ea4ef19383bf,20.0,ea,0.2,4.0,2026-04-13T02:11:44.735234+00:00,False,
4f50bcf2-4375-4ea7-8543-7a6df4d01525,5f48530c-e428-4eb6-8f3e-8b23b09c8d52,b0c6ac67-3d61-415c-8d9a-8683b6ea618d,10.0,lbs,8.0,80.0,2026-04-13T02:11:44.735234+00:00,False,
053ed456-2c78-47dc-a392-a6f3a64acdb2,5f48530c-e428-4eb6-8f3e-8b23b09c8d52,c6fdc2be-53bd-4c2a-8a6f-665e612aa3b5,0.5,lg,12.0,6.0,2026-04-13T02:11:44.735234+00:00,False,
c0bdd98f-0641-42a8-a72f-4e23e29cc5a4,bee04bd0-6d89-4547-a78d-e62876e16efa,b90584d8-fc78-420b-91e1-490117cd30cd,2.0,sm,6.0,12.0,2026-04-13T02:11:44.883995+00:00,False,
c6a68136-e4eb-4820-bbea-7ecd378a8ef0,bee04bd0-6d89-4547-a78d-e62876e16efa,0a36520c-f191-437c-9745-c85a53861102,2.0,lg,10.0,20.0,2026-04-13T02:11:44.883995+00:00,False,
a420b154-c3bc-4b66-ac26-c310a4e5e0ff,bee04bd0-6d89-4547-a78d-e62876e16efa,1cd8cacb-9218-4990-9bbf-a2e7ce216f54,1.0,sm,12.0,12.0,2026-04-13T02:11:44.883995+00:00,False,
e3d017a4-ad37-4e9d-88d2-03e8f1cd4994,bee04bd0-6d89-4547-a78d-e62876e16efa,942cbf39-99e6-40cd-8034-2eacf88611f2,1.0,sm,12.0,12.0,2026-04-13T02:11:44.883995+00:00,False,
97601caa-8922-4617-834e-e0d0c6685222,bee04bd0-6d89-4547-a78d-e62876e16efa,a65f4504-ba08-4da1-82ee-339201545673,2.0,sm,10.0,20.0,2026-04-13T02:11:44.883995+00:00,False,
7e3fc2b5-cdee-4a75-a265-e274848d760b,bee04bd0-6d89-4547-a78d-e62876e16efa,b78ea1c0-57d8-4155-bc7e-f9178f5c5ee1,1.0,lg,25.0,25.0,2026-04-13T02:11:44.883995+00:00,False,
79ae442c-2c75-4f64-bba8-48a030e793c5,bee04bd0-6d89-4547-a78d-e62876e16efa,c6fdc2be-53bd-4c2a-8a6f-665e612aa3b5,1.0,lg,12.0,12.0,2026-04-13T02:11:44.883995+00:00,False,
bd4ef88b-ed04-420f-b86f-57b898ad8ac4,bee04bd0-6d89-4547-a78d-e62876e16efa,cb8885fa-21df-4a06-9dcc-911e9c6c474d,2.0,sm,15.0,30.0,2026-04-13T02:11:44.883995+00:00,False,
837ca707-9a4e-4132-8e2f-a8c9a4522197,bee04bd0-6d89-4547-a78d-e62876e16efa,b0017451-3a96-49f3-9e48-ea4ef19383bf,30.0,ea,0.2,6.0,2026-04-13T02:11:44.883995+00:00,False,
e973e691-7db7-4695-a94b-ec22402a0602,bee04bd0-6d89-4547-a78d-e62876e16efa,f0c608fc-95ab-4c48-a3ba-877a7937f660,1.0,lg,12.0,12.0,2026-04-13T02:11:44.883995+00:00,False,
3dcd1bfd-e89a-472d-a4b3-70f88f2b74b9,bee04bd0-6d89-4547-a78d-e62876e16efa,b66e80d0-7f23-44ac-a6d3-5db4212284e6,1.0,lg,15.0,15.0,2026-04-13T02:11:44.883995+00:00,False,
6c65d1b6-ae44-461a-a7e0-987341658f39,bee04bd0-6d89-4547-a78d-e62876e16efa,309781c4-ed69-40dc-860a-712d7414d66e,1.0,lg,16.0,16.0,2026-04-13T02:11:44.883995+00:00,False,
01be1148-f6cb-449f-a5ce-9ec8aa04f949,bee04bd0-6d89-4547-a78d-e62876e16efa,f14e1eaa-9677-4120-b8b5-37209f399915,1.0,lg,30.0,30.0,2026-04-13T02:11:44.883995+00:00,False,
15bffb17-d694-4d3e-8cf4-0c75fc5e3845,bee04bd0-6d89-4547-a78d-e62876e16efa,2eaadb66-8823-4457-a67a-eaed6282bc1f,1.0,sm,6.0,6.0,2026-04-13T02:11:44.883995+00:00,False,
18d2ba97-b94a-4268-a02d-8a613ee11e0a,bee04bd0-6d89-4547-a78d-e62876e16efa,e662ef45-6aed-4a2e-ab16-cead317ac5b0,100.0,ea,0.35,35.0,2026-04-13T02:11:44.883995+00:00,False,
d0c0ff5e-7b7a-4a45-9a59-53e20b877979,4c049dc1-1e01-44e9-a69e-ac8065b1c8b1,b90584d8-fc78-420b-91e1-490117cd30cd,2.0,sm,6.0,12.0,2026-04-13T02:11:45.047875+00:00,False,
1171f743-3a50-4b13-92d3-d3102bf747d5,4c049dc1-1e01-44e9-a69e-ac8065b1c8b1,b66e80d0-7f23-44ac-a6d3-5db4212284e6,1.0,lg,15.0,15.0,2026-04-13T02:11:45.047875+00:00,False,
3847db90-9f3b-4928-ab10-2ec3d1af148b,4c049dc1-1e01-44e9-a69e-ac8065b1c8b1,0a36520c-f191-437c-9745-c85a53861102,1.0,lg,10.0,10.0,2026-04-13T02:11:45.047875+00:00,False,
c8ecbd0d-dadf-4be7-be45-fd75e93245cb,4c049dc1-1e01-44e9-a69e-ac8065b1c8b1,1cd8cacb-9218-4990-9bbf-a2e7ce216f54,1.0,sm,12.0,12.0,2026-04-13T02:11:45.047875+00:00,False,
382016db-24cf-4e5b-84bb-24a7a5590a01,4c049dc1-1e01-44e9-a69e-ac8065b1c8b1,942cbf39-99e6-40cd-8034-2eacf88611f2,1.0,sm,12.0,12.0,2026-04-13T02:11:45.047875+00:00,False,
4199613b-b1a8-430b-bee7-5c0752d7e5de,4c049dc1-1e01-44e9-a69e-ac8065b1c8b1,304ed108-096d-4022-b673-87feae1b5a1a,1.0,lg,25.0,25.0,2026-04-13T02:11:45.047875+00:00,False,
1b9a7712-cd59-44a6-b7f6-fac5b1cc356b,4c049dc1-1e01-44e9-a69e-ac8065b1c8b1,cb8885fa-21df-4a06-9dcc-911e9c6c474d,2.0,sm,15.0,30.0,2026-04-13T02:11:45.047875+00:00,False,
19eccdc1-f0dc-4e2b-9bf0-1ce85a949779,4c049dc1-1e01-44e9-a69e-ac8065b1c8b1,f0c608fc-95ab-4c48-a3ba-877a7937f660,1.0,lg,12.0,12.0,2026-04-13T02:11:45.047875+00:00,False,
ae06456e-b445-4bc2-afae-86ee2423130d,4c049dc1-1e01-44e9-a69e-ac8065b1c8b1,b78ea1c0-57d8-4155-bc7e-f9178f5c5ee1,1.0,lg,25.0,25.0,2026-04-13T02:11:45.047875+00:00,False,
d05efc4f-f44f-4219-a9db-33b6493f03bf,2f4dee2c-e7a2-4119-beb5-010794ab5258,b66e80d0-7f23-44ac-a6d3-5db4212284e6,1.0,lg,15.0,15.0,2026-04-13T02:11:45.401604+00:00,False,
cc29217e-f9c6-434b-974e-6a1f788c646d,2f4dee2c-e7a2-4119-beb5-010794ab5258,b90584d8-fc78-420b-91e1-490117cd30cd,1.0,sm,6.0,6.0,2026-04-13T02:11:45.401604+00:00,False,
a1be6479-eca1-406b-9149-79987cbcf4ce,2f4dee2c-e7a2-4119-beb5-010794ab5258,309781c4-ed69-40dc-860a-712d7414d66e,1.0,lg,16.0,16.0,2026-04-13T02:11:45.401604+00:00,False,
5387cff7-d02e-4414-965e-f601ea6b30bd,2f4dee2c-e7a2-4119-beb5-010794ab5258,e662ef45-6aed-4a2e-ab16-cead317ac5b0,300.0,ea,0.35,105.0,2026-04-13T02:11:45.401604+00:00,False,
ed25867c-4a40-41b8-be6f-eadc0be0dae0,2f4dee2c-e7a2-4119-beb5-010794ab5258,29686763-0ead-43f0-9d3a-59f2ccfb2477,25.0,lbs,6.0,150.0,2026-04-13T02:11:45.401604+00:00,False,
74ce3f52-e4b4-4431-9942-a84f45b34d56,2f4dee2c-e7a2-4119-beb5-010794ab5258,cbf76c50-2ebd-4fee-a8a3-0eab9d8366ee,1.0,lg,12.0,12.0,2026-04-13T02:11:45.401604+00:00,False,
1cd6712a-86ff-4b23-82c3-1ea0851eb841,2f4dee2c-e7a2-4119-beb5-010794ab5258,09dd43ee-5456-4692-9016-433d77d3b6cb,1.0,sm,15.0,15.0,2026-04-13T02:11:45.401604+00:00,False,
3f04d0bb-8890-4514-891f-bbefb4d574c4,2f4dee2c-e7a2-4119-beb5-010794ab5258,6f6dcd58-46f9-4796-8b12-f65aeb26ab1e,2.0,sm,6.0,12.0,2026-04-13T02:11:45.401604+00:00,False,
d001c6bc-46a1-4316-b2d0-938cf10ca095,2f4dee2c-e7a2-4119-beb5-010794ab5258,0a36520c-f191-437c-9745-c85a53861102,1.0,lg,10.0,10.0,2026-04-13T02:11:45.401604+00:00,False,
a39764a5-45e4-4826-b40f-663b9c30a9b4,2f4dee2c-e7a2-4119-beb5-010794ab5258,e3ec98c5-fd0d-4087-ae6f-8b84410a0199,10.0,lbs,6.0,60.0,2026-04-13T02:11:45.401604+00:00,False,
32710dd6-3d27-48f7-9fba-1a39b7aaab94,2f4dee2c-e7a2-4119-beb5-010794ab5258,66732b90-15ff-4bb5-a9d8-b84ac997d183,4.0,lg,25.0,100.0,2026-04-13T02:11:45.401604+00:00,False,
32d46db9-f85b-4c58-9689-f2924d2972c2,2f4dee2c-e7a2-4119-beb5-010794ab5258,b0017451-3a96-49f3-9e48-ea4ef19383bf,50.0,ea,0.2,10.0,2026-04-13T02:11:45.401604+00:00,False,
3b758ca2-7403-4952-af3d-6edc7eac8405,2f4dee2c-e7a2-4119-beb5-010794ab5258,c451e667-831d-4237-9b09-79123b641d17,4.0,lg,25.0,100.0,2026-04-13T02:11:45.401604+00:00,False,
7dc9433e-665f-4b75-ba17-f9b1e2d26550,e734b072-39cc-4442-b5c3-e39bd5d0a23d,772df8d5-6962-487a-99d2-78d6ef150e85,1.0,lg,24.0,24.0,2026-04-13T02:11:45.569268+00:00,False,
273b9a26-857b-4867-bbec-e9fbd1b24ae9,e734b072-39cc-4442-b5c3-e39bd5d0a23d,a02772eb-54d3-4b3f-97a6-223043efe589,1.0,lg,24.0,24.0,2026-04-13T02:11:45.569268+00:00,False,
8e19bac2-ffcd-4b60-842b-5a1360fa32cf,e734b072-39cc-4442-b5c3-e39bd5d0a23d,0a36520c-f191-437c-9745-c85a53861102,1.0,lg,10.0,10.0,2026-04-13T02:11:45.569268+00:00,False,
d3e0fe22-d52e-4909-aa64-6eb28f3d789b,e734b072-39cc-4442-b5c3-e39bd5d0a23d,a65f4504-ba08-4da1-82ee-339201545673,1.0,sm,10.0,10.0,2026-04-13T02:11:45.569268+00:00,False,
5a0af0e1-607a-48ea-9ef3-c86ff34bc27c,e734b072-39cc-4442-b5c3-e39bd5d0a23d,b90584d8-fc78-420b-91e1-490117cd30cd,1.0,sm,6.0,6.0,2026-04-13T02:11:45.569268+00:00,False,
22bcdc40-8a1e-46da-a12d-a141769e2bf2,e734b072-39cc-4442-b5c3-e39bd5d0a23d,f14e1eaa-9677-4120-b8b5-37209f399915,1.0,lg,30.0,30.0,2026-04-13T02:11:45.569268+00:00,False,
d44ee371-4835-4dcd-8f0a-ac7f503388f5,e734b072-39cc-4442-b5c3-e39bd5d0a23d,cbf76c50-2ebd-4fee-a8a3-0eab9d8366ee,2.0,lg,12.0,24.0,2026-04-13T02:11:45.569268+00:00,False,
158ca590-d17e-4669-977d-c01a0b94a5ee,e734b072-39cc-4442-b5c3-e39bd5d0a23d,b66e80d0-7f23-44ac-a6d3-5db4212284e6,1.0,lg,15.0,15.0,2026-04-13T02:11:45.569268+00:00,False,
b46070f5-2b26-4a7a-b8ee-3be1e6d5d827,e734b072-39cc-4442-b5c3-e39bd5d0a23d,44bdbde8-576d-4d7f-b668-d2f2bf72fb2e,2.0,lg,15.0,30.0,2026-04-13T02:11:45.569268+00:00,False,
58fd6d72-c74d-420a-8d5b-ce1499e69a1a,e734b072-39cc-4442-b5c3-e39bd5d0a23d,09dd43ee-5456-4692-9016-433d77d3b6cb,1.0,sm,15.0,15.0,2026-04-13T02:11:45.569268+00:00,False,
81aa4e09-6c20-459a-a0f5-4e8dd7265338,e734b072-39cc-4442-b5c3-e39bd5d0a23d,ad510ff3-14e5-40fa-b454-26ebc4bf299c,1.0,lg,15.0,15.0,2026-04-13T02:11:45.569268+00:00,False,
58393748-0047-45c3-8155-189d74ecf16e,e734b072-39cc-4442-b5c3-e39bd5d0a23d,e662ef45-6aed-4a2e-ab16-cead317ac5b0,400.0,ea,0.35,140.0,2026-04-13T02:11:45.569268+00:00,False,
b836d0cf-b2d5-4e62-aa74-15b5d3010c58,e734b072-39cc-4442-b5c3-e39bd5d0a23d,56f75098-ef8d-4fde-86e8-fbfa21bd8964,1.0,lg,20.0,20.0,2026-04-13T02:11:45.569268+00:00,False,
275849f6-a2a1-4bb2-a3af-91356b63f390,e734b072-39cc-4442-b5c3-e39bd5d0a23d,b0017451-3a96-49f3-9e48-ea4ef19383bf,50.0,ea,0.2,10.0,2026-04-13T02:11:45.569268+00:00,False,
3c992053-6980-4ae9-a4fb-b42ab8886210,e734b072-39cc-4442-b5c3-e39bd5d0a23d,f0c608fc-95ab-4c48-a3ba-877a7937f660,1.0,lg,12.0,12.0,2026-04-13T02:11:45.569268+00:00,False,
fef97e91-39c2-4e3a-980a-c9f736813b10,e734b072-39cc-4442-b5c3-e39bd5d0a23d,304ed108-096d-4022-b673-87feae1b5a1a,1.0,lg,25.0,25.0,2026-04-13T02:11:45.569268+00:00,False,
ee649a36-cb3f-47cb-86f4-0ce495777cc9,e734b072-39cc-4442-b5c3-e39bd5d0a23d,c6fdc2be-53bd-4c2a-8a6f-665e612aa3b5,1.0,lg,12.0,12.0,2026-04-13T02:11:45.569268+00:00,False,
4c3e3f17-66b6-4922-9ac8-d44589cf60ce,0cff3bab-d14a-4d67-b7b3-df6144781418,e3ec98c5-fd0d-4087-ae6f-8b84410a0199,10.0,lbs,6.0,60.0,2026-04-13T02:11:45.732901+00:00,False,
794ad6c8-d603-49dc-bc18-13cf31d36702,0cff3bab-d14a-4d67-b7b3-df6144781418,b66e80d0-7f23-44ac-a6d3-5db4212284e6,1.0,lg,15.0,15.0,2026-04-13T02:11:45.732901+00:00,False,
ff27a3d7-4664-4664-b809-9b093d3cea86,0cff3bab-d14a-4d67-b7b3-df6144781418,4acd4dc2-eb69-48a4-8f0d-dc509f93beb4,1.0,sm,12.0,12.0,2026-04-13T02:11:45.732901+00:00,False,
70e19327-dd39-49bf-a9a6-542ccb918d5d,0cff3bab-d14a-4d67-b7b3-df6144781418,1cd8cacb-9218-4990-9bbf-a2e7ce216f54,1.0,sm,12.0,12.0,2026-04-13T02:11:45.732901+00:00,False,
c3203f98-3e70-4458-98f3-2019a3dd8864,0cff3bab-d14a-4d67-b7b3-df6144781418,e662ef45-6aed-4a2e-ab16-cead317ac5b0,400.0,ea,0.35,140.0,2026-04-13T02:11:45.732901+00:00,False,
6f423f18-42b1-4a8f-8f1b-77b796c7e678,0cff3bab-d14a-4d67-b7b3-df6144781418,b0c6ac67-3d61-415c-8d9a-8683b6ea618d,10.0,lbs,8.0,80.0,2026-04-13T02:11:45.732901+00:00,False,
81b6c7fb-8d53-4372-b121-58927e7362a6,0cff3bab-d14a-4d67-b7b3-df6144781418,f0c608fc-95ab-4c48-a3ba-877a7937f660,1.0,lg,12.0,12.0,2026-04-13T02:11:45.732901+00:00,False,
2763d237-aa67-4d07-b977-4ea0b51697bc,0cff3bab-d14a-4d67-b7b3-df6144781418,c6fdc2be-53bd-4c2a-8a6f-665e612aa3b5,1.0,lg,12.0,12.0,2026-04-13T02:11:45.732901+00:00,False,
db884475-e7ad-4c15-bc8a-271fbb64c310,9a40965b-5a43-48ef-bc87-b3df017d1469,44bdbde8-576d-4d7f-b668-d2f2bf72fb2e,1.0,lg,15.0,15.0,2026-04-13T02:11:45.906092+00:00,False,
c7339161-77ea-4655-81c6-273519cad6a4,9a40965b-5a43-48ef-bc87-b3df017d1469,b66e80d0-7f23-44ac-a6d3-5db4212284e6,1.0,lg,15.0,15.0,2026-04-13T02:11:45.906092+00:00,False,
75bcdfd2-7149-4b6b-a8a7-96041b24524a,9a40965b-5a43-48ef-bc87-b3df017d1469,1cd8cacb-9218-4990-9bbf-a2e7ce216f54,2.0,sm,12.0,24.0,2026-04-13T02:11:45.906092+00:00,False,
41b6b190-e283-47ef-bb36-80e6d36341f0,9a40965b-5a43-48ef-bc87-b3df017d1469,b0017451-3a96-49f3-9e48-ea4ef19383bf,50.0,ea,0.2,10.0,2026-04-13T02:11:45.906092+00:00,False,
b7b364ca-265a-40ab-9157-95e267254f68,9a40965b-5a43-48ef-bc87-b3df017d1469,4acd4dc2-eb69-48a4-8f0d-dc509f93beb4,1.0,sm,12.0,12.0,2026-04-13T02:11:45.906092+00:00,False,
b4d57091-05f1-4fde-8ded-8e2f2ddd4ab7,9a40965b-5a43-48ef-bc87-b3df017d1469,e662ef45-6aed-4a2e-ab16-cead317ac5b0,300.0,ea,0.35,105.0,2026-04-13T02:11:45.906092+00:00,False,
a3897587-f152-48fa-a991-de3db6cb1bf5,4240a339-c1bc-4385-94a6-84e1e7199cae,0a36520c-f191-437c-9745-c85a53861102,1.0,lg,10.0,10.0,2026-04-13T02:11:46.058444+00:00,False,
7d021f02-bdb7-4e34-99bc-482b05d4bae1,4240a339-c1bc-4385-94a6-84e1e7199cae,44bdbde8-576d-4d7f-b668-d2f2bf72fb2e,2.0,lg,15.0,30.0,2026-04-13T02:11:46.058444+00:00,False,
e48059f2-fe3e-4ba8-b2d5-22fd69b3de71,4240a339-c1bc-4385-94a6-84e1e7199cae,56f75098-ef8d-4fde-86e8-fbfa21bd8964,1.0,lg,20.0,20.0,2026-04-13T02:11:46.058444+00:00,False,
a0efc850-8113-4282-bbd2-eaa0062b57fc,4240a339-c1bc-4385-94a6-84e1e7199cae,44bdbde8-576d-4d7f-b668-d2f2bf72fb2e,1.0,lg,15.0,15.0,2026-04-13T02:11:46.058444+00:00,False,
e8df1d72-2376-4491-aa93-a0b5818a5429,4240a339-c1bc-4385-94a6-84e1e7199cae,cb8885fa-21df-4a06-9dcc-911e9c6c474d,2.0,sm,15.0,30.0,2026-04-13T02:11:46.058444+00:00,False,
d38b23f7-7a32-4461-8585-4bc2b1d4492d,4240a339-c1bc-4385-94a6-84e1e7199cae,09dd43ee-5456-4692-9016-433d77d3b6cb,1.0,sm,15.0,15.0,2026-04-13T02:11:46.058444+00:00,False,
8784182a-704b-465d-8ce7-60af5f423dc5,4240a339-c1bc-4385-94a6-84e1e7199cae,6a383d81-af24-4d74-a14e-ec5dd8b4653d,1.0,lg,15.0,15.0,2026-04-13T02:11:46.058444+00:00,False,
50e945e5-bf1d-48ed-a4c1-09369541c8fa,4240a339-c1bc-4385-94a6-84e1e7199cae,4acd4dc2-eb69-48a4-8f0d-dc509f93beb4,1.0,sm,12.0,12.0,2026-04-13T02:11:46.058444+00:00,False,
7f7f2a47-ea82-4fd5-9667-6f7026e10d86,4240a339-c1bc-4385-94a6-84e1e7199cae,b66e80d0-7f23-44ac-a6d3-5db4212284e6,1.0,lg,15.0,15.0,2026-04-13T02:11:46.058444+00:00,False,
f88b74f5-5946-441e-8d95-df598c36cc33,4240a339-c1bc-4385-94a6-84e1e7199cae,6a383d81-af24-4d74-a14e-ec5dd8b4653d,1.0,lg,15.0,15.0,2026-04-13T02:11:46.058444+00:00,False,
f4bd7656-4712-4ddd-a7eb-9d21f306b9d6,4240a339-c1bc-4385-94a6-84e1e7199cae,0a36520c-f191-437c-9745-c85a53861102,1.0,lg,10.0,10.0,2026-04-13T02:11:46.058444+00:00,False,
e97f1eee-2273-40ba-906f-51103f899977,4240a339-c1bc-4385-94a6-84e1e7199cae,44bdbde8-576d-4d7f-b668-d2f2bf72fb2e,1.0,lg,15.0,15.0,2026-04-13T02:11:46.058444+00:00,False,
74fc24d1-3d84-4029-a942-b00c5623b8f2,4240a339-c1bc-4385-94a6-84e1e7199cae,304ed108-096d-4022-b673-87feae1b5a1a,1.0,lg,25.0,25.0,2026-04-13T02:11:46.058444+00:00,False,
3bc24ac1-8899-4d62-a433-f106750c181f,4240a339-c1bc-4385-94a6-84e1e7199cae,f0c608fc-95ab-4c48-a3ba-877a7937f660,1.0,lg,12.0,12.0,2026-04-13T02:11:46.058444+00:00,False,
49fb6f6a-9e89-425d-911c-e0fb1349c3c7,4240a339-c1bc-4385-94a6-84e1e7199cae,e3ec98c5-fd0d-4087-ae6f-8b84410a0199,7.0,lbs,6.0,42.0,2026-04-13T02:11:46.058444+00:00,False,
542b5da2-5100-4938-9c77-25a79fa18515,4240a339-c1bc-4385-94a6-84e1e7199cae,b0017451-3a96-49f3-9e48-ea4ef19383bf,50.0,ea,0.2,10.0,2026-04-13T02:11:46.058444+00:00,False,
8c390c3b-eac8-4db5-a343-e3c70fddf22c,4240a339-c1bc-4385-94a6-84e1e7199cae,1cd8cacb-9218-4990-9bbf-a2e7ce216f54,1.0,sm,12.0,12.0,2026-04-13T02:11:46.058444+00:00,False,
4e396529-083e-4c33-b5cc-b2734c75043d,4240a339-c1bc-4385-94a6-84e1e7199cae,e662ef45-6aed-4a2e-ab16-cead317ac5b0,600.0,ea,0.35,210.0,2026-04-13T02:11:46.058444+00:00,False,
11513833-38d4-4a48-bb86-879c1b2d4d7c,4240a339-c1bc-4385-94a6-84e1e7199cae,a65f4504-ba08-4da1-82ee-339201545673,1.0,sm,10.0,10.0,2026-04-13T02:11:46.058444+00:00,False,
17d5b5d9-1d34-4a61-86de-579970d17545,4240a339-c1bc-4385-94a6-84e1e7199cae,c6fdc2be-53bd-4c2a-8a6f-665e612aa3b5,0.5,lg,12.0,6.0,2026-04-13T02:11:46.058444+00:00,False,
a8dae3a0-85fc-401c-819d-e8916276d323,4240a339-c1bc-4385-94a6-84e1e7199cae,953a114e-45a0-47ca-8ac0-c0e188cd65c2,5.0,lg,15.0,75.0,2026-04-13T02:11:46.058444+00:00,False,
f05d52cf-1dd8-4199-8384-b90803b5b311,4240a339-c1bc-4385-94a6-84e1e7199cae,f14e1eaa-9677-4120-b8b5-37209f399915,1.0,lg,30.0,30.0,2026-04-13T02:11:46.058444+00:00,False,
a19273ea-db2f-4657-a93c-121afd1823ec,c5b7879e-5098-43c6-a67d-3e77f1b4491e,b0017451-3a96-49f3-9e48-ea4ef19383bf,30.0,ea,0.2,6.0,2026-04-13T02:11:46.233825+00:00,False,
2a213c9d-aa62-407a-b3f9-65b377a7d46d,c5b7879e-5098-43c6-a67d-3e77f1b4491e,a65f4504-ba08-4da1-82ee-339201545673,1.0,sm,10.0,10.0,2026-04-13T02:11:46.233825+00:00,False,
5edfc7c4-717f-4bcb-a278-90340f3eafb5,c5b7879e-5098-43c6-a67d-3e77f1b4491e,304ed108-096d-4022-b673-87feae1b5a1a,0.5,lg,25.0,12.5,2026-04-13T02:11:46.233825+00:00,False,
b1d32def-21fc-4fe9-b5e4-11820ae17d81,c5b7879e-5098-43c6-a67d-3e77f1b4491e,f0c608fc-95ab-4c48-a3ba-877a7937f660,1.0,lg,12.0,12.0,2026-04-13T02:11:46.233825+00:00,False,
654f3cc9-a6bc-4213-bb6f-49b0f89333ea,c5b7879e-5098-43c6-a67d-3e77f1b4491e,9b9060f3-6432-46c9-a091-a3d8e9560bb2,0.5,lg,20.0,10.0,2026-04-13T02:11:46.233825+00:00,False,
a0ee5bb7-d6ce-4f0e-b24f-4b3664b4357c,c5b7879e-5098-43c6-a67d-3e77f1b4491e,1cd8cacb-9218-4990-9bbf-a2e7ce216f54,2.0,sm,12.0,24.0,2026-04-13T02:11:46.233825+00:00,False,
40c17880-6369-4c59-a1b8-7f3d9ae3bea6,c5b7879e-5098-43c6-a67d-3e77f1b4491e,b90584d8-fc78-420b-91e1-490117cd30cd,2.0,sm,6.0,12.0,2026-04-13T02:11:46.233825+00:00,False,
d0087ffe-3622-47ff-9a98-555cbb9b3b6b,c5b7879e-5098-43c6-a67d-3e77f1b4491e,772df8d5-6962-487a-99d2-78d6ef150e85,6.0,lg,24.0,144.0,2026-04-13T02:11:46.233825+00:00,False,
cab47ce8-93cd-4352-bd47-809d0940ec11,c5b7879e-5098-43c6-a67d-3e77f1b4491e,e662ef45-6aed-4a2e-ab16-cead317ac5b0,450.0,ea,0.35,157.5,2026-04-13T02:11:46.233825+00:00,False,
7030def9-f7b2-45ac-bdfd-aafa16618988,9de7b710-e6f4-4ae7-bebb-5fa93218d413,b90584d8-fc78-420b-91e1-490117cd30cd,2.0,sm,6.0,12.0,2026-04-13T02:11:46.403007+00:00,False,
79eb60c9-eda3-43e4-bbad-c2dcc530ea4b,9de7b710-e6f4-4ae7-bebb-5fa93218d413,e662ef45-6aed-4a2e-ab16-cead317ac5b0,300.0,ea,0.35,105.0,2026-04-13T02:11:46.403007+00:00,False,
3539be67-d725-4ef7-a1be-47c417cbc372,9de7b710-e6f4-4ae7-bebb-5fa93218d413,1cd8cacb-9218-4990-9bbf-a2e7ce216f54,2.0,sm,12.0,24.0,2026-04-13T02:11:46.403007+00:00,False,
735734bf-5c99-4a12-967c-c6819e076cd1,9de7b710-e6f4-4ae7-bebb-5fa93218d413,d399f7cb-cd56-4360-9e60-ccab8382fb61,1.0,lg,15.0,15.0,2026-04-13T02:11:46.403007+00:00,False,
315dcbae-7263-45f0-9f2e-d3f4cf26bfa6,9de7b710-e6f4-4ae7-bebb-5fa93218d413,9b9060f3-6432-46c9-a091-a3d8e9560bb2,1.0,lg,20.0,20.0,2026-04-13T02:11:46.403007+00:00,False,
1a88c58f-bf73-4e08-8dad-3fd8204320d7,9de7b710-e6f4-4ae7-bebb-5fa93218d413,6a383d81-af24-4d74-a14e-ec5dd8b4653d,2.0,lg,15.0,30.0,2026-04-13T02:11:46.403007+00:00,False,
559bbde6-5df5-45f5-b179-f2302557cf36,9de7b710-e6f4-4ae7-bebb-5fa93218d413,07facaef-e20c-417b-9419-6486f1ac9071,0.5,lg,20.0,10.0,2026-04-13T02:11:46.403007+00:00,False,
4bad0f74-270e-43bd-98b3-ced8c80dd49f,9de7b710-e6f4-4ae7-bebb-5fa93218d413,04cc3ab8-f1fa-4e6c-a4aa-9a4d53f1dc53,1.0,lg,20.0,20.0,2026-04-13T02:11:46.403007+00:00,False,
01efdbee-66a4-4c4f-9c53-81b8828cdbbe,9de7b710-e6f4-4ae7-bebb-5fa93218d413,1312210e-9cd8-4bac-96a8-11da91414ca2,5.0,lbs,25.0,125.0,2026-04-13T02:11:46.403007+00:00,False,
ae0dd3be-cfeb-4d40-b8a1-c357e984eea1,e149220c-2caa-4c6c-92f8-61fb4891b528,b0017451-3a96-49f3-9e48-ea4ef19383bf,50.0,ea,0.2,10.0,2026-04-13T02:11:46.62159+00:00,False,
875b4289-309b-4fe3-984e-f593061ba35a,e149220c-2caa-4c6c-92f8-61fb4891b528,f0c608fc-95ab-4c48-a3ba-877a7937f660,1.0,lg,12.0,12.0,2026-04-13T02:11:46.62159+00:00,False,
e2da8d8a-ce60-468a-91ca-271e67d37ca2,e149220c-2caa-4c6c-92f8-61fb4891b528,56f75098-ef8d-4fde-86e8-fbfa21bd8964,1.0,lg,20.0,20.0,2026-04-13T02:11:46.62159+00:00,False,
499c17cd-0bca-4ce6-b23e-8541d427b59e,e149220c-2caa-4c6c-92f8-61fb4891b528,1cd8cacb-9218-4990-9bbf-a2e7ce216f54,2.0,sm,12.0,24.0,2026-04-13T02:11:46.62159+00:00,False,
d97edbd5-66c9-46c6-92fc-dfff71024799,e149220c-2caa-4c6c-92f8-61fb4891b528,e662ef45-6aed-4a2e-ab16-cead317ac5b0,400.0,ea,0.35,140.0,2026-04-13T02:11:46.62159+00:00,False,
17f5e0fc-de15-4b65-b853-41eff1ae5bbe,e149220c-2caa-4c6c-92f8-61fb4891b528,07facaef-e20c-417b-9419-6486f1ac9071,1.0,lg,20.0,20.0,2026-04-13T02:11:46.62159+00:00,False,
162ecb2f-55d6-4ccc-99d1-a1ae54e835f0,d7f152e9-62ad-42b6-8720-700d1375c41f,b66e80d0-7f23-44ac-a6d3-5db4212284e6,1.0,lg,15.0,15.0,2026-04-13T02:12:29.088187+00:00,False,
2fa64c7a-6e75-4b60-aaa9-5cf06c531721,d7f152e9-62ad-42b6-8720-700d1375c41f,dfcf3978-e149-42ff-90c3-5ee66fc11c77,12.0,lbs,8.0,96.0,2026-04-13T02:12:29.088187+00:00,False,
6dfadb29-e68d-4625-a93d-5ef09b6ed22b,d7f152e9-62ad-42b6-8720-700d1375c41f,f0fe9b25-dd6c-40ca-b3a2-5ad353a1c66e,6.0,ea,3.0,18.0,2026-04-13T02:12:29.088187+00:00,False,
0512d3f2-05e0-4074-ad46-20bb0fc14dd6,d7f152e9-62ad-42b6-8720-700d1375c41f,f74886a6-2688-4903-92e2-b277ac3871b9,2.0,bx,48.0,96.0,2026-04-13T02:12:29.088187+00:00,False,
e50ab623-5ce2-48a5-94b9-7cd76269e7ea,e7c405e4-b8a2-4e07-a955-1bc5682501fd,2ec9bf07-c28b-4a11-809e-a7be42c4db76,3.0,lg,20.0,60.0,2026-04-13T02:12:29.549395+00:00,False,
9bf3f5df-7cb7-4734-a4cf-a7bc0097c85d,e7c405e4-b8a2-4e07-a955-1bc5682501fd,cbf76c50-2ebd-4fee-a8a3-0eab9d8366ee,1.0,lg,12.0,12.0,2026-04-13T02:12:29.549395+00:00,False,
162a755a-5cd3-4f58-94bf-7585f15a9407,e149220c-2caa-4c6c-92f8-61fb4891b528,b90584d8-fc78-420b-91e1-490117cd30cd,2.0,sm,6.0,12.0,2026-04-13T02:11:46.62159+00:00,False,
5569d327-dffb-4105-9bc4-e1e042758db9,e149220c-2caa-4c6c-92f8-61fb4891b528,953a114e-45a0-47ca-8ac0-c0e188cd65c2,6.0,lg,15.0,90.0,2026-04-13T02:11:46.62159+00:00,False,
1e103cfa-b99b-4cdd-8fd0-01ef23c9c6d5,e149220c-2caa-4c6c-92f8-61fb4891b528,c3573a8c-ee80-4e96-90b2-faedf186756a,30.0,bx,20.0,600.0,2026-04-13T02:11:46.62159+00:00,False,
2ff55654-7dc9-4729-8a1c-13f90246f13a,e149220c-2caa-4c6c-92f8-61fb4891b528,c1a8700d-9fe7-4842-97e2-84acd9d975b3,30.0,ea,0.1,3.0,2026-04-13T02:11:46.62159+00:00,False,
40b36d9d-2269-490b-8653-774937af62f9,e149220c-2caa-4c6c-92f8-61fb4891b528,4e6a0de1-43b6-4120-a6cd-ef1457e85a6e,50.0,lbs,4.0,200.0,2026-04-13T02:11:46.62159+00:00,False,
88ffec8a-7ce7-46c6-8128-776efdd8af3a,e149220c-2caa-4c6c-92f8-61fb4891b528,56f75098-ef8d-4fde-86e8-fbfa21bd8964,1.0,lg,20.0,20.0,2026-04-13T02:11:46.62159+00:00,False,
0906bc84-a076-4ed4-a578-6c9e866bcb3b,e149220c-2caa-4c6c-92f8-61fb4891b528,04cc3ab8-f1fa-4e6c-a4aa-9a4d53f1dc53,1.0,lg,20.0,20.0,2026-04-13T02:11:46.62159+00:00,False,
8e9130de-a12e-4e3b-abbc-cabbfe5171d5,e149220c-2caa-4c6c-92f8-61fb4891b528,f14e1eaa-9677-4120-b8b5-37209f399915,1.0,lg,30.0,30.0,2026-04-13T02:11:46.62159+00:00,False,
0056f1a0-e252-44a5-85a6-a9a188bb31f5,e149220c-2caa-4c6c-92f8-61fb4891b528,cbf76c50-2ebd-4fee-a8a3-0eab9d8366ee,1.0,lg,12.0,12.0,2026-04-13T02:11:46.62159+00:00,False,
3762082a-7f99-40f3-85a7-f36d11c39d14,e149220c-2caa-4c6c-92f8-61fb4891b528,304ed108-096d-4022-b673-87feae1b5a1a,1.0,lg,25.0,25.0,2026-04-13T02:11:46.62159+00:00,False,
03350564-3ec9-426d-bfdf-83b73752df8b,f56325b6-0a1c-49ab-afd6-2481fd8e29c7,de38634a-5fba-4125-835d-f248ee29f830,1.0,lbs,10.0,10.0,2026-04-13T02:11:46.831888+00:00,False,
4e841a71-c45c-4f58-93ed-70d753d36e85,f56325b6-0a1c-49ab-afd6-2481fd8e29c7,1312210e-9cd8-4bac-96a8-11da91414ca2,1.0,lbs,25.0,25.0,2026-04-13T02:11:46.831888+00:00,False,
ef64eb81-00d7-47a7-8a1b-03423ed1ab30,f56325b6-0a1c-49ab-afd6-2481fd8e29c7,f0c608fc-95ab-4c48-a3ba-877a7937f660,1.0,lg,12.0,12.0,2026-04-13T02:11:46.831888+00:00,False,
3d4e1340-ee8d-4fb3-a7e0-a2ef45f36c08,f56325b6-0a1c-49ab-afd6-2481fd8e29c7,56f75098-ef8d-4fde-86e8-fbfa21bd8964,1.0,lg,20.0,20.0,2026-04-13T02:11:46.831888+00:00,False,
ab47763a-abf6-4b3d-a129-aa39932fd557,f56325b6-0a1c-49ab-afd6-2481fd8e29c7,5da6dc1f-43a1-4182-bea0-4d1036c97b6d,1.0,lg,20.0,20.0,2026-04-13T02:11:46.831888+00:00,False,
7eb61cee-9bb4-48a4-9f27-08f6f9260820,1991bec8-4681-487f-86dc-765e07a5e997,b0017451-3a96-49f3-9e48-ea4ef19383bf,30.0,ea,0.2,6.0,2026-04-13T02:11:46.995004+00:00,False,
203d8b26-d467-4547-b53c-0f705cbaa3c3,1991bec8-4681-487f-86dc-765e07a5e997,f0c608fc-95ab-4c48-a3ba-877a7937f660,1.0,lg,12.0,12.0,2026-04-13T02:11:46.995004+00:00,False,
78e5809c-0507-4c6f-a39f-789651b9073c,e7c405e4-b8a2-4e07-a955-1bc5682501fd,b90584d8-fc78-420b-91e1-490117cd30cd,1.0,sm,6.0,6.0,2026-04-13T02:12:29.549395+00:00,False,
9426e33f-45ac-4b98-ac71-ef21ba41f927,e7c405e4-b8a2-4e07-a955-1bc5682501fd,2ec9bf07-c28b-4a11-809e-a7be42c4db76,1.0,lg,20.0,20.0,2026-04-13T02:12:29.549395+00:00,False,
27124bea-59ab-4579-8d15-d71a713e1236,e7c405e4-b8a2-4e07-a955-1bc5682501fd,f95b7a6f-37f8-4de1-9fdc-7ac2ef7d7af4,1.0,lg,12.0,12.0,2026-04-13T02:12:29.549395+00:00,False,
33599e97-692e-40fc-825b-670b542f0828,e7c405e4-b8a2-4e07-a955-1bc5682501fd,e662ef45-6aed-4a2e-ab16-cead317ac5b0,100.0,ea,0.35,35.0,2026-04-13T02:12:29.549395+00:00,False,
1dd2c9d9-5932-4229-8158-eaae8153090f,e7c405e4-b8a2-4e07-a955-1bc5682501fd,cbf76c50-2ebd-4fee-a8a3-0eab9d8366ee,1.0,lg,12.0,12.0,2026-04-13T02:12:29.549395+00:00,False,
e24dc265-79e6-45d9-b1eb-4f53d5fc016a,e7c405e4-b8a2-4e07-a955-1bc5682501fd,40b5c780-6569-4806-8e95-e2c92eaa87c9,1.0,lg,15.0,15.0,2026-04-13T02:12:29.549395+00:00,False,
416485af-7688-4794-a90c-e882009428c1,e7c405e4-b8a2-4e07-a955-1bc5682501fd,6058be35-369e-435d-8373-442cac7b65f8,1.0,lg,15.0,15.0,2026-04-13T02:12:29.549395+00:00,False,
5b179167-6896-4418-b4d6-5a71ed8cda0e,e7c405e4-b8a2-4e07-a955-1bc5682501fd,8ee929fd-00ee-4ed8-9cc5-1bac874eb3d3,1.0,lg,10.0,10.0,2026-04-13T02:12:29.549395+00:00,False,
51065001-969b-46ba-9775-9748e7067cae,e7c405e4-b8a2-4e07-a955-1bc5682501fd,0b56583d-f70a-49bd-a226-d86b7983ad6c,1.0,lg,15.0,15.0,2026-04-13T02:12:29.549395+00:00,False,
c1588a9a-0728-49dd-a521-05756ad604df,e7c405e4-b8a2-4e07-a955-1bc5682501fd,2070ea5c-435b-4080-9a08-46095b69baca,1.0,lg,40.0,40.0,2026-04-13T02:12:29.549395+00:00,False,
8b4e936d-81f3-48f9-a4df-f4afbc1c5229,e7c405e4-b8a2-4e07-a955-1bc5682501fd,b0017451-3a96-49f3-9e48-ea4ef19383bf,200.0,ea,0.2,40.0,2026-04-13T02:12:29.549395+00:00,False,
d65fa2cc-ab92-4949-b509-ed5513b29222,e7c405e4-b8a2-4e07-a955-1bc5682501fd,5d2be0b1-c8e4-4de7-becc-b24c8655215d,2.0,lg,20.0,40.0,2026-04-13T02:12:29.549395+00:00,False,
16b2d71c-ca98-43d6-9502-beb21a48fc9d,e7c405e4-b8a2-4e07-a955-1bc5682501fd,3d50b41b-54e3-4ea7-b559-e40d8a1ea7e3,2.0,lg,12.0,24.0,2026-04-13T02:12:29.549395+00:00,False,
ae8c8546-97cb-47bc-ba37-7dcd3cea3eb3,e7c405e4-b8a2-4e07-a955-1bc5682501fd,2ec9bf07-c28b-4a11-809e-a7be42c4db76,1.0,lg,20.0,20.0,2026-04-13T02:12:29.549395+00:00,False,
f09c2dfc-8c68-4b34-83d4-429e811112db,e7c405e4-b8a2-4e07-a955-1bc5682501fd,09dd43ee-5456-4692-9016-433d77d3b6cb,1.0,sm,15.0,15.0,2026-04-13T02:12:29.549395+00:00,False,
f746be00-64a5-493b-8877-fbfe060fcdf3,e7c405e4-b8a2-4e07-a955-1bc5682501fd,e0ac9138-c667-4899-b1a7-25684d83684c,3.0,sm,12.0,36.0,2026-04-13T02:12:29.549395+00:00,False,
a3f8eacf-671b-4d3f-8c5a-19a64d7744c5,e7c405e4-b8a2-4e07-a955-1bc5682501fd,0abbd494-b25b-4f13-a55e-dcf6db986965,6.0,lg,15.0,90.0,2026-04-13T02:12:29.549395+00:00,False,
60e05514-6eb3-45e9-ac22-ca8feda6db6f,e7c405e4-b8a2-4e07-a955-1bc5682501fd,2c6f9099-8630-4310-9a1c-b81f5170e839,1.0,lg,12.0,12.0,2026-04-13T02:12:29.549395+00:00,False,
4e663420-4da0-4bc3-bf29-7bc7183a0882,e7c405e4-b8a2-4e07-a955-1bc5682501fd,09dd43ee-5456-4692-9016-433d77d3b6cb,11.0,sm,15.0,165.0,2026-04-13T02:12:29.549395+00:00,False,
6494c7e3-8f76-447a-8451-d2f2b7cf7403,e7c405e4-b8a2-4e07-a955-1bc5682501fd,cbf76c50-2ebd-4fee-a8a3-0eab9d8366ee,1.0,lg,12.0,12.0,2026-04-13T02:12:29.549395+00:00,False,
b01bc45e-1107-4755-bd96-4b7d333aee28,e7c405e4-b8a2-4e07-a955-1bc5682501fd,e81c39b6-82fe-4505-b835-ed93e4220988,1.0,sm,12.0,12.0,2026-04-13T02:12:29.549395+00:00,False,
c582a9be-db96-4fc5-ac18-04299cbf78db,e7c405e4-b8a2-4e07-a955-1bc5682501fd,e662ef45-6aed-4a2e-ab16-cead317ac5b0,200.0,ea,0.35,70.0,2026-04-13T02:12:29.549395+00:00,False,
e8cd5bea-d6cd-4943-a71b-79fcdaa44f97,e7c405e4-b8a2-4e07-a955-1bc5682501fd,e662ef45-6aed-4a2e-ab16-cead317ac5b0,10.0,ea,0.35,3.5,2026-04-13T02:12:29.549395+00:00,False,
b2a22876-f6bb-4a8e-bea2-c442ffb83a42,e7c405e4-b8a2-4e07-a955-1bc5682501fd,ad510ff3-14e5-40fa-b454-26ebc4bf299c,2.0,lg,15.0,30.0,2026-04-13T02:12:29.549395+00:00,False,
6625bf4c-7776-48ce-b2ad-77ba38b47645,e7c405e4-b8a2-4e07-a955-1bc5682501fd,ff117f7e-e829-4c9b-94be-583211e2b8eb,6.0,sm,15.0,90.0,2026-04-13T02:12:29.549395+00:00,False,
fb52054c-c032-48b4-a1e3-8faa69c33682,e7c405e4-b8a2-4e07-a955-1bc5682501fd,f0c608fc-95ab-4c48-a3ba-877a7937f660,2.0,lg,12.0,24.0,2026-04-13T02:12:29.549395+00:00,False,
b54fae7f-bc4e-4ecd-8fd1-92b1253b5342,e7c405e4-b8a2-4e07-a955-1bc5682501fd,5920adcc-3687-45b2-a0ad-50b17f24faef,2.0,lg,15.0,30.0,2026-04-13T02:12:29.549395+00:00,False,
56a2e44f-8759-4c27-ab94-5ffd5adf619d,e7c405e4-b8a2-4e07-a955-1bc5682501fd,267a7ea2-953e-49dd-8b14-79e115a8efc7,2.0,lg,15.0,30.0,2026-04-13T02:12:29.549395+00:00,False,
15de06d6-e536-4fe6-8666-2dc69f7ea112,e7c405e4-b8a2-4e07-a955-1bc5682501fd,ff117f7e-e829-4c9b-94be-583211e2b8eb,1.0,sm,15.0,15.0,2026-04-13T02:12:29.549395+00:00,False,
8f11094b-9fc9-4e98-aad1-8306c67177d2,e7c405e4-b8a2-4e07-a955-1bc5682501fd,f74886a6-2688-4903-92e2-b277ac3871b9,2.0,bx,48.0,96.0,2026-04-13T02:12:29.549395+00:00,False,
63635cab-bb40-4ce4-a9ca-92442a3dada6,679bcbb0-dea9-4030-bdb9-3af5d2ff8a34,de38634a-5fba-4125-835d-f248ee29f830,50.0,lbs,10.0,500.0,2026-04-13T02:12:30.169114+00:00,False,
70d8fb06-c4af-4065-89b3-deacffc18457,679bcbb0-dea9-4030-bdb9-3af5d2ff8a34,fd5f8362-52f1-410c-97dc-bbe084c2c8e4,5.0,lg,10.0,50.0,2026-04-13T02:12:30.169114+00:00,False,
14b091b6-fd68-4d47-b261-2f1db08efef8,679bcbb0-dea9-4030-bdb9-3af5d2ff8a34,1cd8cacb-9218-4990-9bbf-a2e7ce216f54,10.0,sm,12.0,120.0,2026-04-13T02:12:30.169114+00:00,False,
d30c93f1-b507-4775-9936-1ed47ffeec6d,679bcbb0-dea9-4030-bdb9-3af5d2ff8a34,e3ec98c5-fd0d-4087-ae6f-8b84410a0199,30.0,lbs,6.0,180.0,2026-04-13T02:12:30.169114+00:00,False,
396139e9-25e6-4b15-841f-2ff97f7a74c6,679bcbb0-dea9-4030-bdb9-3af5d2ff8a34,0abbd494-b25b-4f13-a55e-dcf6db986965,5.0,lg,15.0,75.0,2026-04-13T02:12:30.169114+00:00,False,
b421de84-ce4d-41d7-9411-f3dbb96ca81b,679bcbb0-dea9-4030-bdb9-3af5d2ff8a34,e81c39b6-82fe-4505-b835-ed93e4220988,1.0,sm,12.0,12.0,2026-04-13T02:12:30.169114+00:00,False,
30514079-04f4-49b6-a384-587a84083e40,679bcbb0-dea9-4030-bdb9-3af5d2ff8a34,f95b7a6f-37f8-4de1-9fdc-7ac2ef7d7af4,2.0,lg,12.0,24.0,2026-04-13T02:12:30.169114+00:00,False,
0cececf3-ea7a-4ee6-ae07-31aaaba3d1f3,679bcbb0-dea9-4030-bdb9-3af5d2ff8a34,2c6f9099-8630-4310-9a1c-b81f5170e839,2.0,lg,12.0,24.0,2026-04-13T02:12:30.169114+00:00,False,
1edc02ac-8739-4fc8-b949-46c802eeddd5,679bcbb0-dea9-4030-bdb9-3af5d2ff8a34,c34f7e2a-f610-4e56-847b-495bf4739360,3.0,sm,12.0,36.0,2026-04-13T02:12:30.169114+00:00,False,
c3330ae6-3ed3-4d6c-bd34-0fc4226fab82,679bcbb0-dea9-4030-bdb9-3af5d2ff8a34,b7693f65-7b87-4620-a292-f9e60fd3cfa9,6.0,lg,15.0,90.0,2026-04-13T02:12:30.169114+00:00,False,
1edb5241-52a5-4ed1-a2f2-b0880389a6b4,679bcbb0-dea9-4030-bdb9-3af5d2ff8a34,0a36520c-f191-437c-9745-c85a53861102,2.0,lg,10.0,20.0,2026-04-13T02:12:30.169114+00:00,False,
c3725dde-64ec-4015-a5d0-ff1c6eaa57c0,679bcbb0-dea9-4030-bdb9-3af5d2ff8a34,1cd8cacb-9218-4990-9bbf-a2e7ce216f54,3.0,sm,12.0,36.0,2026-04-13T02:12:30.169114+00:00,False,
6343029d-91a7-40de-a3dc-a1d3a50c43d1,679bcbb0-dea9-4030-bdb9-3af5d2ff8a34,3c8b8fbc-4f9e-4953-a4bd-37799b337807,1.0,lg,10.0,10.0,2026-04-13T02:12:30.169114+00:00,False,
3205631d-9645-4678-bac8-d0b8fb889eb4,679bcbb0-dea9-4030-bdb9-3af5d2ff8a34,8ee929fd-00ee-4ed8-9cc5-1bac874eb3d3,1.0,lg,10.0,10.0,2026-04-13T02:12:30.169114+00:00,False,
c9fc3d37-11b6-45d8-a2d5-ca213a0b1b23,679bcbb0-dea9-4030-bdb9-3af5d2ff8a34,4acd4dc2-eb69-48a4-8f0d-dc509f93beb4,1.0,sm,12.0,12.0,2026-04-13T02:12:30.169114+00:00,False,
0be4601e-42af-46b0-8ce2-357da55e514b,679bcbb0-dea9-4030-bdb9-3af5d2ff8a34,1b5e7f69-0650-4d5d-a6bf-e6d54d03f21e,1.0,lg,25.0,25.0,2026-04-13T02:12:30.169114+00:00,False,
b1f723f4-9eb8-48b4-bee9-41b5d623e7d7,679bcbb0-dea9-4030-bdb9-3af5d2ff8a34,ad510ff3-14e5-40fa-b454-26ebc4bf299c,2.0,lg,15.0,30.0,2026-04-13T02:12:30.169114+00:00,False,
c77a2b18-00a7-4888-83d7-38b11d7f7c4b,679bcbb0-dea9-4030-bdb9-3af5d2ff8a34,ff117f7e-e829-4c9b-94be-583211e2b8eb,3.0,sm,15.0,45.0,2026-04-13T02:12:30.169114+00:00,False,
0dc2b47d-ad32-46a0-9417-82417a848a2a,fdabe801-3125-456a-8add-5d77305fd3c2,f0c608fc-95ab-4c48-a3ba-877a7937f660,4.0,lg,12.0,48.0,2026-04-13T02:12:29.77148+00:00,False,
8489dfe3-197e-497a-b403-7642ef7d4f49,fdabe801-3125-456a-8add-5d77305fd3c2,ff117f7e-e829-4c9b-94be-583211e2b8eb,6.0,sm,15.0,90.0,2026-04-13T02:12:29.77148+00:00,False,
ecc118b6-62fb-4e04-accf-624f96cbec53,fdabe801-3125-456a-8add-5d77305fd3c2,d399f7cb-cd56-4360-9e60-ccab8382fb61,4.0,lg,15.0,60.0,2026-04-13T02:12:29.77148+00:00,False,
0207ba25-ac70-4709-bd55-6e29550521de,fdabe801-3125-456a-8add-5d77305fd3c2,511d5694-6147-4322-960a-eb6e5cd1e291,30.0,lbs,4.0,120.0,2026-04-13T02:12:29.77148+00:00,False,
cd19a074-596f-4a16-9053-665283d20e87,fdabe801-3125-456a-8add-5d77305fd3c2,772df8d5-6962-487a-99d2-78d6ef150e85,10.0,lg,24.0,240.0,2026-04-13T02:12:29.77148+00:00,False,
1f06b5d9-e9d7-4a13-b0c1-795dfaf9fea2,fdabe801-3125-456a-8add-5d77305fd3c2,1b5e7f69-0650-4d5d-a6bf-e6d54d03f21e,10.0,lg,25.0,250.0,2026-04-13T02:12:29.77148+00:00,False,
731b83d2-c7ca-43fd-ae2e-deda05a6b412,fdabe801-3125-456a-8add-5d77305fd3c2,f74886a6-2688-4903-92e2-b277ac3871b9,2.0,bx,48.0,96.0,2026-04-13T02:12:29.77148+00:00,False,
0a05603c-e84e-4375-8032-48272ac8b164,dc74ab38-d560-425c-a6b1-be19b83e8e60,0516781f-0290-44a1-9f8f-adbf8db38425,30.0,lbs,4.5,135.0,2026-04-13T02:12:30.499017+00:00,False,
78dd0f05-6926-4bda-8999-0bd7248d870a,dc74ab38-d560-425c-a6b1-be19b83e8e60,1b5e7f69-0650-4d5d-a6bf-e6d54d03f21e,1.0,lg,25.0,25.0,2026-04-13T02:12:30.499017+00:00,False,
11ec898d-cf91-45c6-a9f2-199f5d38ffc8,dc74ab38-d560-425c-a6b1-be19b83e8e60,dfcf3978-e149-42ff-90c3-5ee66fc11c77,15.0,lbs,8.0,120.0,2026-04-13T02:12:30.499017+00:00,False,
45a07943-ca6a-494b-b172-5d823f4e3a14,dc74ab38-d560-425c-a6b1-be19b83e8e60,f0fe9b25-dd6c-40ca-b3a2-5ad353a1c66e,6.0,ea,3.0,18.0,2026-04-13T02:12:30.499017+00:00,False,
b33320c9-afe4-4772-a3db-04dfdff9237f,dc74ab38-d560-425c-a6b1-be19b83e8e60,f95b7a6f-37f8-4de1-9fdc-7ac2ef7d7af4,2.0,lg,12.0,24.0,2026-04-13T02:12:30.499017+00:00,False,
cf74fbd5-59d2-4f6b-b416-1bef4415368c,dc74ab38-d560-425c-a6b1-be19b83e8e60,5920adcc-3687-45b2-a0ad-50b17f24faef,2.0,lg,15.0,30.0,2026-04-13T02:12:30.499017+00:00,False,
9a56e030-a011-4cc3-95e5-6e292a2ba538,dc74ab38-d560-425c-a6b1-be19b83e8e60,0516781f-0290-44a1-9f8f-adbf8db38425,30.0,lbs,4.5,135.0,2026-04-13T02:12:30.499017+00:00,False,
29ae3d22-676e-4a12-863b-e436f1744243,dc74ab38-d560-425c-a6b1-be19b83e8e60,8fe53475-a2ce-4dd6-802b-19151fab1430,30.0,lbs,1.25,37.5,2026-04-13T02:12:30.499017+00:00,False,
222718be-fa5a-4d80-9e34-780c80bd1195,dc74ab38-d560-425c-a6b1-be19b83e8e60,e704a939-0821-4540-b342-fec5e79de79a,4.0,bx,20.0,80.0,2026-04-13T02:12:30.499017+00:00,False,
a5802a0a-5b61-4008-90e6-66f208071e92,dc74ab38-d560-425c-a6b1-be19b83e8e60,511d5694-6147-4322-960a-eb6e5cd1e291,30.0,lbs,4.0,120.0,2026-04-13T02:12:30.499017+00:00,False,
fb704216-c05c-48c3-a0e5-9ad91c068238,dc74ab38-d560-425c-a6b1-be19b83e8e60,f74886a6-2688-4903-92e2-b277ac3871b9,2.0,bx,48.0,96.0,2026-04-13T02:12:30.499017+00:00,False,
c9f59edf-e7cd-4c62-82d8-b550c5749c56,02a6c47e-a546-4437-95a3-23008af7dfe8,2ec9bf07-c28b-4a11-809e-a7be42c4db76,0.5,lg,20.0,10.0,2026-04-13T02:12:31.001262+00:00,False,
44fae3c6-7a2d-4bb0-84d5-aef35844488f,02a6c47e-a546-4437-95a3-23008af7dfe8,1cd8cacb-9218-4990-9bbf-a2e7ce216f54,1.0,sm,12.0,12.0,2026-04-13T02:12:31.001262+00:00,False,
99bf973b-611d-4374-8ed9-f30fd6b53e16,02a6c47e-a546-4437-95a3-23008af7dfe8,4acd4dc2-eb69-48a4-8f0d-dc509f93beb4,1.0,sm,12.0,12.0,2026-04-13T02:12:31.001262+00:00,False,
83850885-a47e-40e7-bf52-e19cb0243f58,02a6c47e-a546-4437-95a3-23008af7dfe8,e662ef45-6aed-4a2e-ab16-cead317ac5b0,200.0,ea,0.35,70.0,2026-04-13T02:12:31.001262+00:00,False,
b7c061c0-30aa-42d8-b658-6705f471d479,02a6c47e-a546-4437-95a3-23008af7dfe8,2c6f9099-8630-4310-9a1c-b81f5170e839,1.0,lg,12.0,12.0,2026-04-13T02:12:31.001262+00:00,False,
ec727f92-6414-4c66-bb4e-56ef0e07ebbe,02a6c47e-a546-4437-95a3-23008af7dfe8,09dd43ee-5456-4692-9016-433d77d3b6cb,3.0,sm,15.0,45.0,2026-04-13T02:12:31.001262+00:00,False,
a65d12cc-aa05-47d0-b47f-9c000c6b21ca,02a6c47e-a546-4437-95a3-23008af7dfe8,f74886a6-2688-4903-92e2-b277ac3871b9,2.0,bx,48.0,96.0,2026-04-13T02:12:31.001262+00:00,False,
5b04027d-a3be-42a0-936a-147ba86f2fd7,a7b91131-0d24-4d38-86fb-396dff3ad875,ad510ff3-14e5-40fa-b454-26ebc4bf299c,4.0,lg,15.0,60.0,2026-04-13T02:12:31.513725+00:00,False,
76dc75c2-44d9-490b-baa2-ce07ab840948,a7b91131-0d24-4d38-86fb-396dff3ad875,ff117f7e-e829-4c9b-94be-583211e2b8eb,6.0,sm,15.0,90.0,2026-04-13T02:12:31.513725+00:00,False,
c82a2dfc-304f-4acc-b103-33af7d5f6925,a7b91131-0d24-4d38-86fb-396dff3ad875,f0c608fc-95ab-4c48-a3ba-877a7937f660,2.0,lg,12.0,24.0,2026-04-13T02:12:31.513725+00:00,False,
442ac40f-ab28-4e3e-b9d0-fc88bddce3e1,a7b91131-0d24-4d38-86fb-396dff3ad875,5920adcc-3687-45b2-a0ad-50b17f24faef,2.0,lg,15.0,30.0,2026-04-13T02:12:31.513725+00:00,False,
a2ab9f63-406d-4222-88fb-ddc2ac649c35,a7b91131-0d24-4d38-86fb-396dff3ad875,267a7ea2-953e-49dd-8b14-79e115a8efc7,2.0,lg,15.0,30.0,2026-04-13T02:12:31.513725+00:00,False,
3fd8bc0f-ed7f-4ece-b70e-4bd0f016289f,a7b91131-0d24-4d38-86fb-396dff3ad875,de38634a-5fba-4125-835d-f248ee29f830,200.0,lbs,10.0,2000.0,2026-04-13T02:12:31.513725+00:00,False,
5765d2b2-dc7d-47ab-bf9c-7c558ce02090,a7b91131-0d24-4d38-86fb-396dff3ad875,0516781f-0290-44a1-9f8f-adbf8db38425,50.0,lbs,4.5,225.0,2026-04-13T02:12:31.513725+00:00,False,
0651cf4e-a234-4e84-8470-e048e7b2fb18,a7b91131-0d24-4d38-86fb-396dff3ad875,a3d8e08f-8e02-46e5-af59-a2895bf61e63,50.0,lbs,4.5,225.0,2026-04-13T02:12:31.513725+00:00,False,
5f71ebd0-7f64-4294-8030-5e3d95eb5f32,a7b91131-0d24-4d38-86fb-396dff3ad875,fd5f8362-52f1-410c-97dc-bbe084c2c8e4,50.0,lg,10.0,500.0,2026-04-13T02:12:31.513725+00:00,False,
22b5d4da-086b-406d-b3a8-92025ab7c69d,a7b91131-0d24-4d38-86fb-396dff3ad875,e662ef45-6aed-4a2e-ab16-cead317ac5b0,200.0,ea,0.35,70.0,2026-04-13T02:12:31.513725+00:00,False,
8988a95f-b1b4-47db-b160-ddd7752058ef,a7b91131-0d24-4d38-86fb-396dff3ad875,f95b7a6f-37f8-4de1-9fdc-7ac2ef7d7af4,1.0,lg,12.0,12.0,2026-04-13T02:12:31.513725+00:00,False,
686c42ff-eaf1-4b76-9cc4-659b911c79ac,a7b91131-0d24-4d38-86fb-396dff3ad875,2ec9bf07-c28b-4a11-809e-a7be42c4db76,1.0,lg,20.0,20.0,2026-04-13T02:12:31.513725+00:00,False,
29f9b670-b0e1-4613-a4af-02b15d7d3064,a7b91131-0d24-4d38-86fb-396dff3ad875,e0ac9138-c667-4899-b1a7-25684d83684c,2.0,sm,12.0,24.0,2026-04-13T02:12:31.513725+00:00,False,
888ce6c8-9b79-472f-9c28-4bde1db79182,a7b91131-0d24-4d38-86fb-396dff3ad875,f74886a6-2688-4903-92e2-b277ac3871b9,2.0,bx,48.0,96.0,2026-04-13T02:12:31.513725+00:00,False,
5c13b646-4503-4b69-915a-52e2477ce3ac,da1f750e-212b-4678-bd3b-624a68a8943d,ff117f7e-e829-4c9b-94be-583211e2b8eb,1.0,sm,15.0,15.0,2026-04-13T02:12:32.156269+00:00,False,
22f2a80c-03bd-4e36-93f8-67fe1c38548f,da1f750e-212b-4678-bd3b-624a68a8943d,2ec9bf07-c28b-4a11-809e-a7be42c4db76,1.0,lg,20.0,20.0,2026-04-13T02:12:32.156269+00:00,False,
bfb4676a-0b07-4510-a0e7-af392f391dbb,da1f750e-212b-4678-bd3b-624a68a8943d,1cd8cacb-9218-4990-9bbf-a2e7ce216f54,1.0,sm,12.0,12.0,2026-04-13T02:12:32.156269+00:00,False,
db68a7b4-fa63-4355-9251-ea7ffa1afaeb,da1f750e-212b-4678-bd3b-624a68a8943d,4acd4dc2-eb69-48a4-8f0d-dc509f93beb4,1.0,sm,12.0,12.0,2026-04-13T02:12:32.156269+00:00,False,
c11a6fcf-bc4c-4d58-8141-ceccd7a1d032,da1f750e-212b-4678-bd3b-624a68a8943d,b90584d8-fc78-420b-91e1-490117cd30cd,1.0,sm,6.0,6.0,2026-04-13T02:12:32.156269+00:00,False,
8dfed5c1-921a-48bd-aa8c-46db75b3869d,da1f750e-212b-4678-bd3b-624a68a8943d,c34f7e2a-f610-4e56-847b-495bf4739360,3.0,sm,12.0,36.0,2026-04-13T02:12:32.156269+00:00,False,
e5492ca4-4cff-4f79-85e8-4b2c5b0cb88d,da1f750e-212b-4678-bd3b-624a68a8943d,e0ac9138-c667-4899-b1a7-25684d83684c,2.0,sm,12.0,24.0,2026-04-13T02:12:32.156269+00:00,False,
5dab97d6-06e2-429a-ab9f-7af86ed5a782,da1f750e-212b-4678-bd3b-624a68a8943d,e662ef45-6aed-4a2e-ab16-cead317ac5b0,450.0,ea,0.35,157.5,2026-04-13T02:12:32.156269+00:00,False,
3177324f-d5b1-48cd-9fb0-6f58853bd8e1,da1f750e-212b-4678-bd3b-624a68a8943d,0abbd494-b25b-4f13-a55e-dcf6db986965,10.0,lg,15.0,150.0,2026-04-13T02:12:32.156269+00:00,False,
8cfa584d-ea66-4934-b8a1-677276ee287e,da1f750e-212b-4678-bd3b-624a68a8943d,1cd8cacb-9218-4990-9bbf-a2e7ce216f54,3.0,sm,12.0,36.0,2026-04-13T02:12:32.156269+00:00,False,
7328358e-047d-49e6-be01-91b2de028c38,da1f750e-212b-4678-bd3b-624a68a8943d,2c6f9099-8630-4310-9a1c-b81f5170e839,1.0,lg,12.0,12.0,2026-04-13T02:12:32.156269+00:00,False,
8ea8800f-5c7e-41bd-a29c-8980a6ac57d7,da1f750e-212b-4678-bd3b-624a68a8943d,6058be35-369e-435d-8373-442cac7b65f8,6.0,lg,15.0,90.0,2026-04-13T02:12:32.156269+00:00,False,
53552126-4dce-40e4-9388-eacc40da6579,da1f750e-212b-4678-bd3b-624a68a8943d,09dd43ee-5456-4692-9016-433d77d3b6cb,3.0,sm,15.0,45.0,2026-04-13T02:12:32.156269+00:00,False,
f7dcbd8f-bdf1-4699-901f-59017552b0ee,1991bec8-4681-487f-86dc-765e07a5e997,56f75098-ef8d-4fde-86e8-fbfa21bd8964,1.0,lg,20.0,20.0,2026-04-13T02:11:46.995004+00:00,False,
e6c43a05-e313-4571-812e-181690f039de,1991bec8-4681-487f-86dc-765e07a5e997,772df8d5-6962-487a-99d2-78d6ef150e85,1.0,lg,24.0,24.0,2026-04-13T02:11:46.995004+00:00,False,
61399972-4914-4c30-916b-8051b77d0be4,1991bec8-4681-487f-86dc-765e07a5e997,e662ef45-6aed-4a2e-ab16-cead317ac5b0,200.0,ea,0.35,70.0,2026-04-13T02:11:46.995004+00:00,False,
95c19bb1-b11f-413e-8d74-f64e3af028bc,1991bec8-4681-487f-86dc-765e07a5e997,1312210e-9cd8-4bac-96a8-11da91414ca2,1.0,lbs,25.0,25.0,2026-04-13T02:11:46.995004+00:00,False,
0577336f-e342-478a-be06-5383ae80b6fd,1991bec8-4681-487f-86dc-765e07a5e997,e662ef45-6aed-4a2e-ab16-cead317ac5b0,300.0,ea,0.35,105.0,2026-04-13T02:11:46.995004+00:00,False,
cb60a194-49df-4544-a810-92ed73172807,1991bec8-4681-487f-86dc-765e07a5e997,772df8d5-6962-487a-99d2-78d6ef150e85,1.0,lg,24.0,24.0,2026-04-13T02:11:46.995004+00:00,False,
1528bf1e-9bcb-412a-9671-a7a9a44a8fb1,1991bec8-4681-487f-86dc-765e07a5e997,cbf76c50-2ebd-4fee-a8a3-0eab9d8366ee,1.0,lg,12.0,12.0,2026-04-13T02:11:46.995004+00:00,False,
8197266c-0a98-4c83-9491-54b800b8d5da,1991bec8-4681-487f-86dc-765e07a5e997,0a36520c-f191-437c-9745-c85a53861102,2.0,lg,10.0,20.0,2026-04-13T02:11:46.995004+00:00,False,
76de52ef-028c-4a50-9e47-b99fdd0a14bc,1991bec8-4681-487f-86dc-765e07a5e997,b90584d8-fc78-420b-91e1-490117cd30cd,2.0,sm,6.0,12.0,2026-04-13T02:11:46.995004+00:00,False,
9d5cef2a-2025-44cc-886f-1324fa6bc204,bb5786ab-22de-44e7-a8a1-bb3575fea66a,e662ef45-6aed-4a2e-ab16-cead317ac5b0,80.0,ea,0.35,28.0,2026-04-13T02:11:47.136397+00:00,False,
3feb477e-8c36-4e72-8e2d-7ce2e13aa916,bb5786ab-22de-44e7-a8a1-bb3575fea66a,c60051a9-4d42-4198-bd08-b24181a2481d,1.0,sm,6.0,6.0,2026-04-13T02:11:47.136397+00:00,False,
6710eed5-5fc6-4a80-b0a1-ead25f15e4ff,bb5786ab-22de-44e7-a8a1-bb3575fea66a,f14e1eaa-9677-4120-b8b5-37209f399915,1.0,lg,30.0,30.0,2026-04-13T02:11:47.136397+00:00,False,
099c68d7-327f-4892-bca2-781e9a0f7cd2,bb5786ab-22de-44e7-a8a1-bb3575fea66a,f0c608fc-95ab-4c48-a3ba-877a7937f660,1.0,lg,12.0,12.0,2026-04-13T02:11:47.136397+00:00,False,
e80c649c-1a26-4d7e-ac00-5c5ca35e8e6d,679bcbb0-dea9-4030-bdb9-3af5d2ff8a34,f0c608fc-95ab-4c48-a3ba-877a7937f660,2.0,lg,12.0,24.0,2026-04-13T02:12:30.169114+00:00,False,
2b4d1e62-8fbc-4a2b-b76b-d09296eb459d,679bcbb0-dea9-4030-bdb9-3af5d2ff8a34,5920adcc-3687-45b2-a0ad-50b17f24faef,2.0,lg,15.0,30.0,2026-04-13T02:12:30.169114+00:00,False,
3c3514f8-089d-46d0-b42b-c702974f2609,679bcbb0-dea9-4030-bdb9-3af5d2ff8a34,267a7ea2-953e-49dd-8b14-79e115a8efc7,2.0,lg,15.0,30.0,2026-04-13T02:12:30.169114+00:00,False,
b6c49d63-3961-4b0f-b430-df3af247b0c1,679bcbb0-dea9-4030-bdb9-3af5d2ff8a34,f74886a6-2688-4903-92e2-b277ac3871b9,2.0,bx,48.0,96.0,2026-04-13T02:12:30.169114+00:00,False,
0e7d531b-8cf5-48a1-a69a-9b539ddf19f2,4852e644-621b-4b47-8479-c2f21b4605ff,e3ec98c5-fd0d-4087-ae6f-8b84410a0199,50.0,lbs,6.0,300.0,2026-04-13T02:12:30.755446+00:00,False,
11620710-004d-4398-95b1-ef1f6e1b2848,4852e644-621b-4b47-8479-c2f21b4605ff,b90584d8-fc78-420b-91e1-490117cd30cd,3.0,sm,6.0,18.0,2026-04-13T02:12:30.755446+00:00,False,
6cc6de20-a467-4b0d-8a98-3b3c32b7b230,4852e644-621b-4b47-8479-c2f21b4605ff,e0ac9138-c667-4899-b1a7-25684d83684c,6.0,sm,12.0,72.0,2026-04-13T02:12:30.755446+00:00,False,
0da36456-2de0-401e-ad8b-ee53ad575c3e,4852e644-621b-4b47-8479-c2f21b4605ff,1cd8cacb-9218-4990-9bbf-a2e7ce216f54,3.0,sm,12.0,36.0,2026-04-13T02:12:30.755446+00:00,False,
e0e5e9d6-31bf-4868-84d5-46d75d0520e5,4852e644-621b-4b47-8479-c2f21b4605ff,942cbf39-99e6-40cd-8034-2eacf88611f2,3.0,sm,12.0,36.0,2026-04-13T02:12:30.755446+00:00,False,
58af55cd-3ce5-4c20-8087-834bd2adecc0,4852e644-621b-4b47-8479-c2f21b4605ff,e662ef45-6aed-4a2e-ab16-cead317ac5b0,300.0,ea,0.35,105.0,2026-04-13T02:12:30.755446+00:00,False,
3d373138-b0f7-405f-b5e4-13a42dc4ef55,4852e644-621b-4b47-8479-c2f21b4605ff,0abbd494-b25b-4f13-a55e-dcf6db986965,8.0,lg,15.0,120.0,2026-04-13T02:12:30.755446+00:00,False,
53f9d540-903b-4cb9-9102-1e73e38b094b,4852e644-621b-4b47-8479-c2f21b4605ff,2c6f9099-8630-4310-9a1c-b81f5170e839,2.0,lg,12.0,24.0,2026-04-13T02:12:30.755446+00:00,False,
60d229fc-a398-4bf3-8a8b-a77e37e7f5ea,4852e644-621b-4b47-8479-c2f21b4605ff,c34f7e2a-f610-4e56-847b-495bf4739360,3.0,sm,12.0,36.0,2026-04-13T02:12:30.755446+00:00,False,
3f3d27d0-0c25-4512-b988-d1d33e7481ce,4852e644-621b-4b47-8479-c2f21b4605ff,cbf76c50-2ebd-4fee-a8a3-0eab9d8366ee,1.0,lg,12.0,12.0,2026-04-13T02:12:30.755446+00:00,False,
680c15b5-fe11-4d3d-9992-76d9983740a1,4852e644-621b-4b47-8479-c2f21b4605ff,f74886a6-2688-4903-92e2-b277ac3871b9,2.0,bx,48.0,96.0,2026-04-13T02:12:30.755446+00:00,False,
fdcca928-e8e5-41ec-9e10-282c30025442,7971022f-2003-449a-b910-512be5b02e9b,ad8151cf-0a93-4205-9f92-19b1bc595a8f,25.0,lbs,6.0,150.0,2026-04-13T02:12:31.241115+00:00,False,
9dee216f-7acd-4670-ac26-b5fadaba47bc,7971022f-2003-449a-b910-512be5b02e9b,a3d8e08f-8e02-46e5-af59-a2895bf61e63,30.0,lbs,4.5,135.0,2026-04-13T02:12:31.241115+00:00,False,
63b81625-c171-4c40-b186-3010aea1413a,7971022f-2003-449a-b910-512be5b02e9b,0516781f-0290-44a1-9f8f-adbf8db38425,30.0,lbs,4.5,135.0,2026-04-13T02:12:31.241115+00:00,False,
ebd08d38-407a-466b-8fa2-d90dabaf86a8,7971022f-2003-449a-b910-512be5b02e9b,511d5694-6147-4322-960a-eb6e5cd1e291,30.0,lbs,4.0,120.0,2026-04-13T02:12:31.241115+00:00,False,
dc648508-90e1-4bdb-a4d1-1cc91128f74d,7971022f-2003-449a-b910-512be5b02e9b,0415b9aa-5c61-4f79-9479-7dce2c76d1a8,2.0,ea,6.4,12.8,2026-04-13T02:12:31.241115+00:00,False,
e1a0ff16-18cd-43b3-aed6-bfe906f4590c,7971022f-2003-449a-b910-512be5b02e9b,1b5e7f69-0650-4d5d-a6bf-e6d54d03f21e,4.0,lg,25.0,100.0,2026-04-13T02:12:31.241115+00:00,False,
a20dc513-4009-4050-bcc8-8e23b6aff243,7971022f-2003-449a-b910-512be5b02e9b,f74886a6-2688-4903-92e2-b277ac3871b9,2.0,bx,48.0,96.0,2026-04-13T02:12:31.241115+00:00,False,
a471a97f-43cb-4c7f-9035-1ff81e83b848,7971022f-2003-449a-b910-512be5b02e9b,b90584d8-fc78-420b-91e1-490117cd30cd,1.0,sm,6.0,6.0,2026-04-13T02:12:31.241115+00:00,False,
91183eed-5bc4-44da-a829-ad22ead5b6c6,7971022f-2003-449a-b910-512be5b02e9b,e0ac9138-c667-4899-b1a7-25684d83684c,1.0,sm,12.0,12.0,2026-04-13T02:12:31.241115+00:00,False,
0b60b0f1-deae-427c-a852-9969f135927b,7971022f-2003-449a-b910-512be5b02e9b,e662ef45-6aed-4a2e-ab16-cead317ac5b0,200.0,ea,0.35,70.0,2026-04-13T02:12:31.241115+00:00,False,
8957e58e-4dc6-46d5-8bc6-b8dfb6554629,7971022f-2003-449a-b910-512be5b02e9b,0abbd494-b25b-4f13-a55e-dcf6db986965,1.0,lg,15.0,15.0,2026-04-13T02:12:31.241115+00:00,False,
995904f7-0ddb-48f7-beae-d8faf916fe60,7971022f-2003-449a-b910-512be5b02e9b,2c6f9099-8630-4310-9a1c-b81f5170e839,1.0,lg,12.0,12.0,2026-04-13T02:12:31.241115+00:00,False,
1db6f115-7709-497a-9109-21ae94c8848c,7971022f-2003-449a-b910-512be5b02e9b,ad510ff3-14e5-40fa-b454-26ebc4bf299c,4.0,lg,15.0,60.0,2026-04-13T02:12:31.241115+00:00,False,
6b9f432e-8246-4de9-a40d-da97736789b6,7971022f-2003-449a-b910-512be5b02e9b,ff117f7e-e829-4c9b-94be-583211e2b8eb,6.0,sm,15.0,90.0,2026-04-13T02:12:31.241115+00:00,False,
f35f4755-ba8b-4ee7-a3ae-0b346e16db83,7971022f-2003-449a-b910-512be5b02e9b,f0c608fc-95ab-4c48-a3ba-877a7937f660,2.0,lg,12.0,24.0,2026-04-13T02:12:31.241115+00:00,False,
d90bd37c-edb7-40ca-9090-99057e6d8d6f,7971022f-2003-449a-b910-512be5b02e9b,5920adcc-3687-45b2-a0ad-50b17f24faef,2.0,lg,15.0,30.0,2026-04-13T02:12:31.241115+00:00,False,
99970c0d-33b4-486e-97ac-c0ba50618249,7971022f-2003-449a-b910-512be5b02e9b,267a7ea2-953e-49dd-8b14-79e115a8efc7,2.0,lg,15.0,30.0,2026-04-13T02:12:31.241115+00:00,False,
a9fad815-1f3c-4e45-86db-2b9d2505d379,7971022f-2003-449a-b910-512be5b02e9b,f74886a6-2688-4903-92e2-b277ac3871b9,2.0,bx,48.0,96.0,2026-04-13T02:12:31.241115+00:00,False,
af8b9b72-424d-4586-ab62-b177a7597cd1,4b152eea-3e96-4d16-a9ea-b7ac18ec53b6,0abbd494-b25b-4f13-a55e-dcf6db986965,1.0,lg,15.0,15.0,2026-04-13T02:12:31.931072+00:00,False,
264af653-774f-41d2-a8e7-aab3785edbf0,4b152eea-3e96-4d16-a9ea-b7ac18ec53b6,b90584d8-fc78-420b-91e1-490117cd30cd,1.0,sm,6.0,6.0,2026-04-13T02:12:31.931072+00:00,False,
41b4c8b2-5232-4a49-8d3a-4d08a0eb72ff,bb5786ab-22de-44e7-a8a1-bb3575fea66a,1112445f-aba5-4629-b399-08d2c0baf4f8,0.5,lg,20.0,10.0,2026-04-13T02:11:47.136397+00:00,False,
39f48435-2ae2-4601-8998-01dd43c45ccd,bb5786ab-22de-44e7-a8a1-bb3575fea66a,b90584d8-fc78-420b-91e1-490117cd30cd,1.0,sm,6.0,6.0,2026-04-13T02:11:47.136397+00:00,False,
86bc8ec2-ca99-47b4-be81-ff64b3cffe80,1cd0686d-7830-4d91-a731-52c205e86dfb,e662ef45-6aed-4a2e-ab16-cead317ac5b0,100.0,ea,0.35,35.0,2026-04-13T02:11:50.557758+00:00,False,
18b9e135-c9a4-435a-910b-a87fca1ff2aa,1cd0686d-7830-4d91-a731-52c205e86dfb,6a383d81-af24-4d74-a14e-ec5dd8b4653d,2.0,lg,15.0,30.0,2026-04-13T02:11:50.557758+00:00,False,
8ce2a3ff-99e4-4d15-a9d2-52cf536c5219,1cd0686d-7830-4d91-a731-52c205e86dfb,f14e1eaa-9677-4120-b8b5-37209f399915,1.0,lg,30.0,30.0,2026-04-13T02:11:50.557758+00:00,False,
bd80ee84-aacb-499c-995a-17eb32088621,693325cb-7a9d-442d-91d3-b3669779ff31,e662ef45-6aed-4a2e-ab16-cead317ac5b0,100.0,ea,0.35,35.0,2026-04-13T02:11:50.698108+00:00,False,
14253857-a60e-4482-b7ba-67d43845840f,693325cb-7a9d-442d-91d3-b3669779ff31,b90584d8-fc78-420b-91e1-490117cd30cd,2.0,sm,6.0,12.0,2026-04-13T02:11:50.698108+00:00,False,
a7a1d20d-efc8-4df0-995d-f86fd32fe6fe,693325cb-7a9d-442d-91d3-b3669779ff31,56f75098-ef8d-4fde-86e8-fbfa21bd8964,1.0,lg,20.0,20.0,2026-04-13T02:11:50.698108+00:00,False,
2eaf3bb3-8681-4768-a605-a893a1242729,693325cb-7a9d-442d-91d3-b3669779ff31,04cc3ab8-f1fa-4e6c-a4aa-9a4d53f1dc53,1.0,lg,20.0,20.0,2026-04-13T02:11:50.698108+00:00,False,
a8e91126-8068-4e6c-8f0a-9c790557fde5,693325cb-7a9d-442d-91d3-b3669779ff31,6f6dcd58-46f9-4796-8b12-f65aeb26ab1e,2.0,sm,6.0,12.0,2026-04-13T02:11:50.698108+00:00,False,
57a51bc6-cdf8-408a-ad6e-39680116b6c7,693325cb-7a9d-442d-91d3-b3669779ff31,f14e1eaa-9677-4120-b8b5-37209f399915,1.0,lg,30.0,30.0,2026-04-13T02:11:50.698108+00:00,False,
6270c49b-1544-4a36-ada9-79b44273f9dc,693325cb-7a9d-442d-91d3-b3669779ff31,5da6dc1f-43a1-4182-bea0-4d1036c97b6d,1.0,lg,20.0,20.0,2026-04-13T02:11:50.698108+00:00,False,
b2bd2554-7dfb-4849-933a-661737cf42d3,575ba812-df9e-41ff-8535-c9231419794e,c1a8700d-9fe7-4842-97e2-84acd9d975b3,1.0,ea,0.1,0.1,2026-04-13T02:11:50.852171+00:00,False,
44e99070-7232-4504-9ba6-6fc240c779b0,575ba812-df9e-41ff-8535-c9231419794e,e662ef45-6aed-4a2e-ab16-cead317ac5b0,150.0,ea,0.35,52.5,2026-04-13T02:11:50.852171+00:00,False,
e77717ea-f361-4657-8354-d89d55be75c1,575ba812-df9e-41ff-8535-c9231419794e,56f75098-ef8d-4fde-86e8-fbfa21bd8964,1.0,lg,20.0,20.0,2026-04-13T02:11:50.852171+00:00,False,
b8c8160c-32ef-4888-9c34-f2673ca609bf,575ba812-df9e-41ff-8535-c9231419794e,89deecdc-4aaf-4b43-9716-bc54563a3e98,10.0,lg,20.0,200.0,2026-04-13T02:11:50.852171+00:00,False,
0864d4f2-a7ee-4304-a1d8-b98511fe073a,be7b66da-8994-4b1a-ad45-caf93ce6c1ae,e662ef45-6aed-4a2e-ab16-cead317ac5b0,100.0,ea,0.35,35.0,2026-04-13T02:11:50.992085+00:00,False,
f3b987fc-2d5d-4276-8f73-19642759aed4,be7b66da-8994-4b1a-ad45-caf93ce6c1ae,b0c6ac67-3d61-415c-8d9a-8683b6ea618d,20.0,lbs,8.0,160.0,2026-04-13T02:11:50.992085+00:00,False,
05a67698-251e-461e-a0e4-d026734abd85,67d55fb9-0551-4240-ab74-51e87dc18f28,5da6dc1f-43a1-4182-bea0-4d1036c97b6d,1.0,lg,20.0,20.0,2026-04-13T02:11:51.13435+00:00,False,
e423823b-8ad2-42b1-be08-d117db4fd0c5,67d55fb9-0551-4240-ab74-51e87dc18f28,6a383d81-af24-4d74-a14e-ec5dd8b4653d,1.0,lg,15.0,15.0,2026-04-13T02:11:51.13435+00:00,False,
0e9372ad-a93a-41c5-9f11-4503075850da,67d55fb9-0551-4240-ab74-51e87dc18f28,cb8885fa-21df-4a06-9dcc-911e9c6c474d,2.0,sm,15.0,30.0,2026-04-13T02:11:51.13435+00:00,False,
7a04f66f-ddfb-45ab-bbf2-9c93b99e1fb7,7e45aeb5-2802-4af2-87be-2b938514fe40,5da6dc1f-43a1-4182-bea0-4d1036c97b6d,1.0,lg,20.0,20.0,2026-04-13T02:11:51.285524+00:00,False,
159e70a5-c414-44dc-85ba-25f62dae91b1,7e45aeb5-2802-4af2-87be-2b938514fe40,e662ef45-6aed-4a2e-ab16-cead317ac5b0,150.0,ea,0.35,52.5,2026-04-13T02:11:51.285524+00:00,False,
afcecd36-e904-4a3f-8cd2-308c36da1e5d,7e45aeb5-2802-4af2-87be-2b938514fe40,03ac3e2a-cd94-4a27-a5eb-b34640786fae,1.0,bx,20.0,20.0,2026-04-13T02:11:51.285524+00:00,False,
98b867c6-d781-46f0-8e5b-1672bda1d0a9,e6e96db4-4ad8-4468-ac82-65d065def044,e662ef45-6aed-4a2e-ab16-cead317ac5b0,150.0,ea,0.35,52.5,2026-04-13T02:11:51.429308+00:00,False,
9056c59a-2065-468f-9c52-d89afbb84337,7df74d06-1a0a-488d-8de7-faf2df5a5fdf,e662ef45-6aed-4a2e-ab16-cead317ac5b0,200.0,ea,0.35,70.0,2026-04-13T02:11:51.576054+00:00,False,
9ed06f9d-a903-4cbe-b0c4-55913ce0bb9a,d73830c5-2bf9-4b4c-bda7-df3a5b6dd7cf,e662ef45-6aed-4a2e-ab16-cead317ac5b0,200.0,ea,0.35,70.0,2026-04-13T02:11:51.709181+00:00,False,
8c2e25e2-61cb-4a27-bba0-50443b2ace5e,d73830c5-2bf9-4b4c-bda7-df3a5b6dd7cf,5d2be0b1-c8e4-4de7-becc-b24c8655215d,2.0,lg,20.0,40.0,2026-04-13T02:11:51.709181+00:00,False,
fc1e5c5b-bf62-4eb5-a594-f4cd7c44c34f,d73830c5-2bf9-4b4c-bda7-df3a5b6dd7cf,b0017451-3a96-49f3-9e48-ea4ef19383bf,50.0,ea,0.2,10.0,2026-04-13T02:11:51.709181+00:00,False,
bd103834-7e0d-44fa-94da-7eddba5956e8,d73830c5-2bf9-4b4c-bda7-df3a5b6dd7cf,05f66656-45df-4cb0-bf70-229ad1938df6,2.0,lg,20.0,40.0,2026-04-13T02:11:51.709181+00:00,False,
c79674e7-ccf3-4d1a-bae3-be3a7c97fd3d,4b152eea-3e96-4d16-a9ea-b7ac18ec53b6,e0ac9138-c667-4899-b1a7-25684d83684c,3.0,sm,12.0,36.0,2026-04-13T02:12:31.931072+00:00,False,
a241e87e-1625-4cbe-8cfb-b4a444e54a77,4b152eea-3e96-4d16-a9ea-b7ac18ec53b6,e662ef45-6aed-4a2e-ab16-cead317ac5b0,450.0,ea,0.35,157.5,2026-04-13T02:12:31.931072+00:00,False,
7a88443f-56a1-47f9-b474-cf72d7ea5652,4b152eea-3e96-4d16-a9ea-b7ac18ec53b6,cbf76c50-2ebd-4fee-a8a3-0eab9d8366ee,1.0,lg,12.0,12.0,2026-04-13T02:12:31.931072+00:00,False,
3ab79c7d-1857-4f2c-b994-9a4fdfd3908c,4b152eea-3e96-4d16-a9ea-b7ac18ec53b6,0abbd494-b25b-4f13-a55e-dcf6db986965,7.0,lg,15.0,105.0,2026-04-13T02:12:31.931072+00:00,False,
e3a7d117-87b2-4acf-abba-23c20291bba2,4b152eea-3e96-4d16-a9ea-b7ac18ec53b6,2c6f9099-8630-4310-9a1c-b81f5170e839,1.0,lg,12.0,12.0,2026-04-13T02:12:31.931072+00:00,False,
89776380-f827-402d-8739-6b5461b6df07,4b152eea-3e96-4d16-a9ea-b7ac18ec53b6,6058be35-369e-435d-8373-442cac7b65f8,4.0,lg,15.0,60.0,2026-04-13T02:12:31.931072+00:00,False,
69e23a06-0b0f-4462-a7cc-e9da9b855775,4b152eea-3e96-4d16-a9ea-b7ac18ec53b6,c34f7e2a-f610-4e56-847b-495bf4739360,2.0,sm,12.0,24.0,2026-04-13T02:12:31.931072+00:00,False,
a4bd231c-dc4e-4f1a-b2ca-578d120b5433,4b152eea-3e96-4d16-a9ea-b7ac18ec53b6,1b5e7f69-0650-4d5d-a6bf-e6d54d03f21e,1.0,lg,25.0,25.0,2026-04-13T02:12:31.931072+00:00,False,
b51d003f-154e-46a0-8f8b-7d0c8cb080f0,4b152eea-3e96-4d16-a9ea-b7ac18ec53b6,e3ec98c5-fd0d-4087-ae6f-8b84410a0199,10.0,lbs,6.0,60.0,2026-04-13T02:12:31.931072+00:00,False,
e0182ebc-0329-4681-bab0-652943bf7e5f,4b152eea-3e96-4d16-a9ea-b7ac18ec53b6,f0fe9b25-dd6c-40ca-b3a2-5ad353a1c66e,15.0,ea,3.0,45.0,2026-04-13T02:12:31.931072+00:00,False,
e521e6ec-c835-444a-87dd-15a1b61d070e,4b152eea-3e96-4d16-a9ea-b7ac18ec53b6,de38634a-5fba-4125-835d-f248ee29f830,50.0,lbs,10.0,500.0,2026-04-13T02:12:31.931072+00:00,False,
6c148e29-9878-4c69-a32a-64e0f1321d2f,4b152eea-3e96-4d16-a9ea-b7ac18ec53b6,772df8d5-6962-487a-99d2-78d6ef150e85,10.0,lg,24.0,240.0,2026-04-13T02:12:31.931072+00:00,False,
bc7906d3-1b07-452b-b241-1ddac8ccc21e,4b152eea-3e96-4d16-a9ea-b7ac18ec53b6,f74886a6-2688-4903-92e2-b277ac3871b9,2.0,bx,48.0,96.0,2026-04-13T02:12:31.931072+00:00,False,
048ddb05-b54f-4291-be31-a2ea17ed9992,5e03a1fc-df5e-4f31-8e5c-d7bc0e1fd083,ff117f7e-e829-4c9b-94be-583211e2b8eb,1.0,sm,15.0,15.0,2026-04-13T02:12:32.433218+00:00,False,
fd1e9ad6-5e2e-43f3-a32e-f1c17a8a9167,5e03a1fc-df5e-4f31-8e5c-d7bc0e1fd083,2ec9bf07-c28b-4a11-809e-a7be42c4db76,1.0,lg,20.0,20.0,2026-04-13T02:12:32.433218+00:00,False,
65ea85d0-d164-42eb-9187-bedfc301251f,5e03a1fc-df5e-4f31-8e5c-d7bc0e1fd083,1cd8cacb-9218-4990-9bbf-a2e7ce216f54,1.0,sm,12.0,12.0,2026-04-13T02:12:32.433218+00:00,False,
010a54e0-a41e-4586-8dd9-7bcd3f02d5e2,5e03a1fc-df5e-4f31-8e5c-d7bc0e1fd083,e662ef45-6aed-4a2e-ab16-cead317ac5b0,200.0,ea,0.35,70.0,2026-04-13T02:12:32.433218+00:00,False,
4fd592d6-982b-4742-ba39-d0977a647fd7,5e03a1fc-df5e-4f31-8e5c-d7bc0e1fd083,3c8b8fbc-4f9e-4953-a4bd-37799b337807,0.5,lg,10.0,5.0,2026-04-13T02:12:32.433218+00:00,False,
822d9b90-5c53-436d-8474-1ac5783f8f59,5e03a1fc-df5e-4f31-8e5c-d7bc0e1fd083,8ee929fd-00ee-4ed8-9cc5-1bac874eb3d3,0.5,lg,10.0,5.0,2026-04-13T02:12:32.433218+00:00,False,
409fc5d7-7386-4da9-a688-99c281215628,5e03a1fc-df5e-4f31-8e5c-d7bc0e1fd083,b0017451-3a96-49f3-9e48-ea4ef19383bf,200.0,ea,0.2,40.0,2026-04-13T02:12:32.433218+00:00,False,
273903c2-20cf-4b30-896a-5c40eccdf4c2,5e03a1fc-df5e-4f31-8e5c-d7bc0e1fd083,4acd4dc2-eb69-48a4-8f0d-dc509f93beb4,3.0,sm,12.0,36.0,2026-04-13T02:12:32.433218+00:00,False,
ccd43285-a8ff-467e-bc28-cf08c4909bc9,5e03a1fc-df5e-4f31-8e5c-d7bc0e1fd083,09dd43ee-5456-4692-9016-433d77d3b6cb,6.0,sm,15.0,90.0,2026-04-13T02:12:32.433218+00:00,False,
c0aeff6d-c398-47ec-8111-06f6130d4dfd,5e03a1fc-df5e-4f31-8e5c-d7bc0e1fd083,e0ac9138-c667-4899-b1a7-25684d83684c,3.0,sm,12.0,36.0,2026-04-13T02:12:32.433218+00:00,False,
bc114624-c5b0-4ac9-9664-5259ddf37219,5e03a1fc-df5e-4f31-8e5c-d7bc0e1fd083,1cd8cacb-9218-4990-9bbf-a2e7ce216f54,3.0,sm,12.0,36.0,2026-04-13T02:12:32.433218+00:00,False,
9b37daae-c3c7-45af-8874-7fe937f2141f,5e03a1fc-df5e-4f31-8e5c-d7bc0e1fd083,942cbf39-99e6-40cd-8034-2eacf88611f2,3.0,sm,12.0,36.0,2026-04-13T02:12:32.433218+00:00,False,
200553b3-f183-48eb-8fe9-c1319e078521,5e03a1fc-df5e-4f31-8e5c-d7bc0e1fd083,e662ef45-6aed-4a2e-ab16-cead317ac5b0,150.0,ea,0.35,52.5,2026-04-13T02:12:32.433218+00:00,False,
07bb29aa-38ea-4724-9f0e-664e471a8c51,5e03a1fc-df5e-4f31-8e5c-d7bc0e1fd083,1b5e7f69-0650-4d5d-a6bf-e6d54d03f21e,2.0,lg,25.0,50.0,2026-04-13T02:12:32.433218+00:00,False,
c27dd056-709d-4146-b60f-e378a03c9a3e,5e03a1fc-df5e-4f31-8e5c-d7bc0e1fd083,0abbd494-b25b-4f13-a55e-dcf6db986965,5.0,lg,15.0,75.0,2026-04-13T02:12:32.433218+00:00,False,
bc7c42f7-4fde-43da-9f4d-bab67525bf40,5e03a1fc-df5e-4f31-8e5c-d7bc0e1fd083,2c6f9099-8630-4310-9a1c-b81f5170e839,1.0,lg,12.0,12.0,2026-04-13T02:12:32.433218+00:00,False,
a7489570-5d04-4a6b-b82e-c1d36fd44975,5e03a1fc-df5e-4f31-8e5c-d7bc0e1fd083,c34f7e2a-f610-4e56-847b-495bf4739360,3.0,sm,12.0,36.0,2026-04-13T02:12:32.433218+00:00,False,
e4e35f27-8367-47aa-bef5-f2e975e2d52a,5e03a1fc-df5e-4f31-8e5c-d7bc0e1fd083,3c8b8fbc-4f9e-4953-a4bd-37799b337807,1.0,lg,10.0,10.0,2026-04-13T02:12:32.433218+00:00,False,
4bd5216b-6c43-4bf7-a2c7-6434dcaa5030,5e03a1fc-df5e-4f31-8e5c-d7bc0e1fd083,e3ec98c5-fd0d-4087-ae6f-8b84410a0199,10.0,lbs,6.0,60.0,2026-04-13T02:12:32.433218+00:00,False,
2dada227-0256-4794-b822-0c45554a5f4e,5e03a1fc-df5e-4f31-8e5c-d7bc0e1fd083,e662ef45-6aed-4a2e-ab16-cead317ac5b0,20.0,ea,0.35,7.0,2026-04-13T02:12:32.433218+00:00,False,
34546d8b-42f7-4e32-8d1e-838ffc6b4454,5e03a1fc-df5e-4f31-8e5c-d7bc0e1fd083,b66e80d0-7f23-44ac-a6d3-5db4212284e6,4.0,lg,15.0,60.0,2026-04-13T02:12:32.433218+00:00,False,
377ffcd0-673f-405c-ab31-9b1811911fba,5e03a1fc-df5e-4f31-8e5c-d7bc0e1fd083,de38634a-5fba-4125-835d-f248ee29f830,50.0,lbs,10.0,500.0,2026-04-13T02:12:32.433218+00:00,False,
a0492400-6a8c-4831-b781-006efe20cfc8,5e03a1fc-df5e-4f31-8e5c-d7bc0e1fd083,0516781f-0290-44a1-9f8f-adbf8db38425,50.0,lbs,4.5,225.0,2026-04-13T02:12:32.433218+00:00,False,
7fccb1e1-71e5-44d6-8d6f-34e6d7102335,5e03a1fc-df5e-4f31-8e5c-d7bc0e1fd083,a3d8e08f-8e02-46e5-af59-a2895bf61e63,50.0,lbs,4.5,225.0,2026-04-13T02:12:32.433218+00:00,False,
8cf24f53-4f12-4422-a968-8b00d8745e5e,5e03a1fc-df5e-4f31-8e5c-d7bc0e1fd083,d00c8ebc-9fbe-4581-9e90-068368dde389,20.0,lbs,5.0,100.0,2026-04-13T02:12:32.433218+00:00,False,
c6132712-217a-4835-92f3-1d71d9cf6597,5e03a1fc-df5e-4f31-8e5c-d7bc0e1fd083,e704a939-0821-4540-b342-fec5e79de79a,4.0,bx,20.0,80.0,2026-04-13T02:12:32.433218+00:00,False,
dfcf601f-b9b1-45b1-80c8-020ff8e61984,5e03a1fc-df5e-4f31-8e5c-d7bc0e1fd083,772df8d5-6962-487a-99d2-78d6ef150e85,2.0,lg,24.0,48.0,2026-04-13T02:12:32.433218+00:00,False,
053a2e10-26ca-4a55-b2a8-be795a44845e,5e03a1fc-df5e-4f31-8e5c-d7bc0e1fd083,f74886a6-2688-4903-92e2-b277ac3871b9,2.0,bx,48.0,96.0,2026-04-13T02:12:32.433218+00:00,False,
03535e50-0c28-4336-abce-1139d902a755,07529fc4-89ee-49ce-a344-58ce3c6ba92b,e662ef45-6aed-4a2e-ab16-cead317ac5b0,200.0,ea,0.35,70.0,2026-04-13T02:12:32.922516+00:00,False,
35bdaab7-f72e-4dab-9894-8024329b02ab,07529fc4-89ee-49ce-a344-58ce3c6ba92b,2c6f9099-8630-4310-9a1c-b81f5170e839,1.0,lg,12.0,12.0,2026-04-13T02:12:32.922516+00:00,False,
692ad7d3-4749-4c2f-b92d-1d6fe0e7df48,07529fc4-89ee-49ce-a344-58ce3c6ba92b,0abbd494-b25b-4f13-a55e-dcf6db986965,4.0,lg,15.0,60.0,2026-04-13T02:12:32.922516+00:00,False,
22085c83-09e7-45ca-8849-52b3ec90b3a8,87162b7c-23e1-4a5e-b44a-a452e12c7986,c6fdc2be-53bd-4c2a-8a6f-665e612aa3b5,1.0,lg,12.0,12.0,2026-04-13T02:12:33.542997+00:00,False,
d6f537e1-ebb3-4c8b-bb31-0c78b930f468,87162b7c-23e1-4a5e-b44a-a452e12c7986,b66e80d0-7f23-44ac-a6d3-5db4212284e6,1.0,lg,15.0,15.0,2026-04-13T02:12:33.542997+00:00,False,
404c3175-b065-42b1-a060-973df1462ba6,87162b7c-23e1-4a5e-b44a-a452e12c7986,0b56583d-f70a-49bd-a226-d86b7983ad6c,1.0,lg,15.0,15.0,2026-04-13T02:12:33.542997+00:00,False,
eca940a8-3a85-4bec-9b8f-6cfde999e315,87162b7c-23e1-4a5e-b44a-a452e12c7986,cbf76c50-2ebd-4fee-a8a3-0eab9d8366ee,3.0,lg,12.0,36.0,2026-04-13T02:12:33.542997+00:00,False,
42f0d709-a50e-4f10-a1c9-395db59c12c2,87162b7c-23e1-4a5e-b44a-a452e12c7986,b90584d8-fc78-420b-91e1-490117cd30cd,3.0,sm,6.0,18.0,2026-04-13T02:12:33.542997+00:00,False,
879b7d83-c646-44ed-b263-89c728257dc5,3be47f9b-71a9-426e-afc9-4a8741466785,e662ef45-6aed-4a2e-ab16-cead317ac5b0,500.0,ea,0.35,175.0,2026-04-13T02:11:48.383384+00:00,False,
f7830253-c538-442f-a003-41f2c1466fd6,3be47f9b-71a9-426e-afc9-4a8741466785,89deecdc-4aaf-4b43-9716-bc54563a3e98,2.0,lg,20.0,40.0,2026-04-13T02:11:48.383384+00:00,False,
c9499ec8-caf6-451d-a9eb-dddd89f84581,3be47f9b-71a9-426e-afc9-4a8741466785,cbf76c50-2ebd-4fee-a8a3-0eab9d8366ee,1.0,lg,12.0,12.0,2026-04-13T02:11:48.383384+00:00,False,
aeb52d07-cd1e-426e-8487-fa11926e8128,3be47f9b-71a9-426e-afc9-4a8741466785,c314664e-d9e7-4d46-aa69-64a1ca26f59b,5.0,ea,3.75,18.75,2026-04-13T02:11:48.383384+00:00,False,
5303c122-94f2-4b7c-a641-e8dfb4aa0cd3,22e851f9-3434-45b0-bb93-97d78fa99158,b90584d8-fc78-420b-91e1-490117cd30cd,1.0,sm,6.0,6.0,2026-04-13T02:11:48.52179+00:00,False,
aff1da51-ff8c-42f3-887a-64dc8eef9cb5,22e851f9-3434-45b0-bb93-97d78fa99158,44bdbde8-576d-4d7f-b668-d2f2bf72fb2e,2.0,lg,15.0,30.0,2026-04-13T02:11:48.52179+00:00,False,
5679b607-94bf-47d0-a37e-2c8437b4a618,22e851f9-3434-45b0-bb93-97d78fa99158,cbf76c50-2ebd-4fee-a8a3-0eab9d8366ee,1.0,lg,12.0,12.0,2026-04-13T02:11:48.52179+00:00,False,
a0a05f96-08fc-4167-960c-b60ea9bcea05,22e851f9-3434-45b0-bb93-97d78fa99158,56f75098-ef8d-4fde-86e8-fbfa21bd8964,1.0,lg,20.0,20.0,2026-04-13T02:11:48.52179+00:00,False,
b437a052-5733-4e6b-a3c5-7f7a766b17ec,15b3c12c-a480-4d23-ad8f-36bad4fb66e4,e662ef45-6aed-4a2e-ab16-cead317ac5b0,300.0,ea,0.35,105.0,2026-04-13T02:11:48.675634+00:00,False,
9e1320d5-2c75-4f37-84e7-1a01508fab78,15b3c12c-a480-4d23-ad8f-36bad4fb66e4,44bdbde8-576d-4d7f-b668-d2f2bf72fb2e,1.0,lg,15.0,15.0,2026-04-13T02:11:48.675634+00:00,False,
23fab382-42ac-4da0-9a14-b4dad890ed8e,15b3c12c-a480-4d23-ad8f-36bad4fb66e4,5da6dc1f-43a1-4182-bea0-4d1036c97b6d,1.0,lg,20.0,20.0,2026-04-13T02:11:48.675634+00:00,False,
4ba211c0-9244-4c89-b84b-05bac3504875,15b3c12c-a480-4d23-ad8f-36bad4fb66e4,89deecdc-4aaf-4b43-9716-bc54563a3e98,2.0,lg,20.0,40.0,2026-04-13T02:11:48.675634+00:00,False,
910937b6-0e26-4def-b47c-b3548770ce88,df15989c-fb5c-44eb-9635-ae8b78ec0f39,6f6dcd58-46f9-4796-8b12-f65aeb26ab1e,1.0,sm,6.0,6.0,2026-04-13T02:11:48.821179+00:00,False,
87faf4c4-1a1b-4259-8d12-bf79a5c15415,df15989c-fb5c-44eb-9635-ae8b78ec0f39,e662ef45-6aed-4a2e-ab16-cead317ac5b0,300.0,ea,0.35,105.0,2026-04-13T02:11:48.821179+00:00,False,
7c21feaf-c5dd-4f31-a6e5-6e08a359b112,df15989c-fb5c-44eb-9635-ae8b78ec0f39,c60051a9-4d42-4198-bd08-b24181a2481d,2.0,sm,6.0,12.0,2026-04-13T02:11:48.821179+00:00,False,
0334c945-63d8-469a-90b5-976a7618e3e0,df15989c-fb5c-44eb-9635-ae8b78ec0f39,44bdbde8-576d-4d7f-b668-d2f2bf72fb2e,1.0,lg,15.0,15.0,2026-04-13T02:11:48.821179+00:00,False,
ee534b3a-1bc7-4169-8611-a131c8f37819,da1f750e-212b-4678-bd3b-624a68a8943d,b66e80d0-7f23-44ac-a6d3-5db4212284e6,1.0,lg,15.0,15.0,2026-04-13T02:12:32.156269+00:00,False,
96bde5e1-214f-4561-8b09-8f79963569ae,da1f750e-212b-4678-bd3b-624a68a8943d,1b5e7f69-0650-4d5d-a6bf-e6d54d03f21e,2.0,lg,25.0,50.0,2026-04-13T02:12:32.156269+00:00,False,
a1d79660-6d06-4cb9-829a-94c241b4c3c9,da1f750e-212b-4678-bd3b-624a68a8943d,e3ec98c5-fd0d-4087-ae6f-8b84410a0199,10.0,lbs,6.0,60.0,2026-04-13T02:12:32.156269+00:00,False,
f35cf892-9a22-4b6c-93bc-f721300a545c,da1f750e-212b-4678-bd3b-624a68a8943d,f95b7a6f-37f8-4de1-9fdc-7ac2ef7d7af4,3.0,lg,12.0,36.0,2026-04-13T02:12:32.156269+00:00,False,
8eae6062-a9c7-4f21-822f-7666000540b7,da1f750e-212b-4678-bd3b-624a68a8943d,ad510ff3-14e5-40fa-b454-26ebc4bf299c,2.0,lg,15.0,30.0,2026-04-13T02:12:32.156269+00:00,False,
21e1f65a-b0e9-49f7-b218-5ebc379cdbb5,da1f750e-212b-4678-bd3b-624a68a8943d,f0c608fc-95ab-4c48-a3ba-877a7937f660,2.0,lg,12.0,24.0,2026-04-13T02:12:32.156269+00:00,False,
d997f59c-470d-4506-9297-29edaa9e36d0,da1f750e-212b-4678-bd3b-624a68a8943d,e704a939-0821-4540-b342-fec5e79de79a,1.0,bx,20.0,20.0,2026-04-13T02:12:32.156269+00:00,False,
be00befa-a49b-4b6f-83e0-02e84fa015b6,da1f750e-212b-4678-bd3b-624a68a8943d,e662ef45-6aed-4a2e-ab16-cead317ac5b0,450.0,ea,0.35,157.5,2026-04-13T02:12:32.156269+00:00,False,
41719085-9f5f-4d7a-82e0-795f940f6ba1,da1f750e-212b-4678-bd3b-624a68a8943d,511d5694-6147-4322-960a-eb6e5cd1e291,30.0,lbs,4.0,120.0,2026-04-13T02:12:32.156269+00:00,False,
86245445-f96d-4dda-b329-52860907deed,da1f750e-212b-4678-bd3b-624a68a8943d,f74886a6-2688-4903-92e2-b277ac3871b9,2.0,bx,48.0,96.0,2026-04-13T02:12:32.156269+00:00,False,
72311f8f-139b-40d7-a227-8e6cc0a7cce4,24955c62-8324-4ca4-b9eb-40efa62596ce,511d5694-6147-4322-960a-eb6e5cd1e291,15.0,lbs,4.0,60.0,2026-04-13T02:12:32.675326+00:00,False,
cc7dcc87-4611-4979-b1b2-2ed9e6092199,24955c62-8324-4ca4-b9eb-40efa62596ce,0415b9aa-5c61-4f79-9479-7dce2c76d1a8,15.0,ea,6.4,96.0,2026-04-13T02:12:32.675326+00:00,False,
620b661a-6147-4482-8554-2e22577d2a8a,24955c62-8324-4ca4-b9eb-40efa62596ce,b66e80d0-7f23-44ac-a6d3-5db4212284e6,20.0,lg,15.0,300.0,2026-04-13T02:12:32.675326+00:00,False,
29e635b6-cb3a-4da2-b7e5-ee442114f6d9,24955c62-8324-4ca4-b9eb-40efa62596ce,e704a939-0821-4540-b342-fec5e79de79a,10.0,bx,20.0,200.0,2026-04-13T02:12:32.675326+00:00,False,
1eec6b58-90ee-48ff-850c-a03438952f52,24955c62-8324-4ca4-b9eb-40efa62596ce,2c6f9099-8630-4310-9a1c-b81f5170e839,20.0,lg,12.0,240.0,2026-04-13T02:12:32.675326+00:00,False,
d15dcbc1-bdd6-463b-b2a9-d29ddc64da54,24955c62-8324-4ca4-b9eb-40efa62596ce,772df8d5-6962-487a-99d2-78d6ef150e85,20.0,lg,24.0,480.0,2026-04-13T02:12:32.675326+00:00,False,
d66aeb07-0141-409e-bb27-be544dda8684,24955c62-8324-4ca4-b9eb-40efa62596ce,e704a939-0821-4540-b342-fec5e79de79a,1.0,bx,20.0,20.0,2026-04-13T02:12:32.675326+00:00,False,
610320b7-e0c9-4a05-a9fa-8a195c3910ce,24955c62-8324-4ca4-b9eb-40efa62596ce,ad510ff3-14e5-40fa-b454-26ebc4bf299c,2.0,lg,15.0,30.0,2026-04-13T02:12:32.675326+00:00,False,
b95633aa-429f-4e4e-8606-316fcf436a0a,24955c62-8324-4ca4-b9eb-40efa62596ce,f95b7a6f-37f8-4de1-9fdc-7ac2ef7d7af4,2.0,lg,12.0,24.0,2026-04-13T02:12:32.675326+00:00,False,
d84ba744-462e-41d7-8581-732e33ea4652,24955c62-8324-4ca4-b9eb-40efa62596ce,f74886a6-2688-4903-92e2-b277ac3871b9,2.0,bx,48.0,96.0,2026-04-13T02:12:32.675326+00:00,False,
0d27ac12-4e5f-4acf-9ba6-bd85955d4244,24955c62-8324-4ca4-b9eb-40efa62596ce,f95b7a6f-37f8-4de1-9fdc-7ac2ef7d7af4,1.0,lg,12.0,12.0,2026-04-13T02:12:32.675326+00:00,False,
de1f120a-d744-4033-b58c-fa476f462904,24955c62-8324-4ca4-b9eb-40efa62596ce,e0ac9138-c667-4899-b1a7-25684d83684c,3.0,sm,12.0,36.0,2026-04-13T02:12:32.675326+00:00,False,
b515848a-6937-45ac-90e9-40f07f341abd,24955c62-8324-4ca4-b9eb-40efa62596ce,1cd8cacb-9218-4990-9bbf-a2e7ce216f54,3.0,sm,12.0,36.0,2026-04-13T02:12:32.675326+00:00,False,
3cd9ca91-89b6-47f5-bde0-5d1cd720dc93,24955c62-8324-4ca4-b9eb-40efa62596ce,942cbf39-99e6-40cd-8034-2eacf88611f2,3.0,sm,12.0,36.0,2026-04-13T02:12:32.675326+00:00,False,
97675dc6-9c70-4f84-abb3-c14073b06e91,24955c62-8324-4ca4-b9eb-40efa62596ce,e662ef45-6aed-4a2e-ab16-cead317ac5b0,150.0,ea,0.35,52.5,2026-04-13T02:12:32.675326+00:00,False,
21555fe7-bb36-4a74-a657-3e3fca6029cb,24955c62-8324-4ca4-b9eb-40efa62596ce,e662ef45-6aed-4a2e-ab16-cead317ac5b0,150.0,ea,0.35,52.5,2026-04-13T02:12:32.675326+00:00,False,
34f1144b-31e3-4f16-baef-f68bd227c491,24955c62-8324-4ca4-b9eb-40efa62596ce,e662ef45-6aed-4a2e-ab16-cead317ac5b0,50.0,ea,0.35,17.5,2026-04-13T02:12:32.675326+00:00,False,
015004cd-9232-4246-93ae-1b659aa7eb28,24955c62-8324-4ca4-b9eb-40efa62596ce,0abbd494-b25b-4f13-a55e-dcf6db986965,10.0,lg,15.0,150.0,2026-04-13T02:12:32.675326+00:00,False,
4cc4efae-cab1-492f-b499-9029e65120f5,24955c62-8324-4ca4-b9eb-40efa62596ce,772df8d5-6962-487a-99d2-78d6ef150e85,2.0,lg,24.0,48.0,2026-04-13T02:12:32.675326+00:00,False,
36399f3a-8841-4ef6-8a7f-3104cedf08e4,24955c62-8324-4ca4-b9eb-40efa62596ce,6058be35-369e-435d-8373-442cac7b65f8,2.0,lg,15.0,30.0,2026-04-13T02:12:32.675326+00:00,False,
22241181-e54a-46c3-964e-2f32bc89526f,24955c62-8324-4ca4-b9eb-40efa62596ce,c34f7e2a-f610-4e56-847b-495bf4739360,3.0,sm,12.0,36.0,2026-04-13T02:12:32.675326+00:00,False,
ccf6d3e2-ef90-41f8-8115-71ab88b3e2b0,24955c62-8324-4ca4-b9eb-40efa62596ce,b66e80d0-7f23-44ac-a6d3-5db4212284e6,10.0,lg,15.0,150.0,2026-04-13T02:12:32.675326+00:00,False,
aed234e5-ce1c-42ca-aa60-e78b477335ea,24955c62-8324-4ca4-b9eb-40efa62596ce,2c6f9099-8630-4310-9a1c-b81f5170e839,1.0,lg,12.0,12.0,2026-04-13T02:12:32.675326+00:00,False,
ede996f7-e55a-42ea-a2f8-8e2b1fe48af7,24955c62-8324-4ca4-b9eb-40efa62596ce,e3ec98c5-fd0d-4087-ae6f-8b84410a0199,20.0,lbs,6.0,120.0,2026-04-13T02:12:32.675326+00:00,False,
74097c0f-8fff-421e-ba09-868d6667b181,24955c62-8324-4ca4-b9eb-40efa62596ce,f74886a6-2688-4903-92e2-b277ac3871b9,2.0,bx,48.0,96.0,2026-04-13T02:12:32.675326+00:00,False,
6f3fb9b2-2d8e-45c1-9856-ccc9932069a7,2a953640-c7ce-49f3-adef-9c221b7a4489,f95b7a6f-37f8-4de1-9fdc-7ac2ef7d7af4,4.0,lg,12.0,48.0,2026-04-13T02:12:33.27829+00:00,False,
18f1186a-cad5-47f0-bf06-8f880c7f9f53,2a953640-c7ce-49f3-adef-9c221b7a4489,ad510ff3-14e5-40fa-b454-26ebc4bf299c,4.0,lg,15.0,60.0,2026-04-13T02:12:33.27829+00:00,False,
900c0e89-1591-447a-a996-36dda368191c,2a953640-c7ce-49f3-adef-9c221b7a4489,dea0d41c-bb8b-4b5d-a829-28e07fff0010,10.0,lg,25.0,250.0,2026-04-13T02:12:33.27829+00:00,False,
84086691-f0cf-405e-aebc-83cdd3b11ab0,2a953640-c7ce-49f3-adef-9c221b7a4489,772df8d5-6962-487a-99d2-78d6ef150e85,20.0,lg,24.0,480.0,2026-04-13T02:12:33.27829+00:00,False,
3a8c72bf-7a47-452c-937a-61207911b832,2a953640-c7ce-49f3-adef-9c221b7a4489,0abbd494-b25b-4f13-a55e-dcf6db986965,2.0,lg,15.0,30.0,2026-04-13T02:12:33.27829+00:00,False,
d0b7066b-a128-4e06-82fa-b1958bc189ef,2a953640-c7ce-49f3-adef-9c221b7a4489,1cd8cacb-9218-4990-9bbf-a2e7ce216f54,3.0,sm,12.0,36.0,2026-04-13T02:12:33.27829+00:00,False,
ddad7858-9c90-403e-9cc3-11dc4012e6f8,2a953640-c7ce-49f3-adef-9c221b7a4489,b66e80d0-7f23-44ac-a6d3-5db4212284e6,1.0,lg,15.0,15.0,2026-04-13T02:12:33.27829+00:00,False,
e91cdf2e-a7cd-4473-adf2-1dc357d87588,d846e60d-2344-46ee-80e7-6cec344bf8fc,f74886a6-2688-4903-92e2-b277ac3871b9,2.0,bx,48.0,96.0,2026-04-13T02:12:33.809538+00:00,False,
65a33be6-47c1-4c47-bf2c-e438d0fae3ec,d846e60d-2344-46ee-80e7-6cec344bf8fc,ad510ff3-14e5-40fa-b454-26ebc4bf299c,3.0,lg,15.0,45.0,2026-04-13T02:12:33.809538+00:00,False,
7c58b690-01b1-48d8-95f1-5bd76e2aa111,d846e60d-2344-46ee-80e7-6cec344bf8fc,e704a939-0821-4540-b342-fec5e79de79a,1.0,bx,20.0,20.0,2026-04-13T02:12:33.809538+00:00,False,
4cc909e7-ca97-458a-b157-a1cc872491e0,d846e60d-2344-46ee-80e7-6cec344bf8fc,f95b7a6f-37f8-4de1-9fdc-7ac2ef7d7af4,3.0,lg,12.0,36.0,2026-04-13T02:12:33.809538+00:00,False,
adf0432e-f629-48fb-a765-e3f74bcbe619,d846e60d-2344-46ee-80e7-6cec344bf8fc,d399f7cb-cd56-4360-9e60-ccab8382fb61,3.0,lg,15.0,45.0,2026-04-13T02:12:33.809538+00:00,False,
abd74661-ffaf-477b-9af6-f7c6631f18f8,d846e60d-2344-46ee-80e7-6cec344bf8fc,f95b7a6f-37f8-4de1-9fdc-7ac2ef7d7af4,1.0,lg,12.0,12.0,2026-04-13T02:12:33.809538+00:00,False,
3f16e491-96c0-4f7a-bbe5-d7eb985a6cd2,424f1caf-8d77-4e46-958f-e3244e9afeba,09dd43ee-5456-4692-9016-433d77d3b6cb,1.0,sm,15.0,15.0,2026-04-13T02:12:34.46851+00:00,False,
5d922f84-afc3-4f1b-83d2-e82b91fd5e8a,424f1caf-8d77-4e46-958f-e3244e9afeba,e0ac9138-c667-4899-b1a7-25684d83684c,3.0,sm,12.0,36.0,2026-04-13T02:12:34.46851+00:00,False,
7d44a67e-5aa6-4e00-8085-3feaebf7753f,424f1caf-8d77-4e46-958f-e3244e9afeba,e662ef45-6aed-4a2e-ab16-cead317ac5b0,300.0,ea,0.35,105.0,2026-04-13T02:12:34.46851+00:00,False,
e295c8cd-0233-48f6-b9be-dadb6c2865e9,424f1caf-8d77-4e46-958f-e3244e9afeba,0abbd494-b25b-4f13-a55e-dcf6db986965,6.5,lg,15.0,97.5,2026-04-13T02:12:34.46851+00:00,False,
9a59c53f-da74-45c9-aa0f-14eccc8ae064,424f1caf-8d77-4e46-958f-e3244e9afeba,2c6f9099-8630-4310-9a1c-b81f5170e839,1.0,lg,12.0,12.0,2026-04-13T02:12:34.46851+00:00,False,
200df51e-bcd9-42c8-8349-2804fd1a402a,424f1caf-8d77-4e46-958f-e3244e9afeba,c34f7e2a-f610-4e56-847b-495bf4739360,6.0,sm,12.0,72.0,2026-04-13T02:12:34.46851+00:00,False,
9998ac19-ef98-402e-b38d-dc0503da86a8,424f1caf-8d77-4e46-958f-e3244e9afeba,3c8b8fbc-4f9e-4953-a4bd-37799b337807,1.0,lg,10.0,10.0,2026-04-13T02:12:34.46851+00:00,False,
cce95583-aa2c-406e-be7c-5d27b0ef3167,424f1caf-8d77-4e46-958f-e3244e9afeba,4acd4dc2-eb69-48a4-8f0d-dc509f93beb4,3.0,sm,12.0,36.0,2026-04-13T02:12:34.46851+00:00,False,
bea76558-6f14-4bee-ab5b-8105918a8c1a,424f1caf-8d77-4e46-958f-e3244e9afeba,b56af66b-bf5b-40d8-9c9c-da4455afe5e3,4.0,lg,25.0,100.0,2026-04-13T02:12:34.46851+00:00,False,
71000901-a22b-4bab-b830-7cd153465cdc,424f1caf-8d77-4e46-958f-e3244e9afeba,1b5e7f69-0650-4d5d-a6bf-e6d54d03f21e,1.0,lg,25.0,25.0,2026-04-13T02:12:34.46851+00:00,False,
9471ff41-bf50-4bf2-8bad-b67b4a06e43a,424f1caf-8d77-4e46-958f-e3244e9afeba,d04984bc-eb16-411e-8c99-ba6beb94db3c,5.0,lbs,8.0,40.0,2026-04-13T02:12:34.46851+00:00,False,
058447d6-15ce-4abb-9d8f-01ed64257076,424f1caf-8d77-4e46-958f-e3244e9afeba,511d5694-6147-4322-960a-eb6e5cd1e291,10.0,lbs,4.0,40.0,2026-04-13T02:12:34.46851+00:00,False,
a8588772-0c75-4946-b3f7-eff2d9c13523,424f1caf-8d77-4e46-958f-e3244e9afeba,e3ec98c5-fd0d-4087-ae6f-8b84410a0199,20.0,lbs,6.0,120.0,2026-04-13T02:12:34.46851+00:00,False,
0dd9174c-c164-42a5-af8e-b55ddba17fbc,424f1caf-8d77-4e46-958f-e3244e9afeba,f95b7a6f-37f8-4de1-9fdc-7ac2ef7d7af4,1.0,lg,12.0,12.0,2026-04-13T02:12:34.46851+00:00,False,
9aa11fa9-c4ea-4c62-83fb-128beec1339a,424f1caf-8d77-4e46-958f-e3244e9afeba,40b5c780-6569-4806-8e95-e2c92eaa87c9,1.0,lg,15.0,15.0,2026-04-13T02:12:34.46851+00:00,False,
950dbe72-e1f2-4d33-b31f-31a4c06d4ea7,424f1caf-8d77-4e46-958f-e3244e9afeba,6058be35-369e-435d-8373-442cac7b65f8,1.0,lg,15.0,15.0,2026-04-13T02:12:34.46851+00:00,False,
16f5ca88-39dd-4bec-934c-907e79e4178a,424f1caf-8d77-4e46-958f-e3244e9afeba,0b56583d-f70a-49bd-a226-d86b7983ad6c,1.0,lg,15.0,15.0,2026-04-13T02:12:34.46851+00:00,False,
b725f65f-553d-4e85-ae96-53caf8a5693a,87162b7c-23e1-4a5e-b44a-a452e12c7986,c34f7e2a-f610-4e56-847b-495bf4739360,3.0,sm,12.0,36.0,2026-04-13T02:12:33.542997+00:00,False,
9578e64e-90bf-4642-9075-a402bcbc33ae,87162b7c-23e1-4a5e-b44a-a452e12c7986,1312210e-9cd8-4bac-96a8-11da91414ca2,5.0,lbs,25.0,125.0,2026-04-13T02:12:33.542997+00:00,False,
098a4dc6-efa3-4512-ac2a-5af03e6ea05f,87162b7c-23e1-4a5e-b44a-a452e12c7986,c3573a8c-ee80-4e96-90b2-faedf186756a,2.0,bx,20.0,40.0,2026-04-13T02:12:33.542997+00:00,False,
95e5a5c1-f538-4bc6-940f-3c54ba745071,87162b7c-23e1-4a5e-b44a-a452e12c7986,09dd43ee-5456-4692-9016-433d77d3b6cb,1.0,sm,15.0,15.0,2026-04-13T02:12:33.542997+00:00,False,
54c49673-f8c8-4a1b-8871-4e6029156a39,87162b7c-23e1-4a5e-b44a-a452e12c7986,e0ac9138-c667-4899-b1a7-25684d83684c,3.0,sm,12.0,36.0,2026-04-13T02:12:33.542997+00:00,False,
10ed2043-497c-424b-bfcf-387e70687260,87162b7c-23e1-4a5e-b44a-a452e12c7986,e662ef45-6aed-4a2e-ab16-cead317ac5b0,300.0,ea,0.35,105.0,2026-04-13T02:12:33.542997+00:00,False,
e493af13-4791-4309-85db-7a9eae6c9e4e,87162b7c-23e1-4a5e-b44a-a452e12c7986,0abbd494-b25b-4f13-a55e-dcf6db986965,10.0,lg,15.0,150.0,2026-04-13T02:12:33.542997+00:00,False,
0c2f4c43-0188-4b02-bc98-f3df27db3798,87162b7c-23e1-4a5e-b44a-a452e12c7986,2c6f9099-8630-4310-9a1c-b81f5170e839,1.0,lg,12.0,12.0,2026-04-13T02:12:33.542997+00:00,False,
bcaa91f1-47cc-4fd0-99fb-3119b8e07727,87162b7c-23e1-4a5e-b44a-a452e12c7986,c34f7e2a-f610-4e56-847b-495bf4739360,3.0,sm,12.0,36.0,2026-04-13T02:12:33.542997+00:00,False,
32a658ee-8db9-42d8-a4ec-ebd72cf017ea,87162b7c-23e1-4a5e-b44a-a452e12c7986,f0fe9b25-dd6c-40ca-b3a2-5ad353a1c66e,20.0,ea,3.0,60.0,2026-04-13T02:12:33.542997+00:00,False,
6028e59e-9426-4a10-9d5a-1849bf416975,87162b7c-23e1-4a5e-b44a-a452e12c7986,511d5694-6147-4322-960a-eb6e5cd1e291,10.0,lbs,4.0,40.0,2026-04-13T02:12:33.542997+00:00,False,
58c03a57-698b-4b93-8691-eae829b6e15b,87162b7c-23e1-4a5e-b44a-a452e12c7986,e3ec98c5-fd0d-4087-ae6f-8b84410a0199,5.0,lbs,6.0,30.0,2026-04-13T02:12:33.542997+00:00,False,
1e00c9f5-936c-442e-a391-275821bd9bb3,87162b7c-23e1-4a5e-b44a-a452e12c7986,f74886a6-2688-4903-92e2-b277ac3871b9,2.0,bx,48.0,96.0,2026-04-13T02:12:33.542997+00:00,False,
a8caa714-de01-4ac0-a34b-a2d343e8cfeb,87162b7c-23e1-4a5e-b44a-a452e12c7986,1b5e7f69-0650-4d5d-a6bf-e6d54d03f21e,3.0,lg,25.0,75.0,2026-04-13T02:12:33.542997+00:00,False,
e28e55ea-71ea-4e53-bd94-f551e7e8e899,87162b7c-23e1-4a5e-b44a-a452e12c7986,0415b9aa-5c61-4f79-9479-7dce2c76d1a8,1.0,ea,6.4,6.4,2026-04-13T02:12:33.542997+00:00,False,
00394c2c-aec8-4203-bc01-b9f1696a70bb,0934499e-0ae6-42fa-a64f-288b1e4ef40f,ff117f7e-e829-4c9b-94be-583211e2b8eb,1.0,sm,15.0,15.0,2026-04-13T02:12:34.081938+00:00,False,
aeef33eb-2080-4c54-99a9-882d462c6417,0934499e-0ae6-42fa-a64f-288b1e4ef40f,1cd8cacb-9218-4990-9bbf-a2e7ce216f54,1.0,sm,12.0,12.0,2026-04-13T02:12:34.081938+00:00,False,
f77ef75a-c762-4025-bf04-cdcf31691869,0934499e-0ae6-42fa-a64f-288b1e4ef40f,1cd8cacb-9218-4990-9bbf-a2e7ce216f54,1.0,sm,12.0,12.0,2026-04-13T02:12:34.081938+00:00,False,
782aadfa-bca9-48d6-9ec1-44705e4f0ee6,0934499e-0ae6-42fa-a64f-288b1e4ef40f,4acd4dc2-eb69-48a4-8f0d-dc509f93beb4,1.0,sm,12.0,12.0,2026-04-13T02:12:34.081938+00:00,False,
e1699b5f-c730-4e45-9a34-5b9e2e44d6f3,0934499e-0ae6-42fa-a64f-288b1e4ef40f,932a215a-a3c9-4327-8839-53e7802676c2,1.0,lg,10.0,10.0,2026-04-13T02:12:34.081938+00:00,False,
56550bed-7d07-43d5-a8ac-b71c5f631ef4,0934499e-0ae6-42fa-a64f-288b1e4ef40f,8ee929fd-00ee-4ed8-9cc5-1bac874eb3d3,1.0,lg,10.0,10.0,2026-04-13T02:12:34.081938+00:00,False,
eea13152-9302-43c6-8030-764d84bc6777,0934499e-0ae6-42fa-a64f-288b1e4ef40f,3c8b8fbc-4f9e-4953-a4bd-37799b337807,1.0,lg,10.0,10.0,2026-04-13T02:12:34.081938+00:00,False,
14abaf67-5899-4ab1-807c-412db2dcdbe0,0934499e-0ae6-42fa-a64f-288b1e4ef40f,05bf9d69-e5d2-48cb-9592-6325e9b0cb39,1.0,lg,15.0,15.0,2026-04-13T02:12:34.081938+00:00,False,
478bbf30-b65b-45ec-80cc-904f3aa1aa83,0934499e-0ae6-42fa-a64f-288b1e4ef40f,28a2c4c0-22bf-4592-a7e7-88fd299fd33c,1.0,lg,15.0,15.0,2026-04-13T02:12:34.081938+00:00,False,
6fc1f915-6500-4573-b6b1-8cad768c695e,0934499e-0ae6-42fa-a64f-288b1e4ef40f,e662ef45-6aed-4a2e-ab16-cead317ac5b0,250.0,ea,0.35,87.5,2026-04-13T02:12:34.081938+00:00,False,
c7d04727-bb5a-445b-ada5-929a901e030d,0934499e-0ae6-42fa-a64f-288b1e4ef40f,c3573a8c-ee80-4e96-90b2-faedf186756a,1.0,bx,20.0,20.0,2026-04-13T02:12:34.081938+00:00,False,
3411b534-f9ac-4312-8867-ed0b7d9099db,0934499e-0ae6-42fa-a64f-288b1e4ef40f,1312210e-9cd8-4bac-96a8-11da91414ca2,5.0,lbs,25.0,125.0,2026-04-13T02:12:34.081938+00:00,False,
0467a7c7-7c01-4e73-8d7e-de4489c0ee50,0934499e-0ae6-42fa-a64f-288b1e4ef40f,90df21cf-925e-4fb0-85eb-9ee42c1a1449,1.0,sm,10.0,10.0,2026-04-13T02:12:34.081938+00:00,False,
59991d0a-3ca6-4b80-8707-52fb22e1248f,0934499e-0ae6-42fa-a64f-288b1e4ef40f,e0ac9138-c667-4899-b1a7-25684d83684c,3.0,sm,12.0,36.0,2026-04-13T02:12:34.081938+00:00,False,
4cfd82ee-2329-448f-9f22-243470de8335,0934499e-0ae6-42fa-a64f-288b1e4ef40f,e662ef45-6aed-4a2e-ab16-cead317ac5b0,300.0,ea,0.35,105.0,2026-04-13T02:12:34.081938+00:00,False,
8674135b-2caf-438f-94d5-83f9c0362ccf,0934499e-0ae6-42fa-a64f-288b1e4ef40f,0abbd494-b25b-4f13-a55e-dcf6db986965,7.0,lg,15.0,105.0,2026-04-13T02:12:34.081938+00:00,False,
ea712c50-7d8a-4872-9775-f6e99944341f,0934499e-0ae6-42fa-a64f-288b1e4ef40f,772df8d5-6962-487a-99d2-78d6ef150e85,10.0,lg,24.0,240.0,2026-04-13T02:12:34.081938+00:00,False,
0992a7cf-bc20-4eb5-b582-2f371ed7e959,0934499e-0ae6-42fa-a64f-288b1e4ef40f,2c6f9099-8630-4310-9a1c-b81f5170e839,1.0,lg,12.0,12.0,2026-04-13T02:12:34.081938+00:00,False,
f75d107f-b3f7-41cf-af26-224dc685be5f,0934499e-0ae6-42fa-a64f-288b1e4ef40f,c34f7e2a-f610-4e56-847b-495bf4739360,12.0,sm,12.0,144.0,2026-04-13T02:12:34.081938+00:00,False,
ec836b26-7faa-42a8-82ca-f94d36da5595,0934499e-0ae6-42fa-a64f-288b1e4ef40f,3c8b8fbc-4f9e-4953-a4bd-37799b337807,1.0,lg,10.0,10.0,2026-04-13T02:12:34.081938+00:00,False,
2cf1ed4a-2dc0-44b0-a60c-72a4bb240d68,0934499e-0ae6-42fa-a64f-288b1e4ef40f,e3ec98c5-fd0d-4087-ae6f-8b84410a0199,10.0,lbs,6.0,60.0,2026-04-13T02:12:34.081938+00:00,False,
560edf5e-a2c4-407f-afb8-c4e85e32c17b,0934499e-0ae6-42fa-a64f-288b1e4ef40f,f74886a6-2688-4903-92e2-b277ac3871b9,2.0,bx,48.0,96.0,2026-04-13T02:12:34.081938+00:00,False,
b32d0b17-5b38-4b5d-9a74-0df82f315267,0934499e-0ae6-42fa-a64f-288b1e4ef40f,b66e80d0-7f23-44ac-a6d3-5db4212284e6,1.0,lg,15.0,15.0,2026-04-13T02:12:34.081938+00:00,False,
194df51b-ff28-492b-97bc-6219799638f0,0934499e-0ae6-42fa-a64f-288b1e4ef40f,ad510ff3-14e5-40fa-b454-26ebc4bf299c,1.0,lg,15.0,15.0,2026-04-13T02:12:34.081938+00:00,False,
b65580a8-c246-4e5e-9253-8d18576a9128,0934499e-0ae6-42fa-a64f-288b1e4ef40f,f95b7a6f-37f8-4de1-9fdc-7ac2ef7d7af4,1.0,lg,12.0,12.0,2026-04-13T02:12:34.081938+00:00,False,
1788ced5-6d11-4206-a7a8-200d4eb9c202,0934499e-0ae6-42fa-a64f-288b1e4ef40f,5920adcc-3687-45b2-a0ad-50b17f24faef,1.0,lg,15.0,15.0,2026-04-13T02:12:34.081938+00:00,False,
6204ca33-6e21-48e9-af7b-9a677e107933,0934499e-0ae6-42fa-a64f-288b1e4ef40f,0f564608-78ba-405b-bd40-8d80a71c196e,3.0,sm,10.0,30.0,2026-04-13T02:12:34.081938+00:00,False,
47ad3416-25e0-458d-aa80-424b082020cf,279c6924-85d7-46c9-b917-4a653abb9777,2ec9bf07-c28b-4a11-809e-a7be42c4db76,1.0,lg,20.0,20.0,2026-04-13T02:12:34.784403+00:00,False,
9834e665-0217-40b3-a6b7-908c1a89a06a,279c6924-85d7-46c9-b917-4a653abb9777,1cd8cacb-9218-4990-9bbf-a2e7ce216f54,1.0,sm,12.0,12.0,2026-04-13T02:12:34.784403+00:00,False,
ea782075-16b4-4e55-9b0f-0dfeca18a5b2,279c6924-85d7-46c9-b917-4a653abb9777,3c8b8fbc-4f9e-4953-a4bd-37799b337807,1.0,lg,10.0,10.0,2026-04-13T02:12:34.784403+00:00,False,
587455bb-91df-48b4-87cd-ec420dfe9954,279c6924-85d7-46c9-b917-4a653abb9777,b0017451-3a96-49f3-9e48-ea4ef19383bf,100.0,ea,0.2,20.0,2026-04-13T02:12:34.784403+00:00,False,
1cd56c9a-baf6-4c33-a3fb-e5418662a93c,279c6924-85d7-46c9-b917-4a653abb9777,4acd4dc2-eb69-48a4-8f0d-dc509f93beb4,1.0,sm,12.0,12.0,2026-04-13T02:12:34.784403+00:00,False,
5a227192-1cb9-48b0-b257-7ac330310195,279c6924-85d7-46c9-b917-4a653abb9777,c451e667-831d-4237-9b09-79123b641d17,3.0,lg,25.0,75.0,2026-04-13T02:12:34.784403+00:00,False,
d922977c-09ed-46f5-a302-1a9a3b46c8e8,279c6924-85d7-46c9-b917-4a653abb9777,cb8885fa-21df-4a06-9dcc-911e9c6c474d,1.0,sm,15.0,15.0,2026-04-13T02:12:34.784403+00:00,False,
82f19008-a03d-4998-b313-2600d8432076,279c6924-85d7-46c9-b917-4a653abb9777,e662ef45-6aed-4a2e-ab16-cead317ac5b0,20.0,ea,0.35,7.0,2026-04-13T02:12:34.784403+00:00,False,
300db0f2-153c-4df5-a690-6ff4e4fdb3d1,279c6924-85d7-46c9-b917-4a653abb9777,e662ef45-6aed-4a2e-ab16-cead317ac5b0,200.0,ea,0.35,70.0,2026-04-13T02:12:34.784403+00:00,False,
fd5c29c4-57f6-484e-8e94-8ad2da39369d,279c6924-85d7-46c9-b917-4a653abb9777,0abbd494-b25b-4f13-a55e-dcf6db986965,9.0,lg,15.0,135.0,2026-04-13T02:12:34.784403+00:00,False,
ec00469c-c577-4e0d-8b27-23fccede249c,279c6924-85d7-46c9-b917-4a653abb9777,c34f7e2a-f610-4e56-847b-495bf4739360,3.0,sm,12.0,36.0,2026-04-13T02:12:34.784403+00:00,False,
c0a8433d-ded4-4b79-89f2-1e86514697db,279c6924-85d7-46c9-b917-4a653abb9777,e3ec98c5-fd0d-4087-ae6f-8b84410a0199,10.0,lbs,6.0,60.0,2026-04-13T02:12:34.784403+00:00,False,
ec7f767b-89b8-4f95-95c0-e47661d005bf,279c6924-85d7-46c9-b917-4a653abb9777,942cbf39-99e6-40cd-8034-2eacf88611f2,1.0,sm,12.0,12.0,2026-04-13T02:12:34.784403+00:00,False,
938aa343-cfab-45f8-a38c-46687561786a,279c6924-85d7-46c9-b917-4a653abb9777,1cd8cacb-9218-4990-9bbf-a2e7ce216f54,1.0,sm,12.0,12.0,2026-04-13T02:12:34.784403+00:00,False,
4c4aba2f-d685-4c31-a4f4-ed55e57cda29,279c6924-85d7-46c9-b917-4a653abb9777,2c6f9099-8630-4310-9a1c-b81f5170e839,1.0,lg,12.0,12.0,2026-04-13T02:12:34.784403+00:00,False,
779251c3-28ad-4889-be39-9e850b70978e,d1af9818-210f-40e3-a7d7-02c50204b57f,b56af66b-bf5b-40d8-9c9c-da4455afe5e3,6.5,lg,25.0,162.5,2026-04-13T02:12:35.304665+00:00,False,
2b1bf6c5-83bf-4dbc-be49-3bf0728e8fa1,d1af9818-210f-40e3-a7d7-02c50204b57f,e0ac9138-c667-4899-b1a7-25684d83684c,3.0,sm,12.0,36.0,2026-04-13T02:12:35.304665+00:00,False,
6c930428-6c98-46f9-9679-903ef2548517,d1af9818-210f-40e3-a7d7-02c50204b57f,1cd8cacb-9218-4990-9bbf-a2e7ce216f54,3.0,sm,12.0,36.0,2026-04-13T02:12:35.304665+00:00,False,
1c77e50b-4f9a-442b-8691-3b5fae097947,d1af9818-210f-40e3-a7d7-02c50204b57f,e662ef45-6aed-4a2e-ab16-cead317ac5b0,200.0,ea,0.35,70.0,2026-04-13T02:12:35.304665+00:00,False,
5d3ec29a-c877-495c-ae5c-7090206adc0b,d1af9818-210f-40e3-a7d7-02c50204b57f,0abbd494-b25b-4f13-a55e-dcf6db986965,10.0,lg,15.0,150.0,2026-04-13T02:12:35.304665+00:00,False,
89a6a771-615a-4a76-bcfc-85f16757a1cb,d1af9818-210f-40e3-a7d7-02c50204b57f,2c6f9099-8630-4310-9a1c-b81f5170e839,1.0,lg,12.0,12.0,2026-04-13T02:12:35.304665+00:00,False,
e858756b-5237-497e-85d0-e7a4b77da85a,d1af9818-210f-40e3-a7d7-02c50204b57f,09dd43ee-5456-4692-9016-433d77d3b6cb,9.0,sm,15.0,135.0,2026-04-13T02:12:35.304665+00:00,False,
f77a3f67-fbe3-43d5-8199-5f2b2943cf99,d1af9818-210f-40e3-a7d7-02c50204b57f,e3ec98c5-fd0d-4087-ae6f-8b84410a0199,20.0,lbs,6.0,120.0,2026-04-13T02:12:35.304665+00:00,False,
18f06b30-a62b-48ce-8baa-d38f11113f61,424f1caf-8d77-4e46-958f-e3244e9afeba,b66e80d0-7f23-44ac-a6d3-5db4212284e6,1.0,lg,15.0,15.0,2026-04-13T02:12:34.46851+00:00,False,
64e79cff-a816-4169-b3f2-ed77877a79b1,424f1caf-8d77-4e46-958f-e3244e9afeba,07facaef-e20c-417b-9419-6486f1ac9071,1.0,lg,20.0,20.0,2026-04-13T02:12:34.46851+00:00,False,
078c41d7-e3dc-48cf-bcd3-9140a82377ed,424f1caf-8d77-4e46-958f-e3244e9afeba,e61bb04a-6523-4f0a-b945-dae17b2ab3c6,6.5,lg,25.0,162.5,2026-04-13T02:12:34.46851+00:00,False,
034eeb16-80e0-4938-b901-fd9d1fbab041,424f1caf-8d77-4e46-958f-e3244e9afeba,f74886a6-2688-4903-92e2-b277ac3871b9,2.0,bx,48.0,96.0,2026-04-13T02:12:34.46851+00:00,False,
0a7603a0-50dd-4596-8839-9c814b933b68,c4c50c24-8729-4357-8e97-ac4ebe6ff2b0,2ec9bf07-c28b-4a11-809e-a7be42c4db76,1.0,lg,20.0,20.0,2026-04-13T02:12:35.070453+00:00,False,
c7a9349b-9729-46d2-a627-81900ebcd58a,c4c50c24-8729-4357-8e97-ac4ebe6ff2b0,e662ef45-6aed-4a2e-ab16-cead317ac5b0,50.0,ea,0.35,17.5,2026-04-13T02:12:35.070453+00:00,False,
96074f7f-0f0f-4e0f-b653-8d7c1e4601af,c4c50c24-8729-4357-8e97-ac4ebe6ff2b0,6058be35-369e-435d-8373-442cac7b65f8,1.0,lg,15.0,15.0,2026-04-13T02:12:35.070453+00:00,False,
4d08eff3-1762-47be-8859-b48e939dcd04,c4c50c24-8729-4357-8e97-ac4ebe6ff2b0,3c8b8fbc-4f9e-4953-a4bd-37799b337807,1.0,lg,10.0,10.0,2026-04-13T02:12:35.070453+00:00,False,
71f08c07-c1a0-4a07-af3c-0a1d528ae5a6,c4c50c24-8729-4357-8e97-ac4ebe6ff2b0,0b56583d-f70a-49bd-a226-d86b7983ad6c,1.0,lg,15.0,15.0,2026-04-13T02:12:35.070453+00:00,False,
29f09272-cc23-4667-9932-2eea2b231a31,c4c50c24-8729-4357-8e97-ac4ebe6ff2b0,1fba7f38-e8ac-4d0a-a165-40681248749a,10.0,lg,25.0,250.0,2026-04-13T02:12:35.070453+00:00,False,
366e0419-09aa-4881-9777-890f1ff808e4,c4c50c24-8729-4357-8e97-ac4ebe6ff2b0,f74886a6-2688-4903-92e2-b277ac3871b9,2.0,bx,48.0,96.0,2026-04-13T02:12:35.070453+00:00,False,
9f3f50df-7d31-4557-bff4-18cee9c85309,c4c50c24-8729-4357-8e97-ac4ebe6ff2b0,1b5e7f69-0650-4d5d-a6bf-e6d54d03f21e,1.0,lg,25.0,25.0,2026-04-13T02:12:35.070453+00:00,False,
4f16adbe-1b3e-4356-aea9-930dd1120d59,c4c50c24-8729-4357-8e97-ac4ebe6ff2b0,1cd8cacb-9218-4990-9bbf-a2e7ce216f54,3.0,sm,12.0,36.0,2026-04-13T02:12:35.070453+00:00,False,
d66f3a8b-c41e-484f-ab1e-c9bb404430f2,c4c50c24-8729-4357-8e97-ac4ebe6ff2b0,e662ef45-6aed-4a2e-ab16-cead317ac5b0,200.0,ea,0.35,70.0,2026-04-13T02:12:35.070453+00:00,False,
afb107ca-38c2-46d8-993a-e60c8f4ebb43,c4c50c24-8729-4357-8e97-ac4ebe6ff2b0,1312210e-9cd8-4bac-96a8-11da91414ca2,5.0,lbs,25.0,125.0,2026-04-13T02:12:35.070453+00:00,False,
2096d60d-bea8-47fa-8bc4-292429c32b83,c4c50c24-8729-4357-8e97-ac4ebe6ff2b0,b56af66b-bf5b-40d8-9c9c-da4455afe5e3,6.5,lg,25.0,162.5,2026-04-13T02:12:35.070453+00:00,False,
ed78f262-2551-483b-b807-6b73d7ec16e1,c4c50c24-8729-4357-8e97-ac4ebe6ff2b0,3c8b8fbc-4f9e-4953-a4bd-37799b337807,1.0,lg,10.0,10.0,2026-04-13T02:12:35.070453+00:00,False,
49cf6f7c-cd41-4194-a849-db9e1da65ba7,c4c50c24-8729-4357-8e97-ac4ebe6ff2b0,e3ec98c5-fd0d-4087-ae6f-8b84410a0199,20.0,lbs,6.0,120.0,2026-04-13T02:12:35.070453+00:00,False,
f977006f-7b9c-4148-8d09-b4f5bd6973be,c4c50c24-8729-4357-8e97-ac4ebe6ff2b0,2c6f9099-8630-4310-9a1c-b81f5170e839,1.0,lg,12.0,12.0,2026-04-13T02:12:35.070453+00:00,False,
cd435942-98b7-42f9-b342-00d58f24a418,6da36631-3f99-484c-be82-326354478579,b90584d8-fc78-420b-91e1-490117cd30cd,1.0,sm,6.0,6.0,2026-04-13T02:12:35.556434+00:00,False,
47f1c91f-6079-4c76-9c7a-8deac3068f25,6da36631-3f99-484c-be82-326354478579,2ec9bf07-c28b-4a11-809e-a7be42c4db76,1.0,lg,20.0,20.0,2026-04-13T02:12:35.556434+00:00,False,
1b804f4b-3010-4d45-9d83-0c078b8ab493,6da36631-3f99-484c-be82-326354478579,f95b7a6f-37f8-4de1-9fdc-7ac2ef7d7af4,1.0,lg,12.0,12.0,2026-04-13T02:12:35.556434+00:00,False,
d7c2c92e-64a8-4e50-91be-2af88e67673f,6da36631-3f99-484c-be82-326354478579,1cd8cacb-9218-4990-9bbf-a2e7ce216f54,1.0,sm,12.0,12.0,2026-04-13T02:12:35.556434+00:00,False,
db4c93f8-e731-45cf-9da2-1d33f610eb0d,6da36631-3f99-484c-be82-326354478579,40b5c780-6569-4806-8e95-e2c92eaa87c9,1.0,lg,15.0,15.0,2026-04-13T02:12:35.556434+00:00,False,
113c541a-c029-4269-9c36-0380775a3128,6da36631-3f99-484c-be82-326354478579,1fba7f38-e8ac-4d0a-a165-40681248749a,2.0,lg,25.0,50.0,2026-04-13T02:12:35.556434+00:00,False,
4a6bbc27-1c3e-4ed1-b31b-9dab9ecbf32f,6da36631-3f99-484c-be82-326354478579,0b56583d-f70a-49bd-a226-d86b7983ad6c,1.0,lg,15.0,15.0,2026-04-13T02:12:35.556434+00:00,False,
3640d136-e05a-448c-aaf9-b1d768af87a0,6da36631-3f99-484c-be82-326354478579,b90584d8-fc78-420b-91e1-490117cd30cd,1.0,sm,6.0,6.0,2026-04-13T02:12:35.556434+00:00,False,
657646f7-e667-4355-9f0b-7447c8d34843,6da36631-3f99-484c-be82-326354478579,e0ac9138-c667-4899-b1a7-25684d83684c,3.0,sm,12.0,36.0,2026-04-13T02:12:35.556434+00:00,False,
97e1b11e-b00e-4f8e-8ae9-88bbf7ee3149,6da36631-3f99-484c-be82-326354478579,e662ef45-6aed-4a2e-ab16-cead317ac5b0,150.0,ea,0.35,52.5,2026-04-13T02:12:35.556434+00:00,False,
66d07712-ca75-4186-bbf2-afdf36758dbb,6da36631-3f99-484c-be82-326354478579,0abbd494-b25b-4f13-a55e-dcf6db986965,10.0,lg,15.0,150.0,2026-04-13T02:12:35.556434+00:00,False,
f18cef34-4864-4f35-88fa-268e761ff59d,6da36631-3f99-484c-be82-326354478579,e3ec98c5-fd0d-4087-ae6f-8b84410a0199,10.0,lbs,6.0,60.0,2026-04-13T02:12:35.556434+00:00,False,
e4506246-b28b-411a-b5a9-b32ff878ffae,6da36631-3f99-484c-be82-326354478579,e662ef45-6aed-4a2e-ab16-cead317ac5b0,50.0,ea,0.35,17.5,2026-04-13T02:12:35.556434+00:00,False,
66b0f8fc-aee9-43a9-9917-a0e4588520f6,00548fff-630c-4ff8-a72d-35f2b80a18cc,c314664e-d9e7-4d46-aa69-64a1ca26f59b,34.0,ea,3.75,127.5,2026-04-13T02:12:36.116794+00:00,False,
892f9158-6cad-4fe5-873a-29089dc536b3,00548fff-630c-4ff8-a72d-35f2b80a18cc,90df21cf-925e-4fb0-85eb-9ee42c1a1449,3.0,sm,10.0,30.0,2026-04-13T02:12:36.116794+00:00,False,
c1e300c6-4534-4057-b7ae-2922086439b9,00548fff-630c-4ff8-a72d-35f2b80a18cc,f95b7a6f-37f8-4de1-9fdc-7ac2ef7d7af4,1.0,lg,12.0,12.0,2026-04-13T02:12:36.116794+00:00,False,
ef700764-393b-4533-a8fc-9031644d1e0e,00548fff-630c-4ff8-a72d-35f2b80a18cc,03ac3e2a-cd94-4a27-a5eb-b34640786fae,1.0,bx,20.0,20.0,2026-04-13T02:12:36.116794+00:00,False,
2cb163aa-85a8-4650-908d-847a55f72072,00548fff-630c-4ff8-a72d-35f2b80a18cc,f95b7a6f-37f8-4de1-9fdc-7ac2ef7d7af4,1.0,lg,12.0,12.0,2026-04-13T02:12:36.116794+00:00,False,
3bec28d8-2fb2-4f6e-a45f-c486f7c7039c,00548fff-630c-4ff8-a72d-35f2b80a18cc,5920adcc-3687-45b2-a0ad-50b17f24faef,1.0,lg,15.0,15.0,2026-04-13T02:12:36.116794+00:00,False,
cfd292df-f6bf-4ce0-9d2c-f787853c6c16,00548fff-630c-4ff8-a72d-35f2b80a18cc,ff117f7e-e829-4c9b-94be-583211e2b8eb,3.0,sm,15.0,45.0,2026-04-13T02:12:36.116794+00:00,False,
a676dc2a-80cf-4d67-a87a-7da3799daea7,00548fff-630c-4ff8-a72d-35f2b80a18cc,d2d14373-69ff-4301-81a2-ba77a96b56cd,1.0,lg,12.0,12.0,2026-04-13T02:12:36.116794+00:00,False,
0adab485-6923-446f-9ba0-7ab434640acd,f3ccdef0-c8e2-4d00-b308-62e0aba1d199,c314664e-d9e7-4d46-aa69-64a1ca26f59b,15.0,ea,3.75,56.25,2026-04-13T02:12:36.711552+00:00,False,
e1c26393-0d55-4190-994b-bcc35e1cb271,f3ccdef0-c8e2-4d00-b308-62e0aba1d199,ad510ff3-14e5-40fa-b454-26ebc4bf299c,1.0,lg,15.0,15.0,2026-04-13T02:12:36.711552+00:00,False,
3d1afa94-50f6-45ea-8161-71911df79a33,f3ccdef0-c8e2-4d00-b308-62e0aba1d199,5920adcc-3687-45b2-a0ad-50b17f24faef,1.0,lg,15.0,15.0,2026-04-13T02:12:36.711552+00:00,False,
531c2230-8ef2-47ae-ab9f-beab21398b12,f3ccdef0-c8e2-4d00-b308-62e0aba1d199,309781c4-ed69-40dc-860a-712d7414d66e,1.0,lg,16.0,16.0,2026-04-13T02:12:36.711552+00:00,False,
eaf8f446-6339-4ba8-b660-836289ce373c,f3ccdef0-c8e2-4d00-b308-62e0aba1d199,0f564608-78ba-405b-bd40-8d80a71c196e,1.0,sm,10.0,10.0,2026-04-13T02:12:36.711552+00:00,False,
e40a43f3-1bf0-4cbc-9665-6fc408f9cb15,f3ccdef0-c8e2-4d00-b308-62e0aba1d199,d399f7cb-cd56-4360-9e60-ccab8382fb61,1.0,lg,15.0,15.0,2026-04-13T02:12:36.711552+00:00,False,
993e3cf6-1524-414a-b832-e5e904d4da43,f3ccdef0-c8e2-4d00-b308-62e0aba1d199,e0562212-cda5-4a74-ac19-db857f843dbd,5.0,lg,12.0,60.0,2026-04-13T02:12:36.711552+00:00,False,
622c944e-c189-4a71-ad60-61f5ed500c20,f3ccdef0-c8e2-4d00-b308-62e0aba1d199,e81c39b6-82fe-4505-b835-ed93e4220988,10.0,sm,12.0,120.0,2026-04-13T02:12:36.711552+00:00,False,
42502f5c-6e71-4e0e-ad09-bd6c2d7f532c,f3ccdef0-c8e2-4d00-b308-62e0aba1d199,56f75098-ef8d-4fde-86e8-fbfa21bd8964,4.0,lg,20.0,80.0,2026-04-13T02:12:36.711552+00:00,False,
3b62ae64-9b0b-4d60-b594-ab3a823f936f,f3ccdef0-c8e2-4d00-b308-62e0aba1d199,e662ef45-6aed-4a2e-ab16-cead317ac5b0,200.0,ea,0.35,70.0,2026-04-13T02:12:36.711552+00:00,False,
56f478bb-63cc-4cf6-af3c-ed2f2b69168a,f3ccdef0-c8e2-4d00-b308-62e0aba1d199,a5ac6324-2319-4372-a71b-2fcd580315da,4.0,lg,12.0,48.0,2026-04-13T02:12:36.711552+00:00,False,
09aa9307-f85f-4a28-a961-aa5c4a7d5456,f3ccdef0-c8e2-4d00-b308-62e0aba1d199,56f75098-ef8d-4fde-86e8-fbfa21bd8964,5.0,lg,20.0,100.0,2026-04-13T02:12:36.711552+00:00,False,
811eeeb6-efc3-4e5e-9cf7-c9505a1021a8,f3ccdef0-c8e2-4d00-b308-62e0aba1d199,a5ac6324-2319-4372-a71b-2fcd580315da,5.0,lg,12.0,60.0,2026-04-13T02:12:36.711552+00:00,False,
720c8c26-16ff-4120-9a07-792a9f3c2c9a,f3ccdef0-c8e2-4d00-b308-62e0aba1d199,e81c39b6-82fe-4505-b835-ed93e4220988,10.0,sm,12.0,120.0,2026-04-13T02:12:36.711552+00:00,False,
8191c9f0-3e6a-414a-b8d8-82bdde168f77,f3ccdef0-c8e2-4d00-b308-62e0aba1d199,e662ef45-6aed-4a2e-ab16-cead317ac5b0,200.0,ea,0.35,70.0,2026-04-13T02:12:36.711552+00:00,False,
3d1fed40-ce0b-4eef-9be9-03d8f762034d,e27950f4-fb08-4eb1-886b-4bd388ffd27d,e662ef45-6aed-4a2e-ab16-cead317ac5b0,50.0,ea,0.35,17.5,2026-04-13T02:12:37.306711+00:00,False,
b6cb3b46-036e-49d4-b028-1272fd2b8de3,e27950f4-fb08-4eb1-886b-4bd388ffd27d,0abbd494-b25b-4f13-a55e-dcf6db986965,10.0,lg,15.0,150.0,2026-04-13T02:12:37.306711+00:00,False,
25823816-ebd0-4bae-858c-1a77dbee05d2,e27950f4-fb08-4eb1-886b-4bd388ffd27d,0b56583d-f70a-49bd-a226-d86b7983ad6c,6.0,lg,15.0,90.0,2026-04-13T02:12:37.306711+00:00,False,
1aae8365-56b8-41b2-afff-d8304bb5bf9b,e27950f4-fb08-4eb1-886b-4bd388ffd27d,a5ac6324-2319-4372-a71b-2fcd580315da,1.0,lg,12.0,12.0,2026-04-13T02:12:37.306711+00:00,False,
6ba27a49-387a-42dc-943d-b7b3d71f5781,e27950f4-fb08-4eb1-886b-4bd388ffd27d,e662ef45-6aed-4a2e-ab16-cead317ac5b0,60.0,ea,0.35,21.0,2026-04-13T02:12:37.306711+00:00,False,
2cf5168a-51a9-46bd-8495-ffeb766bbd8c,e27950f4-fb08-4eb1-886b-4bd388ffd27d,e81c39b6-82fe-4505-b835-ed93e4220988,20.0,sm,12.0,240.0,2026-04-13T02:12:37.306711+00:00,False,
bd0b7d87-c5bb-4463-a985-0b30c92b9a7b,e27950f4-fb08-4eb1-886b-4bd388ffd27d,cbf76c50-2ebd-4fee-a8a3-0eab9d8366ee,1.0,lg,12.0,12.0,2026-04-13T02:12:37.306711+00:00,False,
a407aa43-aaa9-44dc-891e-c91bdb740395,e27950f4-fb08-4eb1-886b-4bd388ffd27d,56f75098-ef8d-4fde-86e8-fbfa21bd8964,1.0,lg,20.0,20.0,2026-04-13T02:12:37.306711+00:00,False,
bf576b12-168d-44a1-8a3e-0450fafcc8c2,e27950f4-fb08-4eb1-886b-4bd388ffd27d,3cb29cc2-866b-4360-90a3-15d01db8714a,1.0,lg,12.0,12.0,2026-04-13T02:12:37.306711+00:00,False,
9249ac27-8fb8-405c-82da-a59f2cded39a,e27950f4-fb08-4eb1-886b-4bd388ffd27d,b0c6ac67-3d61-415c-8d9a-8683b6ea618d,10.0,lbs,8.0,80.0,2026-04-13T02:12:37.306711+00:00,False,
80b0c677-7655-459f-878f-1fb921532251,d1af9818-210f-40e3-a7d7-02c50204b57f,3cb29cc2-866b-4360-90a3-15d01db8714a,1.0,lg,12.0,12.0,2026-04-13T02:12:35.304665+00:00,False,
4cccee63-8179-44ec-a02e-4dce472cd7f5,d1af9818-210f-40e3-a7d7-02c50204b57f,ad510ff3-14e5-40fa-b454-26ebc4bf299c,3.0,lg,15.0,45.0,2026-04-13T02:12:35.304665+00:00,False,
6b96efb5-8422-4419-a6cd-0893f4d113f9,d1af9818-210f-40e3-a7d7-02c50204b57f,62ef1b1f-0f0c-4ea8-ae97-8262c836aca4,3.0,lg,15.0,45.0,2026-04-13T02:12:35.304665+00:00,False,
fdf54113-fc99-4896-823d-3fe386e38683,d1af9818-210f-40e3-a7d7-02c50204b57f,309781c4-ed69-40dc-860a-712d7414d66e,10.0,lg,16.0,160.0,2026-04-13T02:12:35.304665+00:00,False,
f0bc0fcd-b1ec-4809-b598-1627ba7b2987,af92b64d-717e-4229-bfd0-eb857d0291b1,e0ac9138-c667-4899-b1a7-25684d83684c,6.0,sm,12.0,72.0,2026-04-13T02:12:35.892142+00:00,False,
dba30c72-a8b1-4b0b-b5e9-f39b9e704ca5,af92b64d-717e-4229-bfd0-eb857d0291b1,e662ef45-6aed-4a2e-ab16-cead317ac5b0,100.0,ea,0.35,35.0,2026-04-13T02:12:35.892142+00:00,False,
e7d4bd6e-9239-4125-b555-eaefbbb12c94,af92b64d-717e-4229-bfd0-eb857d0291b1,e662ef45-6aed-4a2e-ab16-cead317ac5b0,450.0,ea,0.35,157.5,2026-04-13T02:12:35.892142+00:00,False,
fc29d21a-c942-4bb3-b565-75340ab375f7,af92b64d-717e-4229-bfd0-eb857d0291b1,0abbd494-b25b-4f13-a55e-dcf6db986965,10.0,lg,15.0,150.0,2026-04-13T02:12:35.892142+00:00,False,
ac2d0fe5-d3a6-47eb-a927-45f395499476,af92b64d-717e-4229-bfd0-eb857d0291b1,2c6f9099-8630-4310-9a1c-b81f5170e839,1.0,lg,12.0,12.0,2026-04-13T02:12:35.892142+00:00,False,
75ab595a-2779-4282-a7c3-d3095cf8c1cb,af92b64d-717e-4229-bfd0-eb857d0291b1,3c8b8fbc-4f9e-4953-a4bd-37799b337807,1.0,lg,10.0,10.0,2026-04-13T02:12:35.892142+00:00,False,
909bbdb2-aa12-4f15-94c4-213ed3b44e9b,06d65b54-a68a-4f6e-8e2a-b30cf6e4d872,1cd8cacb-9218-4990-9bbf-a2e7ce216f54,1.0,sm,12.0,12.0,2026-04-13T02:12:36.485379+00:00,False,
328dbbbb-ea4b-496f-8180-2347e6eda77b,06d65b54-a68a-4f6e-8e2a-b30cf6e4d872,e662ef45-6aed-4a2e-ab16-cead317ac5b0,200.0,ea,0.35,70.0,2026-04-13T02:12:36.485379+00:00,False,
a0534a21-b7e0-497d-b8ca-3de2cde184e2,06d65b54-a68a-4f6e-8e2a-b30cf6e4d872,e662ef45-6aed-4a2e-ab16-cead317ac5b0,200.0,ea,0.35,70.0,2026-04-13T02:12:36.485379+00:00,False,
10e62ec2-12af-4e32-9900-0230e99cd48a,06d65b54-a68a-4f6e-8e2a-b30cf6e4d872,2c6f9099-8630-4310-9a1c-b81f5170e839,1.0,lg,12.0,12.0,2026-04-13T02:12:36.485379+00:00,False,
a7e20d19-9850-4c45-a438-7b8190a015bd,06d65b54-a68a-4f6e-8e2a-b30cf6e4d872,0abbd494-b25b-4f13-a55e-dcf6db986965,1.0,lg,15.0,15.0,2026-04-13T02:12:36.485379+00:00,False,
d54adf78-0221-4461-898c-d3b960384aa7,06d65b54-a68a-4f6e-8e2a-b30cf6e4d872,1fba7f38-e8ac-4d0a-a165-40681248749a,9.0,lg,25.0,225.0,2026-04-13T02:12:36.485379+00:00,False,
068dcd1a-0f64-415c-96d1-77fd1f302e1a,06d65b54-a68a-4f6e-8e2a-b30cf6e4d872,e0562212-cda5-4a74-ac19-db857f843dbd,1.0,lg,12.0,12.0,2026-04-13T02:12:36.485379+00:00,False,
60b91025-f4a8-49de-b86d-3440c04804c3,180ee009-cc55-4c8f-b5e8-544dd793f48a,e662ef45-6aed-4a2e-ab16-cead317ac5b0,50.0,ea,0.35,17.5,2026-04-13T02:12:36.996975+00:00,False,
131667f7-e6eb-4a59-a7e3-8bc68764409e,180ee009-cc55-4c8f-b5e8-544dd793f48a,0abbd494-b25b-4f13-a55e-dcf6db986965,5.0,lg,15.0,75.0,2026-04-13T02:12:36.996975+00:00,False,
1dafb22d-c804-4f03-91fc-59df0a3889f1,180ee009-cc55-4c8f-b5e8-544dd793f48a,0b56583d-f70a-49bd-a226-d86b7983ad6c,1.0,lg,15.0,15.0,2026-04-13T02:12:36.996975+00:00,False,
b50a9487-f219-4728-9c3a-2623853c8dac,180ee009-cc55-4c8f-b5e8-544dd793f48a,e3ec98c5-fd0d-4087-ae6f-8b84410a0199,30.0,lbs,6.0,180.0,2026-04-13T02:12:36.996975+00:00,False,
0784eacf-1e59-4fd5-9e09-d6ceb306b6fa,180ee009-cc55-4c8f-b5e8-544dd793f48a,a5ac6324-2319-4372-a71b-2fcd580315da,1.0,lg,12.0,12.0,2026-04-13T02:12:36.996975+00:00,False,
872728c5-0298-4722-8126-07367552460f,180ee009-cc55-4c8f-b5e8-544dd793f48a,e81c39b6-82fe-4505-b835-ed93e4220988,20.0,sm,12.0,240.0,2026-04-13T02:12:36.996975+00:00,False,
547c1545-5c96-4bdc-90ef-342b5a1401cc,180ee009-cc55-4c8f-b5e8-544dd793f48a,56f75098-ef8d-4fde-86e8-fbfa21bd8964,2.0,lg,20.0,40.0,2026-04-13T02:12:36.996975+00:00,False,
a7ac4a1e-6164-419a-bb63-f120bc838093,180ee009-cc55-4c8f-b5e8-544dd793f48a,3cb29cc2-866b-4360-90a3-15d01db8714a,2.0,lg,12.0,24.0,2026-04-13T02:12:36.996975+00:00,False,
4fd5a511-9c15-4e07-85bd-4506fc575b49,38d281ed-76d7-4598-9932-577284b9a76a,e662ef45-6aed-4a2e-ab16-cead317ac5b0,100.0,ea,0.35,35.0,2026-04-13T02:12:37.520065+00:00,False,
872192aa-2379-4f58-884b-89f866c74ea9,38d281ed-76d7-4598-9932-577284b9a76a,e662ef45-6aed-4a2e-ab16-cead317ac5b0,20.0,ea,0.35,7.0,2026-04-13T02:12:37.520065+00:00,False,
28cdda67-7121-4ae8-b1ca-9ee09b9cafc7,38d281ed-76d7-4598-9932-577284b9a76a,0b56583d-f70a-49bd-a226-d86b7983ad6c,2.0,lg,15.0,30.0,2026-04-13T02:12:37.520065+00:00,False,
1bb76974-8665-4b41-a474-fca7425f0bb9,38d281ed-76d7-4598-9932-577284b9a76a,c34f7e2a-f610-4e56-847b-495bf4739360,3.0,sm,12.0,36.0,2026-04-13T02:12:37.520065+00:00,False,
b061521d-f1f3-4548-bb07-6ca95bc10d05,38d281ed-76d7-4598-9932-577284b9a76a,a5ac6324-2319-4372-a71b-2fcd580315da,3.0,lg,12.0,36.0,2026-04-13T02:12:37.520065+00:00,False,
cc7dd281-2a9d-420d-8527-16985527a099,38d281ed-76d7-4598-9932-577284b9a76a,e81c39b6-82fe-4505-b835-ed93e4220988,5.0,sm,12.0,60.0,2026-04-13T02:12:37.520065+00:00,False,
9fa32906-9ddc-4aa0-a5a4-28e9f84c8d5d,38d281ed-76d7-4598-9932-577284b9a76a,90df21cf-925e-4fb0-85eb-9ee42c1a1449,1.0,sm,10.0,10.0,2026-04-13T02:12:37.520065+00:00,False,
7acb3765-0117-42c6-a146-f4a0e315df02,2f08ca22-82f7-4d05-868d-d22403eb5b86,b90584d8-fc78-420b-91e1-490117cd30cd,3.0,sm,6.0,18.0,2026-04-13T02:12:37.976924+00:00,False,
c99928f1-c45a-4874-8dff-2ef050b72097,2f08ca22-82f7-4d05-868d-d22403eb5b86,ff117f7e-e829-4c9b-94be-583211e2b8eb,3.0,sm,15.0,45.0,2026-04-13T02:12:37.976924+00:00,False,
9ed7db38-612b-43c9-8ad1-ee7d319d0426,2f08ca22-82f7-4d05-868d-d22403eb5b86,f95b7a6f-37f8-4de1-9fdc-7ac2ef7d7af4,1.0,lg,12.0,12.0,2026-04-13T02:12:37.976924+00:00,False,
5fe59af1-f949-4326-883c-d5051e8ba05d,2f08ca22-82f7-4d05-868d-d22403eb5b86,e662ef45-6aed-4a2e-ab16-cead317ac5b0,100.0,ea,0.35,35.0,2026-04-13T02:12:37.976924+00:00,False,
570151fe-ed7a-4691-8553-ba5f1530b550,2f08ca22-82f7-4d05-868d-d22403eb5b86,cbf76c50-2ebd-4fee-a8a3-0eab9d8366ee,1.0,lg,12.0,12.0,2026-04-13T02:12:37.976924+00:00,False,
ee9ad92a-a7bb-412a-a720-7b108a830185,2f08ca22-82f7-4d05-868d-d22403eb5b86,0b56583d-f70a-49bd-a226-d86b7983ad6c,1.0,lg,15.0,15.0,2026-04-13T02:12:37.976924+00:00,False,
b8c494ca-f380-42aa-b0c3-002cd704d9a3,2f08ca22-82f7-4d05-868d-d22403eb5b86,e662ef45-6aed-4a2e-ab16-cead317ac5b0,100.0,ea,0.35,35.0,2026-04-13T02:12:37.976924+00:00,False,
d0f996ec-2aef-421c-abca-42875655cc4f,2f08ca22-82f7-4d05-868d-d22403eb5b86,b90584d8-fc78-420b-91e1-490117cd30cd,10.0,sm,6.0,60.0,2026-04-13T02:12:37.976924+00:00,False,
f8cc7a23-f11f-412f-a256-75270013f73e,2f08ca22-82f7-4d05-868d-d22403eb5b86,e81c39b6-82fe-4505-b835-ed93e4220988,10.0,sm,12.0,120.0,2026-04-13T02:12:37.976924+00:00,False,
977b07a0-6d10-43d6-b1c6-2b46c726f553,2f08ca22-82f7-4d05-868d-d22403eb5b86,f95b7a6f-37f8-4de1-9fdc-7ac2ef7d7af4,1.0,lg,12.0,12.0,2026-04-13T02:12:37.976924+00:00,False,
ddcc2126-e2fd-4700-b65b-a68806ffff9e,2f08ca22-82f7-4d05-868d-d22403eb5b86,e662ef45-6aed-4a2e-ab16-cead317ac5b0,100.0,ea,0.35,35.0,2026-04-13T02:12:37.976924+00:00,False,
d1e1bd0d-f842-4042-bec7-e0cb806a500b,2f08ca22-82f7-4d05-868d-d22403eb5b86,40b5c780-6569-4806-8e95-e2c92eaa87c9,1.0,lg,15.0,15.0,2026-04-13T02:12:37.976924+00:00,False,
d6052e0a-f61b-45a5-bfa8-6a033b142777,2f08ca22-82f7-4d05-868d-d22403eb5b86,8ee929fd-00ee-4ed8-9cc5-1bac874eb3d3,1.0,lg,10.0,10.0,2026-04-13T02:12:37.976924+00:00,False,
04b786fb-2802-41b2-b0de-cf89cf51c072,2f08ca22-82f7-4d05-868d-d22403eb5b86,ad510ff3-14e5-40fa-b454-26ebc4bf299c,2.0,lg,15.0,30.0,2026-04-13T02:12:37.976924+00:00,False,
6f5397e2-5757-4ef0-afdc-0bb5195f9df2,2f08ca22-82f7-4d05-868d-d22403eb5b86,0f564608-78ba-405b-bd40-8d80a71c196e,1.0,sm,10.0,10.0,2026-04-13T02:12:37.976924+00:00,False,
0a2c88b6-4e76-4ba9-8d38-fd6dbe6bf2fc,2f08ca22-82f7-4d05-868d-d22403eb5b86,04cc3ab8-f1fa-4e6c-a4aa-9a4d53f1dc53,1.0,lg,20.0,20.0,2026-04-13T02:12:37.976924+00:00,False,
881a05f7-2026-47bf-8986-0365e305b7c6,2f08ca22-82f7-4d05-868d-d22403eb5b86,9b9060f3-6432-46c9-a091-a3d8e9560bb2,1.0,lg,20.0,20.0,2026-04-13T02:12:37.976924+00:00,False,
a98e3f66-140c-4b22-832d-31eeab2c1306,2f08ca22-82f7-4d05-868d-d22403eb5b86,7f6dd06a-83e0-4750-b802-b1f90cefa97f,1.0,lg,20.0,20.0,2026-04-13T02:12:37.976924+00:00,False,
63a12245-23c9-40f2-86e7-de2ac42b816e,2f08ca22-82f7-4d05-868d-d22403eb5b86,60ee9721-045f-41c3-91e8-d4c34e5d7175,1.0,lg,20.0,20.0,2026-04-13T02:12:37.976924+00:00,False,
20bc6862-3d78-45e8-8f37-f0eee93fa279,2f08ca22-82f7-4d05-868d-d22403eb5b86,7ccef569-6034-454f-bc79-4368995ec492,1.0,lg,15.0,15.0,2026-04-13T02:12:37.976924+00:00,False,
8d77bd65-61f1-4e8c-a950-329f1fa3673e,2f08ca22-82f7-4d05-868d-d22403eb5b86,56f75098-ef8d-4fde-86e8-fbfa21bd8964,1.0,lg,20.0,20.0,2026-04-13T02:12:37.976924+00:00,False,
099e1b57-ed48-4207-b87c-2fb47e6ffd30,23b9583e-1203-402a-a03d-378bfeca800f,0b56583d-f70a-49bd-a226-d86b7983ad6c,8.0,lg,15.0,120.0,2026-04-13T02:12:38.574913+00:00,False,
a1f7e691-ae85-4d3c-b824-6a860449d637,23b9583e-1203-402a-a03d-378bfeca800f,3cb29cc2-866b-4360-90a3-15d01db8714a,1.0,lg,12.0,12.0,2026-04-13T02:12:38.574913+00:00,False,
1be6b24f-eed6-404a-83cb-2bfcf5e3ce2e,23b9583e-1203-402a-a03d-378bfeca800f,cbf76c50-2ebd-4fee-a8a3-0eab9d8366ee,1.0,lg,12.0,12.0,2026-04-13T02:12:38.574913+00:00,False,
063e1e77-91b5-4809-8547-41bb16a9a693,23b9583e-1203-402a-a03d-378bfeca800f,e662ef45-6aed-4a2e-ab16-cead317ac5b0,60.0,ea,0.35,21.0,2026-04-13T02:12:38.574913+00:00,False,
9eca45d6-97be-45b7-854b-96b2c84c11a7,23b9583e-1203-402a-a03d-378bfeca800f,b90584d8-fc78-420b-91e1-490117cd30cd,4.0,sm,6.0,24.0,2026-04-13T02:12:38.574913+00:00,False,
eb722497-1d41-4831-af66-e1af7087c602,23b9583e-1203-402a-a03d-378bfeca800f,b90584d8-fc78-420b-91e1-490117cd30cd,1.0,sm,6.0,6.0,2026-04-13T02:12:38.574913+00:00,False,
11c2fd1e-9799-429f-b31f-dd7beb1ee991,23b9583e-1203-402a-a03d-378bfeca800f,e0ac9138-c667-4899-b1a7-25684d83684c,1.0,sm,12.0,12.0,2026-04-13T02:12:38.574913+00:00,False,
7fe881a2-e42a-4df4-b562-3d1a88eb76c3,23b9583e-1203-402a-a03d-378bfeca800f,90df21cf-925e-4fb0-85eb-9ee42c1a1449,1.0,sm,12.0,12.0,2026-04-13T02:12:38.574913+00:00,False,
5d4ff76d-27cd-4e28-8dca-de77cf1c39f5,d2315be1-9ce4-4133-afc7-3570a076b7e9,feaad469-a829-41b2-988e-5efed6c64b6c,70.0,ea,3.0,210.0,2026-04-13T02:12:39.02181+00:00,False,
098ab4b8-3bee-48d3-984b-548a7d767f66,53441e07-5227-44d0-8830-f4bfe3a4bcf2,0b56583d-f70a-49bd-a226-d86b7983ad6c,1.5,lg,15.0,22.5,2026-04-13T02:12:39.484428+00:00,False,
d7930c8f-b9cd-4ba9-9215-63b793e34e0a,53441e07-5227-44d0-8830-f4bfe3a4bcf2,feaad469-a829-41b2-988e-5efed6c64b6c,35.0,ea,3.0,105.0,2026-04-13T02:12:39.484428+00:00,False,
6eb05c43-75a1-4cde-afb9-cbab03c9c88e,53441e07-5227-44d0-8830-f4bfe3a4bcf2,40b5c780-6569-4806-8e95-e2c92eaa87c9,2.0,lg,15.0,30.0,2026-04-13T02:12:39.484428+00:00,False,
8fbab37a-5b7e-434e-9eac-7e98a29fe474,e27950f4-fb08-4eb1-886b-4bd388ffd27d,56f75098-ef8d-4fde-86e8-fbfa21bd8964,1.0,lg,20.0,20.0,2026-04-13T02:12:37.306711+00:00,False,
04b2d929-5787-4e3d-8241-f7b1902812b4,e27950f4-fb08-4eb1-886b-4bd388ffd27d,60ee9721-045f-41c3-91e8-d4c34e5d7175,1.0,lg,20.0,20.0,2026-04-13T02:12:37.306711+00:00,False,
cfaf694b-b4a7-4f7e-95d4-ad1d7474f49f,e27950f4-fb08-4eb1-886b-4bd388ffd27d,d4827392-69e6-4ecd-838d-fc9e8ce847cf,1.0,lg,12.0,12.0,2026-04-13T02:12:37.306711+00:00,False,
deb02266-a65d-4c00-94dd-bfd019e6f736,e27950f4-fb08-4eb1-886b-4bd388ffd27d,5da6dc1f-43a1-4182-bea0-4d1036c97b6d,1.0,lg,20.0,20.0,2026-04-13T02:12:37.306711+00:00,False,
7b1126cf-0915-4cc5-a4e4-67cfb4fd1967,e27950f4-fb08-4eb1-886b-4bd388ffd27d,9b9060f3-6432-46c9-a091-a3d8e9560bb2,1.0,lg,20.0,20.0,2026-04-13T02:12:37.306711+00:00,False,
5b4d129a-923d-4da9-94e6-023efb00b90d,e27950f4-fb08-4eb1-886b-4bd388ffd27d,90570ad5-2c58-4ab5-a1bd-a7dc59a50222,1.0,lg,24.0,24.0,2026-04-13T02:12:37.306711+00:00,False,
6247353a-2ade-4fb9-9e64-b9d60b32f9ac,def7968b-51fe-4e55-adf2-b782a67b61a2,90df21cf-925e-4fb0-85eb-9ee42c1a1449,1.0,sm,10.0,10.0,2026-04-13T02:12:37.724519+00:00,False,
6df6c912-c0b4-4bec-b1cf-2882c2f537a1,def7968b-51fe-4e55-adf2-b782a67b61a2,2ec9bf07-c28b-4a11-809e-a7be42c4db76,1.0,lg,20.0,20.0,2026-04-13T02:12:37.724519+00:00,False,
1be46bd1-8a0e-4bff-a739-d156d7c8788d,f6296df9-0ab3-4570-9605-edad710c8ab3,89deecdc-4aaf-4b43-9716-bc54563a3e98,2.0,lg,20.0,40.0,2026-04-13T02:12:38.233183+00:00,False,
2d62451d-c0d7-4d4b-bdbf-6b4f3fe53104,f6296df9-0ab3-4570-9605-edad710c8ab3,e0ac9138-c667-4899-b1a7-25684d83684c,1.0,sm,12.0,12.0,2026-04-13T02:12:38.233183+00:00,False,
7e3a512e-c236-4dda-b05d-34a50c2a429c,454aeabd-6efd-4f20-90db-82c43df80ea2,feaad469-a829-41b2-988e-5efed6c64b6c,177.0,ea,3.0,531.0,2026-04-13T02:12:38.802514+00:00,False,
c024fb12-b85f-45ac-943c-08cd174feb28,454aeabd-6efd-4f20-90db-82c43df80ea2,90df21cf-925e-4fb0-85eb-9ee42c1a1449,3.0,sm,10.0,30.0,2026-04-13T02:12:38.802514+00:00,False,
323cee02-0eb5-4207-aacc-231bf41f1e7d,454aeabd-6efd-4f20-90db-82c43df80ea2,cbf76c50-2ebd-4fee-a8a3-0eab9d8366ee,1.0,lg,12.0,12.0,2026-04-13T02:12:38.802514+00:00,False,
db057e17-c542-4e64-a467-bf095ca0d8bc,454aeabd-6efd-4f20-90db-82c43df80ea2,56f75098-ef8d-4fde-86e8-fbfa21bd8964,3.0,lg,20.0,60.0,2026-04-13T02:12:38.802514+00:00,False,
9ff75e4f-61cc-4f59-b547-8be2afebca98,454aeabd-6efd-4f20-90db-82c43df80ea2,a5ac6324-2319-4372-a71b-2fcd580315da,3.0,lg,12.0,36.0,2026-04-13T02:12:38.802514+00:00,False,
d5d13edd-7d56-404c-897f-5f1e3ab4dab3,454aeabd-6efd-4f20-90db-82c43df80ea2,b90584d8-fc78-420b-91e1-490117cd30cd,6.0,sm,6.0,36.0,2026-04-13T02:12:38.802514+00:00,False,
5fe62cc3-62cf-4014-91a8-c5449874fffe,454aeabd-6efd-4f20-90db-82c43df80ea2,b90584d8-fc78-420b-91e1-490117cd30cd,3.0,sm,6.0,18.0,2026-04-13T02:12:38.802514+00:00,False,
4a23b49a-ddf4-41d3-92b6-d6c582a56afd,454aeabd-6efd-4f20-90db-82c43df80ea2,e662ef45-6aed-4a2e-ab16-cead317ac5b0,100.0,ea,0.35,35.0,2026-04-13T02:12:38.802514+00:00,False,
3ee5ec69-dfa4-4117-88eb-034ff5c8822a,454aeabd-6efd-4f20-90db-82c43df80ea2,09dd43ee-5456-4692-9016-433d77d3b6cb,3.0,sm,15.0,45.0,2026-04-13T02:12:38.802514+00:00,False,
b802f682-160b-44ee-b85e-f3f230c2b746,454aeabd-6efd-4f20-90db-82c43df80ea2,2ec9bf07-c28b-4a11-809e-a7be42c4db76,0.5,lg,20.0,10.0,2026-04-13T02:12:38.802514+00:00,False,
6d2b4690-c00e-493c-8790-ebf337bd1863,454aeabd-6efd-4f20-90db-82c43df80ea2,e0ac9138-c667-4899-b1a7-25684d83684c,1.0,sm,12.0,12.0,2026-04-13T02:12:38.802514+00:00,False,
e692919e-4859-4f20-9718-ca0d76da2458,0897158c-5e30-4dc8-be9f-15161cb9fa25,f95b7a6f-37f8-4de1-9fdc-7ac2ef7d7af4,1.0,lg,12.0,12.0,2026-04-13T02:12:39.253355+00:00,False,
4e538b51-f2af-409c-94db-181feb040f7f,0897158c-5e30-4dc8-be9f-15161cb9fa25,e662ef45-6aed-4a2e-ab16-cead317ac5b0,500.0,ea,0.35,175.0,2026-04-13T02:12:39.253355+00:00,False,
1cbb19a5-6604-4859-be19-d894ca328187,0897158c-5e30-4dc8-be9f-15161cb9fa25,e662ef45-6aed-4a2e-ab16-cead317ac5b0,100.0,ea,0.35,35.0,2026-04-13T02:12:39.253355+00:00,False,
b13cfc24-5f74-4266-bdd4-108458cd12c9,0897158c-5e30-4dc8-be9f-15161cb9fa25,cbf76c50-2ebd-4fee-a8a3-0eab9d8366ee,2.0,lg,12.0,24.0,2026-04-13T02:12:39.253355+00:00,False,
824ef093-baf3-456f-a8d9-e30fe9c84748,0897158c-5e30-4dc8-be9f-15161cb9fa25,0abbd494-b25b-4f13-a55e-dcf6db986965,8.0,lg,15.0,120.0,2026-04-13T02:12:39.253355+00:00,False,
7d2d8d46-5139-4db8-8b4f-61e565bcfd7b,0897158c-5e30-4dc8-be9f-15161cb9fa25,3cb29cc2-866b-4360-90a3-15d01db8714a,2.0,lg,12.0,24.0,2026-04-13T02:12:39.253355+00:00,False,
87d368ac-d1f8-4bc1-8fd0-52fb11db2523,0897158c-5e30-4dc8-be9f-15161cb9fa25,c34f7e2a-f610-4e56-847b-495bf4739360,3.0,sm,12.0,36.0,2026-04-13T02:12:39.253355+00:00,False,
13dd7392-9103-4e21-9143-08d1cb92f757,0897158c-5e30-4dc8-be9f-15161cb9fa25,b90584d8-fc78-420b-91e1-490117cd30cd,3.0,sm,6.0,18.0,2026-04-13T02:12:39.253355+00:00,False,
9ee50a73-aa8d-4d01-aeee-f7dc680193b3,0897158c-5e30-4dc8-be9f-15161cb9fa25,07facaef-e20c-417b-9419-6486f1ac9071,2.0,lg,20.0,40.0,2026-04-13T02:12:39.253355+00:00,False,
8f2715a4-41d7-43a1-940c-7e7bb07ecdf9,d7e5af0c-5a63-4956-a86a-cba8e40634e6,f95b7a6f-37f8-4de1-9fdc-7ac2ef7d7af4,1.0,lg,12.0,12.0,2026-04-13T02:12:39.791035+00:00,False,
f3ecd7f7-88c9-4055-8f0f-c70aac96e346,d7e5af0c-5a63-4956-a86a-cba8e40634e6,90df21cf-925e-4fb0-85eb-9ee42c1a1449,1.0,sm,10.0,10.0,2026-04-13T02:12:39.791035+00:00,False,
82da4f2f-14bf-4a18-be77-9b30484a108d,d7e5af0c-5a63-4956-a86a-cba8e40634e6,e662ef45-6aed-4a2e-ab16-cead317ac5b0,50.0,ea,0.35,17.5,2026-04-13T02:12:39.791035+00:00,False,
03c2e449-90d8-499f-b82f-82d22c2eaffd,d7e5af0c-5a63-4956-a86a-cba8e40634e6,b90584d8-fc78-420b-91e1-490117cd30cd,3.0,sm,6.0,18.0,2026-04-13T02:12:39.791035+00:00,False,
e5494695-f638-45a5-8918-db11c4569bc1,d7e5af0c-5a63-4956-a86a-cba8e40634e6,c8bbe30a-a177-430d-86c5-6616a6f62a0d,1.0,lg,30.0,30.0,2026-04-13T02:12:39.791035+00:00,False,
dd314b51-821f-401f-b3c3-8d7a9027c2f3,d7e5af0c-5a63-4956-a86a-cba8e40634e6,b90584d8-fc78-420b-91e1-490117cd30cd,3.0,sm,6.0,18.0,2026-04-13T02:12:39.791035+00:00,False,
08d29a4a-4b0c-45af-92c2-8c2db5f8e28c,d7e5af0c-5a63-4956-a86a-cba8e40634e6,c34f7e2a-f610-4e56-847b-495bf4739360,3.0,sm,12.0,36.0,2026-04-13T02:12:39.791035+00:00,False,
8394925c-f4b5-414f-a996-b032471fea1c,d7e5af0c-5a63-4956-a86a-cba8e40634e6,b0d98b9a-7524-48e8-89b3-d8a93d7340c8,3.0,sm,10.0,30.0,2026-04-13T02:12:39.791035+00:00,False,
bbf01b02-d301-4904-9c49-1b17176c55a5,d7e5af0c-5a63-4956-a86a-cba8e40634e6,e662ef45-6aed-4a2e-ab16-cead317ac5b0,100.0,ea,0.35,35.0,2026-04-13T02:12:39.791035+00:00,False,
58f112a9-0f92-4448-9fbe-d79391499759,d7e5af0c-5a63-4956-a86a-cba8e40634e6,3cb29cc2-866b-4360-90a3-15d01db8714a,1.0,lg,12.0,12.0,2026-04-13T02:12:39.791035+00:00,False,
4838e3bf-c21c-469f-bcac-5363b45cd269,d7e5af0c-5a63-4956-a86a-cba8e40634e6,cbf76c50-2ebd-4fee-a8a3-0eab9d8366ee,1.0,lg,12.0,12.0,2026-04-13T02:12:39.791035+00:00,False,
35814f90-e23a-4223-9d26-a4df84c8c337,d7e5af0c-5a63-4956-a86a-cba8e40634e6,0b56583d-f70a-49bd-a226-d86b7983ad6c,1.0,lg,15.0,15.0,2026-04-13T02:12:39.791035+00:00,False,
41978b12-d21a-4125-9220-0b4c12d7886b,d7e5af0c-5a63-4956-a86a-cba8e40634e6,56f75098-ef8d-4fde-86e8-fbfa21bd8964,1.0,lg,20.0,20.0,2026-04-13T02:12:39.791035+00:00,False,
fccb9f67-bc35-4bef-bf42-328eb350df8d,d7e5af0c-5a63-4956-a86a-cba8e40634e6,56f75098-ef8d-4fde-86e8-fbfa21bd8964,1.0,lg,20.0,20.0,2026-04-13T02:12:39.791035+00:00,False,
5374475a-728d-42dc-8586-0449433cd559,d7e5af0c-5a63-4956-a86a-cba8e40634e6,40b5c780-6569-4806-8e95-e2c92eaa87c9,1.0,lg,15.0,15.0,2026-04-13T02:12:39.791035+00:00,False,
2b64b04b-76f2-4652-a9ef-db868fa55fde,d7e5af0c-5a63-4956-a86a-cba8e40634e6,0b56583d-f70a-49bd-a226-d86b7983ad6c,1.0,lg,15.0,15.0,2026-04-13T02:12:39.791035+00:00,False,
4af899ec-81e7-4008-91d3-0507bc37e83d,d7e5af0c-5a63-4956-a86a-cba8e40634e6,b0017451-3a96-49f3-9e48-ea4ef19383bf,50.0,ea,0.2,10.0,2026-04-13T02:12:39.791035+00:00,False,
9c2ac5ef-8f63-49ef-b133-5ffdbad25a75,d7e5af0c-5a63-4956-a86a-cba8e40634e6,1fba7f38-e8ac-4d0a-a165-40681248749a,20.0,lg,25.0,500.0,2026-04-13T02:12:39.791035+00:00,False,
ab883273-b682-4ba5-b79c-9f98bd1a0614,d7e5af0c-5a63-4956-a86a-cba8e40634e6,60ee9721-045f-41c3-91e8-d4c34e5d7175,5.0,lg,20.0,100.0,2026-04-13T02:12:39.791035+00:00,False,
b8cc3ce0-0913-49c5-82cd-cb7711a35719,d7e5af0c-5a63-4956-a86a-cba8e40634e6,89deecdc-4aaf-4b43-9716-bc54563a3e98,30.0,lg,20.0,600.0,2026-04-13T02:12:39.791035+00:00,False,
d5702445-a008-4e59-9d6a-8d677f3d4cb4,d7e5af0c-5a63-4956-a86a-cba8e40634e6,90df21cf-925e-4fb0-85eb-9ee42c1a1449,3.0,sm,10.0,30.0,2026-04-13T02:12:39.791035+00:00,False,
ac3f4d09-e34e-4ab8-898e-214a6d9f2cd0,ca9f899f-e79f-4602-ab38-9489d7834c55,e662ef45-6aed-4a2e-ab16-cead317ac5b0,200.0,ea,0.35,70.0,2026-04-13T02:12:40.304103+00:00,False,
96193ec7-045b-4fe0-af69-8adc4d60da19,ca9f899f-e79f-4602-ab38-9489d7834c55,56f75098-ef8d-4fde-86e8-fbfa21bd8964,2.0,lg,20.0,40.0,2026-04-13T02:12:40.304103+00:00,False,
f3ecf55f-40e1-44d2-886c-1552535f37d8,ca9f899f-e79f-4602-ab38-9489d7834c55,3c8b8fbc-4f9e-4953-a4bd-37799b337807,1.0,lg,10.0,10.0,2026-04-13T02:12:40.304103+00:00,False,
c178ed26-8669-4a36-be57-26f4330e7e65,ca9f899f-e79f-4602-ab38-9489d7834c55,0b56583d-f70a-49bd-a226-d86b7983ad6c,1.0,lg,15.0,15.0,2026-04-13T02:12:40.304103+00:00,False,
6e47483f-819d-4699-b5ad-992b25777460,ca9f899f-e79f-4602-ab38-9489d7834c55,a5ac6324-2319-4372-a71b-2fcd580315da,2.0,lg,12.0,24.0,2026-04-13T02:12:40.304103+00:00,False,
da73bb1f-87e8-4d35-a701-83b704316b78,ca9f899f-e79f-4602-ab38-9489d7834c55,b90584d8-fc78-420b-91e1-490117cd30cd,2.0,sm,6.0,12.0,2026-04-13T02:12:40.304103+00:00,False,
52a175a9-e8cc-4b73-b04c-a19330d1801f,ca9f899f-e79f-4602-ab38-9489d7834c55,ad510ff3-14e5-40fa-b454-26ebc4bf299c,1.0,lg,15.0,15.0,2026-04-13T02:12:40.304103+00:00,False,
08755fe1-2dad-488c-bb75-d5cf5b91004b,ca9f899f-e79f-4602-ab38-9489d7834c55,ad510ff3-14e5-40fa-b454-26ebc4bf299c,1.0,lg,15.0,15.0,2026-04-13T02:12:40.304103+00:00,False,
ea6e4785-e614-48c5-a1a3-654d6469ea8a,ca9f899f-e79f-4602-ab38-9489d7834c55,03ac3e2a-cd94-4a27-a5eb-b34640786fae,1.0,bx,20.0,20.0,2026-04-13T02:12:40.304103+00:00,False,
ec12caa4-3b94-49ce-919c-0f6934d50164,ca9f899f-e79f-4602-ab38-9489d7834c55,0f564608-78ba-405b-bd40-8d80a71c196e,2.0,sm,10.0,20.0,2026-04-13T02:12:40.304103+00:00,False,
ebc474a7-4ff5-4e78-bc7f-382792adfa16,ca9f899f-e79f-4602-ab38-9489d7834c55,e0ac9138-c667-4899-b1a7-25684d83684c,1.0,sm,12.0,12.0,2026-04-13T02:12:40.304103+00:00,False,
df6d2e07-c229-44ae-bf12-7c0d15376ece,ca9f899f-e79f-4602-ab38-9489d7834c55,2ec9bf07-c28b-4a11-809e-a7be42c4db76,1.0,lg,20.0,20.0,2026-04-13T02:12:40.304103+00:00,False,
dd38c28a-9179-45f5-8d22-6c9acc25692a,ca9f899f-e79f-4602-ab38-9489d7834c55,07facaef-e20c-417b-9419-6486f1ac9071,1.0,lg,20.0,20.0,2026-04-13T02:12:40.304103+00:00,False,
2ef7e722-c698-49e9-839c-67575a6b4009,ca9f899f-e79f-4602-ab38-9489d7834c55,04cc3ab8-f1fa-4e6c-a4aa-9a4d53f1dc53,1.0,lg,20.0,20.0,2026-04-13T02:12:40.304103+00:00,False,
64343afb-e534-44e8-859b-9ab636a6f10b,53441e07-5227-44d0-8830-f4bfe3a4bcf2,90df21cf-925e-4fb0-85eb-9ee42c1a1449,3.0,sm,10.0,30.0,2026-04-13T02:12:39.484428+00:00,False,
8ccae9ae-cba5-4e46-9761-3a6b19b057a9,8e685e37-a356-4629-9564-c7ac80eacaed,66732b90-15ff-4bb5-a9d8-b84ac997d183,100.0,lg,25.0,2500.0,2026-04-13T02:12:40.074553+00:00,False,
d7d2effd-6634-411a-9420-c2ff9b19662f,8e685e37-a356-4629-9564-c7ac80eacaed,e662ef45-6aed-4a2e-ab16-cead317ac5b0,100.0,ea,0.35,35.0,2026-04-13T02:12:40.074553+00:00,False,
a285d6a7-af0f-4100-9a79-702c76eecab3,681c4910-9e65-401a-8e34-198094be46d6,90df21cf-925e-4fb0-85eb-9ee42c1a1449,1.0,sm,10.0,10.0,2026-04-13T02:12:40.538349+00:00,False,
a3db45c4-dc98-42b7-99a0-9a87c4dd7e3f,681c4910-9e65-401a-8e34-198094be46d6,e662ef45-6aed-4a2e-ab16-cead317ac5b0,50.0,ea,0.35,17.5,2026-04-13T02:12:40.538349+00:00,False,
33aa94ea-1b6c-416f-9072-92b0ba39377d,681c4910-9e65-401a-8e34-198094be46d6,e662ef45-6aed-4a2e-ab16-cead317ac5b0,50.0,ea,0.35,17.5,2026-04-13T02:12:40.538349+00:00,False,
7742d37b-9d8c-42ae-a8e9-c63a1b57cd81,681c4910-9e65-401a-8e34-198094be46d6,56f75098-ef8d-4fde-86e8-fbfa21bd8964,1.0,lg,20.0,20.0,2026-04-13T02:12:40.538349+00:00,False,
4c58b704-fd4e-4bf1-a478-d73904410f96,681c4910-9e65-401a-8e34-198094be46d6,a5ac6324-2319-4372-a71b-2fcd580315da,2.0,lg,12.0,24.0,2026-04-13T02:12:40.538349+00:00,False,
74daa6fe-d7b2-4228-9f46-61dbf3918485,681c4910-9e65-401a-8e34-198094be46d6,b90584d8-fc78-420b-91e1-490117cd30cd,5.0,sm,6.0,30.0,2026-04-13T02:12:40.538349+00:00,False,
655d75a1-b754-4288-987d-2acc4031d53d,681c4910-9e65-401a-8e34-198094be46d6,c8bbe30a-a177-430d-86c5-6616a6f62a0d,1.0,lg,30.0,30.0,2026-04-13T02:12:40.538349+00:00,False,
a0845ec0-218c-43fb-8577-a136d424ca72,681c4910-9e65-401a-8e34-198094be46d6,b0d98b9a-7524-48e8-89b3-d8a93d7340c8,3.0,sm,10.0,30.0,2026-04-13T02:12:40.538349+00:00,False,
f82217df-fc34-4923-a4e8-a8d4aced9a8d,681c4910-9e65-401a-8e34-198094be46d6,60ee9721-045f-41c3-91e8-d4c34e5d7175,15.0,lg,20.0,300.0,2026-04-13T02:12:40.538349+00:00,False,
3a1bee9f-2353-4091-a47e-52093d33cb1d,f92dcb8c-3cbc-4618-bae6-4f895762b9fc,90df21cf-925e-4fb0-85eb-9ee42c1a1449,1.0,sm,10.0,10.0,2026-04-13T02:12:41.129411+00:00,False,
1b57697c-9af6-46c5-bb34-e4579083d8ab,f92dcb8c-3cbc-4618-bae6-4f895762b9fc,e662ef45-6aed-4a2e-ab16-cead317ac5b0,50.0,ea,0.35,17.5,2026-04-13T02:12:41.129411+00:00,False,
99c1731b-94d8-4333-aa80-f37c41c49509,f92dcb8c-3cbc-4618-bae6-4f895762b9fc,56f75098-ef8d-4fde-86e8-fbfa21bd8964,1.0,lg,20.0,20.0,2026-04-13T02:12:41.129411+00:00,False,
9e20cd7e-7d9f-48d4-99c1-fdf61ee22f55,f92dcb8c-3cbc-4618-bae6-4f895762b9fc,3cb29cc2-866b-4360-90a3-15d01db8714a,1.0,lg,12.0,12.0,2026-04-13T02:12:41.129411+00:00,False,
ca7a8b36-e48a-4a9c-b70f-87102a3387c9,f92dcb8c-3cbc-4618-bae6-4f895762b9fc,a5ac6324-2319-4372-a71b-2fcd580315da,1.0,lg,12.0,12.0,2026-04-13T02:12:41.129411+00:00,False,
adb52d8f-b0ec-4ced-aad0-91fb9ceffd91,f92dcb8c-3cbc-4618-bae6-4f895762b9fc,b90584d8-fc78-420b-91e1-490117cd30cd,6.0,sm,6.0,36.0,2026-04-13T02:12:41.129411+00:00,False,
51c1e4b4-a7a2-44ae-a108-40ddff26bcea,f92dcb8c-3cbc-4618-bae6-4f895762b9fc,b0d98b9a-7524-48e8-89b3-d8a93d7340c8,3.0,sm,10.0,30.0,2026-04-13T02:12:41.129411+00:00,False,
4e653e5d-efeb-49fe-b080-99c36d1fb84f,f92dcb8c-3cbc-4618-bae6-4f895762b9fc,89deecdc-4aaf-4b43-9716-bc54563a3e98,100.0,lg,20.0,2000.0,2026-04-13T02:12:41.129411+00:00,False,
d8e98087-5c40-4935-b3bf-5fad68c468f8,f92dcb8c-3cbc-4618-bae6-4f895762b9fc,c314664e-d9e7-4d46-aa69-64a1ca26f59b,545.0,ea,3.75,2043.75,2026-04-13T02:12:41.129411+00:00,False,
4fa77efd-4555-4563-91b6-43ff796d7705,254d9ad8-79f4-45b3-a8d9-5f75a65063bb,40b5c780-6569-4806-8e95-e2c92eaa87c9,8.0,lg,15.0,120.0,2026-04-13T02:12:41.629075+00:00,False,
af84014e-d219-4263-926e-b6e75bb935f7,254d9ad8-79f4-45b3-a8d9-5f75a65063bb,b90584d8-fc78-420b-91e1-490117cd30cd,1.0,sm,6.0,6.0,2026-04-13T02:12:41.629075+00:00,False,
62fc86f2-d9f6-4ea8-9cbd-3147f4ec2dcd,254d9ad8-79f4-45b3-a8d9-5f75a65063bb,6a383d81-af24-4d74-a14e-ec5dd8b4653d,1.0,lg,15.0,15.0,2026-04-13T02:12:41.629075+00:00,False,
f8b12fd0-dddb-4cb2-b52e-c46dbebb0cc3,254d9ad8-79f4-45b3-a8d9-5f75a65063bb,04cc3ab8-f1fa-4e6c-a4aa-9a4d53f1dc53,1.0,lg,20.0,20.0,2026-04-13T02:12:41.629075+00:00,False,
cc8ff602-d4f3-44e9-970b-6c0bb52d2b6e,254d9ad8-79f4-45b3-a8d9-5f75a65063bb,60ee9721-045f-41c3-91e8-d4c34e5d7175,1.0,lg,20.0,20.0,2026-04-13T02:12:41.629075+00:00,False,
e73ff990-d5f4-4d9c-af6a-669874094015,254d9ad8-79f4-45b3-a8d9-5f75a65063bb,9b9060f3-6432-46c9-a091-a3d8e9560bb2,1.0,lg,20.0,20.0,2026-04-13T02:12:41.629075+00:00,False,
217f75e4-13ea-43c7-9c25-bdd96331385f,254d9ad8-79f4-45b3-a8d9-5f75a65063bb,1fba7f38-e8ac-4d0a-a165-40681248749a,2.0,lg,25.0,50.0,2026-04-13T02:12:41.629075+00:00,False,
798d2aa1-ff18-4deb-9869-d172863ae1af,254d9ad8-79f4-45b3-a8d9-5f75a65063bb,a5ac6324-2319-4372-a71b-2fcd580315da,1.0,lg,12.0,12.0,2026-04-13T02:12:41.629075+00:00,False,
160b24f7-499c-460b-836e-69f0bf400ab1,254d9ad8-79f4-45b3-a8d9-5f75a65063bb,b90584d8-fc78-420b-91e1-490117cd30cd,3.0,sm,6.0,18.0,2026-04-13T02:12:41.629075+00:00,False,
c23b3db6-e947-4b65-9101-25fd25346ab5,254d9ad8-79f4-45b3-a8d9-5f75a65063bb,e81c39b6-82fe-4505-b835-ed93e4220988,1.0,sm,12.0,12.0,2026-04-13T02:12:41.629075+00:00,False,
56df3ea5-e40a-4f0d-899a-b7618262df9f,254d9ad8-79f4-45b3-a8d9-5f75a65063bb,ad510ff3-14e5-40fa-b454-26ebc4bf299c,1.0,lg,15.0,15.0,2026-04-13T02:12:41.629075+00:00,False,
03443783-b76b-454c-8562-db5a15832624,254d9ad8-79f4-45b3-a8d9-5f75a65063bb,04cc3ab8-f1fa-4e6c-a4aa-9a4d53f1dc53,1.0,lg,20.0,20.0,2026-04-13T02:12:41.629075+00:00,False,
a91e9292-5f66-43d0-a92b-9dce29928504,254d9ad8-79f4-45b3-a8d9-5f75a65063bb,0f564608-78ba-405b-bd40-8d80a71c196e,3.0,sm,10.0,30.0,2026-04-13T02:12:41.629075+00:00,False,
ed15425a-93c1-429f-8ddc-13f96c28f688,254d9ad8-79f4-45b3-a8d9-5f75a65063bb,feaad469-a829-41b2-988e-5efed6c64b6c,90.0,ea,3.0,270.0,2026-04-13T02:12:41.629075+00:00,False,
eeaccbfd-d44a-4437-a0d3-69eb68659e2e,64a0d533-7113-4ccc-b4f9-5d259c6d4268,04cc3ab8-f1fa-4e6c-a4aa-9a4d53f1dc53,2.0,lg,20.0,40.0,2026-04-13T02:12:42.073165+00:00,False,
4414da09-dd74-49c7-9156-2ac62a45e206,64a0d533-7113-4ccc-b4f9-5d259c6d4268,e0ac9138-c667-4899-b1a7-25684d83684c,1.0,sm,12.0,12.0,2026-04-13T02:12:42.073165+00:00,False,
9255cce9-5397-46b1-a6d3-411f6769914f,64a0d533-7113-4ccc-b4f9-5d259c6d4268,e662ef45-6aed-4a2e-ab16-cead317ac5b0,100.0,ea,0.35,35.0,2026-04-13T02:12:42.073165+00:00,False,
c746494e-09fa-435a-a60d-4074c0c4f198,64a0d533-7113-4ccc-b4f9-5d259c6d4268,56f75098-ef8d-4fde-86e8-fbfa21bd8964,2.0,lg,20.0,40.0,2026-04-13T02:12:42.073165+00:00,False,
da634680-81af-4a63-a06c-479b4b66dfd9,64a0d533-7113-4ccc-b4f9-5d259c6d4268,f928dfeb-fbe7-4518-a98a-0d77b37478dc,20.0,lg,15.0,300.0,2026-04-13T02:12:42.073165+00:00,False,
ab2f5ace-adf9-44c9-9a28-7e0f512622cc,64a0d533-7113-4ccc-b4f9-5d259c6d4268,60ee9721-045f-41c3-91e8-d4c34e5d7175,2.0,lg,20.0,40.0,2026-04-13T02:12:42.073165+00:00,False,
7693c7b9-02f4-41c3-a3e2-c23f22dd4e2f,64a0d533-7113-4ccc-b4f9-5d259c6d4268,25149f32-ee59-48d7-a941-9f6c35ca2855,1.0,lg,15.0,15.0,2026-04-13T02:12:42.073165+00:00,False,
09cc138e-ef83-4465-b9a9-615519ecd644,64a0d533-7113-4ccc-b4f9-5d259c6d4268,9b9060f3-6432-46c9-a091-a3d8e9560bb2,1.0,lg,20.0,20.0,2026-04-13T02:12:42.073165+00:00,False,
27e2e96d-0867-4b8c-b7ba-15855747cd6b,64a0d533-7113-4ccc-b4f9-5d259c6d4268,3cb29cc2-866b-4360-90a3-15d01db8714a,1.0,lg,12.0,12.0,2026-04-13T02:12:42.073165+00:00,False,
04e0d46e-7c6b-4dcc-8ed5-d58abe492ed2,64a0d533-7113-4ccc-b4f9-5d259c6d4268,1fba7f38-e8ac-4d0a-a165-40681248749a,3.0,lg,25.0,75.0,2026-04-13T02:12:42.073165+00:00,False,
9a211059-d428-4dfb-a019-5c38e680603f,64a0d533-7113-4ccc-b4f9-5d259c6d4268,5d480edd-15b4-4457-b01b-8b369f82cae4,4.0,lg,20.0,80.0,2026-04-13T02:12:42.073165+00:00,False,
4a713a7c-2794-4f05-955d-9b1081d0d62b,64a0d533-7113-4ccc-b4f9-5d259c6d4268,a5ac6324-2319-4372-a71b-2fcd580315da,2.0,lg,12.0,24.0,2026-04-13T02:12:42.073165+00:00,False,
ad1711ae-eda4-480f-9d41-e59aba95dfef,64a0d533-7113-4ccc-b4f9-5d259c6d4268,b90584d8-fc78-420b-91e1-490117cd30cd,6.0,sm,6.0,36.0,2026-04-13T02:12:42.073165+00:00,False,
9050debb-8afc-4377-acb3-829b94ba4d51,10084493-b6a7-4370-99ae-bb3a479ab831,b90584d8-fc78-420b-91e1-490117cd30cd,1.0,sm,6.0,6.0,2026-04-13T02:12:42.632686+00:00,False,
449f21ab-9f86-413a-a489-766326ed6e9f,10084493-b6a7-4370-99ae-bb3a479ab831,04cc3ab8-f1fa-4e6c-a4aa-9a4d53f1dc53,1.0,lg,20.0,20.0,2026-04-13T02:12:42.632686+00:00,False,
42dd2547-cf00-45ec-9461-017113a9fa7c,10084493-b6a7-4370-99ae-bb3a479ab831,e662ef45-6aed-4a2e-ab16-cead317ac5b0,150.0,ea,0.35,52.5,2026-04-13T02:12:42.632686+00:00,False,
cd92ad79-fb68-4447-8985-0157c0e638d7,10084493-b6a7-4370-99ae-bb3a479ab831,40b5c780-6569-4806-8e95-e2c92eaa87c9,8.0,lg,15.0,120.0,2026-04-13T02:12:42.632686+00:00,False,
6a2f851d-e60b-4442-9a01-cc56647059ca,10084493-b6a7-4370-99ae-bb3a479ab831,5d2be0b1-c8e4-4de7-becc-b24c8655215d,1.0,lg,20.0,20.0,2026-04-13T02:12:42.632686+00:00,False,
4888d202-0cd9-46c9-a099-1328968b4d09,10084493-b6a7-4370-99ae-bb3a479ab831,56f75098-ef8d-4fde-86e8-fbfa21bd8964,4.0,lg,20.0,80.0,2026-04-13T02:12:42.632686+00:00,False,
9d2366c0-f485-4602-8d2a-022783a4ce4f,10084493-b6a7-4370-99ae-bb3a479ab831,25149f32-ee59-48d7-a941-9f6c35ca2855,1.0,lg,15.0,15.0,2026-04-13T02:12:42.632686+00:00,False,
29494b08-0215-431a-8573-d6e9c92dd874,10084493-b6a7-4370-99ae-bb3a479ab831,9b9060f3-6432-46c9-a091-a3d8e9560bb2,1.0,lg,20.0,20.0,2026-04-13T02:12:42.632686+00:00,False,
bab7a031-d64c-430f-a009-5bd97b0e320f,10084493-b6a7-4370-99ae-bb3a479ab831,5b3f4657-21b0-44a7-8f0a-3f0ecd43f712,1.0,lg,18.0,18.0,2026-04-13T02:12:42.632686+00:00,False,
b1d3015b-112e-4cc0-8828-791b26689a59,10084493-b6a7-4370-99ae-bb3a479ab831,05bf9d69-e5d2-48cb-9592-6325e9b0cb39,1.0,lg,15.0,15.0,2026-04-13T02:12:42.632686+00:00,False,
6403ad40-a59d-44a2-8b20-0e21f7e3acfc,10084493-b6a7-4370-99ae-bb3a479ab831,3c8b8fbc-4f9e-4953-a4bd-37799b337807,1.0,lg,10.0,10.0,2026-04-13T02:12:42.632686+00:00,False,
d7ac251b-2a2f-48cc-8647-92609ffa702c,10084493-b6a7-4370-99ae-bb3a479ab831,2eaadb66-8823-4457-a67a-eaed6282bc1f,2.0,sm,6.0,12.0,2026-04-13T02:12:42.632686+00:00,False,
d1792075-73f2-4e50-b5ad-b86992cb720d,10084493-b6a7-4370-99ae-bb3a479ab831,1fba7f38-e8ac-4d0a-a165-40681248749a,6.0,lg,25.0,150.0,2026-04-13T02:12:42.632686+00:00,False,
4d53132b-9333-448f-bef6-afb34117670f,10084493-b6a7-4370-99ae-bb3a479ab831,b90584d8-fc78-420b-91e1-490117cd30cd,3.0,sm,6.0,18.0,2026-04-13T02:12:42.632686+00:00,False,
d8284d12-da42-4c33-b636-eded7c36cdfb,10084493-b6a7-4370-99ae-bb3a479ab831,2f002bb7-6444-4ace-87ff-7c547b3f03bd,1.0,lg,12.0,12.0,2026-04-13T02:12:42.632686+00:00,False,
b5c245a1-398c-4bb8-9e7c-faba3310353e,10084493-b6a7-4370-99ae-bb3a479ab831,3b390b60-bc5f-4a6c-8366-90501656ce20,1.0,lg,15.0,15.0,2026-04-13T02:12:42.632686+00:00,False,
b6e3253a-07f0-4401-8d80-d64655569564,10084493-b6a7-4370-99ae-bb3a479ab831,90df21cf-925e-4fb0-85eb-9ee42c1a1449,1.0,sm,10.0,10.0,2026-04-13T02:12:42.632686+00:00,False,
13923a23-fc01-4acf-8135-d40b3184b6c1,ca9f899f-e79f-4602-ab38-9489d7834c55,d87652f1-bb0b-444f-ad23-97c5c4d8b7de,1.0,sm,6.0,6.0,2026-04-13T02:12:40.304103+00:00,False,
eacc3d1c-39bb-4f6b-8e49-6af8cc6e3bfc,c4327d56-ab6e-4c52-a79e-f661c3b30b44,56f75098-ef8d-4fde-86e8-fbfa21bd8964,2.0,lg,20.0,40.0,2026-04-13T02:12:40.779539+00:00,False,
b39b3430-551a-460a-81d4-7f1b0f660f77,bde5ee57-44e0-4d7c-b2c0-20980ee99e12,90df21cf-925e-4fb0-85eb-9ee42c1a1449,1.0,sm,10.0,10.0,2026-04-13T02:12:41.404289+00:00,False,
76f11ba6-d19c-4182-a7f0-8ede94f65bee,bde5ee57-44e0-4d7c-b2c0-20980ee99e12,e0ac9138-c667-4899-b1a7-25684d83684c,1.0,sm,12.0,12.0,2026-04-13T02:12:41.404289+00:00,False,
5be576fa-f983-4a39-a5be-4792ef62c0bf,bde5ee57-44e0-4d7c-b2c0-20980ee99e12,e662ef45-6aed-4a2e-ab16-cead317ac5b0,50.0,ea,0.35,17.5,2026-04-13T02:12:41.404289+00:00,False,
cd6810a1-fe7c-4c4b-aa7b-d35b4fe3dd87,bde5ee57-44e0-4d7c-b2c0-20980ee99e12,56f75098-ef8d-4fde-86e8-fbfa21bd8964,2.0,lg,20.0,40.0,2026-04-13T02:12:41.404289+00:00,False,
8b1322d9-263a-40cc-a0f6-cdb5104e03f6,bde5ee57-44e0-4d7c-b2c0-20980ee99e12,3cb29cc2-866b-4360-90a3-15d01db8714a,1.0,lg,12.0,12.0,2026-04-13T02:12:41.404289+00:00,False,
ebd3cb04-f7fc-4796-9155-01d67366f295,bde5ee57-44e0-4d7c-b2c0-20980ee99e12,f95b7a6f-37f8-4de1-9fdc-7ac2ef7d7af4,1.0,lg,12.0,12.0,2026-04-13T02:12:41.404289+00:00,False,
7edb0ad8-d8f7-4de7-871e-1bf462ab9e44,bde5ee57-44e0-4d7c-b2c0-20980ee99e12,e0ac9138-c667-4899-b1a7-25684d83684c,3.0,sm,12.0,36.0,2026-04-13T02:12:41.404289+00:00,False,
d3db549f-ed0b-4b4e-896a-51415ff289ae,bde5ee57-44e0-4d7c-b2c0-20980ee99e12,e662ef45-6aed-4a2e-ab16-cead317ac5b0,200.0,ea,0.35,70.0,2026-04-13T02:12:41.404289+00:00,False,
599e24fc-3941-4d4e-ba92-146552b11e88,bde5ee57-44e0-4d7c-b2c0-20980ee99e12,cbf76c50-2ebd-4fee-a8a3-0eab9d8366ee,1.0,lg,12.0,12.0,2026-04-13T02:12:41.404289+00:00,False,
80f8a8f7-e3a3-43cf-9c28-cf74ab2514fb,bde5ee57-44e0-4d7c-b2c0-20980ee99e12,40b5c780-6569-4806-8e95-e2c92eaa87c9,1.0,lg,15.0,15.0,2026-04-13T02:12:41.404289+00:00,False,
9c74d219-db90-43e2-9826-acc0c31657c0,bde5ee57-44e0-4d7c-b2c0-20980ee99e12,0b56583d-f70a-49bd-a226-d86b7983ad6c,4.0,lg,15.0,60.0,2026-04-13T02:12:41.404289+00:00,False,
065a9b6a-a81d-4668-8c1c-e93afc3e9fb2,bde5ee57-44e0-4d7c-b2c0-20980ee99e12,b0017451-3a96-49f3-9e48-ea4ef19383bf,100.0,ea,0.2,20.0,2026-04-13T02:12:41.404289+00:00,False,
879fb4ac-7e2f-40ff-b4a3-a53721dbf850,bde5ee57-44e0-4d7c-b2c0-20980ee99e12,60ee9721-045f-41c3-91e8-d4c34e5d7175,6.0,lg,20.0,120.0,2026-04-13T02:12:41.404289+00:00,False,
464612b8-1b61-4794-a9c1-197dc865b516,bde5ee57-44e0-4d7c-b2c0-20980ee99e12,1fba7f38-e8ac-4d0a-a165-40681248749a,2.0,lg,25.0,50.0,2026-04-13T02:12:41.404289+00:00,False,
658802dd-4a0f-4319-9564-28fb377511b2,bde5ee57-44e0-4d7c-b2c0-20980ee99e12,0f564608-78ba-405b-bd40-8d80a71c196e,1.0,sm,10.0,10.0,2026-04-13T02:12:41.404289+00:00,False,
4abe5596-7114-41ec-a8b5-fdbd156935d1,bde5ee57-44e0-4d7c-b2c0-20980ee99e12,89deecdc-4aaf-4b43-9716-bc54563a3e98,2.0,lg,20.0,40.0,2026-04-13T02:12:41.404289+00:00,False,
59530df6-cf3a-412a-8233-8e52cb0f7937,bde5ee57-44e0-4d7c-b2c0-20980ee99e12,3b390b60-bc5f-4a6c-8366-90501656ce20,1.0,lg,15.0,15.0,2026-04-13T02:12:41.404289+00:00,False,
d2f82279-8590-425b-83c6-bb2f8f425fd2,6e39f4fb-1f6b-4382-9679-3a5853961180,e0562212-cda5-4a74-ac19-db857f843dbd,6.0,lg,12.0,72.0,2026-04-13T02:12:41.845453+00:00,False,
f28abf00-ca6c-4751-be73-da3465fd99b3,c1c9e603-a1c3-445a-9f71-2126b4df8bed,a5ac6324-2319-4372-a71b-2fcd580315da,3.0,lg,12.0,36.0,2026-04-13T02:12:42.32928+00:00,False,
71e408a7-5344-42f3-a54d-e7c4cbd0490a,c1c9e603-a1c3-445a-9f71-2126b4df8bed,b0017451-3a96-49f3-9e48-ea4ef19383bf,200.0,ea,0.2,40.0,2026-04-13T02:12:42.32928+00:00,False,
ccc7c7b6-08c2-41d0-9e62-c11b251135ae,c306c57a-19a4-4a89-bc26-c45f3071c647,89deecdc-4aaf-4b43-9716-bc54563a3e98,1.0,lg,20.0,20.0,2026-04-13T02:12:43.131799+00:00,False,
55e1c582-025c-43fe-8314-1ca3488d3127,c306c57a-19a4-4a89-bc26-c45f3071c647,0f564608-78ba-405b-bd40-8d80a71c196e,1.0,sm,10.0,10.0,2026-04-13T02:12:43.131799+00:00,False,
754843c4-2b92-4bc2-9c27-a191d866a5af,c306c57a-19a4-4a89-bc26-c45f3071c647,6a383d81-af24-4d74-a14e-ec5dd8b4653d,0.5,lg,15.0,7.5,2026-04-13T02:12:43.131799+00:00,False,
51267e0b-d27e-46be-b6a6-4078e6a3b688,c306c57a-19a4-4a89-bc26-c45f3071c647,5d480edd-15b4-4457-b01b-8b369f82cae4,0.5,lg,20.0,10.0,2026-04-13T02:12:43.131799+00:00,False,
59a79bc0-a773-46c9-85aa-c10e8f266de9,c306c57a-19a4-4a89-bc26-c45f3071c647,05bf9d69-e5d2-48cb-9592-6325e9b0cb39,0.5,lg,15.0,7.5,2026-04-13T02:12:43.131799+00:00,False,
5c151723-b4b1-4bf5-8965-97d0c7a74a5e,4da727ac-ca86-411c-abd8-e696e85418d0,f0b42ce6-df17-407c-aba5-2abb389e2662,1.0,lg,15.0,15.0,2026-04-13T02:12:45.758531+00:00,False,
259f1a70-46a2-4c80-a665-6085d5273fa1,4da727ac-ca86-411c-abd8-e696e85418d0,e81c39b6-82fe-4505-b835-ed93e4220988,1.0,sm,12.0,12.0,2026-04-13T02:12:45.758531+00:00,False,
f5c3b924-05f1-46e3-a9b0-6065e3855e9c,4da727ac-ca86-411c-abd8-e696e85418d0,04cc3ab8-f1fa-4e6c-a4aa-9a4d53f1dc53,2.0,lg,20.0,40.0,2026-04-13T02:12:45.758531+00:00,False,
9e6bdf22-aed2-4ca1-8ffc-17f78713e966,4da727ac-ca86-411c-abd8-e696e85418d0,56f75098-ef8d-4fde-86e8-fbfa21bd8964,3.0,lg,20.0,60.0,2026-04-13T02:12:45.758531+00:00,False,
6fa31da6-4b6f-4bd5-9cc3-0f8c7defad29,4da727ac-ca86-411c-abd8-e696e85418d0,60ee9721-045f-41c3-91e8-d4c34e5d7175,3.0,lg,20.0,60.0,2026-04-13T02:12:45.758531+00:00,False,
f7157e76-f7e9-436a-90d5-85e406ab4697,4da727ac-ca86-411c-abd8-e696e85418d0,25149f32-ee59-48d7-a941-9f6c35ca2855,1.0,lg,15.0,15.0,2026-04-13T02:12:45.758531+00:00,False,
09e2fd78-f7ef-451b-a7fe-f8ec5964704e,4da727ac-ca86-411c-abd8-e696e85418d0,2eaadb66-8823-4457-a67a-eaed6282bc1f,1.0,sm,6.0,6.0,2026-04-13T02:12:45.758531+00:00,False,
fea06d76-3808-48f8-a9b0-51e7c7566158,4da727ac-ca86-411c-abd8-e696e85418d0,1fba7f38-e8ac-4d0a-a165-40681248749a,6.0,lg,25.0,150.0,2026-04-13T02:12:45.758531+00:00,False,
62b8443f-faa5-4188-89c4-74edb26ca4a4,4da727ac-ca86-411c-abd8-e696e85418d0,e662ef45-6aed-4a2e-ab16-cead317ac5b0,300.0,ea,0.35,105.0,2026-04-13T02:12:45.758531+00:00,False,
31aa5346-cc13-4ebf-94b9-7270076b905b,4da727ac-ca86-411c-abd8-e696e85418d0,9b9060f3-6432-46c9-a091-a3d8e9560bb2,1.0,lg,20.0,20.0,2026-04-13T02:12:45.758531+00:00,False,
9fc78a5c-b300-4568-ad1b-e04dda670e77,4da727ac-ca86-411c-abd8-e696e85418d0,de69bc0d-febf-4b24-8450-eb1dd74bd7d8,10.0,lg,12.0,120.0,2026-04-13T02:12:45.758531+00:00,False,
d18f3d53-36b1-44dc-8f6b-8548dd7978da,4da727ac-ca86-411c-abd8-e696e85418d0,b90584d8-fc78-420b-91e1-490117cd30cd,1.0,sm,6.0,6.0,2026-04-13T02:12:45.758531+00:00,False,
e6781b63-035b-46c7-95bd-d015fdde8ea0,4da727ac-ca86-411c-abd8-e696e85418d0,e81c39b6-82fe-4505-b835-ed93e4220988,1.0,sm,12.0,12.0,2026-04-13T02:12:45.758531+00:00,False,
b13f14ac-4a0f-4e1a-b8e3-3fbb4f12436c,4da727ac-ca86-411c-abd8-e696e85418d0,0f564608-78ba-405b-bd40-8d80a71c196e,3.0,sm,10.0,30.0,2026-04-13T02:12:45.758531+00:00,False,
e43114ad-29b1-482d-8006-51e4467b1d6d,4da727ac-ca86-411c-abd8-e696e85418d0,309781c4-ed69-40dc-860a-712d7414d66e,1.0,lg,16.0,16.0,2026-04-13T02:12:45.758531+00:00,False,
73f7c797-53e3-441f-a344-739c40a4a721,4da727ac-ca86-411c-abd8-e696e85418d0,19508c8b-5f9f-4cda-bffa-d36ef4c07bc2,1.0,lg,10.0,10.0,2026-04-13T02:12:45.758531+00:00,False,
ffde4a92-667d-4b45-966d-52433eb3faa5,4da727ac-ca86-411c-abd8-e696e85418d0,e662ef45-6aed-4a2e-ab16-cead317ac5b0,100.0,ea,0.35,35.0,2026-04-13T02:12:45.758531+00:00,False,
b63b8436-23f1-4041-8546-3c6af9611b56,4da727ac-ca86-411c-abd8-e696e85418d0,b0017451-3a96-49f3-9e48-ea4ef19383bf,50.0,ea,0.2,10.0,2026-04-13T02:12:45.758531+00:00,False,
7f5ba806-b10b-4da9-bdbe-8d4340a03ae2,4da727ac-ca86-411c-abd8-e696e85418d0,1fba7f38-e8ac-4d0a-a165-40681248749a,3.0,lg,25.0,75.0,2026-04-13T02:12:45.758531+00:00,False,
9aac4728-402a-468b-9572-a24c30dbc0c1,4da727ac-ca86-411c-abd8-e696e85418d0,56f75098-ef8d-4fde-86e8-fbfa21bd8964,1.0,lg,20.0,20.0,2026-04-13T02:12:45.758531+00:00,False,
75df1a84-3ebc-4c34-981f-ffb0a13a395b,4da727ac-ca86-411c-abd8-e696e85418d0,60ee9721-045f-41c3-91e8-d4c34e5d7175,1.0,lg,20.0,20.0,2026-04-13T02:12:45.758531+00:00,False,
0ff48ede-e8ea-48e0-a192-792a08e6115a,4da727ac-ca86-411c-abd8-e696e85418d0,d4827392-69e6-4ecd-838d-fc9e8ce847cf,1.0,lg,12.0,12.0,2026-04-13T02:12:45.758531+00:00,False,
17763738-8a11-41dd-b121-842fbc416be5,d0bd9e2b-95db-41b0-ad90-a1327d3832fa,60ee9721-045f-41c3-91e8-d4c34e5d7175,1.0,lg,20.0,20.0,2026-04-13T02:12:46.218418+00:00,False,
496badeb-7c9e-43b0-a5fd-40d42fc08078,d0bd9e2b-95db-41b0-ad90-a1327d3832fa,72322dd6-8045-401b-aa0e-67ed58ebe0ff,150.0,ea,4.95,742.5,2026-04-13T02:12:46.218418+00:00,False,
8a4cfc82-f209-4ba4-ba31-3c1c56a3054f,eab8fdbc-79a6-46a8-9245-ac2d47779cb6,04cc3ab8-f1fa-4e6c-a4aa-9a4d53f1dc53,2.0,lg,20.0,40.0,2026-04-13T02:12:46.806751+00:00,False,
2b38f440-4ee4-4e0e-a4fb-8598218536c8,eab8fdbc-79a6-46a8-9245-ac2d47779cb6,56f75098-ef8d-4fde-86e8-fbfa21bd8964,2.0,lg,20.0,40.0,2026-04-13T02:12:46.806751+00:00,False,
5fc60399-463f-4cae-a00a-23637acc091e,eab8fdbc-79a6-46a8-9245-ac2d47779cb6,25149f32-ee59-48d7-a941-9f6c35ca2855,1.0,lg,15.0,15.0,2026-04-13T02:12:46.806751+00:00,False,
0113f71d-61ad-4951-bcb5-64fc8fa94a98,eab8fdbc-79a6-46a8-9245-ac2d47779cb6,3cb29cc2-866b-4360-90a3-15d01db8714a,1.0,lg,12.0,12.0,2026-04-13T02:12:46.806751+00:00,False,
d9a1775e-4778-471a-8426-62791ad4e2cd,eab8fdbc-79a6-46a8-9245-ac2d47779cb6,e662ef45-6aed-4a2e-ab16-cead317ac5b0,150.0,ea,0.35,52.5,2026-04-13T02:12:46.806751+00:00,False,
7756cd5d-3f89-4ff7-9825-3affb5f8716b,eab8fdbc-79a6-46a8-9245-ac2d47779cb6,de69bc0d-febf-4b24-8450-eb1dd74bd7d8,2.0,lg,12.0,24.0,2026-04-13T02:12:46.806751+00:00,False,
802a1e94-af61-403b-891c-083f43766aea,4e1ff328-6b20-458e-a99f-2fd694950a7e,04cc3ab8-f1fa-4e6c-a4aa-9a4d53f1dc53,2.0,lg,20.0,40.0,2026-04-13T02:12:47.256853+00:00,False,
773e1c6d-ae9c-476c-b27d-e8a0834d10e3,4e1ff328-6b20-458e-a99f-2fd694950a7e,e662ef45-6aed-4a2e-ab16-cead317ac5b0,10.0,ea,0.35,3.5,2026-04-13T02:12:47.256853+00:00,False,
7e9fe9d1-ad36-4294-8adf-cd8973193738,4e1ff328-6b20-458e-a99f-2fd694950a7e,56f75098-ef8d-4fde-86e8-fbfa21bd8964,2.0,lg,20.0,40.0,2026-04-13T02:12:47.256853+00:00,False,
cdc343e5-df9b-4f41-95da-77f57c642f14,4e1ff328-6b20-458e-a99f-2fd694950a7e,60ee9721-045f-41c3-91e8-d4c34e5d7175,1.0,lg,20.0,20.0,2026-04-13T02:12:47.256853+00:00,False,
a6d37844-1805-486e-9421-6369c4ab6a1f,4e1ff328-6b20-458e-a99f-2fd694950a7e,d4827392-69e6-4ecd-838d-fc9e8ce847cf,2.0,lg,12.0,24.0,2026-04-13T02:12:47.256853+00:00,False,
44cf24f7-8165-4144-b5f5-a7106301aff6,4e1ff328-6b20-458e-a99f-2fd694950a7e,5b3f4657-21b0-44a7-8f0a-3f0ecd43f712,1.0,lg,18.0,18.0,2026-04-13T02:12:47.256853+00:00,False,
a2f315e0-dff7-4bf7-a3f8-2c84187b7a85,4e1ff328-6b20-458e-a99f-2fd694950a7e,1fba7f38-e8ac-4d0a-a165-40681248749a,4.0,lg,25.0,100.0,2026-04-13T02:12:47.256853+00:00,False,
e5e19e7a-3c46-4869-900c-281e3198d3a9,4e1ff328-6b20-458e-a99f-2fd694950a7e,e662ef45-6aed-4a2e-ab16-cead317ac5b0,150.0,ea,0.35,52.5,2026-04-13T02:12:47.256853+00:00,False,
d85185b7-f2ef-4cb3-b1dc-1749f3c34d2f,a3e3bef8-af1e-4ce2-99a8-e03dffdd8b36,e662ef45-6aed-4a2e-ab16-cead317ac5b0,75.0,ea,0.35,26.25,2026-04-13T02:12:43.389573+00:00,False,
f6b08a1c-fb16-4060-862b-95ca258f0674,a3e3bef8-af1e-4ce2-99a8-e03dffdd8b36,e662ef45-6aed-4a2e-ab16-cead317ac5b0,200.0,ea,0.35,70.0,2026-04-13T02:12:43.389573+00:00,False,
e30ce18a-a6f6-41ca-8254-3dae35fd9b6e,a3e3bef8-af1e-4ce2-99a8-e03dffdd8b36,40b5c780-6569-4806-8e95-e2c92eaa87c9,8.0,lg,15.0,120.0,2026-04-13T02:12:43.389573+00:00,False,
ed3e0ced-2769-46f6-aec6-aa25c8f0a909,a3e3bef8-af1e-4ce2-99a8-e03dffdd8b36,56f75098-ef8d-4fde-86e8-fbfa21bd8964,1.0,lg,20.0,20.0,2026-04-13T02:12:43.389573+00:00,False,
a4e53e43-b885-4877-bb58-715d9ab45ab3,a3e3bef8-af1e-4ce2-99a8-e03dffdd8b36,56f75098-ef8d-4fde-86e8-fbfa21bd8964,1.0,lg,20.0,20.0,2026-04-13T02:12:43.389573+00:00,False,
fb2bd35a-4856-4803-b958-388a69318058,a3e3bef8-af1e-4ce2-99a8-e03dffdd8b36,60ee9721-045f-41c3-91e8-d4c34e5d7175,1.0,lg,20.0,20.0,2026-04-13T02:12:43.389573+00:00,False,
4bc5df86-6be4-4399-b2c2-bc797bd119f1,a3e3bef8-af1e-4ce2-99a8-e03dffdd8b36,25149f32-ee59-48d7-a941-9f6c35ca2855,1.0,lg,15.0,15.0,2026-04-13T02:12:43.389573+00:00,False,
ba08451c-3ed9-4818-94ba-badaf6272368,a3e3bef8-af1e-4ce2-99a8-e03dffdd8b36,9b9060f3-6432-46c9-a091-a3d8e9560bb2,2.0,lg,20.0,40.0,2026-04-13T02:12:43.389573+00:00,False,
8da23168-fd4c-4c35-8252-9cff747e0e42,a3e3bef8-af1e-4ce2-99a8-e03dffdd8b36,05bf9d69-e5d2-48cb-9592-6325e9b0cb39,1.0,lg,15.0,15.0,2026-04-13T02:12:43.389573+00:00,False,
307ca79d-4498-45f8-9c53-84d16ff52fe4,a3e3bef8-af1e-4ce2-99a8-e03dffdd8b36,a5ac6324-2319-4372-a71b-2fcd580315da,1.0,lg,12.0,12.0,2026-04-13T02:12:43.389573+00:00,False,
fc6db7d3-45c7-4003-94ff-a8bfe0d72b9a,a3e3bef8-af1e-4ce2-99a8-e03dffdd8b36,b90584d8-fc78-420b-91e1-490117cd30cd,3.0,sm,6.0,18.0,2026-04-13T02:12:43.389573+00:00,False,
d2ae01a2-a7a0-4429-9ab9-4dc57ca5a003,a3e3bef8-af1e-4ce2-99a8-e03dffdd8b36,3cb29cc2-866b-4360-90a3-15d01db8714a,1.0,lg,12.0,12.0,2026-04-13T02:12:43.389573+00:00,False,
9389809b-21e1-4255-b4d5-188bb09290b3,a3e3bef8-af1e-4ce2-99a8-e03dffdd8b36,e81c39b6-82fe-4505-b835-ed93e4220988,1.0,sm,12.0,12.0,2026-04-13T02:12:43.389573+00:00,False,
fcef2dbc-aed4-4097-9a8c-b37d09e89ed3,a3e3bef8-af1e-4ce2-99a8-e03dffdd8b36,5d2be0b1-c8e4-4de7-becc-b24c8655215d,1.0,lg,20.0,20.0,2026-04-13T02:12:43.389573+00:00,False,
15562e5c-5e87-44f2-9cfc-3c3defae506b,a3e3bef8-af1e-4ce2-99a8-e03dffdd8b36,40b5c780-6569-4806-8e95-e2c92eaa87c9,1.0,lg,15.0,15.0,2026-04-13T02:12:43.389573+00:00,False,
bb8dec51-d248-48e0-99da-ba6938f2cbd5,a3e3bef8-af1e-4ce2-99a8-e03dffdd8b36,1fba7f38-e8ac-4d0a-a165-40681248749a,1.0,lg,25.0,25.0,2026-04-13T02:12:43.389573+00:00,False,
d4e0b1fb-ebc5-47bf-97ce-44e9ece05d89,a3e3bef8-af1e-4ce2-99a8-e03dffdd8b36,60ee9721-045f-41c3-91e8-d4c34e5d7175,1.0,lg,20.0,20.0,2026-04-13T02:12:43.389573+00:00,False,
6fb51ea3-1c0b-41df-9a2f-c5b6f086493d,a3e3bef8-af1e-4ce2-99a8-e03dffdd8b36,d4827392-69e6-4ecd-838d-fc9e8ce847cf,1.0,lg,12.0,12.0,2026-04-13T02:12:43.389573+00:00,False,
349de676-6f41-4d0d-8a14-e01495f5890c,a3e3bef8-af1e-4ce2-99a8-e03dffdd8b36,5920adcc-3687-45b2-a0ad-50b17f24faef,0.5,lg,15.0,7.5,2026-04-13T02:12:43.389573+00:00,False,
eadc979f-1608-4605-9508-99c9cf67cca5,a3e3bef8-af1e-4ce2-99a8-e03dffdd8b36,0f564608-78ba-405b-bd40-8d80a71c196e,1.0,sm,10.0,10.0,2026-04-13T02:12:43.389573+00:00,False,
a83949a4-ea7c-4472-a92d-7230f0f48385,a3e3bef8-af1e-4ce2-99a8-e03dffdd8b36,04cc3ab8-f1fa-4e6c-a4aa-9a4d53f1dc53,0.5,lg,20.0,10.0,2026-04-13T02:12:43.389573+00:00,False,
a49dbe6a-9bd0-441d-899a-faa6600daa1a,a3e3bef8-af1e-4ce2-99a8-e03dffdd8b36,03ac3e2a-cd94-4a27-a5eb-b34640786fae,1.0,bx,20.0,20.0,2026-04-13T02:12:43.389573+00:00,False,
3e110785-fe5b-470a-910f-02daca54eb78,ba5656b9-bb78-4510-af33-7e1443ac4e40,56f75098-ef8d-4fde-86e8-fbfa21bd8964,2.0,lg,20.0,40.0,2026-04-13T02:12:43.551623+00:00,False,
5bb95317-7754-4007-9c54-f5e47b076dbf,ba5656b9-bb78-4510-af33-7e1443ac4e40,19508c8b-5f9f-4cda-bffa-d36ef4c07bc2,1.0,lg,10.0,10.0,2026-04-13T02:12:43.551623+00:00,False,
cd9723e1-88b7-4e17-b78d-aa369b4259bb,ba5656b9-bb78-4510-af33-7e1443ac4e40,2eaadb66-8823-4457-a67a-eaed6282bc1f,1.0,sm,6.0,6.0,2026-04-13T02:12:43.551623+00:00,False,
c2648c28-31ea-4369-9f99-243484fc464d,ba5656b9-bb78-4510-af33-7e1443ac4e40,cb8885fa-21df-4a06-9dcc-911e9c6c474d,1.0,sm,15.0,15.0,2026-04-13T02:12:43.551623+00:00,False,
88101dc5-efc7-492e-b97c-313672f14eaf,ba5656b9-bb78-4510-af33-7e1443ac4e40,89deecdc-4aaf-4b43-9716-bc54563a3e98,1.0,lg,20.0,20.0,2026-04-13T02:12:43.551623+00:00,False,
be6d6f0d-cb12-4c52-839c-efa038c61cc2,ba5656b9-bb78-4510-af33-7e1443ac4e40,25149f32-ee59-48d7-a941-9f6c35ca2855,1.0,lg,15.0,15.0,2026-04-13T02:12:43.551623+00:00,False,
fa51478c-8f2d-4b08-92ff-3e2c3e498bf9,1a76f007-6e21-441e-a9c5-946295b2988d,04cc3ab8-f1fa-4e6c-a4aa-9a4d53f1dc53,1.0,lg,20.0,20.0,2026-04-13T02:12:43.705634+00:00,False,
e7c1ab80-1eda-4da6-b30a-b4133f7b1ed9,1a76f007-6e21-441e-a9c5-946295b2988d,5920adcc-3687-45b2-a0ad-50b17f24faef,1.0,lg,15.0,15.0,2026-04-13T02:12:43.705634+00:00,False,
927f95e6-2896-4983-8806-29f32fa6f53f,1a76f007-6e21-441e-a9c5-946295b2988d,0f564608-78ba-405b-bd40-8d80a71c196e,1.0,sm,10.0,10.0,2026-04-13T02:12:43.705634+00:00,False,
935b9d97-c760-4089-ad8e-956197181b2f,1a76f007-6e21-441e-a9c5-946295b2988d,5d480edd-15b4-4457-b01b-8b369f82cae4,1.0,lg,20.0,20.0,2026-04-13T02:12:43.705634+00:00,False,
ac465bd1-0f8c-4d8c-b698-e8f59816c5a8,1a76f007-6e21-441e-a9c5-946295b2988d,1fba7f38-e8ac-4d0a-a165-40681248749a,2.0,lg,25.0,50.0,2026-04-13T02:12:43.705634+00:00,False,
9126dcfe-d948-44c2-bdd4-0c77180efa95,1a76f007-6e21-441e-a9c5-946295b2988d,b90584d8-fc78-420b-91e1-490117cd30cd,14.0,sm,6.0,84.0,2026-04-13T02:12:43.705634+00:00,False,
220f5fb3-57ce-4255-8cfd-a5559ff0b2d6,1a76f007-6e21-441e-a9c5-946295b2988d,95a59580-6440-4afa-95b7-90e438e0b33b,5.0,lg,15.0,75.0,2026-04-13T02:12:43.705634+00:00,False,
d52e8bc1-7cee-4101-91af-95405cbb1b8b,1a76f007-6e21-441e-a9c5-946295b2988d,04cc3ab8-f1fa-4e6c-a4aa-9a4d53f1dc53,1.0,lg,20.0,20.0,2026-04-13T02:12:43.705634+00:00,False,
175fc876-792c-4be0-bc1c-e28c32be9999,1a76f007-6e21-441e-a9c5-946295b2988d,e662ef45-6aed-4a2e-ab16-cead317ac5b0,100.0,ea,0.35,35.0,2026-04-13T02:12:43.705634+00:00,False,
ac10be51-c7c7-435f-9358-b61747306a50,1a76f007-6e21-441e-a9c5-946295b2988d,40b5c780-6569-4806-8e95-e2c92eaa87c9,1.0,lg,15.0,15.0,2026-04-13T02:12:43.705634+00:00,False,
88c070fa-38c9-4096-98d6-cc00c5744324,1a76f007-6e21-441e-a9c5-946295b2988d,56f75098-ef8d-4fde-86e8-fbfa21bd8964,1.0,lg,20.0,20.0,2026-04-13T02:12:43.705634+00:00,False,
7f3af712-e800-4522-94ac-85b90a4a48cc,1a76f007-6e21-441e-a9c5-946295b2988d,25149f32-ee59-48d7-a941-9f6c35ca2855,1.0,lg,15.0,15.0,2026-04-13T02:12:43.705634+00:00,False,
1712b9a6-5bd3-4bb6-844a-73763189dd8e,1a76f007-6e21-441e-a9c5-946295b2988d,9b9060f3-6432-46c9-a091-a3d8e9560bb2,1.0,lg,20.0,20.0,2026-04-13T02:12:43.705634+00:00,False,
b30e809e-7086-479d-8e4f-c81324c2cd7b,1a76f007-6e21-441e-a9c5-946295b2988d,3c8b8fbc-4f9e-4953-a4bd-37799b337807,1.0,lg,10.0,10.0,2026-04-13T02:12:43.705634+00:00,False,
25ca5b2e-600c-46dd-8fd4-ada575999a10,1a76f007-6e21-441e-a9c5-946295b2988d,2eaadb66-8823-4457-a67a-eaed6282bc1f,1.0,sm,6.0,6.0,2026-04-13T02:12:43.705634+00:00,False,
294ca2e3-7626-4a9c-a153-7862ee9cf694,1a76f007-6e21-441e-a9c5-946295b2988d,89deecdc-4aaf-4b43-9716-bc54563a3e98,2.0,lg,20.0,40.0,2026-04-13T02:12:43.705634+00:00,False,
cff7b2d5-fffc-4311-b562-f48bdbf65bf6,1a76f007-6e21-441e-a9c5-946295b2988d,a5ac6324-2319-4372-a71b-2fcd580315da,1.0,lg,12.0,12.0,2026-04-13T02:12:43.705634+00:00,False,
0732b570-2a9a-4aab-97fc-8445fd979233,1a76f007-6e21-441e-a9c5-946295b2988d,b90584d8-fc78-420b-91e1-490117cd30cd,2.0,sm,6.0,12.0,2026-04-13T02:12:43.705634+00:00,False,
1c72639f-7d8b-4126-9490-95333fcb068c,902de414-0d3d-4bff-bc8a-6febfe80b292,e662ef45-6aed-4a2e-ab16-cead317ac5b0,250.0,ea,0.35,87.5,2026-04-13T02:12:43.928932+00:00,False,
2a737f56-49de-4497-929c-0d10a2bf6fcf,902de414-0d3d-4bff-bc8a-6febfe80b292,40b5c780-6569-4806-8e95-e2c92eaa87c9,5.0,lg,15.0,75.0,2026-04-13T02:12:43.928932+00:00,False,
c755c5f5-306e-4fa1-a494-8b1b1254c78b,902de414-0d3d-4bff-bc8a-6febfe80b292,56f75098-ef8d-4fde-86e8-fbfa21bd8964,1.0,lg,20.0,20.0,2026-04-13T02:12:43.928932+00:00,False,
cd919c7c-d19b-4148-ac11-a9e8a52d524b,902de414-0d3d-4bff-bc8a-6febfe80b292,56f75098-ef8d-4fde-86e8-fbfa21bd8964,1.0,lg,20.0,20.0,2026-04-13T02:12:43.928932+00:00,False,
485c95d3-e57d-4798-980c-c5c9a1c167e8,902de414-0d3d-4bff-bc8a-6febfe80b292,3cb29cc2-866b-4360-90a3-15d01db8714a,1.0,lg,12.0,12.0,2026-04-13T02:12:43.928932+00:00,False,
29be2baa-57e6-4a57-a150-c1efbb5d6e53,902de414-0d3d-4bff-bc8a-6febfe80b292,05bf9d69-e5d2-48cb-9592-6325e9b0cb39,1.0,lg,15.0,15.0,2026-04-13T02:12:43.928932+00:00,False,
d4d78680-4799-4e45-9fba-6a73bd10d56b,902de414-0d3d-4bff-bc8a-6febfe80b292,2eaadb66-8823-4457-a67a-eaed6282bc1f,1.0,sm,6.0,6.0,2026-04-13T02:12:43.928932+00:00,False,
0ba42dcb-fe49-43cd-8602-6b628c2207c0,902de414-0d3d-4bff-bc8a-6febfe80b292,89deecdc-4aaf-4b43-9716-bc54563a3e98,20.0,lg,20.0,400.0,2026-04-13T02:12:43.928932+00:00,False,
ed2a6761-46e0-4446-9dd0-7e833fddee34,902de414-0d3d-4bff-bc8a-6febfe80b292,a5ac6324-2319-4372-a71b-2fcd580315da,1.0,lg,12.0,12.0,2026-04-13T02:12:43.928932+00:00,False,
d7d83733-a1fe-4af4-a5d2-830bb3947efd,902de414-0d3d-4bff-bc8a-6febfe80b292,b90584d8-fc78-420b-91e1-490117cd30cd,1.0,sm,6.0,6.0,2026-04-13T02:12:43.928932+00:00,False,
4dc185ee-3689-45e8-a76e-f30343a28343,902de414-0d3d-4bff-bc8a-6febfe80b292,19508c8b-5f9f-4cda-bffa-d36ef4c07bc2,1.0,lg,10.0,10.0,2026-04-13T02:12:43.928932+00:00,False,
fe4f9b47-3451-48db-ab7a-0c734bcc4d1c,902de414-0d3d-4bff-bc8a-6febfe80b292,25149f32-ee59-48d7-a941-9f6c35ca2855,1.0,lg,15.0,15.0,2026-04-13T02:12:43.928932+00:00,False,
a286dca5-5fb0-42cf-a7dd-0cb83475c68e,ed33563b-de61-4162-97a0-e482ffe7d7c0,56f75098-ef8d-4fde-86e8-fbfa21bd8964,1.0,lg,20.0,20.0,2026-04-13T02:12:44.123646+00:00,False,
5021cf99-eb21-4657-8149-f560f1582b40,ed33563b-de61-4162-97a0-e482ffe7d7c0,56f75098-ef8d-4fde-86e8-fbfa21bd8964,1.0,lg,20.0,20.0,2026-04-13T02:12:44.123646+00:00,False,
d5a3ca85-8fc5-433e-a2cc-e9b5eb10fa08,ed33563b-de61-4162-97a0-e482ffe7d7c0,e662ef45-6aed-4a2e-ab16-cead317ac5b0,200.0,ea,0.35,70.0,2026-04-13T02:12:44.123646+00:00,False,
eed7a50e-6f45-4f82-ad28-a9b88f6b4df9,ed33563b-de61-4162-97a0-e482ffe7d7c0,04cc3ab8-f1fa-4e6c-a4aa-9a4d53f1dc53,1.0,lg,20.0,20.0,2026-04-13T02:12:44.123646+00:00,False,
29e18e86-c0af-462a-98b0-be8dd0ae417e,ed33563b-de61-4162-97a0-e482ffe7d7c0,07facaef-e20c-417b-9419-6486f1ac9071,1.0,lg,20.0,20.0,2026-04-13T02:12:44.123646+00:00,False,
e9865ed7-e061-4aef-94d8-3b50a9720daa,ed33563b-de61-4162-97a0-e482ffe7d7c0,25149f32-ee59-48d7-a941-9f6c35ca2855,1.0,lg,15.0,15.0,2026-04-13T02:12:44.123646+00:00,False,
ff76c96c-c397-4d5b-bad7-74351128706d,ed33563b-de61-4162-97a0-e482ffe7d7c0,5b3f4657-21b0-44a7-8f0a-3f0ecd43f712,1.0,lg,18.0,18.0,2026-04-13T02:12:44.123646+00:00,False,
bcdd82ee-d82b-46b9-83c3-1ddd86cfc839,ed33563b-de61-4162-97a0-e482ffe7d7c0,2eaadb66-8823-4457-a67a-eaed6282bc1f,1.0,sm,6.0,6.0,2026-04-13T02:12:44.123646+00:00,False,
5c6bc7ba-d4cc-416c-8bb5-c936a9ab450e,ed33563b-de61-4162-97a0-e482ffe7d7c0,89deecdc-4aaf-4b43-9716-bc54563a3e98,2.0,lg,20.0,40.0,2026-04-13T02:12:44.123646+00:00,False,
bdb7da25-7d58-4480-850c-dcc7c5553292,ed33563b-de61-4162-97a0-e482ffe7d7c0,6a383d81-af24-4d74-a14e-ec5dd8b4653d,1.0,lg,15.0,15.0,2026-04-13T02:12:44.123646+00:00,False,
b7402c94-3eb0-4964-b777-2b767d00bf9a,ed33563b-de61-4162-97a0-e482ffe7d7c0,e81c39b6-82fe-4505-b835-ed93e4220988,1.0,sm,12.0,12.0,2026-04-13T02:12:44.123646+00:00,False,
bd0b4abc-cc89-4a78-ad6f-914bd7030bea,ed33563b-de61-4162-97a0-e482ffe7d7c0,5d2be0b1-c8e4-4de7-becc-b24c8655215d,1.0,lg,20.0,20.0,2026-04-13T02:12:44.123646+00:00,False,
05922f07-f11f-4599-b3e2-1adbbe46f1f9,ed33563b-de61-4162-97a0-e482ffe7d7c0,03ac3e2a-cd94-4a27-a5eb-b34640786fae,1.0,bx,20.0,20.0,2026-04-13T02:12:44.123646+00:00,False,
8ec08f23-9c90-4450-b48b-084b0f69ce71,ed33563b-de61-4162-97a0-e482ffe7d7c0,feaad469-a829-41b2-988e-5efed6c64b6c,165.0,ea,3.0,495.0,2026-04-13T02:12:44.123646+00:00,False,
4dbb17fa-1601-420d-874a-cca00a9ffdb4,403e0de1-dad3-4b6d-8662-31046c82300b,04cc3ab8-f1fa-4e6c-a4aa-9a4d53f1dc53,1.0,lg,20.0,20.0,2026-04-13T02:12:44.282546+00:00,False,
a8a1accf-768d-4453-97c7-93d99d826f51,403e0de1-dad3-4b6d-8662-31046c82300b,e662ef45-6aed-4a2e-ab16-cead317ac5b0,200.0,ea,0.35,70.0,2026-04-13T02:12:44.282546+00:00,False,
5ee83cb4-f8c8-472c-8d21-96a11a1a9e8a,403e0de1-dad3-4b6d-8662-31046c82300b,40b5c780-6569-4806-8e95-e2c92eaa87c9,4.0,lg,15.0,60.0,2026-04-13T02:12:44.282546+00:00,False,
066373d4-c72d-45e3-b873-a2e3db4fc18f,403e0de1-dad3-4b6d-8662-31046c82300b,60ee9721-045f-41c3-91e8-d4c34e5d7175,1.0,lg,20.0,20.0,2026-04-13T02:12:44.282546+00:00,False,
8a589338-5d73-46b3-896a-bc7c931cbef2,403e0de1-dad3-4b6d-8662-31046c82300b,25149f32-ee59-48d7-a941-9f6c35ca2855,1.0,lg,15.0,15.0,2026-04-13T02:12:44.282546+00:00,False,
a7679017-d0bb-4eab-9d5b-cde46425f429,403e0de1-dad3-4b6d-8662-31046c82300b,9b9060f3-6432-46c9-a091-a3d8e9560bb2,1.0,lg,20.0,20.0,2026-04-13T02:12:44.282546+00:00,False,
c811e47d-411b-4fab-ab8c-413412329278,403e0de1-dad3-4b6d-8662-31046c82300b,d4827392-69e6-4ecd-838d-fc9e8ce847cf,2.0,lg,12.0,24.0,2026-04-13T02:12:44.282546+00:00,False,
d8d45244-69d8-4927-ba9c-24a4ad371350,403e0de1-dad3-4b6d-8662-31046c82300b,05bf9d69-e5d2-48cb-9592-6325e9b0cb39,1.0,lg,15.0,15.0,2026-04-13T02:12:44.282546+00:00,False,
c8e46c85-612a-40c8-a340-2bfe720c31c2,403e0de1-dad3-4b6d-8662-31046c82300b,2eaadb66-8823-4457-a67a-eaed6282bc1f,1.0,sm,6.0,6.0,2026-04-13T02:12:44.282546+00:00,False,
7161c7df-b8b1-45d2-8222-0dd1bfbb9989,403e0de1-dad3-4b6d-8662-31046c82300b,b90584d8-fc78-420b-91e1-490117cd30cd,3.0,sm,6.0,18.0,2026-04-13T02:12:44.282546+00:00,False,
d63f6b12-795e-443c-9803-de803d572a5c,403e0de1-dad3-4b6d-8662-31046c82300b,feaad469-a829-41b2-988e-5efed6c64b6c,200.0,ea,3.0,600.0,2026-04-13T02:12:44.282546+00:00,False,
0e5c811a-6ef6-4026-9d78-31b213946344,62f42feb-9820-4923-9c3a-81801e4d4332,b90584d8-fc78-420b-91e1-490117cd30cd,1.0,sm,6.0,6.0,2026-04-13T02:12:44.453478+00:00,False,
30e68cc2-b246-44eb-8529-6a79a8e4517e,62f42feb-9820-4923-9c3a-81801e4d4332,e81c39b6-82fe-4505-b835-ed93e4220988,1.0,sm,12.0,12.0,2026-04-13T02:12:44.453478+00:00,False,
ae072959-3bf0-4945-a81c-22ecbd9b6b64,62f42feb-9820-4923-9c3a-81801e4d4332,e662ef45-6aed-4a2e-ab16-cead317ac5b0,50.0,ea,0.35,17.5,2026-04-13T02:12:44.453478+00:00,False,
aee139cd-cfb8-43ba-adfd-d652f0283599,62f42feb-9820-4923-9c3a-81801e4d4332,40b5c780-6569-4806-8e95-e2c92eaa87c9,1.0,lg,15.0,15.0,2026-04-13T02:12:44.453478+00:00,False,
861103cc-489f-4a20-9c57-f3bf44c30604,62f42feb-9820-4923-9c3a-81801e4d4332,5d2be0b1-c8e4-4de7-becc-b24c8655215d,1.0,lg,20.0,20.0,2026-04-13T02:12:44.453478+00:00,False,
806b6263-290c-485f-8e1a-4fe13da45412,62f42feb-9820-4923-9c3a-81801e4d4332,b0017451-3a96-49f3-9e48-ea4ef19383bf,50.0,ea,0.2,10.0,2026-04-13T02:12:44.453478+00:00,False,
d74ef78b-36aa-4b91-af09-ef9bf99d56ef,62f42feb-9820-4923-9c3a-81801e4d4332,1fba7f38-e8ac-4d0a-a165-40681248749a,1.0,lg,25.0,25.0,2026-04-13T02:12:44.453478+00:00,False,
dcf85463-b27d-4b9a-af6b-26b7fba6a715,62f42feb-9820-4923-9c3a-81801e4d4332,d4827392-69e6-4ecd-838d-fc9e8ce847cf,1.0,lg,12.0,12.0,2026-04-13T02:12:44.453478+00:00,False,
098d1ed7-5ae2-46f8-acae-8e493a47ef5b,62f42feb-9820-4923-9c3a-81801e4d4332,60ee9721-045f-41c3-91e8-d4c34e5d7175,1.0,lg,20.0,20.0,2026-04-13T02:12:44.453478+00:00,False,
bec7feb4-0a79-430e-841b-b7c81cfd98a1,62f42feb-9820-4923-9c3a-81801e4d4332,56f75098-ef8d-4fde-86e8-fbfa21bd8964,1.0,lg,20.0,20.0,2026-04-13T02:12:44.453478+00:00,False,
d048cd06-7dff-4536-aeb7-b8de4986b449,62f42feb-9820-4923-9c3a-81801e4d4332,9b9060f3-6432-46c9-a091-a3d8e9560bb2,1.0,lg,20.0,20.0,2026-04-13T02:12:44.453478+00:00,False,
d2b1f015-2736-4048-a548-d932de5ad92e,62f42feb-9820-4923-9c3a-81801e4d4332,e662ef45-6aed-4a2e-ab16-cead317ac5b0,200.0,ea,0.35,70.0,2026-04-13T02:12:44.453478+00:00,False,
ca3c05e7-f811-426f-a617-15fefc2cde22,62f42feb-9820-4923-9c3a-81801e4d4332,40b5c780-6569-4806-8e95-e2c92eaa87c9,2.0,lg,15.0,30.0,2026-04-13T02:12:44.453478+00:00,False,
d16e35e7-a4a1-464e-bdd4-125348c77e7d,62f42feb-9820-4923-9c3a-81801e4d4332,56f75098-ef8d-4fde-86e8-fbfa21bd8964,1.0,lg,20.0,20.0,2026-04-13T02:12:44.453478+00:00,False,
42774e04-1b15-4834-a8e1-b138a0b829e4,62f42feb-9820-4923-9c3a-81801e4d4332,25149f32-ee59-48d7-a941-9f6c35ca2855,1.0,lg,15.0,15.0,2026-04-13T02:12:44.453478+00:00,False,
72b26a86-884c-4c90-9038-f7651d1c963e,62f42feb-9820-4923-9c3a-81801e4d4332,3c8b8fbc-4f9e-4953-a4bd-37799b337807,1.0,lg,10.0,10.0,2026-04-13T02:12:44.453478+00:00,False,
beecae09-b0fb-4746-9dca-571f3f1b480f,62f42feb-9820-4923-9c3a-81801e4d4332,2eaadb66-8823-4457-a67a-eaed6282bc1f,1.0,sm,6.0,6.0,2026-04-13T02:12:44.453478+00:00,False,
e12b8da3-912d-4834-a46b-22fd16866539,62f42feb-9820-4923-9c3a-81801e4d4332,a5ac6324-2319-4372-a71b-2fcd580315da,1.0,lg,12.0,12.0,2026-04-13T02:12:44.453478+00:00,False,
8659772c-ab1d-4bf4-ac35-143603653dcd,ec751bd3-40bf-46b1-8b2c-e26004e59a08,e662ef45-6aed-4a2e-ab16-cead317ac5b0,100.0,ea,0.35,35.0,2026-04-13T02:12:44.603548+00:00,False,
936f492c-4bf8-42e5-954e-3488a3ae0195,ec751bd3-40bf-46b1-8b2c-e26004e59a08,60ee9721-045f-41c3-91e8-d4c34e5d7175,1.0,lg,20.0,20.0,2026-04-13T02:12:44.603548+00:00,False,
af44d140-788c-4353-bca4-667d31d1cd35,ec751bd3-40bf-46b1-8b2c-e26004e59a08,9b9060f3-6432-46c9-a091-a3d8e9560bb2,1.0,lg,20.0,20.0,2026-04-13T02:12:44.603548+00:00,False,
8866813b-ba4a-4ba4-b904-d67bdb33145b,ec751bd3-40bf-46b1-8b2c-e26004e59a08,5b3f4657-21b0-44a7-8f0a-3f0ecd43f712,1.0,lg,18.0,18.0,2026-04-13T02:12:44.603548+00:00,False,
2e35d7a2-568d-4365-9d4f-5ecfbdad8fec,ec751bd3-40bf-46b1-8b2c-e26004e59a08,3c8b8fbc-4f9e-4953-a4bd-37799b337807,1.0,lg,10.0,10.0,2026-04-13T02:12:44.603548+00:00,False,
a91108ad-853f-4699-b476-0dc6b0f2dc4c,ec751bd3-40bf-46b1-8b2c-e26004e59a08,2eaadb66-8823-4457-a67a-eaed6282bc1f,1.0,sm,6.0,6.0,2026-04-13T02:12:44.603548+00:00,False,
c6200e3a-bf03-44a4-9089-79a97138af37,ec751bd3-40bf-46b1-8b2c-e26004e59a08,1fba7f38-e8ac-4d0a-a165-40681248749a,2.0,lg,25.0,50.0,2026-04-13T02:12:44.603548+00:00,False,
71cdb386-7488-47cc-aaea-7646991ca96b,ec751bd3-40bf-46b1-8b2c-e26004e59a08,a5ac6324-2319-4372-a71b-2fcd580315da,1.0,lg,12.0,12.0,2026-04-13T02:12:44.603548+00:00,False,
f86a8019-370f-409c-baf6-6295e6fc09f9,ec751bd3-40bf-46b1-8b2c-e26004e59a08,b90584d8-fc78-420b-91e1-490117cd30cd,12.0,sm,6.0,72.0,2026-04-13T02:12:44.603548+00:00,False,
94bd5d44-be07-45cd-81aa-5cf61cf8db0a,ec751bd3-40bf-46b1-8b2c-e26004e59a08,2f002bb7-6444-4ace-87ff-7c547b3f03bd,1.0,lg,12.0,12.0,2026-04-13T02:12:44.603548+00:00,False,
88d7d6f0-9bef-4f46-b178-8a6c05013261,ec751bd3-40bf-46b1-8b2c-e26004e59a08,25149f32-ee59-48d7-a941-9f6c35ca2855,1.0,lg,15.0,15.0,2026-04-13T02:12:44.603548+00:00,False,
c3081736-c4cb-4704-ae72-99faa5910e5c,ec751bd3-40bf-46b1-8b2c-e26004e59a08,40b5c780-6569-4806-8e95-e2c92eaa87c9,1.0,lg,15.0,15.0,2026-04-13T02:12:44.603548+00:00,False,
158ba8a3-30bb-41d0-b891-58fe1dd42e5e,ec751bd3-40bf-46b1-8b2c-e26004e59a08,1fba7f38-e8ac-4d0a-a165-40681248749a,2.0,lg,25.0,50.0,2026-04-13T02:12:44.603548+00:00,False,
975ecc6f-35c8-412b-a737-bd9e6392e760,ec751bd3-40bf-46b1-8b2c-e26004e59a08,56f75098-ef8d-4fde-86e8-fbfa21bd8964,1.0,lg,20.0,20.0,2026-04-13T02:12:44.603548+00:00,False,
9e510623-0664-4558-8f82-9139af48e1f1,ec751bd3-40bf-46b1-8b2c-e26004e59a08,56f75098-ef8d-4fde-86e8-fbfa21bd8964,1.0,lg,20.0,20.0,2026-04-13T02:12:44.603548+00:00,False,
d79fb2db-6e70-4526-be59-8d30d7390ae0,ec751bd3-40bf-46b1-8b2c-e26004e59a08,60ee9721-045f-41c3-91e8-d4c34e5d7175,1.0,lg,20.0,20.0,2026-04-13T02:12:44.603548+00:00,False,
d9616850-0e5d-4cd5-8b62-1025d7b926ac,ec751bd3-40bf-46b1-8b2c-e26004e59a08,9b9060f3-6432-46c9-a091-a3d8e9560bb2,1.0,lg,20.0,20.0,2026-04-13T02:12:44.603548+00:00,False,
b83b5ca9-acda-4775-bf62-4ae61407c667,c254e069-4f09-4905-9f98-67773f9873be,04cc3ab8-f1fa-4e6c-a4aa-9a4d53f1dc53,1.0,lg,20.0,20.0,2026-04-13T02:12:44.757048+00:00,False,
f4f2d8b2-5d90-4159-9a80-be1824bf3e05,c254e069-4f09-4905-9f98-67773f9873be,e662ef45-6aed-4a2e-ab16-cead317ac5b0,100.0,ea,0.35,35.0,2026-04-13T02:12:44.757048+00:00,False,
930e1e68-a865-481f-aa86-b5dcd539015b,c254e069-4f09-4905-9f98-67773f9873be,e662ef45-6aed-4a2e-ab16-cead317ac5b0,200.0,ea,0.35,70.0,2026-04-13T02:12:44.757048+00:00,False,
3934ed02-d61b-463e-be19-b44fd3689642,c254e069-4f09-4905-9f98-67773f9873be,56f75098-ef8d-4fde-86e8-fbfa21bd8964,2.0,lg,20.0,40.0,2026-04-13T02:12:44.757048+00:00,False,
deb2d346-d552-46f8-a954-a2d53ccba96e,c254e069-4f09-4905-9f98-67773f9873be,25149f32-ee59-48d7-a941-9f6c35ca2855,1.0,lg,15.0,15.0,2026-04-13T02:12:44.757048+00:00,False,
bf6de6a3-5917-40a4-a8a0-6b8b41802866,c254e069-4f09-4905-9f98-67773f9873be,3cb29cc2-866b-4360-90a3-15d01db8714a,1.0,lg,12.0,12.0,2026-04-13T02:12:44.757048+00:00,False,
dee8e4da-9114-45d2-a07c-a7063803704d,c254e069-4f09-4905-9f98-67773f9873be,932a215a-a3c9-4327-8839-53e7802676c2,1.0,lg,10.0,10.0,2026-04-13T02:12:44.757048+00:00,False,
a751441f-6839-419c-a7af-3ff0f4b01adb,c254e069-4f09-4905-9f98-67773f9873be,2eaadb66-8823-4457-a67a-eaed6282bc1f,1.0,sm,6.0,6.0,2026-04-13T02:12:44.757048+00:00,False,
286bb4a2-1d2f-4f9b-a4b1-dad5ad07463a,c254e069-4f09-4905-9f98-67773f9873be,89deecdc-4aaf-4b43-9716-bc54563a3e98,2.0,lg,20.0,40.0,2026-04-13T02:12:44.757048+00:00,False,
221492f1-08c9-4c38-b461-495ccc351966,c254e069-4f09-4905-9f98-67773f9873be,e662ef45-6aed-4a2e-ab16-cead317ac5b0,100.0,ea,0.35,35.0,2026-04-13T02:12:44.757048+00:00,False,
d96af5c9-e029-40cb-b46a-71d82aac556c,2217e510-1190-43ae-a3db-697f830fa766,04cc3ab8-f1fa-4e6c-a4aa-9a4d53f1dc53,1.0,lg,20.0,20.0,2026-04-13T02:12:44.925259+00:00,False,
6a39db13-f54b-4974-bee3-d4fafb7afdad,2217e510-1190-43ae-a3db-697f830fa766,e662ef45-6aed-4a2e-ab16-cead317ac5b0,200.0,ea,0.35,70.0,2026-04-13T02:12:44.925259+00:00,False,
5ec09687-07c9-4ae6-8309-a19648946fcf,2217e510-1190-43ae-a3db-697f830fa766,56f75098-ef8d-4fde-86e8-fbfa21bd8964,1.0,lg,20.0,20.0,2026-04-13T02:12:44.925259+00:00,False,
27108e6d-f809-45a0-810e-0cae92a2a7c1,2217e510-1190-43ae-a3db-697f830fa766,25149f32-ee59-48d7-a941-9f6c35ca2855,1.0,lg,15.0,15.0,2026-04-13T02:12:44.925259+00:00,False,
577a43a5-fb10-421a-8ea1-145861b82fe3,2217e510-1190-43ae-a3db-697f830fa766,9b9060f3-6432-46c9-a091-a3d8e9560bb2,1.0,lg,20.0,20.0,2026-04-13T02:12:44.925259+00:00,False,
26180f25-5668-426f-8583-aa225f030e82,2217e510-1190-43ae-a3db-697f830fa766,5b3f4657-21b0-44a7-8f0a-3f0ecd43f712,1.0,lg,18.0,18.0,2026-04-13T02:12:44.925259+00:00,False,
e8b3049a-52de-4ffa-ab5b-0113a4dc601d,2217e510-1190-43ae-a3db-697f830fa766,2eaadb66-8823-4457-a67a-eaed6282bc1f,1.0,sm,6.0,6.0,2026-04-13T02:12:44.925259+00:00,False,
3fabdede-72ec-48ca-9895-752103db2709,2217e510-1190-43ae-a3db-697f830fa766,89deecdc-4aaf-4b43-9716-bc54563a3e98,2.0,lg,20.0,40.0,2026-04-13T02:12:44.925259+00:00,False,
70f45561-b655-48ca-a7d2-221744157eb5,2217e510-1190-43ae-a3db-697f830fa766,e662ef45-6aed-4a2e-ab16-cead317ac5b0,300.0,ea,0.35,105.0,2026-04-13T02:12:44.925259+00:00,False,
7302f32e-74ae-4e6e-91ca-15995729cf50,2217e510-1190-43ae-a3db-697f830fa766,e81c39b6-82fe-4505-b835-ed93e4220988,3.0,sm,12.0,36.0,2026-04-13T02:12:44.925259+00:00,False,
49a77a6c-34c5-48dc-b5f5-568452af2645,2217e510-1190-43ae-a3db-697f830fa766,1fba7f38-e8ac-4d0a-a165-40681248749a,4.0,lg,25.0,100.0,2026-04-13T02:12:44.925259+00:00,False,
fda13c34-a88e-47e7-bfb0-0705277cda2a,2217e510-1190-43ae-a3db-697f830fa766,60ee9721-045f-41c3-91e8-d4c34e5d7175,2.0,lg,20.0,40.0,2026-04-13T02:12:44.925259+00:00,False,
d29c47ab-5db6-4241-a6c0-4905f569e5c7,2217e510-1190-43ae-a3db-697f830fa766,d4827392-69e6-4ecd-838d-fc9e8ce847cf,1.0,lg,12.0,12.0,2026-04-13T02:12:44.925259+00:00,False,
26c2a2d8-c0e0-475a-b70b-0d4641f58887,2217e510-1190-43ae-a3db-697f830fa766,56f75098-ef8d-4fde-86e8-fbfa21bd8964,1.0,lg,20.0,20.0,2026-04-13T02:12:44.925259+00:00,False,
6f85ea06-9c87-4f19-b35d-386ffc4c62eb,fa3b421f-8e92-493c-9f79-fd2a62edd836,04cc3ab8-f1fa-4e6c-a4aa-9a4d53f1dc53,1.0,lg,20.0,20.0,2026-04-13T02:12:45.149474+00:00,False,
67365fa5-161e-4906-926e-d6539f06e916,fa3b421f-8e92-493c-9f79-fd2a62edd836,e662ef45-6aed-4a2e-ab16-cead317ac5b0,500.0,ea,0.35,175.0,2026-04-13T02:12:45.149474+00:00,False,
a3759423-2510-4006-b72a-d522195a522f,fa3b421f-8e92-493c-9f79-fd2a62edd836,07facaef-e20c-417b-9419-6486f1ac9071,1.0,lg,20.0,20.0,2026-04-13T02:12:45.149474+00:00,False,
ca25296f-9257-4fa8-8270-da026e294616,fa3b421f-8e92-493c-9f79-fd2a62edd836,6a383d81-af24-4d74-a14e-ec5dd8b4653d,1.0,lg,15.0,15.0,2026-04-13T02:12:45.149474+00:00,False,
4d381b02-8219-4f06-b8f8-672f9713b939,fa3b421f-8e92-493c-9f79-fd2a62edd836,07facaef-e20c-417b-9419-6486f1ac9071,1.0,lg,20.0,20.0,2026-04-13T02:12:45.149474+00:00,False,
ebb6d02b-58f0-42d1-993d-a1da1905c2cd,fa3b421f-8e92-493c-9f79-fd2a62edd836,5b3f4657-21b0-44a7-8f0a-3f0ecd43f712,1.0,lg,18.0,18.0,2026-04-13T02:12:45.149474+00:00,False,
0d30d2c3-d475-4aa9-b9a1-4b0e823c1472,fa3b421f-8e92-493c-9f79-fd2a62edd836,3cb29cc2-866b-4360-90a3-15d01db8714a,1.0,lg,12.0,12.0,2026-04-13T02:12:45.149474+00:00,False,
b394b0ef-4103-411e-90a6-6e8f7b517755,fa3b421f-8e92-493c-9f79-fd2a62edd836,a65f4504-ba08-4da1-82ee-339201545673,6.0,sm,10.0,60.0,2026-04-13T02:12:45.149474+00:00,False,
351c7ed9-8e81-4d6d-a5f7-d3121d500d20,fa3b421f-8e92-493c-9f79-fd2a62edd836,2eaadb66-8823-4457-a67a-eaed6282bc1f,1.0,sm,6.0,6.0,2026-04-13T02:12:45.149474+00:00,False,
2ef8cabb-018b-4c11-92c5-2c4b39042f41,fa3b421f-8e92-493c-9f79-fd2a62edd836,e662ef45-6aed-4a2e-ab16-cead317ac5b0,60.0,ea,0.35,21.0,2026-04-13T02:12:45.149474+00:00,False,
90fc227e-8197-4cea-b186-9f4e8ec96632,fa3b421f-8e92-493c-9f79-fd2a62edd836,e81c39b6-82fe-4505-b835-ed93e4220988,1.0,sm,12.0,12.0,2026-04-13T02:12:45.149474+00:00,False,
0ffccb53-4a92-4a94-a8f5-efc2c075fc5e,fa3b421f-8e92-493c-9f79-fd2a62edd836,de69bc0d-febf-4b24-8450-eb1dd74bd7d8,1.0,lg,12.0,12.0,2026-04-13T02:12:45.149474+00:00,False,
c8045415-a9be-4444-b4e5-782eee73da56,abeb3f84-ac2b-4171-9c4b-40079ee4447b,04cc3ab8-f1fa-4e6c-a4aa-9a4d53f1dc53,2.0,lg,20.0,40.0,2026-04-13T02:12:45.374098+00:00,False,
62ec59ce-5d8e-4c26-828c-cfda74e286f8,abeb3f84-ac2b-4171-9c4b-40079ee4447b,56f75098-ef8d-4fde-86e8-fbfa21bd8964,2.0,lg,20.0,40.0,2026-04-13T02:12:45.374098+00:00,False,
0f02dffb-039f-4893-b302-ca13fd24714b,abeb3f84-ac2b-4171-9c4b-40079ee4447b,07facaef-e20c-417b-9419-6486f1ac9071,3.0,lg,20.0,60.0,2026-04-13T02:12:45.374098+00:00,False,
9367fc04-5d3f-47b8-9a32-dd453bb91165,abeb3f84-ac2b-4171-9c4b-40079ee4447b,25149f32-ee59-48d7-a941-9f6c35ca2855,1.0,lg,15.0,15.0,2026-04-13T02:12:45.374098+00:00,False,
82acb396-20ce-4506-be2c-5d3dbe3d9294,abeb3f84-ac2b-4171-9c4b-40079ee4447b,5b3f4657-21b0-44a7-8f0a-3f0ecd43f712,1.0,lg,18.0,18.0,2026-04-13T02:12:45.374098+00:00,False,
806940f2-d5b9-4e5d-a035-59236e5e6e8d,abeb3f84-ac2b-4171-9c4b-40079ee4447b,2eaadb66-8823-4457-a67a-eaed6282bc1f,1.0,sm,6.0,6.0,2026-04-13T02:12:45.374098+00:00,False,
782bb4f7-052f-4e67-a8a3-8822802110af,abeb3f84-ac2b-4171-9c4b-40079ee4447b,1fba7f38-e8ac-4d0a-a165-40681248749a,5.0,lg,25.0,125.0,2026-04-13T02:12:45.374098+00:00,False,
78b56dc5-5898-4c86-a964-e87f29527ef2,abeb3f84-ac2b-4171-9c4b-40079ee4447b,e662ef45-6aed-4a2e-ab16-cead317ac5b0,300.0,ea,0.35,105.0,2026-04-13T02:12:45.374098+00:00,False,
cf0f8be3-7872-4822-85b5-1ec95d351ead,abeb3f84-ac2b-4171-9c4b-40079ee4447b,de69bc0d-febf-4b24-8450-eb1dd74bd7d8,1.0,lg,12.0,12.0,2026-04-13T02:12:45.374098+00:00,False,
5e2884fc-4139-4362-8878-d64342aa2f97,abeb3f84-ac2b-4171-9c4b-40079ee4447b,e81c39b6-82fe-4505-b835-ed93e4220988,1.0,sm,12.0,12.0,2026-04-13T02:12:45.374098+00:00,False,
9a657f7f-b6a4-4663-9521-7bf583dc2e54,abeb3f84-ac2b-4171-9c4b-40079ee4447b,0f564608-78ba-405b-bd40-8d80a71c196e,3.0,sm,10.0,30.0,2026-04-13T02:12:45.374098+00:00,False,
42dd6f88-1f17-4455-bffa-c91f98183673,abeb3f84-ac2b-4171-9c4b-40079ee4447b,6a383d81-af24-4d74-a14e-ec5dd8b4653d,1.0,lg,15.0,15.0,2026-04-13T02:12:45.374098+00:00,False,
d0a66513-7382-4a13-8e8f-5ce53ce51d4e,abeb3f84-ac2b-4171-9c4b-40079ee4447b,e662ef45-6aed-4a2e-ab16-cead317ac5b0,100.0,ea,0.35,35.0,2026-04-13T02:12:45.374098+00:00,False,
5abc5c7e-d8fa-4918-a572-ef888b4ef94f,abeb3f84-ac2b-4171-9c4b-40079ee4447b,b0017451-3a96-49f3-9e48-ea4ef19383bf,50.0,ea,0.2,10.0,2026-04-13T02:12:45.374098+00:00,False,
4cc77c75-a128-42c9-a912-d86ac5dd4a53,abeb3f84-ac2b-4171-9c4b-40079ee4447b,1fba7f38-e8ac-4d0a-a165-40681248749a,5.0,lg,25.0,125.0,2026-04-13T02:12:45.374098+00:00,False,
648f6d41-5aa1-41a6-b55d-c14e3545c510,abeb3f84-ac2b-4171-9c4b-40079ee4447b,56f75098-ef8d-4fde-86e8-fbfa21bd8964,1.0,lg,20.0,20.0,2026-04-13T02:12:45.374098+00:00,False,
91cade61-77ee-420c-a84b-c04e1f71c49b,abeb3f84-ac2b-4171-9c4b-40079ee4447b,07facaef-e20c-417b-9419-6486f1ac9071,2.0,lg,20.0,40.0,2026-04-13T02:12:45.374098+00:00,False,
11e7f4b0-fc6a-4bb0-84c6-5197bb0b9593,22961da8-8cfc-4a01-99bf-da1c4ee4f589,e662ef45-6aed-4a2e-ab16-cead317ac5b0,200.0,ea,0.35,70.0,2026-04-13T02:12:45.52355+00:00,False,
fb91ab1a-f0f1-4635-b2b8-79f58fdb860b,22961da8-8cfc-4a01-99bf-da1c4ee4f589,56f75098-ef8d-4fde-86e8-fbfa21bd8964,3.0,lg,20.0,60.0,2026-04-13T02:12:45.52355+00:00,False,
903a0ad9-aed2-4cec-bebc-d2fef9f87f2f,22961da8-8cfc-4a01-99bf-da1c4ee4f589,07facaef-e20c-417b-9419-6486f1ac9071,2.0,lg,20.0,40.0,2026-04-13T02:12:45.52355+00:00,False,
8fa357e2-2948-4bff-81c8-0fc79a7be879,22961da8-8cfc-4a01-99bf-da1c4ee4f589,d4827392-69e6-4ecd-838d-fc9e8ce847cf,1.0,lg,12.0,12.0,2026-04-13T02:12:45.52355+00:00,False,
faa01449-d1d5-4101-9af3-8fe7d4bf0bc5,22961da8-8cfc-4a01-99bf-da1c4ee4f589,932a215a-a3c9-4327-8839-53e7802676c2,1.0,lg,10.0,10.0,2026-04-13T02:12:45.52355+00:00,False,
684778cf-30ba-427d-9cc6-d778b2c1533e,22961da8-8cfc-4a01-99bf-da1c4ee4f589,1fba7f38-e8ac-4d0a-a165-40681248749a,5.0,lg,25.0,125.0,2026-04-13T02:12:45.52355+00:00,False,
2049919b-d491-4b96-ac23-9c119e03c226,22961da8-8cfc-4a01-99bf-da1c4ee4f589,e662ef45-6aed-4a2e-ab16-cead317ac5b0,600.0,ea,0.35,210.0,2026-04-13T02:12:45.52355+00:00,False,
7263de1d-9d8b-44c0-bb00-0cc103f42b76,22961da8-8cfc-4a01-99bf-da1c4ee4f589,de69bc0d-febf-4b24-8450-eb1dd74bd7d8,10.0,lg,12.0,120.0,2026-04-13T02:12:45.52355+00:00,False,
9e7cf7b3-5657-413e-aac3-addbca5d18f3,a827e583-5ac0-42df-a737-b1f6acaf7324,04cc3ab8-f1fa-4e6c-a4aa-9a4d53f1dc53,3.0,lg,20.0,60.0,2026-04-13T02:12:46.000661+00:00,False,
6fee9055-0973-4f7c-8fb7-8886adae1c2b,a827e583-5ac0-42df-a737-b1f6acaf7324,56f75098-ef8d-4fde-86e8-fbfa21bd8964,3.0,lg,20.0,60.0,2026-04-13T02:12:46.000661+00:00,False,
d621ad6b-fafd-4bc3-bd66-0526a11a7396,a827e583-5ac0-42df-a737-b1f6acaf7324,60ee9721-045f-41c3-91e8-d4c34e5d7175,1.0,lg,20.0,20.0,2026-04-13T02:12:46.000661+00:00,False,
6b9dffb6-2cc4-47e7-99ef-e6550ad6d288,a827e583-5ac0-42df-a737-b1f6acaf7324,25149f32-ee59-48d7-a941-9f6c35ca2855,1.0,lg,15.0,15.0,2026-04-13T02:12:46.000661+00:00,False,
d52959b7-3c21-4227-9d8d-9fd5ba4723bf,a827e583-5ac0-42df-a737-b1f6acaf7324,60ee9721-045f-41c3-91e8-d4c34e5d7175,1.0,lg,20.0,20.0,2026-04-13T02:12:46.000661+00:00,False,
35411987-dc35-4c67-8542-b33c26318d73,a827e583-5ac0-42df-a737-b1f6acaf7324,932a215a-a3c9-4327-8839-53e7802676c2,1.0,lg,10.0,10.0,2026-04-13T02:12:46.000661+00:00,False,
996b1c53-e7da-4bb9-a657-015a500755a2,a827e583-5ac0-42df-a737-b1f6acaf7324,e662ef45-6aed-4a2e-ab16-cead317ac5b0,150.0,ea,0.35,52.5,2026-04-13T02:12:46.000661+00:00,False,
da6368a5-bc88-4f00-9de7-f2453ac1fa8f,a827e583-5ac0-42df-a737-b1f6acaf7324,1fba7f38-e8ac-4d0a-a165-40681248749a,6.0,lg,25.0,150.0,2026-04-13T02:12:46.000661+00:00,False,
cfbe1bd1-c9fa-4cac-b0b2-f0d1a88dd16e,a827e583-5ac0-42df-a737-b1f6acaf7324,e81c39b6-82fe-4505-b835-ed93e4220988,1.0,sm,12.0,12.0,2026-04-13T02:12:46.000661+00:00,False,
10ac497c-f6aa-4487-abbf-0dad6590e72f,0584aa39-5901-4f99-8495-c3cbc01d629b,04cc3ab8-f1fa-4e6c-a4aa-9a4d53f1dc53,2.0,lg,20.0,40.0,2026-04-13T02:12:46.571137+00:00,False,
2909ffa9-f9c4-44ba-a260-4237e06168d0,0584aa39-5901-4f99-8495-c3cbc01d629b,d4827392-69e6-4ecd-838d-fc9e8ce847cf,1.0,lg,12.0,12.0,2026-04-13T02:12:46.571137+00:00,False,
b71cb5b3-0782-4269-934f-4f90dbd9aba5,0584aa39-5901-4f99-8495-c3cbc01d629b,e662ef45-6aed-4a2e-ab16-cead317ac5b0,120.0,ea,0.35,42.0,2026-04-13T02:12:46.571137+00:00,False,
7f2b29ba-b25f-4f65-a997-8bfe6f1bba39,0584aa39-5901-4f99-8495-c3cbc01d629b,0f564608-78ba-405b-bd40-8d80a71c196e,3.0,sm,10.0,30.0,2026-04-13T02:12:46.571137+00:00,False,
0e443075-802c-44cc-a229-2a97eee4dc66,0584aa39-5901-4f99-8495-c3cbc01d629b,04cc3ab8-f1fa-4e6c-a4aa-9a4d53f1dc53,1.0,lg,20.0,20.0,2026-04-13T02:12:46.571137+00:00,False,
9e92ad44-b27b-4f10-98af-3928a4df1ef7,0584aa39-5901-4f99-8495-c3cbc01d629b,309781c4-ed69-40dc-860a-712d7414d66e,1.0,lg,16.0,16.0,2026-04-13T02:12:46.571137+00:00,False,
d23977cf-7ed3-477f-a1cc-7414324831f4,4c0fdd99-0280-4444-90fd-aeae0aecba70,e662ef45-6aed-4a2e-ab16-cead317ac5b0,100.0,ea,0.35,35.0,2026-04-13T02:12:47.031113+00:00,False,
df6c8428-e96b-4bac-aa50-eccf5a4be7c6,4c0fdd99-0280-4444-90fd-aeae0aecba70,56f75098-ef8d-4fde-86e8-fbfa21bd8964,1.0,lg,20.0,20.0,2026-04-13T02:12:47.031113+00:00,False,
78dd9694-dc00-4cb9-8059-35570894f639,4c0fdd99-0280-4444-90fd-aeae0aecba70,60ee9721-045f-41c3-91e8-d4c34e5d7175,1.0,lg,20.0,20.0,2026-04-13T02:12:47.031113+00:00,False,
5715ef6b-0b30-4611-9f7e-412335716ce3,4c0fdd99-0280-4444-90fd-aeae0aecba70,25149f32-ee59-48d7-a941-9f6c35ca2855,1.0,lg,15.0,15.0,2026-04-13T02:12:47.031113+00:00,False,
12f1c7eb-4cb1-4d2e-87af-b78713d13cd4,4c0fdd99-0280-4444-90fd-aeae0aecba70,2eaadb66-8823-4457-a67a-eaed6282bc1f,1.0,sm,6.0,6.0,2026-04-13T02:12:47.031113+00:00,False,
8dcd9983-cfdb-4f06-9c9d-df5cb0bee79c,4c0fdd99-0280-4444-90fd-aeae0aecba70,e662ef45-6aed-4a2e-ab16-cead317ac5b0,150.0,ea,0.35,52.5,2026-04-13T02:12:47.031113+00:00,False,
ae55dd73-276c-4f27-91ac-4002fb90de4c,4c0fdd99-0280-4444-90fd-aeae0aecba70,b0017451-3a96-49f3-9e48-ea4ef19383bf,50.0,ea,0.2,10.0,2026-04-13T02:12:47.031113+00:00,False,
607f479f-a52b-4a4e-93c3-cfa5934c3860,4c0fdd99-0280-4444-90fd-aeae0aecba70,1fba7f38-e8ac-4d0a-a165-40681248749a,6.0,lg,25.0,150.0,2026-04-13T02:12:47.031113+00:00,False,
aa8837e9-2a93-4cd8-80bb-5dd989e981ce,4c0fdd99-0280-4444-90fd-aeae0aecba70,56f75098-ef8d-4fde-86e8-fbfa21bd8964,1.0,lg,20.0,20.0,2026-04-13T02:12:47.031113+00:00,False,
3bff0c19-72e0-4f43-97ca-dbb38ee2e80a,4c0fdd99-0280-4444-90fd-aeae0aecba70,d4827392-69e6-4ecd-838d-fc9e8ce847cf,1.0,lg,12.0,12.0,2026-04-13T02:12:47.031113+00:00,False,
799ab8cd-9738-435d-bd15-66e46029d1e3,4c0fdd99-0280-4444-90fd-aeae0aecba70,0f564608-78ba-405b-bd40-8d80a71c196e,3.0,sm,10.0,30.0,2026-04-13T02:12:47.031113+00:00,False,
59a84294-b6d1-4ab7-a1ee-1f92c39dda9a,4c0fdd99-0280-4444-90fd-aeae0aecba70,04cc3ab8-f1fa-4e6c-a4aa-9a4d53f1dc53,1.0,lg,20.0,20.0,2026-04-13T02:12:47.031113+00:00,False,
ec100d1a-f737-46cd-94d6-29a59470cebc,4c0fdd99-0280-4444-90fd-aeae0aecba70,309781c4-ed69-40dc-860a-712d7414d66e,1.0,lg,16.0,16.0,2026-04-13T02:12:47.031113+00:00,False,
0300ea51-37af-4a76-bd7e-455c56487c1a,5bdc1372-57d9-42d8-9192-2e5d4ccef435,04cc3ab8-f1fa-4e6c-a4aa-9a4d53f1dc53,1.0,lg,20.0,20.0,2026-04-13T02:12:47.496424+00:00,False,
c6df5995-6566-4bd3-b6c1-0f7be0d3f071,5bdc1372-57d9-42d8-9192-2e5d4ccef435,0f564608-78ba-405b-bd40-8d80a71c196e,3.0,sm,10.0,30.0,2026-04-13T02:12:47.496424+00:00,False,
ed0fa8e8-f15b-4910-8167-434926e6e222,5bdc1372-57d9-42d8-9192-2e5d4ccef435,e662ef45-6aed-4a2e-ab16-cead317ac5b0,200.0,ea,0.35,70.0,2026-04-13T02:12:47.496424+00:00,False,
10a1ce1a-36f9-4712-ad66-1235c68ecb9e,5bdc1372-57d9-42d8-9192-2e5d4ccef435,56f75098-ef8d-4fde-86e8-fbfa21bd8964,3.0,lg,20.0,60.0,2026-04-13T02:12:47.496424+00:00,False,
184ef835-b914-45e2-95ae-5d7afb1292d8,5bdc1372-57d9-42d8-9192-2e5d4ccef435,60ee9721-045f-41c3-91e8-d4c34e5d7175,1.0,lg,20.0,20.0,2026-04-13T02:12:47.496424+00:00,False,
a7acf4ee-3ea2-47d2-bbb3-0817c98843bf,5bdc1372-57d9-42d8-9192-2e5d4ccef435,25149f32-ee59-48d7-a941-9f6c35ca2855,1.0,lg,15.0,15.0,2026-04-13T02:12:47.496424+00:00,False,
c830aed6-63d1-4f0d-b351-38ac304be228,5bdc1372-57d9-42d8-9192-2e5d4ccef435,d4827392-69e6-4ecd-838d-fc9e8ce847cf,1.0,lg,12.0,12.0,2026-04-13T02:12:47.496424+00:00,False,
9449b35a-a3b3-4de2-bf29-db3b0242af57,5bdc1372-57d9-42d8-9192-2e5d4ccef435,3cb29cc2-866b-4360-90a3-15d01db8714a,1.0,lg,12.0,12.0,2026-04-13T02:12:47.496424+00:00,False,
817aa7a3-4284-4bbf-9caa-f32ee297e7a9,5bdc1372-57d9-42d8-9192-2e5d4ccef435,2eaadb66-8823-4457-a67a-eaed6282bc1f,1.0,sm,6.0,6.0,2026-04-13T02:12:47.496424+00:00,False,
85e36dc9-e10d-4633-b9b6-9f08db6f248b,5bdc1372-57d9-42d8-9192-2e5d4ccef435,89deecdc-4aaf-4b43-9716-bc54563a3e98,1.0,lg,20.0,20.0,2026-04-13T02:12:47.496424+00:00,False,
e09a1eef-3225-4275-b290-b4f9d0ecc10d,5bdc1372-57d9-42d8-9192-2e5d4ccef435,6a383d81-af24-4d74-a14e-ec5dd8b4653d,1.0,lg,15.0,15.0,2026-04-13T02:12:47.496424+00:00,False,
4d2d17dc-a071-48d8-9992-e7b38abe654e,5bdc1372-57d9-42d8-9192-2e5d4ccef435,e662ef45-6aed-4a2e-ab16-cead317ac5b0,160.0,ea,0.35,56.0,2026-04-13T02:12:47.496424+00:00,False,
2f898c44-c7cc-4fbc-a5e0-c233c835640a,5bdc1372-57d9-42d8-9192-2e5d4ccef435,e81c39b6-82fe-4505-b835-ed93e4220988,1.0,sm,12.0,12.0,2026-04-13T02:12:47.496424+00:00,False,
10e7e6a4-b2cc-4666-8076-43d8a1754380,5bdc1372-57d9-42d8-9192-2e5d4ccef435,e662ef45-6aed-4a2e-ab16-cead317ac5b0,50.0,ea,0.35,17.5,2026-04-13T02:12:47.496424+00:00,False,
ca7405c9-b63c-4328-924b-b2d1abf5edd0,5bdc1372-57d9-42d8-9192-2e5d4ccef435,b0017451-3a96-49f3-9e48-ea4ef19383bf,1.0,ea,0.2,0.2,2026-04-13T02:12:47.496424+00:00,False,
0e9bb5e8-602a-46a9-bf18-50eb8bfc9a4c,5bdc1372-57d9-42d8-9192-2e5d4ccef435,1fba7f38-e8ac-4d0a-a165-40681248749a,4.0,lg,25.0,100.0,2026-04-13T02:12:47.496424+00:00,False,
6dc035b5-b52f-4b99-bb37-d7513062d1b0,5bdc1372-57d9-42d8-9192-2e5d4ccef435,56f75098-ef8d-4fde-86e8-fbfa21bd8964,1.0,lg,20.0,20.0,2026-04-13T02:12:47.496424+00:00,False,
2b529b27-8dac-4706-83f8-e5fb495be275,5bdc1372-57d9-42d8-9192-2e5d4ccef435,07facaef-e20c-417b-9419-6486f1ac9071,1.0,lg,20.0,20.0,2026-04-13T02:12:47.496424+00:00,False,
1bf8316b-ff40-40a6-871b-1cd5091769d1,5bdc1372-57d9-42d8-9192-2e5d4ccef435,d4827392-69e6-4ecd-838d-fc9e8ce847cf,1.0,lg,12.0,12.0,2026-04-13T02:12:47.496424+00:00,False,
c27a36f1-1b35-486c-914b-4652b029cd28,79986b70-9204-46e1-ac16-de9a315e3ef1,4f0ecc4f-9d09-4bab-9a9c-06ce5326a219,5.0,lg,24.0,120.0,2026-04-13T02:12:48.073945+00:00,False,
de34a5b4-5230-47e1-bd4e-5c88ffb7b40f,79986b70-9204-46e1-ac16-de9a315e3ef1,7aab3ed9-e8d8-4bf0-877b-d0e9722a850b,6.0,ea,1.0,6.0,2026-04-13T02:12:48.073945+00:00,False,
3c7a2693-848f-45cf-a9d4-cc5c6f257b8b,79986b70-9204-46e1-ac16-de9a315e3ef1,04cc3ab8-f1fa-4e6c-a4aa-9a4d53f1dc53,2.0,lg,20.0,40.0,2026-04-13T02:12:48.073945+00:00,False,
b7a5cffa-8140-442f-a9d1-b157e2857cf8,79986b70-9204-46e1-ac16-de9a315e3ef1,0f564608-78ba-405b-bd40-8d80a71c196e,3.0,sm,10.0,30.0,2026-04-13T02:12:48.073945+00:00,False,
0937da5d-58da-4d3e-a514-a72c38df922f,79986b70-9204-46e1-ac16-de9a315e3ef1,e662ef45-6aed-4a2e-ab16-cead317ac5b0,150.0,ea,0.35,52.5,2026-04-13T02:12:48.073945+00:00,False,
c50ea5f7-f242-44f1-ad52-67ddf41a2add,79986b70-9204-46e1-ac16-de9a315e3ef1,1fba7f38-e8ac-4d0a-a165-40681248749a,4.0,lg,25.0,100.0,2026-04-13T02:12:48.073945+00:00,False,
7f3ea484-437b-4576-b5f8-8b9dafd82ba0,79986b70-9204-46e1-ac16-de9a315e3ef1,e662ef45-6aed-4a2e-ab16-cead317ac5b0,50.0,ea,0.35,17.5,2026-04-13T02:12:48.073945+00:00,False,
18f043b8-375d-4c63-9fbe-526930ec672c,79986b70-9204-46e1-ac16-de9a315e3ef1,d4827392-69e6-4ecd-838d-fc9e8ce847cf,0.5,lg,12.0,6.0,2026-04-13T02:12:48.073945+00:00,False,
75ce456d-350e-47fb-8cf6-472682c36736,d44ea6dd-289f-47e3-b528-71ef9df6d2ba,feaad469-a829-41b2-988e-5efed6c64b6c,3000.0,ea,3.0,9000.0,2026-04-13T02:12:48.522828+00:00,False,
ecc8f0e5-f824-47bb-988e-d756c5e6b723,61a50654-fc84-4bf9-8d3d-537295a57572,0f564608-78ba-405b-bd40-8d80a71c196e,1.0,sm,10.0,10.0,2026-04-13T02:12:48.935984+00:00,False,
919ca6ce-6f3b-407d-8356-7fac1e9c2ab0,61a50654-fc84-4bf9-8d3d-537295a57572,56f75098-ef8d-4fde-86e8-fbfa21bd8964,3.0,lg,20.0,60.0,2026-04-13T02:12:48.935984+00:00,False,
ea4a0551-c94a-465e-a546-0565f046a5ae,61a50654-fc84-4bf9-8d3d-537295a57572,e17fe9fd-652f-4542-8a29-65e80a791a00,1.0,lg,20.0,20.0,2026-04-13T02:12:48.935984+00:00,False,
17eb9483-0c58-49f5-b9b4-16a59ccc54c6,61a50654-fc84-4bf9-8d3d-537295a57572,04cc3ab8-f1fa-4e6c-a4aa-9a4d53f1dc53,1.0,lg,20.0,20.0,2026-04-13T02:12:48.935984+00:00,False,
6143537e-4b1b-48ac-a563-9e9aa72419cb,61a50654-fc84-4bf9-8d3d-537295a57572,07facaef-e20c-417b-9419-6486f1ac9071,1.0,lg,20.0,20.0,2026-04-13T02:12:48.935984+00:00,False,
41911270-78ef-4dc9-b4d9-ebe1ef1b4c13,61a50654-fc84-4bf9-8d3d-537295a57572,27133740-8739-4086-b026-370f41fedf92,1.0,lg,20.0,20.0,2026-04-13T02:12:48.935984+00:00,False,
367fc146-0fb4-419a-90b9-81aefa26c720,fb37ea11-7f0c-4e56-92e5-12278e66bfbd,56f75098-ef8d-4fde-86e8-fbfa21bd8964,1.0,lg,20.0,20.0,2026-04-13T02:12:49.613333+00:00,False,
ab524386-6daf-433e-b55a-37145373a06d,fb37ea11-7f0c-4e56-92e5-12278e66bfbd,e81c39b6-82fe-4505-b835-ed93e4220988,1.0,sm,12.0,12.0,2026-04-13T02:12:49.613333+00:00,False,
477492a1-abac-4468-b143-987c816b82ff,fb37ea11-7f0c-4e56-92e5-12278e66bfbd,1fba7f38-e8ac-4d0a-a165-40681248749a,5.0,lg,25.0,125.0,2026-04-13T02:12:49.613333+00:00,False,
df93601e-3945-42ac-b88d-acfffb043dad,fb37ea11-7f0c-4e56-92e5-12278e66bfbd,27133740-8739-4086-b026-370f41fedf92,1.0,lg,20.0,20.0,2026-04-13T02:12:49.613333+00:00,False,
2cb384be-5a6b-4cf9-948f-ed82cc525562,fb37ea11-7f0c-4e56-92e5-12278e66bfbd,d4827392-69e6-4ecd-838d-fc9e8ce847cf,1.0,lg,12.0,12.0,2026-04-13T02:12:49.613333+00:00,False,
b016eafd-ac28-45b6-aa4d-ec326df0e7e7,fb37ea11-7f0c-4e56-92e5-12278e66bfbd,56f75098-ef8d-4fde-86e8-fbfa21bd8964,1.0,lg,20.0,20.0,2026-04-13T02:12:49.613333+00:00,False,
1d4e758a-8317-47fe-b22c-975bf09c9e5e,fb37ea11-7f0c-4e56-92e5-12278e66bfbd,04cc3ab8-f1fa-4e6c-a4aa-9a4d53f1dc53,1.0,lg,20.0,20.0,2026-04-13T02:12:49.613333+00:00,False,
fb8584a1-9e59-43dc-bec1-b4f41e71eeb8,fb37ea11-7f0c-4e56-92e5-12278e66bfbd,0f564608-78ba-405b-bd40-8d80a71c196e,3.0,sm,10.0,30.0,2026-04-13T02:12:49.613333+00:00,False,
e7ba69b0-076c-497a-801e-619b6a5e2fe9,fb37ea11-7f0c-4e56-92e5-12278e66bfbd,60ee9721-045f-41c3-91e8-d4c34e5d7175,4.0,lg,20.0,80.0,2026-04-13T02:12:49.613333+00:00,False,
4414e70c-74c6-4e1f-b71e-66dd1a39c004,fb37ea11-7f0c-4e56-92e5-12278e66bfbd,feaad469-a829-41b2-988e-5efed6c64b6c,500.0,ea,3.0,1500.0,2026-04-13T02:12:49.613333+00:00,False,
c0a0da35-9664-4bf8-87df-aea3c6bf27b9,bcda91a1-c217-48ae-9aec-2f56bdaeb87f,04cc3ab8-f1fa-4e6c-a4aa-9a4d53f1dc53,2.0,lg,20.0,40.0,2026-04-13T02:12:50.13515+00:00,False,
b8e29199-cca7-4b98-af0b-931ed90b3968,bcda91a1-c217-48ae-9aec-2f56bdaeb87f,0f564608-78ba-405b-bd40-8d80a71c196e,3.0,sm,10.0,30.0,2026-04-13T02:12:50.13515+00:00,False,
dab38f00-7030-49e5-bf70-e830b59b3019,bcda91a1-c217-48ae-9aec-2f56bdaeb87f,e662ef45-6aed-4a2e-ab16-cead317ac5b0,100.0,ea,0.35,35.0,2026-04-13T02:12:50.13515+00:00,False,
b9c8c329-a205-438e-8a69-249209e95233,bcda91a1-c217-48ae-9aec-2f56bdaeb87f,2eaadb66-8823-4457-a67a-eaed6282bc1f,1.0,sm,6.0,6.0,2026-04-13T02:12:50.13515+00:00,False,
2608087a-8d91-4d11-929d-7f11c8e4a392,bcda91a1-c217-48ae-9aec-2f56bdaeb87f,1fba7f38-e8ac-4d0a-a165-40681248749a,4.0,lg,25.0,100.0,2026-04-13T02:12:50.13515+00:00,False,
b3e3db7d-c6d0-4ca6-88be-297d6ac913e1,bcda91a1-c217-48ae-9aec-2f56bdaeb87f,89deecdc-4aaf-4b43-9716-bc54563a3e98,10.0,lg,20.0,200.0,2026-04-13T02:12:50.13515+00:00,False,
86fe541b-4bf6-480b-a4f2-3a1b9cae3a13,bcda91a1-c217-48ae-9aec-2f56bdaeb87f,e662ef45-6aed-4a2e-ab16-cead317ac5b0,180.0,ea,0.35,63.0,2026-04-13T02:12:50.13515+00:00,False,
75fa1c85-92e2-4752-b8a2-68737db52d4e,bcda91a1-c217-48ae-9aec-2f56bdaeb87f,de69bc0d-febf-4b24-8450-eb1dd74bd7d8,10.0,lg,12.0,120.0,2026-04-13T02:12:50.13515+00:00,False,
ed05f3bf-2767-4ea3-8f25-8b7e381b337d,64a5bd80-8aaa-499c-b432-84e643cec8ba,1fba7f38-e8ac-4d0a-a165-40681248749a,5.0,lg,25.0,125.0,2026-04-13T02:12:50.745056+00:00,False,
ca0824ca-22ab-4503-8dca-0994a3c95538,4e1ff328-6b20-458e-a99f-2fd694950a7e,de69bc0d-febf-4b24-8450-eb1dd74bd7d8,2.0,lg,12.0,24.0,2026-04-13T02:12:47.256853+00:00,False,
3309d7a4-b2b5-4967-b154-db00b40ec34f,a3d0206b-1e0e-4199-a9b7-0de4009cce58,04cc3ab8-f1fa-4e6c-a4aa-9a4d53f1dc53,2.0,lg,20.0,40.0,2026-04-13T02:12:47.777512+00:00,False,
07ad4ddc-3b38-4084-a750-16344ad730c2,a3d0206b-1e0e-4199-a9b7-0de4009cce58,0f564608-78ba-405b-bd40-8d80a71c196e,3.0,sm,10.0,30.0,2026-04-13T02:12:47.777512+00:00,False,
8641e713-b131-4dfe-af65-1c230ea99e53,a3d0206b-1e0e-4199-a9b7-0de4009cce58,e662ef45-6aed-4a2e-ab16-cead317ac5b0,100.0,ea,0.35,35.0,2026-04-13T02:12:47.777512+00:00,False,
28677bdb-7fb4-4f9b-ae98-b2ad886d5a16,a3d0206b-1e0e-4199-a9b7-0de4009cce58,25149f32-ee59-48d7-a941-9f6c35ca2855,1.0,lg,15.0,15.0,2026-04-13T02:12:47.777512+00:00,False,
f40304ee-37cf-434d-8628-9835b548b0cd,a3d0206b-1e0e-4199-a9b7-0de4009cce58,1fba7f38-e8ac-4d0a-a165-40681248749a,1.0,lg,25.0,25.0,2026-04-13T02:12:47.777512+00:00,False,
35f77df1-1184-41d7-9052-a019cff73761,a3d0206b-1e0e-4199-a9b7-0de4009cce58,89deecdc-4aaf-4b43-9716-bc54563a3e98,4.0,lg,20.0,80.0,2026-04-13T02:12:47.777512+00:00,False,
5e7ae337-5501-41c2-b72a-0567e5e733b1,a3d0206b-1e0e-4199-a9b7-0de4009cce58,e662ef45-6aed-4a2e-ab16-cead317ac5b0,1.0,ea,0.35,0.35,2026-04-13T02:12:47.777512+00:00,False,
9885feb4-7e7f-4fdf-b1d3-d03d61676723,a3d0206b-1e0e-4199-a9b7-0de4009cce58,de69bc0d-febf-4b24-8450-eb1dd74bd7d8,4.0,lg,12.0,48.0,2026-04-13T02:12:47.777512+00:00,False,
47781c34-393e-46a3-9ef1-6340236199d4,20a33813-570c-4b17-8736-183bee408c3d,ecbae0c7-4bea-436b-9f87-b80c26ec150f,5.0,cs,40.0,200.0,2026-04-13T02:12:48.308984+00:00,False,
3dcfecb3-45ce-46db-b2b1-f68f11cdc07e,20a33813-570c-4b17-8736-183bee408c3d,60ee9721-045f-41c3-91e8-d4c34e5d7175,5.0,lg,20.0,100.0,2026-04-13T02:12:48.308984+00:00,False,
7b275e02-1d30-4003-bb79-5f631d131a93,20a33813-570c-4b17-8736-183bee408c3d,0f564608-78ba-405b-bd40-8d80a71c196e,3.0,sm,10.0,30.0,2026-04-13T02:12:48.308984+00:00,False,
6ab9e91c-0b81-4f59-96e0-7a2f517d631c,20a33813-570c-4b17-8736-183bee408c3d,e662ef45-6aed-4a2e-ab16-cead317ac5b0,100.0,ea,0.35,35.0,2026-04-13T02:12:48.308984+00:00,False,
554d012d-a58f-4d60-ae0d-dbf398553779,20a33813-570c-4b17-8736-183bee408c3d,56f75098-ef8d-4fde-86e8-fbfa21bd8964,4.0,lg,20.0,80.0,2026-04-13T02:12:48.308984+00:00,False,
2c11b496-9875-4dbf-9a35-faf816c37847,20a33813-570c-4b17-8736-183bee408c3d,25149f32-ee59-48d7-a941-9f6c35ca2855,1.0,lg,15.0,15.0,2026-04-13T02:12:48.308984+00:00,False,
37107cfe-4872-44c8-b401-88061ae77aff,20a33813-570c-4b17-8736-183bee408c3d,d4827392-69e6-4ecd-838d-fc9e8ce847cf,1.0,lg,12.0,12.0,2026-04-13T02:12:48.308984+00:00,False,
a41d091d-e0f4-4ab7-b3de-fc542b49af3a,20a33813-570c-4b17-8736-183bee408c3d,3cb29cc2-866b-4360-90a3-15d01db8714a,1.0,lg,12.0,12.0,2026-04-13T02:12:48.308984+00:00,False,
284c64b3-b2a7-42f4-9cbc-f04f2e70b304,20a33813-570c-4b17-8736-183bee408c3d,2eaadb66-8823-4457-a67a-eaed6282bc1f,3.0,sm,6.0,18.0,2026-04-13T02:12:48.308984+00:00,False,
3289a442-d137-4910-8f6d-e1e41a863d29,20a33813-570c-4b17-8736-183bee408c3d,89deecdc-4aaf-4b43-9716-bc54563a3e98,3.0,lg,20.0,60.0,2026-04-13T02:12:48.308984+00:00,False,
a82ac422-21a1-4b6f-af87-c01468ad4d9c,20a33813-570c-4b17-8736-183bee408c3d,5d480edd-15b4-4457-b01b-8b369f82cae4,3.0,lg,20.0,60.0,2026-04-13T02:12:48.308984+00:00,False,
3cb88468-0bf0-4412-9a21-1500035e61fe,20a33813-570c-4b17-8736-183bee408c3d,19508c8b-5f9f-4cda-bffa-d36ef4c07bc2,1.0,lg,10.0,10.0,2026-04-13T02:12:48.308984+00:00,False,
51983724-50a2-4eb6-8467-e16b6b45e381,20a33813-570c-4b17-8736-183bee408c3d,e81c39b6-82fe-4505-b835-ed93e4220988,1.0,sm,12.0,12.0,2026-04-13T02:12:48.308984+00:00,False,
8fa828c8-f5ed-4fbd-ab4a-c3ef1ddc0f63,20a33813-570c-4b17-8736-183bee408c3d,3cb29cc2-866b-4360-90a3-15d01db8714a,1.0,lg,12.0,12.0,2026-04-13T02:12:48.308984+00:00,False,
89af7fd6-4c32-4f43-8fd0-158d2514f211,20a33813-570c-4b17-8736-183bee408c3d,1fba7f38-e8ac-4d0a-a165-40681248749a,6.0,lg,25.0,150.0,2026-04-13T02:12:48.308984+00:00,False,
72c7d774-406b-43ae-ba78-98d858f6b78a,20a33813-570c-4b17-8736-183bee408c3d,56f75098-ef8d-4fde-86e8-fbfa21bd8964,1.0,lg,20.0,20.0,2026-04-13T02:12:48.308984+00:00,False,
ff15e412-795c-416b-a75b-41ee2fea2fa9,20a33813-570c-4b17-8736-183bee408c3d,27133740-8739-4086-b026-370f41fedf92,1.0,lg,20.0,20.0,2026-04-13T02:12:48.308984+00:00,False,
c56d417f-b331-44ce-b4ee-c144560bf99a,20a33813-570c-4b17-8736-183bee408c3d,b0017451-3a96-49f3-9e48-ea4ef19383bf,250.0,ea,0.2,50.0,2026-04-13T02:12:48.308984+00:00,False,
5eaa4719-c0ff-4e58-96b6-8e778936a924,20a33813-570c-4b17-8736-183bee408c3d,5d2be0b1-c8e4-4de7-becc-b24c8655215d,5.0,lg,20.0,100.0,2026-04-13T02:12:48.308984+00:00,False,
012d22c8-5e9d-48ae-8fdf-d7bdaa31b82c,858ebaa8-24c5-43c9-b1f2-78129fa5fb5f,0f564608-78ba-405b-bd40-8d80a71c196e,1.0,sm,10.0,10.0,2026-04-13T02:12:48.733218+00:00,False,
10638b57-d694-439d-b043-9cf380bba967,f79818ea-6d61-42ae-ac6f-483a55abd60c,04cc3ab8-f1fa-4e6c-a4aa-9a4d53f1dc53,1.0,lg,20.0,20.0,2026-04-13T02:12:49.345007+00:00,False,
06519d92-fafa-44c9-bd2f-5eb00d719402,f79818ea-6d61-42ae-ac6f-483a55abd60c,0f564608-78ba-405b-bd40-8d80a71c196e,3.0,sm,10.0,30.0,2026-04-13T02:12:49.345007+00:00,False,
770046c4-1395-4bf9-a99c-44026f764483,f79818ea-6d61-42ae-ac6f-483a55abd60c,e662ef45-6aed-4a2e-ab16-cead317ac5b0,100.0,ea,0.35,35.0,2026-04-13T02:12:49.345007+00:00,False,
065985ad-5b75-4061-8317-b8189cd6933b,f79818ea-6d61-42ae-ac6f-483a55abd60c,56f75098-ef8d-4fde-86e8-fbfa21bd8964,3.0,lg,20.0,60.0,2026-04-13T02:12:49.345007+00:00,False,
17114242-f00c-41c3-8ee5-3fdd9d48e44b,f79818ea-6d61-42ae-ac6f-483a55abd60c,25149f32-ee59-48d7-a941-9f6c35ca2855,1.0,lg,15.0,15.0,2026-04-13T02:12:49.345007+00:00,False,
2e172375-63da-4ee4-a13b-64b7e3ce9d0d,f79818ea-6d61-42ae-ac6f-483a55abd60c,e662ef45-6aed-4a2e-ab16-cead317ac5b0,180.0,ea,0.35,63.0,2026-04-13T02:12:49.345007+00:00,False,
0ec4b559-c2ad-470e-a6e3-e39e234cd289,f79818ea-6d61-42ae-ac6f-483a55abd60c,de69bc0d-febf-4b24-8450-eb1dd74bd7d8,6.0,lg,12.0,72.0,2026-04-13T02:12:49.345007+00:00,False,
4c84c6e4-0c32-47d3-a4db-119c2ff0fa90,909737f3-0185-4546-bcd5-32a8a30c6dc4,04cc3ab8-f1fa-4e6c-a4aa-9a4d53f1dc53,1.0,lg,20.0,20.0,2026-04-13T02:12:49.8439+00:00,False,
7044849d-b269-4858-940d-ef44aedd92ce,909737f3-0185-4546-bcd5-32a8a30c6dc4,0f564608-78ba-405b-bd40-8d80a71c196e,3.0,sm,10.0,30.0,2026-04-13T02:12:49.8439+00:00,False,
b53d8f4d-474d-4355-8c08-7e3c1e017b4b,909737f3-0185-4546-bcd5-32a8a30c6dc4,e662ef45-6aed-4a2e-ab16-cead317ac5b0,100.0,ea,0.35,35.0,2026-04-13T02:12:49.8439+00:00,False,
45a3c3d4-c0ae-4e16-9b28-3931c1f70383,909737f3-0185-4546-bcd5-32a8a30c6dc4,07facaef-e20c-417b-9419-6486f1ac9071,1.0,lg,20.0,20.0,2026-04-13T02:12:49.8439+00:00,False,
4a2a8e08-7996-41b1-81cc-a0d8e3bf7faf,909737f3-0185-4546-bcd5-32a8a30c6dc4,27133740-8739-4086-b026-370f41fedf92,1.0,lg,20.0,20.0,2026-04-13T02:12:49.8439+00:00,False,
d6ccd4f9-e227-4f43-a58d-baa09499525d,909737f3-0185-4546-bcd5-32a8a30c6dc4,2eaadb66-8823-4457-a67a-eaed6282bc1f,3.0,sm,6.0,18.0,2026-04-13T02:12:49.8439+00:00,False,
89e4c932-90a6-43b9-9d75-3adb854d0006,909737f3-0185-4546-bcd5-32a8a30c6dc4,e662ef45-6aed-4a2e-ab16-cead317ac5b0,150.0,ea,0.35,52.5,2026-04-13T02:12:49.8439+00:00,False,
139c43ee-d7da-4cf2-97a8-70872ef6f225,22b51bc7-3fbb-4222-9e8d-24be586547a2,04cc3ab8-f1fa-4e6c-a4aa-9a4d53f1dc53,2.0,lg,20.0,40.0,2026-04-13T02:12:50.45933+00:00,False,
55fbb58a-9e9b-40f4-838b-027d00185537,22b51bc7-3fbb-4222-9e8d-24be586547a2,0f564608-78ba-405b-bd40-8d80a71c196e,3.0,sm,10.0,30.0,2026-04-13T02:12:50.45933+00:00,False,
fe770d32-d4e0-4814-a31c-64ecb356cea1,22b51bc7-3fbb-4222-9e8d-24be586547a2,e662ef45-6aed-4a2e-ab16-cead317ac5b0,150.0,ea,0.35,52.5,2026-04-13T02:12:50.45933+00:00,False,
65c873bb-9621-4416-87e7-b91abf7563d7,22b51bc7-3fbb-4222-9e8d-24be586547a2,56f75098-ef8d-4fde-86e8-fbfa21bd8964,2.0,lg,20.0,40.0,2026-04-13T02:12:50.45933+00:00,False,
b84c9041-aba3-49cd-8d84-080d2a8f4f5d,22b51bc7-3fbb-4222-9e8d-24be586547a2,1fba7f38-e8ac-4d0a-a165-40681248749a,5.0,lg,25.0,125.0,2026-04-13T02:12:50.45933+00:00,False,
10e4202f-88a9-4a0b-a6c7-c57e3c7a1d66,22b51bc7-3fbb-4222-9e8d-24be586547a2,4f0ecc4f-9d09-4bab-9a9c-06ce5326a219,10.0,lg,24.0,240.0,2026-04-13T02:12:50.45933+00:00,False,
1f18b141-36d9-4093-ace0-9653f1e00b75,22b51bc7-3fbb-4222-9e8d-24be586547a2,e81c39b6-82fe-4505-b835-ed93e4220988,1.0,sm,12.0,12.0,2026-04-13T02:12:50.45933+00:00,False,
aa18cab8-677a-4e10-9d0a-fb576f65af7a,22b51bc7-3fbb-4222-9e8d-24be586547a2,04cc3ab8-f1fa-4e6c-a4aa-9a4d53f1dc53,2.0,lg,20.0,40.0,2026-04-13T02:12:50.45933+00:00,False,
77185b98-4dac-405b-ab93-a8d70b036b92,22b51bc7-3fbb-4222-9e8d-24be586547a2,e662ef45-6aed-4a2e-ab16-cead317ac5b0,50.0,ea,0.35,17.5,2026-04-13T02:12:50.45933+00:00,False,
50b684ef-4624-4cc6-83a7-74f3c89a0861,22b51bc7-3fbb-4222-9e8d-24be586547a2,56f75098-ef8d-4fde-86e8-fbfa21bd8964,1.0,lg,20.0,20.0,2026-04-13T02:12:50.45933+00:00,False,
32c42620-ca86-4a2e-9997-a3924b0268fd,22b51bc7-3fbb-4222-9e8d-24be586547a2,60ee9721-045f-41c3-91e8-d4c34e5d7175,1.0,lg,20.0,20.0,2026-04-13T02:12:50.45933+00:00,False,
54cbe764-fb71-40fb-ae88-6a0b6f436ca2,22b51bc7-3fbb-4222-9e8d-24be586547a2,9b9060f3-6432-46c9-a091-a3d8e9560bb2,1.0,lg,20.0,20.0,2026-04-13T02:12:50.45933+00:00,False,
5329476a-f777-4a7a-86de-884aa41706c6,22b51bc7-3fbb-4222-9e8d-24be586547a2,5d2be0b1-c8e4-4de7-becc-b24c8655215d,10.0,lg,20.0,200.0,2026-04-13T02:12:50.45933+00:00,False,
dec772b4-1c17-42c8-8441-35092e618974,22b51bc7-3fbb-4222-9e8d-24be586547a2,b0017451-3a96-49f3-9e48-ea4ef19383bf,1000.0,ea,0.2,200.0,2026-04-13T02:12:50.45933+00:00,False,
578b8826-02f0-4b9e-9568-e2e96f4efc94,dff1267b-ef4c-4944-bbb1-3ecead7af75c,60ee9721-045f-41c3-91e8-d4c34e5d7175,10.0,lg,20.0,200.0,2026-04-13T02:12:50.970343+00:00,False,
053dd412-32b6-4c3a-b1da-964ca6003514,dff1267b-ef4c-4944-bbb1-3ecead7af75c,07facaef-e20c-417b-9419-6486f1ac9071,1.0,lg,20.0,20.0,2026-04-13T02:12:50.970343+00:00,False,
184cc45b-1bc2-4010-96fa-a4e1dc7f522b,dff1267b-ef4c-4944-bbb1-3ecead7af75c,04cc3ab8-f1fa-4e6c-a4aa-9a4d53f1dc53,2.0,lg,20.0,40.0,2026-04-13T02:12:50.970343+00:00,False,
da88aaad-d2a6-4c9a-bde5-334a48f8ed0b,dff1267b-ef4c-4944-bbb1-3ecead7af75c,0f564608-78ba-405b-bd40-8d80a71c196e,3.0,sm,10.0,30.0,2026-04-13T02:12:50.970343+00:00,False,
586cbc9b-7147-450c-9b46-56debc94eebd,dff1267b-ef4c-4944-bbb1-3ecead7af75c,e662ef45-6aed-4a2e-ab16-cead317ac5b0,100.0,ea,0.35,35.0,2026-04-13T02:12:50.970343+00:00,False,
6e0bd2b8-cc1c-42b6-82d1-55a1b3709c6a,dff1267b-ef4c-4944-bbb1-3ecead7af75c,2eaadb66-8823-4457-a67a-eaed6282bc1f,1.0,sm,6.0,6.0,2026-04-13T02:12:50.970343+00:00,False,
1a7f45d5-56e5-4455-82cd-3cecd7bb17f0,7aaaf4e2-2180-4563-a9fd-ca41a1b099a4,04cc3ab8-f1fa-4e6c-a4aa-9a4d53f1dc53,2.0,lg,20.0,40.0,2026-04-13T02:12:51.416006+00:00,False,
819723f2-156b-4f5a-b65b-d6fe90974bf3,7aaaf4e2-2180-4563-a9fd-ca41a1b099a4,e81c39b6-82fe-4505-b835-ed93e4220988,1.0,sm,12.0,12.0,2026-04-13T02:12:51.416006+00:00,False,
da033454-a35c-4bbd-8d07-135a102875d6,64a5bd80-8aaa-499c-b432-84e643cec8ba,4f0ecc4f-9d09-4bab-9a9c-06ce5326a219,10.0,lg,24.0,240.0,2026-04-13T02:12:50.745056+00:00,False,
003cefee-7ab4-40ce-bdc6-1e3ad399a4f3,f9dbe7b8-2865-4c4a-82b7-7fc368470caf,56f75098-ef8d-4fde-86e8-fbfa21bd8964,2.0,lg,20.0,40.0,2026-04-13T02:12:51.17298+00:00,False,
547d791c-b585-4c1a-9006-d22b84d30e44,eb4387bb-68b5-46a4-a836-9248e4b8a6b6,ecbae0c7-4bea-436b-9f87-b80c26ec150f,10.0,cs,40.0,400.0,2026-04-13T02:12:51.638558+00:00,False,
3e57903d-d50f-4146-a596-bc6405d10fc2,eb4387bb-68b5-46a4-a836-9248e4b8a6b6,4f0ecc4f-9d09-4bab-9a9c-06ce5326a219,1.0,lg,24.0,24.0,2026-04-13T02:12:51.638558+00:00,False,
bd76e653-fe58-4297-a995-cdfd2636a293,eb4387bb-68b5-46a4-a836-9248e4b8a6b6,56f75098-ef8d-4fde-86e8-fbfa21bd8964,1.0,lg,20.0,20.0,2026-04-13T02:12:51.638558+00:00,False,
65d9c40f-2a8f-400d-aa4a-d098dba3d860,ee3b8554-adf8-49b6-b54d-9b042858dc36,04cc3ab8-f1fa-4e6c-a4aa-9a4d53f1dc53,2.0,lg,20.0,40.0,2026-04-13T02:12:52.242089+00:00,False,
81e01939-79c8-437f-b668-de88a01c1ef4,ee3b8554-adf8-49b6-b54d-9b042858dc36,e81c39b6-82fe-4505-b835-ed93e4220988,1.0,sm,12.0,12.0,2026-04-13T02:12:52.242089+00:00,False,
5c899773-90b9-45e5-a023-b21b6e4af09a,ee3b8554-adf8-49b6-b54d-9b042858dc36,0f564608-78ba-405b-bd40-8d80a71c196e,3.0,sm,10.0,30.0,2026-04-13T02:12:52.242089+00:00,False,
8aa11b37-f16e-479b-a5e7-c9a228bb34af,ee3b8554-adf8-49b6-b54d-9b042858dc36,e662ef45-6aed-4a2e-ab16-cead317ac5b0,100.0,ea,0.35,35.0,2026-04-13T02:12:52.242089+00:00,False,
94f5d7f0-3080-46d9-b260-13cc4a50f336,ee3b8554-adf8-49b6-b54d-9b042858dc36,56f75098-ef8d-4fde-86e8-fbfa21bd8964,2.0,lg,20.0,40.0,2026-04-13T02:12:52.242089+00:00,False,
5b56a42a-0ca1-4e64-be68-97b198ba5485,ee3b8554-adf8-49b6-b54d-9b042858dc36,4f0ecc4f-9d09-4bab-9a9c-06ce5326a219,1.0,lg,24.0,24.0,2026-04-13T02:12:52.242089+00:00,False,
52264650-0553-49b0-85ec-86d81b5020c7,ee3b8554-adf8-49b6-b54d-9b042858dc36,07facaef-e20c-417b-9419-6486f1ac9071,1.0,lg,20.0,20.0,2026-04-13T02:12:52.242089+00:00,False,
6dd41c5d-4dd7-40fb-9efe-9411c204143d,ee3b8554-adf8-49b6-b54d-9b042858dc36,27133740-8739-4086-b026-370f41fedf92,1.0,lg,20.0,20.0,2026-04-13T02:12:52.242089+00:00,False,
8ed309dd-cb9b-46a0-9b4b-cb5a7512374b,ee3b8554-adf8-49b6-b54d-9b042858dc36,25149f32-ee59-48d7-a941-9f6c35ca2855,1.0,lg,15.0,15.0,2026-04-13T02:12:52.242089+00:00,False,
5caace9a-e753-4c96-9e3f-e6098530efb9,ee3b8554-adf8-49b6-b54d-9b042858dc36,932a215a-a3c9-4327-8839-53e7802676c2,1.0,lg,10.0,10.0,2026-04-13T02:12:52.242089+00:00,False,
4ad4156c-b231-4421-b7e9-6678d8578c02,ee3b8554-adf8-49b6-b54d-9b042858dc36,e662ef45-6aed-4a2e-ab16-cead317ac5b0,180.0,ea,0.35,63.0,2026-04-13T02:12:52.242089+00:00,False,
a560861f-47ac-4a39-bdb8-1666cf3a9f0d,ee3b8554-adf8-49b6-b54d-9b042858dc36,de69bc0d-febf-4b24-8450-eb1dd74bd7d8,4.0,lg,12.0,48.0,2026-04-13T02:12:52.242089+00:00,False,
cee25c28-26f6-44b0-8d7d-48f65c711bc4,ee3b8554-adf8-49b6-b54d-9b042858dc36,04cc3ab8-f1fa-4e6c-a4aa-9a4d53f1dc53,1.0,lg,20.0,20.0,2026-04-13T02:12:52.242089+00:00,False,
26672a01-26f6-464f-848e-1596e3c14307,ee3b8554-adf8-49b6-b54d-9b042858dc36,0f564608-78ba-405b-bd40-8d80a71c196e,3.0,sm,10.0,30.0,2026-04-13T02:12:52.242089+00:00,False,
88c92bc7-b103-4c98-abc2-3dd6899b821e,ee3b8554-adf8-49b6-b54d-9b042858dc36,e662ef45-6aed-4a2e-ab16-cead317ac5b0,100.0,ea,0.35,35.0,2026-04-13T02:12:52.242089+00:00,False,
961dbbef-3a3c-47d1-a41d-bf5069394427,bbcb2a4d-3317-4e29-85e6-5391ef0ea5e0,c9f1257a-9015-4783-86de-82819569ea0a,1.0,sm,12.0,12.0,2026-04-13T08:56:59.549601+00:00,False,
3702f63f-c933-435a-9634-e02a0bd40ab5,bbcb2a4d-3317-4e29-85e6-5391ef0ea5e0,1fcf3901-e345-4476-b740-0d01c2592627,1.0,lg,0.35,0.35,2026-04-13T08:56:59.549601+00:00,False,
01c40bf7-4456-4d71-9fcf-0794315edb1b,bbcb2a4d-3317-4e29-85e6-5391ef0ea5e0,25317688-27ec-456d-8b73-c00ff0ad3284,1.0,sm,6.0,6.0,2026-04-13T08:56:59.549601+00:00,False,
dc5a9eb1-f266-4880-a3fd-bfe70cf4d3c2,bbcb2a4d-3317-4e29-85e6-5391ef0ea5e0,56f75098-ef8d-4fde-86e8-fbfa21bd8964,2.0,lg,20.0,40.0,2026-04-13T08:56:59.549601+00:00,False,
e08301ef-4fc5-4f14-8e82-6464d2d66868,bbcb2a4d-3317-4e29-85e6-5391ef0ea5e0,f3d61783-a8b2-4f4d-bdca-caa6f8e0e54a,2.0,lbs,24.0,48.0,2026-04-13T08:56:59.549601+00:00,False,
95986a62-8e9c-4fbf-8130-0e01df69023d,b1a2eefe-b359-4289-af41-27365ffd59b4,ea4552f9-565d-4bdb-98c5-539a307ea325,3.0,qt,10.0,30.0,2026-04-13T08:57:02.291376+00:00,False,
7fc369ac-41da-495d-966d-3f6c08b5c70e,b1a2eefe-b359-4289-af41-27365ffd59b4,1fcf3901-e345-4476-b740-0d01c2592627,1.0,lg,0.35,0.35,2026-04-13T08:57:02.291376+00:00,False,
a2bbf32c-4d9b-43b7-a84c-70d44f91ecf0,b1a2eefe-b359-4289-af41-27365ffd59b4,25317688-27ec-456d-8b73-c00ff0ad3284,2.0,sm,6.0,12.0,2026-04-13T08:57:02.291376+00:00,False,
37f3d428-e24e-40b4-8490-17f354cef841,b1a2eefe-b359-4289-af41-27365ffd59b4,27d10606-8e7f-4afa-8c12-ce177d2f7e31,1.0,sm,10.0,10.0,2026-04-13T08:57:02.291376+00:00,False,
7ee9d1cd-2086-46a2-b507-109fc38dd281,b1a2eefe-b359-4289-af41-27365ffd59b4,f3d61783-a8b2-4f4d-bdca-caa6f8e0e54a,1.0,lg,24.0,24.0,2026-04-13T08:57:02.291376+00:00,False,
94fe6a1f-b86c-41d2-846a-7d068ec19d2f,b1a2eefe-b359-4289-af41-27365ffd59b4,13ac7479-762b-4fc2-b36c-b94223caf3d5,20.0,ea,15.0,300.0,2026-04-13T08:57:02.291376+00:00,False,
00f235e5-6745-4a71-84ea-0c1eb36e98b0,7aaaf4e2-2180-4563-a9fd-ca41a1b099a4,0f564608-78ba-405b-bd40-8d80a71c196e,3.0,sm,10.0,30.0,2026-04-13T02:12:51.416006+00:00,False,
ad3f9861-5770-4727-8aa9-a7ceae39e711,7aaaf4e2-2180-4563-a9fd-ca41a1b099a4,e662ef45-6aed-4a2e-ab16-cead317ac5b0,200.0,ea,0.35,70.0,2026-04-13T02:12:51.416006+00:00,False,
b33874a1-4cbd-4f76-be8d-20db38053c3b,7aaaf4e2-2180-4563-a9fd-ca41a1b099a4,56f75098-ef8d-4fde-86e8-fbfa21bd8964,2.0,lg,20.0,40.0,2026-04-13T02:12:51.416006+00:00,False,
5672cd65-f47f-4982-819f-ea82bd3dbbc0,7aaaf4e2-2180-4563-a9fd-ca41a1b099a4,60ee9721-045f-41c3-91e8-d4c34e5d7175,1.0,lg,20.0,20.0,2026-04-13T02:12:51.416006+00:00,False,
e2653ce7-fbe6-437d-98db-544ac97c2162,7aaaf4e2-2180-4563-a9fd-ca41a1b099a4,25149f32-ee59-48d7-a941-9f6c35ca2855,1.0,lg,15.0,15.0,2026-04-13T02:12:51.416006+00:00,False,
25f5981f-a8f3-476b-93a3-808160230619,7aaaf4e2-2180-4563-a9fd-ca41a1b099a4,d4827392-69e6-4ecd-838d-fc9e8ce847cf,1.0,lg,12.0,12.0,2026-04-13T02:12:51.416006+00:00,False,
b744d6e8-3a93-425e-b429-e5161d5b8db6,7aaaf4e2-2180-4563-a9fd-ca41a1b099a4,07facaef-e20c-417b-9419-6486f1ac9071,1.0,lg,20.0,20.0,2026-04-13T02:12:51.416006+00:00,False,
1200501f-687a-4f5a-a0b7-b50740464c96,7aaaf4e2-2180-4563-a9fd-ca41a1b099a4,27133740-8739-4086-b026-370f41fedf92,1.0,lg,20.0,20.0,2026-04-13T02:12:51.416006+00:00,False,
883ac093-f5e1-4ec7-bfaf-11e1ac96cd31,7aaaf4e2-2180-4563-a9fd-ca41a1b099a4,4f0ecc4f-9d09-4bab-9a9c-06ce5326a219,5.0,lg,24.0,120.0,2026-04-13T02:12:51.416006+00:00,False,
c842cc8b-b578-4346-a509-4c0fbcd5bac5,7e7c88e6-cdb2-4bbb-8810-d4acfe2383e6,04cc3ab8-f1fa-4e6c-a4aa-9a4d53f1dc53,2.0,lg,20.0,40.0,2026-04-13T02:12:52.017425+00:00,False,
3b6693d2-22c9-4dd1-a34e-58252342d770,7e7c88e6-cdb2-4bbb-8810-d4acfe2383e6,e81c39b6-82fe-4505-b835-ed93e4220988,1.0,sm,12.0,12.0,2026-04-13T02:12:52.017425+00:00,False,
f51f7ec1-99a3-41f7-aa15-26173b5a5290,7e7c88e6-cdb2-4bbb-8810-d4acfe2383e6,0f564608-78ba-405b-bd40-8d80a71c196e,3.0,sm,10.0,30.0,2026-04-13T02:12:52.017425+00:00,False,
7c46c9b3-d1b3-40f9-8caf-0218f8db766e,7e7c88e6-cdb2-4bbb-8810-d4acfe2383e6,e662ef45-6aed-4a2e-ab16-cead317ac5b0,200.0,ea,0.35,70.0,2026-04-13T02:12:52.017425+00:00,False,
0955d79f-add2-4343-9e1d-2ca9f9110afb,7e7c88e6-cdb2-4bbb-8810-d4acfe2383e6,5d2be0b1-c8e4-4de7-becc-b24c8655215d,1.0,lg,20.0,20.0,2026-04-13T02:12:52.017425+00:00,False,
22ed44a7-9d19-4fb4-b11c-8de68b1740bd,7e7c88e6-cdb2-4bbb-8810-d4acfe2383e6,56f75098-ef8d-4fde-86e8-fbfa21bd8964,2.0,lg,20.0,40.0,2026-04-13T02:12:52.017425+00:00,False,
c9f59b60-8062-45af-9adf-cfbf701b0202,7e7c88e6-cdb2-4bbb-8810-d4acfe2383e6,25149f32-ee59-48d7-a941-9f6c35ca2855,1.0,lg,15.0,15.0,2026-04-13T02:12:52.017425+00:00,False,
4e79a3ae-43a3-408f-b651-b339936e9c19,7e7c88e6-cdb2-4bbb-8810-d4acfe2383e6,2eaadb66-8823-4457-a67a-eaed6282bc1f,1.0,sm,6.0,6.0,2026-04-13T02:12:52.017425+00:00,False,
4660e9c0-24bb-46cf-825e-cf625b8455e6,7e7c88e6-cdb2-4bbb-8810-d4acfe2383e6,e662ef45-6aed-4a2e-ab16-cead317ac5b0,210.0,ea,0.35,73.5,2026-04-13T02:12:52.017425+00:00,False,
7f13f460-f291-4561-9de3-3a22d2a46059,7e7c88e6-cdb2-4bbb-8810-d4acfe2383e6,4f0ecc4f-9d09-4bab-9a9c-06ce5326a219,1.0,lg,24.0,24.0,2026-04-13T02:12:52.017425+00:00,False,
6fc616b4-ee97-4443-b4ac-9c840c1d5443,7e7c88e6-cdb2-4bbb-8810-d4acfe2383e6,e81c39b6-82fe-4505-b835-ed93e4220988,1.0,sm,12.0,12.0,2026-04-13T02:12:52.017425+00:00,False,
c1df93e8-bc7d-44bf-a84f-974dd2d2d069,7e7c88e6-cdb2-4bbb-8810-d4acfe2383e6,04cc3ab8-f1fa-4e6c-a4aa-9a4d53f1dc53,1.0,lg,20.0,20.0,2026-04-13T02:12:52.017425+00:00,False,
4b292875-5a71-4ff1-bf0a-81c0a80ffd8a,7e7c88e6-cdb2-4bbb-8810-d4acfe2383e6,e81c39b6-82fe-4505-b835-ed93e4220988,1.0,sm,12.0,12.0,2026-04-13T02:12:52.017425+00:00,False,
e1954262-3b83-4f3f-9f00-0f475ac7a12d,7e7c88e6-cdb2-4bbb-8810-d4acfe2383e6,e662ef45-6aed-4a2e-ab16-cead317ac5b0,5.0,ea,0.35,1.75,2026-04-13T02:12:52.017425+00:00,False,
95420d63-b04a-4a2a-925e-3737a0a9b3d7,7e7c88e6-cdb2-4bbb-8810-d4acfe2383e6,e662ef45-6aed-4a2e-ab16-cead317ac5b0,50.0,ea,0.35,17.5,2026-04-13T02:12:52.017425+00:00,False,
7db95eb9-ccc6-44f2-8ece-a2904fb6f122,7e7c88e6-cdb2-4bbb-8810-d4acfe2383e6,b0017451-3a96-49f3-9e48-ea4ef19383bf,25.0,ea,0.2,5.0,2026-04-13T02:12:52.017425+00:00,False,
1bbc1432-5878-42d2-9a68-e97b58302950,7e7c88e6-cdb2-4bbb-8810-d4acfe2383e6,1fba7f38-e8ac-4d0a-a165-40681248749a,1.0,lg,25.0,25.0,2026-04-13T02:12:52.017425+00:00,False,
beb43305-86ea-4021-8ee8-3d712b7ccdaa,7e7c88e6-cdb2-4bbb-8810-d4acfe2383e6,56f75098-ef8d-4fde-86e8-fbfa21bd8964,1.0,lg,20.0,20.0,2026-04-13T02:12:52.017425+00:00,False,
c14d9beb-ffba-41e3-9605-a0ba91800687,7e7c88e6-cdb2-4bbb-8810-d4acfe2383e6,07facaef-e20c-417b-9419-6486f1ac9071,1.0,lg,20.0,20.0,2026-04-13T02:12:52.017425+00:00,False,
aca39694-c998-4e86-94b6-853815eec71a,7e7c88e6-cdb2-4bbb-8810-d4acfe2383e6,d4827392-69e6-4ecd-838d-fc9e8ce847cf,1.0,lg,12.0,12.0,2026-04-13T02:12:52.017425+00:00,False,
5e40633b-8290-4489-a29c-d4b9dd1ba985,7e7c88e6-cdb2-4bbb-8810-d4acfe2383e6,0ca63d24-8e2c-4cb8-af36-ceb8ced7f103,1.0,lg,15.0,15.0,2026-04-13T02:12:52.017425+00:00,False,
75c4aa50-61c5-4a22-9562-d0e086924c43,7e7c88e6-cdb2-4bbb-8810-d4acfe2383e6,22370f93-2d06-4891-841e-4cf159e301ca,1.0,lg,12.0,12.0,2026-04-13T02:12:52.017425+00:00,False,
a2278963-5bf5-4030-ad91-56e62808fb6d,f7455057-a5cb-444e-aec6-6ee322dc7f19,04cc3ab8-f1fa-4e6c-a4aa-9a4d53f1dc53,2.0,lg,20.0,40.0,2026-04-13T02:12:52.458099+00:00,False,
74ebae09-854f-4319-bdd3-3b347c3be626,f7455057-a5cb-444e-aec6-6ee322dc7f19,e81c39b6-82fe-4505-b835-ed93e4220988,1.0,sm,12.0,12.0,2026-04-13T02:12:52.458099+00:00,False,
ec0b6ee5-4589-47e6-8d1c-6650211a092e,f7455057-a5cb-444e-aec6-6ee322dc7f19,0f564608-78ba-405b-bd40-8d80a71c196e,3.0,sm,10.0,30.0,2026-04-13T02:12:52.458099+00:00,False,
969e298b-544f-4b6d-b400-32b3662b84f8,f7455057-a5cb-444e-aec6-6ee322dc7f19,e662ef45-6aed-4a2e-ab16-cead317ac5b0,200.0,ea,0.35,70.0,2026-04-13T02:12:52.458099+00:00,False,
1e3bdd96-cf4c-4bd0-97b9-8a6ea38b898a,f7455057-a5cb-444e-aec6-6ee322dc7f19,56f75098-ef8d-4fde-86e8-fbfa21bd8964,2.0,lg,20.0,40.0,2026-04-13T02:12:52.458099+00:00,False,
299eed4f-d113-4cd1-b91c-7cb456370d10,f7455057-a5cb-444e-aec6-6ee322dc7f19,cbf76c50-2ebd-4fee-a8a3-0eab9d8366ee,1.0,lg,12.0,12.0,2026-04-13T02:12:52.458099+00:00,False,
fda15517-4005-48db-943d-ac2ea57206eb,f7455057-a5cb-444e-aec6-6ee322dc7f19,932a215a-a3c9-4327-8839-53e7802676c2,1.0,lg,10.0,10.0,2026-04-13T02:12:52.458099+00:00,False,
abea50bc-c0dd-4415-a801-4d4f5cdcb9b8,f7455057-a5cb-444e-aec6-6ee322dc7f19,e662ef45-6aed-4a2e-ab16-cead317ac5b0,300.0,ea,0.35,105.0,2026-04-13T02:12:52.458099+00:00,False,
aaa43dd0-aa6d-47da-a43f-4f47c5f638c5,f7455057-a5cb-444e-aec6-6ee322dc7f19,f5639c9e-b6d3-4ba5-a804-c0b05b0eecad,5.0,lg,24.0,120.0,2026-04-13T02:12:52.458099+00:00,False,
b9c27e41-2832-41d8-9d32-03bc4af61aee,f7455057-a5cb-444e-aec6-6ee322dc7f19,4f0ecc4f-9d09-4bab-9a9c-06ce5326a219,5.0,lg,24.0,120.0,2026-04-13T02:12:52.458099+00:00,False,
7a4c2ce8-1dd3-46e6-b506-a284fc3482e5,08096d8a-a08f-4b60-855d-cdc19e3698b9,e81c39b6-82fe-4505-b835-ed93e4220988,1.0,sm,12.0,12.0,2026-04-13T08:56:59.952813+00:00,False,
af5b0460-a279-4f08-9910-22dc87f18243,08096d8a-a08f-4b60-855d-cdc19e3698b9,1fcf3901-e345-4476-b740-0d01c2592627,1.0,sm,0.35,0.35,2026-04-13T08:56:59.952813+00:00,False,
689622a8-1411-4f02-81dd-71ad25eb1f58,08096d8a-a08f-4b60-855d-cdc19e3698b9,b0017451-3a96-49f3-9e48-ea4ef19383bf,1.0,lg,10.0,10.0,2026-04-13T08:56:59.952813+00:00,False,
811c4503-3fad-4b6f-b9ed-2f5cbd1fd0e4,08096d8a-a08f-4b60-855d-cdc19e3698b9,c3916820-1dce-4d0e-a249-f47e95d54255,1.0,lg,20.0,20.0,2026-04-13T08:56:59.952813+00:00,False,
288fd82e-4865-4fa0-a1d8-6c18a4c4f637,08096d8a-a08f-4b60-855d-cdc19e3698b9,b8f48312-5ce2-436f-974e-3f41913ee188,1.0,lg,15.0,15.0,2026-04-13T08:56:59.952813+00:00,False,
d64c6933-9ca2-4bd0-a626-ae4cdac6cc59,08096d8a-a08f-4b60-855d-cdc19e3698b9,2ce5e1a4-8597-4d64-addc-651953a7a868,1.0,lg,20.0,20.0,2026-04-13T08:56:59.952813+00:00,False,
08e3e53d-312a-43bd-bb73-97aca55bca29,08096d8a-a08f-4b60-855d-cdc19e3698b9,c3916820-1dce-4d0e-a249-f47e95d54255,1.0,lg,20.0,20.0,2026-04-13T08:56:59.952813+00:00,False,
c7c789af-e492-426d-9a10-974f54e8880e,08096d8a-a08f-4b60-855d-cdc19e3698b9,080205a7-44fc-49aa-a1c9-072aa3859d8f,1.0,lg,20.0,20.0,2026-04-13T08:56:59.952813+00:00,False,
36b46465-678a-4141-8d8a-b66c820e3cfc,bc1acd72-4412-4fca-8129-81c07e9b1b95,dff21156-fd38-405e-a857-e7ad8bffa7f5,2.0,qt,20.0,40.0,2026-04-13T08:57:00.456607+00:00,False,
902d7148-0f0f-4431-b5fa-acdc3b30ee6b,bc1acd72-4412-4fca-8129-81c07e9b1b95,ea4552f9-565d-4bdb-98c5-539a307ea325,3.0,qt,10.0,30.0,2026-04-13T08:57:00.456607+00:00,False,
67c212a4-6758-4b2a-9d23-28b56c8f005e,bc1acd72-4412-4fca-8129-81c07e9b1b95,e81c39b6-82fe-4505-b835-ed93e4220988,1.0,sm,12.0,12.0,2026-04-13T08:57:00.456607+00:00,False,
5dd4a697-aaf0-46c5-a4bf-4d45e3403c6a,bc1acd72-4412-4fca-8129-81c07e9b1b95,1fcf3901-e345-4476-b740-0d01c2592627,1.0,lg,0.35,0.35,2026-04-13T08:57:00.456607+00:00,False,
6cb69b93-d4a8-4c73-9ced-bf8c29afdb9b,bc1acd72-4412-4fca-8129-81c07e9b1b95,6176833b-8baf-4d60-84c7-6e2546e070c0,1.0,sm,10.0,10.0,2026-04-13T08:57:00.456607+00:00,False,
064f8a47-49a3-4201-b044-ee8d5cd6a79d,bc1acd72-4412-4fca-8129-81c07e9b1b95,56f75098-ef8d-4fde-86e8-fbfa21bd8964,6.0,lg,20.0,120.0,2026-04-13T08:57:00.456607+00:00,False,
4769e9d6-a4b4-4269-b7da-60ff6fe905f9,bc1acd72-4412-4fca-8129-81c07e9b1b95,f3d61783-a8b2-4f4d-bdca-caa6f8e0e54a,1.0,lg,24.0,24.0,2026-04-13T08:57:00.456607+00:00,False,
0516b6b1-ded6-43e2-af6c-8d02073189f2,72c023bd-d7d4-4a83-97a4-0b5d5d35fd4e,e0562212-cda5-4a74-ac19-db857f843dbd,7.0,ea,12.0,84.0,2026-04-13T08:57:00.683094+00:00,False,
c1edeca7-06b1-4b27-8ab5-58741e5e9a81,72c023bd-d7d4-4a83-97a4-0b5d5d35fd4e,cb2f08e7-057b-4cb0-a9f0-b041a5b2e8dc,10.0,lbs,30.0,300.0,2026-04-13T08:57:00.683094+00:00,False,
f9b63a50-d2e3-42d2-8c42-b9bfcde8f01a,e92f11d7-3944-4240-9344-ea5f012d4aa8,11848d52-fa67-4b56-8b9e-87239a753911,1.0,lg,24.0,24.0,2026-04-13T08:57:00.889529+00:00,False,
1c2099ae-8655-491c-89ba-c88a6a0d6313,e92f11d7-3944-4240-9344-ea5f012d4aa8,ea4552f9-565d-4bdb-98c5-539a307ea325,2.0,qt,10.0,20.0,2026-04-13T08:57:00.889529+00:00,False,
3a58dd38-8588-4444-ba5a-bdbaaa7f2ea9,e92f11d7-3944-4240-9344-ea5f012d4aa8,1fcf3901-e345-4476-b740-0d01c2592627,2.0,lg,0.35,0.7,2026-04-13T08:57:00.889529+00:00,False,
faac72a2-a3de-4eb5-948f-a02942bc2e60,e92f11d7-3944-4240-9344-ea5f012d4aa8,6176833b-8baf-4d60-84c7-6e2546e070c0,1.0,sm,10.0,10.0,2026-04-13T08:57:00.889529+00:00,False,
9c905b7c-862b-4387-8977-20db29550d38,e92f11d7-3944-4240-9344-ea5f012d4aa8,25317688-27ec-456d-8b73-c00ff0ad3284,1.0,lg,6.0,6.0,2026-04-13T08:57:00.889529+00:00,False,
dd0ee288-b672-43d8-bd8e-50cb81bca9e0,e92f11d7-3944-4240-9344-ea5f012d4aa8,f3d61783-a8b2-4f4d-bdca-caa6f8e0e54a,6.0,lbs,24.0,144.0,2026-04-13T08:57:00.889529+00:00,False,
f32abf86-d3ff-41d0-851f-2353628c7311,b8b4756e-bd81-4c1e-a762-a6ef643653e4,dff21156-fd38-405e-a857-e7ad8bffa7f5,2.0,qt,20.0,40.0,2026-04-13T08:57:01.092243+00:00,False,
85623643-59b2-4981-a798-5a3fed1df6fd,b8b4756e-bd81-4c1e-a762-a6ef643653e4,ea4552f9-565d-4bdb-98c5-539a307ea325,2.0,qt,10.0,20.0,2026-04-13T08:57:01.092243+00:00,False,
ae88fa86-2f69-4d96-aa77-f6fce8a0dc56,b8b4756e-bd81-4c1e-a762-a6ef643653e4,1fcf3901-e345-4476-b740-0d01c2592627,250.0,ea,0.35,87.5,2026-04-13T08:57:01.092243+00:00,False,
3d4da830-3fa6-4675-afbb-8a8115c4ba87,b8b4756e-bd81-4c1e-a762-a6ef643653e4,2ce5e1a4-8597-4d64-addc-651953a7a868,1.0,lg,20.0,20.0,2026-04-13T08:57:01.092243+00:00,False,
3ca44987-daa3-4846-b0a4-ced22460d5d8,b8b4756e-bd81-4c1e-a762-a6ef643653e4,25317688-27ec-456d-8b73-c00ff0ad3284,1.0,lg,6.0,6.0,2026-04-13T08:57:01.092243+00:00,False,
82d52b56-1487-4f14-a0d9-f189cd5c545a,7f701c41-af9d-422f-9f30-27ff0bfb899b,d45982d6-a597-419b-8f2e-7321660ab99a,8.0,qt,0.15,1.2,2026-04-13T09:00:57.425363+00:00,False,
83bda4c8-1cda-4bd6-8bfe-3b9b9bec2123,0c048fb3-8227-4016-a662-54105b2ac66c,44c4bb44-4ddb-4aee-a539-54b238955833,1.0,lg,12.0,12.0,2026-04-13T09:00:58.480501+00:00,False,
388fcdfe-920e-4a10-8fe1-f087816d3a44,7f701c41-af9d-422f-9f30-27ff0bfb899b,cce17ece-976b-4312-8212-c63feb877194,1.0,sm,0.1,0.1,2026-04-13T09:00:57.776887+00:00,False,
40097ce2-ade8-4012-948c-d2d5a350148e,0c048fb3-8227-4016-a662-54105b2ac66c,cce17ece-976b-4312-8212-c63feb877194,100.0,ea,0.1,10.0,2026-04-13T09:00:58.159261+00:00,False,
8857874f-4c26-46ee-b879-39ed5717279d,b1a2eefe-b359-4289-af41-27365ffd59b4,1319b9ad-0c60-4137-9117-9f6bcd77f1ac,20.0,ea,1.0,20.0,2026-04-13T09:01:01.608241+00:00,False,
aa9a5544-82fc-4859-81b1-aee0829fbcf2,227128fa-d04c-4e59-99bd-9ad03560724a,2eaadb66-8823-4457-a67a-eaed6282bc1f,1.0,sm,6.0,6.0,2026-04-13T02:11:48.990652+00:00,False,
106ea16b-96c0-4d87-880c-a4ac89d175b8,227128fa-d04c-4e59-99bd-9ad03560724a,f14e1eaa-9677-4120-b8b5-37209f399915,1.0,lg,30.0,30.0,2026-04-13T02:11:48.990652+00:00,False,
0c8cbcf6-a412-4090-96e0-bb95c7dc9a27,227128fa-d04c-4e59-99bd-9ad03560724a,56f75098-ef8d-4fde-86e8-fbfa21bd8964,2.0,lg,20.0,40.0,2026-04-13T02:11:48.990652+00:00,False,
d2e0d00b-aed1-4609-9768-dec412271f5f,0c048fb3-8227-4016-a662-54105b2ac66c,86f5e406-a161-4e7a-b8e6-f0db8a178694,1.0,lg,15.0,15.0,2026-04-13T09:00:58.336431+00:00,False,
8f7149fa-dfb8-4450-b186-9f830f8f180e,227128fa-d04c-4e59-99bd-9ad03560724a,e662ef45-6aed-4a2e-ab16-cead317ac5b0,150.0,ea,0.35,52.5,2026-04-13T02:11:48.990652+00:00,False,
cc5894ee-6428-49fd-a24d-d46236f8c57a,227128fa-d04c-4e59-99bd-9ad03560724a,0a960158-e3fa-4ee6-aabd-55578dfe8faa,1.0,lg,15.0,15.0,2026-04-13T02:11:48.990652+00:00,False,
6a927bed-5587-4705-952a-babb46866e82,24497c85-0807-42a8-aeb9-35880e6e6237,5da6dc1f-43a1-4182-bea0-4d1036c97b6d,1.0,lg,20.0,20.0,2026-04-13T02:11:49.134627+00:00,False,
1893661a-9e1c-478c-8f0f-37a40078a07e,24497c85-0807-42a8-aeb9-35880e6e6237,56f75098-ef8d-4fde-86e8-fbfa21bd8964,2.0,lg,20.0,40.0,2026-04-13T02:11:49.134627+00:00,False,
9137154c-83ca-4180-beda-c7f301cf1016,bbcb2a4d-3317-4e29-85e6-5391ef0ea5e0,ad048662-fccc-44a6-b61e-5b92abe57761,1.0,lg,15.0,15.0,2026-04-13T09:00:58.735082+00:00,False,
836d7143-8e8a-4740-aeab-de60c7c9b4ca,24497c85-0807-42a8-aeb9-35880e6e6237,e662ef45-6aed-4a2e-ab16-cead317ac5b0,1.0,ea,0.35,0.35,2026-04-13T02:11:49.134627+00:00,False,
f999c652-1b4c-4bb0-b234-f19e1f7b956d,24497c85-0807-42a8-aeb9-35880e6e6237,0a960158-e3fa-4ee6-aabd-55578dfe8faa,1.0,lg,15.0,15.0,2026-04-13T02:11:49.134627+00:00,False,
2c96ae27-dd8e-41a3-999f-6c021cd3a32b,24497c85-0807-42a8-aeb9-35880e6e6237,89deecdc-4aaf-4b43-9716-bc54563a3e98,2.0,lg,20.0,40.0,2026-04-13T02:11:49.134627+00:00,False,
dfddd8f8-d55d-4033-8cb9-6b9140222e24,24497c85-0807-42a8-aeb9-35880e6e6237,6a383d81-af24-4d74-a14e-ec5dd8b4653d,1.0,lg,15.0,15.0,2026-04-13T02:11:49.134627+00:00,False,
efba2c77-2742-49a1-9bac-f5526938d595,24497c85-0807-42a8-aeb9-35880e6e6237,2eaadb66-8823-4457-a67a-eaed6282bc1f,1.0,sm,6.0,6.0,2026-04-13T02:11:49.134627+00:00,False,
96407c31-1638-4f5d-b2ee-b4445b026741,49a60e16-f8d5-4b94-8b24-5693e458fcdc,e662ef45-6aed-4a2e-ab16-cead317ac5b0,400.0,ea,0.35,140.0,2026-04-13T02:11:49.291181+00:00,False,
5ff46aa4-e478-4a93-a10e-75a787644912,49a60e16-f8d5-4b94-8b24-5693e458fcdc,a65f4504-ba08-4da1-82ee-339201545673,2.0,sm,10.0,20.0,2026-04-13T02:11:49.291181+00:00,False,
2a30b2cd-2d24-4b9a-b31a-db524c963171,49a60e16-f8d5-4b94-8b24-5693e458fcdc,07facaef-e20c-417b-9419-6486f1ac9071,1.0,lg,20.0,20.0,2026-04-13T02:11:49.291181+00:00,False,
2b8c3d29-7518-45a6-ab3b-dda96a4459eb,49a60e16-f8d5-4b94-8b24-5693e458fcdc,d399f7cb-cd56-4360-9e60-ccab8382fb61,1.0,lg,15.0,15.0,2026-04-13T02:11:49.291181+00:00,False,
fcec3abf-dc65-4a21-8bb9-aa250cac03a7,49a60e16-f8d5-4b94-8b24-5693e458fcdc,4e6a0de1-43b6-4120-a6cd-ef1457e85a6e,20.0,lbs,4.0,80.0,2026-04-13T02:11:49.291181+00:00,False,
43241512-596f-44c9-9789-dbf92921dc41,607c496a-095f-41cc-a7c3-49c14b2c92a5,89deecdc-4aaf-4b43-9716-bc54563a3e98,4.0,lg,20.0,80.0,2026-04-13T02:11:49.446548+00:00,False,
5a09d176-bf7a-4401-ae53-454629bf98a6,607c496a-095f-41cc-a7c3-49c14b2c92a5,66056ffe-bed5-4f29-9efc-b3451224d474,1.0,sm,15.0,15.0,2026-04-13T02:11:49.446548+00:00,False,
4dc4250c-47f8-423e-9d26-110276dc992f,bbcb2a4d-3317-4e29-85e6-5391ef0ea5e0,cce17ece-976b-4312-8212-c63feb877194,1.0,lg,0.1,0.1,2026-04-13T09:00:58.863404+00:00,False,
7a25e9da-052e-49ab-b2c5-951d585a6b3d,c4c23d73-decc-4a71-8938-fcb6cdc51741,5ebd0006-3ba4-436b-ad38-65e63495b4d5,130.0,ea,0.1,13.0,2026-04-13T09:01:00.412982+00:00,False,
88d13d58-13b7-47fb-a7e4-fce6eed530d6,57959dc5-3166-4f7f-8488-58689445e6b6,cce17ece-976b-4312-8212-c63feb877194,1.0,lg,0.1,0.1,2026-04-13T09:01:01.147711+00:00,False,
170051ab-0dd2-4936-8889-3b8ec18860da,607c496a-095f-41cc-a7c3-49c14b2c92a5,6a383d81-af24-4d74-a14e-ec5dd8b4653d,1.0,lg,15.0,15.0,2026-04-13T02:11:49.446548+00:00,False,
159457ba-0b9c-43bc-b4fd-d370b4d28dd3,607c496a-095f-41cc-a7c3-49c14b2c92a5,2eaadb66-8823-4457-a67a-eaed6282bc1f,1.0,sm,6.0,6.0,2026-04-13T02:11:49.446548+00:00,False,
11287a8a-efeb-421b-afbc-9027ad481fe6,607c496a-095f-41cc-a7c3-49c14b2c92a5,d399f7cb-cd56-4360-9e60-ccab8382fb61,1.0,lg,15.0,15.0,2026-04-13T02:11:49.446548+00:00,False,
f648ea05-b555-4547-b1b3-405d3ca9bdf5,607c496a-095f-41cc-a7c3-49c14b2c92a5,0a960158-e3fa-4ee6-aabd-55578dfe8faa,1.0,lg,15.0,15.0,2026-04-13T02:11:49.446548+00:00,False,
ad3dddde-28ac-42f5-80f2-2239148f59b7,25a21029-bbe8-4592-ae0b-9f44d1176a7a,89deecdc-4aaf-4b43-9716-bc54563a3e98,10.0,lg,20.0,200.0,2026-04-13T02:11:49.610768+00:00,False,
2f083721-3708-4b67-ac8f-ba3d2223754d,4b0f7a25-733b-483d-b0e6-af6839b7a81c,56f75098-ef8d-4fde-86e8-fbfa21bd8964,4.0,lg,20.0,80.0,2026-04-13T02:11:49.753511+00:00,False,
733904e6-047d-4867-8ad0-4bf565d1ce6c,4b0f7a25-733b-483d-b0e6-af6839b7a81c,e662ef45-6aed-4a2e-ab16-cead317ac5b0,100.0,ea,0.35,35.0,2026-04-13T02:11:49.753511+00:00,False,
067d567c-9180-4978-a9b9-43a2e8a8ea41,16a791df-4a48-4b1c-88b1-b9c35e32c64f,44bdbde8-576d-4d7f-b668-d2f2bf72fb2e,2.0,lg,15.0,30.0,2026-04-13T02:11:49.904511+00:00,False,
7f2a1e94-e755-4779-9d12-e4392c95a502,2d6d432e-60b5-45a7-acf3-cc09c98937c7,5da6dc1f-43a1-4182-bea0-4d1036c97b6d,2.0,lg,20.0,40.0,2026-04-13T02:11:50.055076+00:00,False,
89e6c49b-19e0-4d30-bf50-ea270750445a,2d6d432e-60b5-45a7-acf3-cc09c98937c7,44bdbde8-576d-4d7f-b668-d2f2bf72fb2e,2.0,lg,15.0,30.0,2026-04-13T02:11:50.055076+00:00,False,
83dcab30-2b59-438d-a39f-91e9a1268313,a4bfb7f0-72f1-40e9-9659-b899fd6bbb1b,89deecdc-4aaf-4b43-9716-bc54563a3e98,1.0,lg,20.0,20.0,2026-04-13T02:11:50.201474+00:00,False,
a545169f-bf7a-4607-b679-b73ab466ae9a,a4bfb7f0-72f1-40e9-9659-b899fd6bbb1b,e662ef45-6aed-4a2e-ab16-cead317ac5b0,150.0,ea,0.35,52.5,2026-04-13T02:11:50.201474+00:00,False,
75e7780e-a414-4ca4-890b-23eff7bc1ffe,a4bfb7f0-72f1-40e9-9659-b899fd6bbb1b,5da6dc1f-43a1-4182-bea0-4d1036c97b6d,1.0,lg,20.0,20.0,2026-04-13T02:11:50.201474+00:00,False,
763490d7-1d6f-426e-a9c3-8211a4ffb71f,4be5faa8-81f8-478a-a923-df8865ed4bbc,e662ef45-6aed-4a2e-ab16-cead317ac5b0,100.0,ea,0.35,35.0,2026-04-13T02:11:50.352189+00:00,False,
8d69dadf-ef32-4f46-ac03-e14aa65f68c9,4be5faa8-81f8-478a-a923-df8865ed4bbc,2d7c5b8a-f3f9-462d-a7b0-06f5ac2dc976,1.0,lg,15.0,15.0,2026-04-13T02:11:50.352189+00:00,False,
ef061156-d0e1-42ae-aac2-427ab2b6227f,4be5faa8-81f8-478a-a923-df8865ed4bbc,d87652f1-bb0b-444f-ad23-97c5c4d8b7de,1.0,sm,6.0,6.0,2026-04-13T02:11:50.352189+00:00,False,
9a8aaba5-61fa-48f2-b011-c9ed1d7ac922,4be5faa8-81f8-478a-a923-df8865ed4bbc,56f75098-ef8d-4fde-86e8-fbfa21bd8964,2.0,lg,20.0,40.0,2026-04-13T02:11:50.352189+00:00,False,
f720d7a7-ad68-41d8-853c-d5cfeea7e8f6,4be5faa8-81f8-478a-a923-df8865ed4bbc,89deecdc-4aaf-4b43-9716-bc54563a3e98,3.0,lg,20.0,60.0,2026-04-13T02:11:50.352189+00:00,False,
b8d0150a-ccc3-4a6f-8a19-2f7322f2dc55,4be5faa8-81f8-478a-a923-df8865ed4bbc,6f6dcd58-46f9-4796-8b12-f65aeb26ab1e,1.0,sm,6.0,6.0,2026-04-13T02:11:50.352189+00:00,False,
ae204220-5b5d-4471-9b4c-62a180f43045,4be5faa8-81f8-478a-a923-df8865ed4bbc,5da6dc1f-43a1-4182-bea0-4d1036c97b6d,1.0,lg,20.0,20.0,2026-04-13T02:11:50.352189+00:00,False,
1585d805-943d-4b5e-b9a2-4a4d6ab96356,54fa43b3-67df-4d00-984e-186f4b917f50,e662ef45-6aed-4a2e-ab16-cead317ac5b0,400.0,ea,0.35,140.0,2026-04-13T02:11:53.104794+00:00,False,
b5f30206-5a10-4ccf-a681-c41e70128d39,54fa43b3-67df-4d00-984e-186f4b917f50,2eaadb66-8823-4457-a67a-eaed6282bc1f,2.0,sm,6.0,12.0,2026-04-13T02:11:53.104794+00:00,False,
eba1d1b0-626b-4c25-89e6-180cb65f3f87,54fa43b3-67df-4d00-984e-186f4b917f50,6a383d81-af24-4d74-a14e-ec5dd8b4653d,1.0,lg,15.0,15.0,2026-04-13T02:11:53.104794+00:00,False,
98ea568f-582c-4ff7-979c-b46934b927eb,5d1c9626-6b30-4aa6-9816-22ce19c54fef,e662ef45-6aed-4a2e-ab16-cead317ac5b0,600.0,ea,0.35,210.0,2026-04-13T02:11:53.65867+00:00,False,
6fce2d92-b7d2-4e0d-884a-299292669be5,5d1c9626-6b30-4aa6-9816-22ce19c54fef,2eaadb66-8823-4457-a67a-eaed6282bc1f,2.0,sm,6.0,12.0,2026-04-13T02:11:53.65867+00:00,False,
5489df73-edcd-4b82-a4ff-033f1b6339db,5d1c9626-6b30-4aa6-9816-22ce19c54fef,6a383d81-af24-4d74-a14e-ec5dd8b4653d,1.0,lg,15.0,15.0,2026-04-13T02:11:53.65867+00:00,False,
dbd1b25d-0363-411a-aff7-f67159bd9af3,5d1c9626-6b30-4aa6-9816-22ce19c54fef,21d117ac-f8fb-45fd-bf02-a0f11942e9a3,1.0,lg,20.0,20.0,2026-04-13T02:11:53.65867+00:00,False,
665aa0f6-9443-4488-90e1-a55df6dbccee,668f2169-a690-44bb-b4be-c857887b9f97,b0017451-3a96-49f3-9e48-ea4ef19383bf,100.0,ea,0.2,20.0,2026-04-13T02:11:54.0787+00:00,False,
56e08f1c-39c7-40cb-b8a1-42f1fa0a5e72,668f2169-a690-44bb-b4be-c857887b9f97,c3573a8c-ee80-4e96-90b2-faedf186756a,5.0,bx,20.0,100.0,2026-04-13T02:11:54.0787+00:00,False,
d15d9d51-c7d1-4454-a195-95ab919ccf25,668f2169-a690-44bb-b4be-c857887b9f97,05f66656-45df-4cb0-bf70-229ad1938df6,5.0,lg,20.0,100.0,2026-04-13T02:11:54.0787+00:00,False,
a77e316d-a44b-40fd-ac13-a9565d50f87d,668f2169-a690-44bb-b4be-c857887b9f97,03ac3e2a-cd94-4a27-a5eb-b34640786fae,5.0,bx,20.0,100.0,2026-04-13T02:11:54.0787+00:00,False,
c442d1e9-c215-4f25-8eff-fc079d6b5290,8fe63366-e5db-497f-9840-530487b7a54e,cbf76c50-2ebd-4fee-a8a3-0eab9d8366ee,1.0,lg,12.0,12.0,2026-04-13T02:12:17.85696+00:00,False,
91f6415c-4fa0-43b2-b60d-619305a1a047,8fe63366-e5db-497f-9840-530487b7a54e,0abbd494-b25b-4f13-a55e-dcf6db986965,1.0,lg,15.0,15.0,2026-04-13T02:12:17.85696+00:00,False,
3205d8d6-dc24-4962-8e41-0cff66f214f4,8fe63366-e5db-497f-9840-530487b7a54e,1cd8cacb-9218-4990-9bbf-a2e7ce216f54,1.0,sm,12.0,12.0,2026-04-13T02:12:17.85696+00:00,False,
a8d6ce84-7601-4505-b6af-0307653ee758,8fe63366-e5db-497f-9840-530487b7a54e,4f4e920c-2cf6-4d2e-bd9b-e81927d9a495,1.0,ea,5.0,5.0,2026-04-13T02:12:17.85696+00:00,False,
f43f13b5-eb3d-4011-ab9e-dfca401e3c08,8fe63366-e5db-497f-9840-530487b7a54e,e662ef45-6aed-4a2e-ab16-cead317ac5b0,200.0,ea,0.35,70.0,2026-04-13T02:12:17.85696+00:00,False,
03c6a78f-2f94-4548-83a1-ba5dc61a2913,8fe63366-e5db-497f-9840-530487b7a54e,cbf76c50-2ebd-4fee-a8a3-0eab9d8366ee,1.0,lg,12.0,12.0,2026-04-13T02:12:17.85696+00:00,False,
fac7b519-cf9c-4e57-9d1f-bf061f64324b,8fe63366-e5db-497f-9840-530487b7a54e,28a2c4c0-22bf-4592-a7e7-88fd299fd33c,1.0,lg,15.0,15.0,2026-04-13T02:12:17.85696+00:00,False,
88466899-a647-4eb2-9ded-a9aa0edf08e1,8fe63366-e5db-497f-9840-530487b7a54e,3c8b8fbc-4f9e-4953-a4bd-37799b337807,1.0,lg,10.0,10.0,2026-04-13T02:12:17.85696+00:00,False,
f0cd0450-0bbe-486a-8538-64ecdc5a2657,8fe63366-e5db-497f-9840-530487b7a54e,27e7c46d-f7dd-4593-9578-85a9c38acf4e,2.0,lg,25.0,50.0,2026-04-13T02:12:17.85696+00:00,False,
26feb8b0-8b73-48df-b9d8-34003aa640cf,8fe63366-e5db-497f-9840-530487b7a54e,b78ea1c0-57d8-4155-bc7e-f9178f5c5ee1,1.0,lg,25.0,25.0,2026-04-13T02:12:17.85696+00:00,False,
c00c4e0b-db2d-4070-ad92-76e7edaf9122,8fe63366-e5db-497f-9840-530487b7a54e,fd5f8362-52f1-410c-97dc-bbe084c2c8e4,2.0,lg,10.0,20.0,2026-04-13T02:12:17.85696+00:00,False,
73f1c087-7e8e-4c54-8318-92f821b7f087,8fe63366-e5db-497f-9840-530487b7a54e,19a5d381-d434-4482-aee6-9b44308ff7d3,0.5,lg,15.0,7.5,2026-04-13T02:12:17.85696+00:00,False,
08616fdd-3e2b-4113-a896-465a7b0cf288,78754325-c6e9-4386-8a05-d721351f8ba4,cbf76c50-2ebd-4fee-a8a3-0eab9d8366ee,2.0,lg,12.0,24.0,2026-04-13T02:12:18.359744+00:00,False,
fc06a266-d0f8-474f-8652-3d2ae27bac73,78754325-c6e9-4386-8a05-d721351f8ba4,304ed108-096d-4022-b673-87feae1b5a1a,4.0,lg,25.0,100.0,2026-04-13T02:12:18.359744+00:00,False,
35692c2a-ada4-4f41-8842-71eb3bfb3159,78754325-c6e9-4386-8a05-d721351f8ba4,e17fe9fd-652f-4542-8a29-65e80a791a00,1.0,lg,20.0,20.0,2026-04-13T02:12:18.359744+00:00,False,
90ec0658-67ac-4869-9b7e-cb2a912bcd54,78754325-c6e9-4386-8a05-d721351f8ba4,45a1142b-7760-4e8c-a1af-989c15a5fdc4,1.0,lg,12.0,12.0,2026-04-13T02:12:18.359744+00:00,False,
ce7e5784-2134-4480-b6f6-0ceabbd455f8,78754325-c6e9-4386-8a05-d721351f8ba4,f14e1eaa-9677-4120-b8b5-37209f399915,0.5,lg,30.0,15.0,2026-04-13T02:12:18.359744+00:00,False,
da0e27a9-fbc7-482c-ba76-51e13acfafa5,78754325-c6e9-4386-8a05-d721351f8ba4,309781c4-ed69-40dc-860a-712d7414d66e,1.0,lg,16.0,16.0,2026-04-13T02:12:18.359744+00:00,False,
03e96746-8a96-4e98-866c-0beb5cb2aa28,78754325-c6e9-4386-8a05-d721351f8ba4,d399f7cb-cd56-4360-9e60-ccab8382fb61,1.0,lg,15.0,15.0,2026-04-13T02:12:18.359744+00:00,False,
cb423588-1312-4977-9fd2-d751f2cd655c,78754325-c6e9-4386-8a05-d721351f8ba4,e662ef45-6aed-4a2e-ab16-cead317ac5b0,500.0,ea,0.35,175.0,2026-04-13T02:12:18.359744+00:00,False,
53ded3b6-d9ea-42ca-8944-7b2d2046a3c8,78754325-c6e9-4386-8a05-d721351f8ba4,4f4e920c-2cf6-4d2e-bd9b-e81927d9a495,10.0,ea,5.0,50.0,2026-04-13T02:12:18.359744+00:00,False,
906f0a66-b15c-4875-94b8-00bfeaeedf71,78754325-c6e9-4386-8a05-d721351f8ba4,d744e61c-c90f-4181-9247-ae706cf2295d,20.0,lbs,4.0,80.0,2026-04-13T02:12:18.359744+00:00,False,
8d8e7814-4762-496e-9504-3ff687a322b8,78754325-c6e9-4386-8a05-d721351f8ba4,f74886a6-2688-4903-92e2-b277ac3871b9,1.0,bx,48.0,48.0,2026-04-13T02:12:18.359744+00:00,False,
1e65fc86-23e6-4fe5-b90f-94b0817569e3,20975be6-6ab0-4750-9a61-0c61ab889e4c,b90584d8-fc78-420b-91e1-490117cd30cd,2.0,sm,6.0,12.0,2026-04-13T02:12:18.923914+00:00,False,
1950a8b3-d32d-4902-af46-92a09f1f7cff,20975be6-6ab0-4750-9a61-0c61ab889e4c,e662ef45-6aed-4a2e-ab16-cead317ac5b0,200.0,ea,0.35,70.0,2026-04-13T02:12:18.923914+00:00,False,
9341606b-ad26-49ea-ba06-20306262cf9d,20975be6-6ab0-4750-9a61-0c61ab889e4c,6f6dcd58-46f9-4796-8b12-f65aeb26ab1e,1.0,sm,6.0,6.0,2026-04-13T02:12:18.923914+00:00,False,
3607f096-be7c-4e44-b02f-842599251f5b,011613a6-2a11-484e-b147-f8774db8b2b9,45a1142b-7760-4e8c-a1af-989c15a5fdc4,0.5,lg,12.0,6.0,2026-04-13T02:12:19.369074+00:00,False,
b76ff85e-4ac3-4fc7-8952-7ff0f6e2c716,011613a6-2a11-484e-b147-f8774db8b2b9,e0ac9138-c667-4899-b1a7-25684d83684c,3.0,sm,12.0,36.0,2026-04-13T02:12:19.369074+00:00,False,
4c80de10-a396-41a2-a05d-dc78667e6d38,011613a6-2a11-484e-b147-f8774db8b2b9,e662ef45-6aed-4a2e-ab16-cead317ac5b0,150.0,ea,0.35,52.5,2026-04-13T02:12:19.369074+00:00,False,
5e4f28f6-55fa-4ca3-a8a3-84d52f334754,011613a6-2a11-484e-b147-f8774db8b2b9,0abbd494-b25b-4f13-a55e-dcf6db986965,1.0,lg,15.0,15.0,2026-04-13T02:12:19.369074+00:00,False,
eafd950b-0d37-4166-a088-0aa2ab8479ed,011613a6-2a11-484e-b147-f8774db8b2b9,2c6f9099-8630-4310-9a1c-b81f5170e839,1.0,lg,12.0,12.0,2026-04-13T02:12:19.369074+00:00,False,
5db27572-dc46-41b4-9ce8-06eb70785785,011613a6-2a11-484e-b147-f8774db8b2b9,1cd8cacb-9218-4990-9bbf-a2e7ce216f54,1.0,sm,12.0,12.0,2026-04-13T02:12:19.369074+00:00,False,
66528dc8-699e-4978-a0bf-1ed3a5f0b5a8,011613a6-2a11-484e-b147-f8774db8b2b9,e662ef45-6aed-4a2e-ab16-cead317ac5b0,100.0,ea,0.35,35.0,2026-04-13T02:12:19.369074+00:00,False,
328bc52d-7460-4a56-9bba-c519d56bcf7c,011613a6-2a11-484e-b147-f8774db8b2b9,0516781f-0290-44a1-9f8f-adbf8db38425,10.0,lbs,4.5,45.0,2026-04-13T02:12:19.369074+00:00,False,
6b51be63-1a3a-400c-b293-884942f4da0a,011613a6-2a11-484e-b147-f8774db8b2b9,1ef573f5-82a5-437f-b478-f09a7c3a3b06,6.0,lg,25.0,150.0,2026-04-13T02:12:19.369074+00:00,False,
1b2d3172-1359-4482-b276-4f619689632f,011613a6-2a11-484e-b147-f8774db8b2b9,f74886a6-2688-4903-92e2-b277ac3871b9,1.0,bx,48.0,48.0,2026-04-13T02:12:19.369074+00:00,False,
13c612bb-6427-4b59-ab8b-891d1c9c61bd,a98a4458-4225-405f-b1d9-eac0649df2ef,e0ac9138-c667-4899-b1a7-25684d83684c,1.0,sm,12.0,12.0,2026-04-13T02:12:19.991272+00:00,False,
787f65c8-de6c-43e7-8695-0d3963871ba9,a98a4458-4225-405f-b1d9-eac0649df2ef,e662ef45-6aed-4a2e-ab16-cead317ac5b0,400.0,ea,0.35,140.0,2026-04-13T02:12:19.991272+00:00,False,
a204f137-2317-4d30-bec4-71735b2ee319,a98a4458-4225-405f-b1d9-eac0649df2ef,6f6dcd58-46f9-4796-8b12-f65aeb26ab1e,1.0,sm,6.0,6.0,2026-04-13T02:12:19.991272+00:00,False,
553c29e7-0194-4fb4-ad1a-39906de40d9b,a98a4458-4225-405f-b1d9-eac0649df2ef,0abbd494-b25b-4f13-a55e-dcf6db986965,2.0,lg,15.0,30.0,2026-04-13T02:12:19.991272+00:00,False,
c401818f-52bd-4461-b1fc-2e21184a226d,a98a4458-4225-405f-b1d9-eac0649df2ef,2c6f9099-8630-4310-9a1c-b81f5170e839,2.0,lg,12.0,24.0,2026-04-13T02:12:19.991272+00:00,False,
c77d2a9e-fe89-4e2f-bdfc-5523a5f92958,a98a4458-4225-405f-b1d9-eac0649df2ef,09dd43ee-5456-4692-9016-433d77d3b6cb,1.0,sm,15.0,15.0,2026-04-13T02:12:19.991272+00:00,False,
ed621e8a-d332-462a-8fa6-419d31833793,a98a4458-4225-405f-b1d9-eac0649df2ef,0b56583d-f70a-49bd-a226-d86b7983ad6c,1.0,lg,15.0,15.0,2026-04-13T02:12:19.991272+00:00,False,
f2d7a994-9750-40da-adb3-682e43eb58cf,a98a4458-4225-405f-b1d9-eac0649df2ef,d00c8ebc-9fbe-4581-9e90-068368dde389,10.0,lbs,5.0,50.0,2026-04-13T02:12:19.991272+00:00,False,
93400ad1-b4e3-4629-a185-b2e69e387c2d,bd9ec397-3d3e-4dd4-8aa8-38771ade86b7,0a36520c-f191-437c-9745-c85a53861102,1.0,lg,10.0,10.0,2026-04-13T02:12:20.396248+00:00,False,
10d5a997-02cc-4e65-94bb-5fa05a7a406f,bd9ec397-3d3e-4dd4-8aa8-38771ade86b7,e662ef45-6aed-4a2e-ab16-cead317ac5b0,300.0,ea,0.35,105.0,2026-04-13T02:12:20.396248+00:00,False,
cc7eab56-327d-4a18-a0ac-0a29f24d36c5,bd9ec397-3d3e-4dd4-8aa8-38771ade86b7,2c6f9099-8630-4310-9a1c-b81f5170e839,1.0,lg,12.0,12.0,2026-04-13T02:12:20.396248+00:00,False,
d3fc82be-f490-4b67-9391-f160d0fa245e,bd9ec397-3d3e-4dd4-8aa8-38771ade86b7,c34f7e2a-f610-4e56-847b-495bf4739360,1.0,sm,12.0,12.0,2026-04-13T02:12:20.396248+00:00,False,
752a7d7c-8017-4644-acaf-e6aec36039d1,bd9ec397-3d3e-4dd4-8aa8-38771ade86b7,4f4e920c-2cf6-4d2e-bd9b-e81927d9a495,2.0,ea,5.0,10.0,2026-04-13T02:12:20.396248+00:00,False,
d45c99c8-d200-407f-8a6d-f7ef527ec9e3,bd9ec397-3d3e-4dd4-8aa8-38771ade86b7,d00c8ebc-9fbe-4581-9e90-068368dde389,50.0,lbs,5.0,250.0,2026-04-13T02:12:20.396248+00:00,False,
15487553-f102-4cf7-9ad9-dd79157d25b2,381dcb2a-9c80-423d-9c5c-f88d807ac816,4f4e920c-2cf6-4d2e-bd9b-e81927d9a495,15.0,ea,5.0,75.0,2026-04-13T02:12:20.878463+00:00,False,
c818e9d0-dce7-4e3c-b1ec-3f6daafe3a75,381dcb2a-9c80-423d-9c5c-f88d807ac816,09dd43ee-5456-4692-9016-433d77d3b6cb,1.0,sm,15.0,15.0,2026-04-13T02:12:20.878463+00:00,False,
a0b5eb3a-607e-45e4-a26a-975b892d94d6,381dcb2a-9c80-423d-9c5c-f88d807ac816,fd5f8362-52f1-410c-97dc-bbe084c2c8e4,1.0,lg,10.0,10.0,2026-04-13T02:12:20.878463+00:00,False,
2abf445d-7825-4d1b-9448-3bfd2fdcdd6e,381dcb2a-9c80-423d-9c5c-f88d807ac816,e662ef45-6aed-4a2e-ab16-cead317ac5b0,200.0,ea,0.35,70.0,2026-04-13T02:12:20.878463+00:00,False,
9f290cac-bcaf-4a10-b784-8ed60ceab0d8,381dcb2a-9c80-423d-9c5c-f88d807ac816,2c6f9099-8630-4310-9a1c-b81f5170e839,1.0,lg,12.0,12.0,2026-04-13T02:12:20.878463+00:00,False,
57218b45-2b0f-482f-8c96-e26104d8ebd4,381dcb2a-9c80-423d-9c5c-f88d807ac816,1cd8cacb-9218-4990-9bbf-a2e7ce216f54,1.0,sm,12.0,12.0,2026-04-13T02:12:20.878463+00:00,False,
dae02fb5-fa91-46d1-8fc2-cbb1c0ec98d3,381dcb2a-9c80-423d-9c5c-f88d807ac816,e0ac9138-c667-4899-b1a7-25684d83684c,1.0,sm,12.0,12.0,2026-04-13T02:12:20.878463+00:00,False,
32016495-e780-4fdf-a9f3-8b667350d924,381dcb2a-9c80-423d-9c5c-f88d807ac816,f14e1eaa-9677-4120-b8b5-37209f399915,1.0,lg,30.0,30.0,2026-04-13T02:12:20.878463+00:00,False,
177567eb-2cc0-4776-a942-4b7a584b83f2,381dcb2a-9c80-423d-9c5c-f88d807ac816,19508c8b-5f9f-4cda-bffa-d36ef4c07bc2,2.0,lg,10.0,20.0,2026-04-13T02:12:20.878463+00:00,False,
511c9c8e-2845-4011-aa43-bbd8d8232eba,381dcb2a-9c80-423d-9c5c-f88d807ac816,4acd4dc2-eb69-48a4-8f0d-dc509f93beb4,1.0,sm,12.0,12.0,2026-04-13T02:12:20.878463+00:00,False,
76723ba6-ee1b-4601-8388-2f23d45bb335,381dcb2a-9c80-423d-9c5c-f88d807ac816,5920adcc-3687-45b2-a0ad-50b17f24faef,1.0,lg,15.0,15.0,2026-04-13T02:12:20.878463+00:00,False,
8033943a-abdf-4352-90d7-469d351bb8a0,381dcb2a-9c80-423d-9c5c-f88d807ac816,e81c39b6-82fe-4505-b835-ed93e4220988,1.0,sm,12.0,12.0,2026-04-13T02:12:20.878463+00:00,False,
debeefbe-4009-4026-bf56-c2e79edd1a80,381dcb2a-9c80-423d-9c5c-f88d807ac816,ff117f7e-e829-4c9b-94be-583211e2b8eb,1.0,sm,15.0,15.0,2026-04-13T02:12:20.878463+00:00,False,
513bcaf0-5395-45de-b7be-3f1c679548a7,381dcb2a-9c80-423d-9c5c-f88d807ac816,2ec9bf07-c28b-4a11-809e-a7be42c4db76,1.0,lg,20.0,20.0,2026-04-13T02:12:20.878463+00:00,False,
b9d4e24f-927c-4025-ba2f-d26905298454,381dcb2a-9c80-423d-9c5c-f88d807ac816,d399f7cb-cd56-4360-9e60-ccab8382fb61,1.0,lg,15.0,15.0,2026-04-13T02:12:20.878463+00:00,False,
92d93a39-ad80-403e-8f0f-d773accdbac2,1141b83d-b848-4a2c-ac57-dc396e3dbf68,b90584d8-fc78-420b-91e1-490117cd30cd,1.0,sm,6.0,6.0,2026-04-13T02:12:18.060011+00:00,False,
23a42328-2f81-4649-9c9a-52d788f9c8f3,1141b83d-b848-4a2c-ac57-dc396e3dbf68,e17fe9fd-652f-4542-8a29-65e80a791a00,1.0,lg,20.0,20.0,2026-04-13T02:12:18.060011+00:00,False,
8e9ad236-f661-4cda-9551-74570a5e05ba,1141b83d-b848-4a2c-ac57-dc396e3dbf68,e81c39b6-82fe-4505-b835-ed93e4220988,1.0,sm,12.0,12.0,2026-04-13T02:12:18.060011+00:00,False,
e4a5d47f-0d65-46a3-8717-6453a0eb7dd8,1141b83d-b848-4a2c-ac57-dc396e3dbf68,cb8885fa-21df-4a06-9dcc-911e9c6c474d,4.0,sm,15.0,60.0,2026-04-13T02:12:18.060011+00:00,False,
37d55b0d-59ef-4be8-9028-19bf9fd5e112,1141b83d-b848-4a2c-ac57-dc396e3dbf68,e662ef45-6aed-4a2e-ab16-cead317ac5b0,200.0,ea,0.35,70.0,2026-04-13T02:12:18.060011+00:00,False,
8a7ab200-c3bb-42e2-94ef-234b9f7a6bc1,1141b83d-b848-4a2c-ac57-dc396e3dbf68,0b56583d-f70a-49bd-a226-d86b7983ad6c,1.0,lg,15.0,15.0,2026-04-13T02:12:18.060011+00:00,False,
a93ff701-3dc9-4b47-8d81-a212fa5182d7,3385a478-3473-4f06-8382-40bc1cdfcae6,4acd4dc2-eb69-48a4-8f0d-dc509f93beb4,1.0,sm,12.0,12.0,2026-04-13T02:12:18.715657+00:00,False,
074a1b5a-38db-4827-a0f1-926f97a54baf,3385a478-3473-4f06-8382-40bc1cdfcae6,4f4e920c-2cf6-4d2e-bd9b-e81927d9a495,15.0,ea,5.0,75.0,2026-04-13T02:12:18.715657+00:00,False,
326fd8ed-b013-4fb8-a020-9854659cfc5e,3385a478-3473-4f06-8382-40bc1cdfcae6,d00c8ebc-9fbe-4581-9e90-068368dde389,20.0,lbs,5.0,100.0,2026-04-13T02:12:18.715657+00:00,False,
7d575ac7-087a-41bf-a554-8a3852d88a05,3385a478-3473-4f06-8382-40bc1cdfcae6,fd5f8362-52f1-410c-97dc-bbe084c2c8e4,1.0,lg,10.0,10.0,2026-04-13T02:12:18.715657+00:00,False,
962251a9-1e1c-406d-8aaa-5c5225cb75b6,3385a478-3473-4f06-8382-40bc1cdfcae6,c1a8700d-9fe7-4842-97e2-84acd9d975b3,100.0,ea,0.1,10.0,2026-04-13T02:12:18.715657+00:00,False,
ac6fda90-213b-4788-a03a-e54379b2d2c7,3385a478-3473-4f06-8382-40bc1cdfcae6,0abbd494-b25b-4f13-a55e-dcf6db986965,1.0,lg,15.0,15.0,2026-04-13T02:12:18.715657+00:00,False,
68746d83-9250-472e-a8c0-72a0e1e87b6c,3385a478-3473-4f06-8382-40bc1cdfcae6,5920adcc-3687-45b2-a0ad-50b17f24faef,1.0,lg,15.0,15.0,2026-04-13T02:12:18.715657+00:00,False,
b88d8dfa-1c83-4f0c-bbb1-5ce2e3416235,3385a478-3473-4f06-8382-40bc1cdfcae6,b90584d8-fc78-420b-91e1-490117cd30cd,2.0,sm,6.0,12.0,2026-04-13T02:12:18.715657+00:00,False,
326d7fae-fd5c-40d8-b1ca-6606be0fc81a,3385a478-3473-4f06-8382-40bc1cdfcae6,e81c39b6-82fe-4505-b835-ed93e4220988,2.0,sm,12.0,24.0,2026-04-13T02:12:18.715657+00:00,False,
232170bc-225e-43a6-bd06-a71b8355cdb9,3385a478-3473-4f06-8382-40bc1cdfcae6,cbf76c50-2ebd-4fee-a8a3-0eab9d8366ee,1.0,lg,12.0,12.0,2026-04-13T02:12:18.715657+00:00,False,
eec8407e-502c-41d4-8ae0-7786758c52cb,3385a478-3473-4f06-8382-40bc1cdfcae6,19508c8b-5f9f-4cda-bffa-d36ef4c07bc2,1.0,lg,10.0,10.0,2026-04-13T02:12:18.715657+00:00,False,
b31a482e-f271-498b-93df-1f510d898a02,3385a478-3473-4f06-8382-40bc1cdfcae6,4acd4dc2-eb69-48a4-8f0d-dc509f93beb4,2.0,sm,12.0,24.0,2026-04-13T02:12:18.715657+00:00,False,
06ef39b3-05a0-41a7-82d4-b12b40f7a3c8,3a04dbe2-9e28-4544-9b31-0ab417ed9fb2,b90584d8-fc78-420b-91e1-490117cd30cd,2.0,sm,6.0,12.0,2026-04-13T02:12:19.142844+00:00,False,
978ccf4f-07f8-455f-8e39-c419c065c44f,3a04dbe2-9e28-4544-9b31-0ab417ed9fb2,f0c608fc-95ab-4c48-a3ba-877a7937f660,1.0,lg,12.0,12.0,2026-04-13T02:12:19.142844+00:00,False,
59eef153-b6ea-4c2e-a570-91183b1164ab,3a04dbe2-9e28-4544-9b31-0ab417ed9fb2,f95b7a6f-37f8-4de1-9fdc-7ac2ef7d7af4,1.0,lg,12.0,12.0,2026-04-13T02:12:19.142844+00:00,False,
14f1ade9-cba3-44df-8df4-0533d3d3d397,3a04dbe2-9e28-4544-9b31-0ab417ed9fb2,e662ef45-6aed-4a2e-ab16-cead317ac5b0,200.0,ea,0.35,70.0,2026-04-13T02:12:19.142844+00:00,False,
8f5106f7-2fd4-492f-8675-45d8f7b62fb2,3a04dbe2-9e28-4544-9b31-0ab417ed9fb2,6f6dcd58-46f9-4796-8b12-f65aeb26ab1e,1.0,sm,6.0,6.0,2026-04-13T02:12:19.142844+00:00,False,
7f2c6910-18ff-4518-b936-f03bca57d796,3a04dbe2-9e28-4544-9b31-0ab417ed9fb2,4f4e920c-2cf6-4d2e-bd9b-e81927d9a495,10.0,ea,5.0,50.0,2026-04-13T02:12:19.142844+00:00,False,
99daf53e-ae7e-4064-b3e5-970e6ca810f8,3a04dbe2-9e28-4544-9b31-0ab417ed9fb2,f14e1eaa-9677-4120-b8b5-37209f399915,1.0,lg,30.0,30.0,2026-04-13T02:12:19.142844+00:00,False,
c81c5e0e-cd45-421e-bda8-ec726c1fb6b7,3a04dbe2-9e28-4544-9b31-0ab417ed9fb2,2ec9bf07-c28b-4a11-809e-a7be42c4db76,1.0,lg,20.0,20.0,2026-04-13T02:12:19.142844+00:00,False,
912c8b02-7936-46ef-9234-5bf002548b87,3a04dbe2-9e28-4544-9b31-0ab417ed9fb2,1cd8cacb-9218-4990-9bbf-a2e7ce216f54,1.0,sm,12.0,12.0,2026-04-13T02:12:19.142844+00:00,False,
3f0d5ec1-c3f1-43cb-abc5-3e8173c2fe6d,3a04dbe2-9e28-4544-9b31-0ab417ed9fb2,304ed108-096d-4022-b673-87feae1b5a1a,1.0,lg,25.0,25.0,2026-04-13T02:12:19.142844+00:00,False,
448fa385-ee61-474d-99f0-c962a96d8bda,3a04dbe2-9e28-4544-9b31-0ab417ed9fb2,19508c8b-5f9f-4cda-bffa-d36ef4c07bc2,1.0,lg,10.0,10.0,2026-04-13T02:12:19.142844+00:00,False,
abbeab24-ddef-4073-9538-725f8becdfa2,3a04dbe2-9e28-4544-9b31-0ab417ed9fb2,3c8b8fbc-4f9e-4953-a4bd-37799b337807,1.0,lg,10.0,10.0,2026-04-13T02:12:19.142844+00:00,False,
af935ae6-a908-4057-9b12-1b028594f6fb,3a04dbe2-9e28-4544-9b31-0ab417ed9fb2,8ee929fd-00ee-4ed8-9cc5-1bac874eb3d3,1.0,lg,10.0,10.0,2026-04-13T02:12:19.142844+00:00,False,
6deccb00-6705-438f-ae9b-7a93691e47c9,19ecaa11-58f1-45b1-8090-9df8af03093c,4f4e920c-2cf6-4d2e-bd9b-e81927d9a495,10.0,ea,5.0,50.0,2026-04-13T02:12:19.768179+00:00,False,
a0088a65-4150-4007-be8e-d6f0d207698c,19ecaa11-58f1-45b1-8090-9df8af03093c,19508c8b-5f9f-4cda-bffa-d36ef4c07bc2,2.0,lg,10.0,20.0,2026-04-13T02:12:19.768179+00:00,False,
38c5ea29-d6f7-4c93-a17d-47eaa119efa0,19ecaa11-58f1-45b1-8090-9df8af03093c,1cd8cacb-9218-4990-9bbf-a2e7ce216f54,1.0,sm,12.0,12.0,2026-04-13T02:12:19.768179+00:00,False,
fa499ab9-53e1-4c14-8ed2-4d1e5da7743e,19ecaa11-58f1-45b1-8090-9df8af03093c,4acd4dc2-eb69-48a4-8f0d-dc509f93beb4,1.0,sm,12.0,12.0,2026-04-13T02:12:19.768179+00:00,False,
fa3f293e-b5d6-44b7-9e03-db2eaf2d3f74,19ecaa11-58f1-45b1-8090-9df8af03093c,fd5f8362-52f1-410c-97dc-bbe084c2c8e4,1.0,lg,10.0,10.0,2026-04-13T02:12:19.768179+00:00,False,
853150b6-a5e5-40f4-b603-09ed9d56ae1f,19ecaa11-58f1-45b1-8090-9df8af03093c,c1a8700d-9fe7-4842-97e2-84acd9d975b3,250.0,ea,0.1,25.0,2026-04-13T02:12:19.768179+00:00,False,
18219a29-0fed-4633-ab3f-ac86fc76c733,19ecaa11-58f1-45b1-8090-9df8af03093c,62ef1b1f-0f0c-4ea8-ae97-8262c836aca4,1.0,lg,15.0,15.0,2026-04-13T02:12:19.768179+00:00,False,
f6b93a77-227c-48f5-9f89-f76ef3db657d,19ecaa11-58f1-45b1-8090-9df8af03093c,d399f7cb-cd56-4360-9e60-ccab8382fb61,1.0,lg,15.0,15.0,2026-04-13T02:12:19.768179+00:00,False,
28229e37-14e5-4988-b877-fa5f0df95aa1,19ecaa11-58f1-45b1-8090-9df8af03093c,f14e1eaa-9677-4120-b8b5-37209f399915,1.0,lg,30.0,30.0,2026-04-13T02:12:19.768179+00:00,False,
6a5336c3-9c3a-4bad-870e-9ca0cd43e0d7,19ecaa11-58f1-45b1-8090-9df8af03093c,e17fe9fd-652f-4542-8a29-65e80a791a00,0.5,lg,20.0,10.0,2026-04-13T02:12:19.768179+00:00,False,
01a242a3-cf45-402b-9b3d-8117cd76cc99,19ecaa11-58f1-45b1-8090-9df8af03093c,1cd8cacb-9218-4990-9bbf-a2e7ce216f54,3.0,sm,12.0,36.0,2026-04-13T02:12:19.768179+00:00,False,
b0cd9229-ef2b-42f6-a382-fc5869848ec9,19ecaa11-58f1-45b1-8090-9df8af03093c,e662ef45-6aed-4a2e-ab16-cead317ac5b0,100.0,ea,0.35,35.0,2026-04-13T02:12:19.768179+00:00,False,
77b5f0d2-0bab-4f62-9e1c-da4bddcea8ad,19ecaa11-58f1-45b1-8090-9df8af03093c,2c6f9099-8630-4310-9a1c-b81f5170e839,1.0,lg,12.0,12.0,2026-04-13T02:12:19.768179+00:00,False,
07d5876d-d37d-423e-be49-6e504dc07194,19ecaa11-58f1-45b1-8090-9df8af03093c,e0ac9138-c667-4899-b1a7-25684d83684c,3.0,sm,12.0,36.0,2026-04-13T02:12:19.768179+00:00,False,
802820b5-d0db-4706-b91d-ee29f0ced233,19ecaa11-58f1-45b1-8090-9df8af03093c,e662ef45-6aed-4a2e-ab16-cead317ac5b0,250.0,ea,0.35,87.5,2026-04-13T02:12:19.768179+00:00,False,
ed47c3b4-b038-47de-8246-26c1ddaa2f61,61f0822c-84c7-4c1b-9a31-7901d6e73c19,c1a8700d-9fe7-4842-97e2-84acd9d975b3,200.0,ea,0.1,20.0,2026-04-13T02:12:20.191653+00:00,False,
79689562-4061-4a2f-a6bb-aca448d7cbc2,61f0822c-84c7-4c1b-9a31-7901d6e73c19,e0ac9138-c667-4899-b1a7-25684d83684c,1.0,sm,12.0,12.0,2026-04-13T02:12:20.191653+00:00,False,
8af02701-ee9b-4232-af95-ee93be2eac02,61f0822c-84c7-4c1b-9a31-7901d6e73c19,1cd8cacb-9218-4990-9bbf-a2e7ce216f54,3.0,sm,12.0,36.0,2026-04-13T02:12:20.191653+00:00,False,
8a26254a-c5ba-4659-a727-fb737518c8e3,61f0822c-84c7-4c1b-9a31-7901d6e73c19,0abbd494-b25b-4f13-a55e-dcf6db986965,2.0,lg,15.0,30.0,2026-04-13T02:12:20.191653+00:00,False,
9523c524-b196-4e63-9611-21cd4ce106da,61f0822c-84c7-4c1b-9a31-7901d6e73c19,4f4e920c-2cf6-4d2e-bd9b-e81927d9a495,20.0,ea,5.0,100.0,2026-04-13T02:12:20.191653+00:00,False,
6266cd0e-5e6f-4f76-9389-b5657b98db0c,61f0822c-84c7-4c1b-9a31-7901d6e73c19,d744e61c-c90f-4181-9247-ae706cf2295d,25.0,lbs,4.0,100.0,2026-04-13T02:12:20.191653+00:00,False,
eec105ec-d0ed-4663-8663-1e1b9b2e7cad,8bff66df-37a4-4628-a77f-4981e61740aa,e17fe9fd-652f-4542-8a29-65e80a791a00,1.0,lg,20.0,20.0,2026-04-13T02:12:20.606282+00:00,False,
4a301c24-3621-4432-917b-2633bc53b647,8bff66df-37a4-4628-a77f-4981e61740aa,09dd43ee-5456-4692-9016-433d77d3b6cb,1.0,sm,15.0,15.0,2026-04-13T02:12:20.606282+00:00,False,
115df988-7880-4dae-9ce0-873508ae5d41,8bff66df-37a4-4628-a77f-4981e61740aa,e662ef45-6aed-4a2e-ab16-cead317ac5b0,100.0,ea,0.35,35.0,2026-04-13T02:12:20.606282+00:00,False,
8f5f0d42-5447-49e8-b28b-33ab291d881a,8bff66df-37a4-4628-a77f-4981e61740aa,19508c8b-5f9f-4cda-bffa-d36ef4c07bc2,2.0,lg,10.0,20.0,2026-04-13T02:12:20.606282+00:00,False,
fd39f02c-e728-4335-92dd-e06fbb13d4c1,8bff66df-37a4-4628-a77f-4981e61740aa,fd5f8362-52f1-410c-97dc-bbe084c2c8e4,1.0,lg,10.0,10.0,2026-04-13T02:12:20.606282+00:00,False,
778d6b0b-db77-4864-9699-477ccde4460a,8bff66df-37a4-4628-a77f-4981e61740aa,4f4e920c-2cf6-4d2e-bd9b-e81927d9a495,10.0,ea,5.0,50.0,2026-04-13T02:12:20.606282+00:00,False,
8d3d50f1-6b5f-49ad-b913-eb1911016414,8bff66df-37a4-4628-a77f-4981e61740aa,b0017451-3a96-49f3-9e48-ea4ef19383bf,100.0,ea,0.2,20.0,2026-04-13T02:12:20.606282+00:00,False,
fc12bac6-0557-4dc5-8921-e17f782997b7,bfd217b3-ad49-42d7-ab61-3f2f99dd78e8,aef96fc8-88ea-48ab-bc0f-0c812c919007,25.0,lbs,4.0,100.0,2026-04-13T02:12:21.383664+00:00,False,
dc8344d0-5487-4df2-a2a2-ef9e3a5cb99f,bfd217b3-ad49-42d7-ab61-3f2f99dd78e8,1b5e7f69-0650-4d5d-a6bf-e6d54d03f21e,2.0,lg,25.0,50.0,2026-04-13T02:12:21.383664+00:00,False,
1fa12cb1-364c-4f04-87e7-38f8649afb24,bfd217b3-ad49-42d7-ab61-3f2f99dd78e8,c1a8700d-9fe7-4842-97e2-84acd9d975b3,100.0,ea,0.1,10.0,2026-04-13T02:12:21.383664+00:00,False,
6c0c1213-35a6-4564-ae0f-d79b7bfc0e78,bfd217b3-ad49-42d7-ab61-3f2f99dd78e8,62ef1b1f-0f0c-4ea8-ae97-8262c836aca4,1.0,lg,15.0,15.0,2026-04-13T02:12:21.383664+00:00,False,
79f3d4af-a5da-4695-acb3-6feb11831c22,bfd217b3-ad49-42d7-ab61-3f2f99dd78e8,ad510ff3-14e5-40fa-b454-26ebc4bf299c,1.0,lg,15.0,15.0,2026-04-13T02:12:21.383664+00:00,False,
58ccf2b4-84bc-4ae7-872e-0045517dc4f2,bfd217b3-ad49-42d7-ab61-3f2f99dd78e8,5920adcc-3687-45b2-a0ad-50b17f24faef,1.0,lg,15.0,15.0,2026-04-13T02:12:21.383664+00:00,False,
b9285357-48d5-4268-bc0d-f95a27ce7c30,381dcb2a-9c80-423d-9c5c-f88d807ac816,cb8885fa-21df-4a06-9dcc-911e9c6c474d,1.0,sm,15.0,15.0,2026-04-13T02:12:20.878463+00:00,False,
7047a3bf-35bf-4bc6-bae1-2a331ade0bfa,988b37cb-437a-4f62-b1b8-962d67af70ba,2ec9bf07-c28b-4a11-809e-a7be42c4db76,1.0,lg,20.0,20.0,2026-04-13T02:12:21.651304+00:00,False,
b95c3391-7d69-42f5-ad57-2880edf2390d,988b37cb-437a-4f62-b1b8-962d67af70ba,e0ac9138-c667-4899-b1a7-25684d83684c,2.0,sm,12.0,24.0,2026-04-13T02:12:21.651304+00:00,False,
f38449ea-8bfe-4705-a60b-89208c9bbedb,988b37cb-437a-4f62-b1b8-962d67af70ba,1cd8cacb-9218-4990-9bbf-a2e7ce216f54,1.0,sm,12.0,12.0,2026-04-13T02:12:21.651304+00:00,False,
a700c1b4-24d4-4b64-a469-d7b9cf719852,988b37cb-437a-4f62-b1b8-962d67af70ba,c34f7e2a-f610-4e56-847b-495bf4739360,1.0,sm,12.0,12.0,2026-04-13T02:12:21.651304+00:00,False,
42385bb0-3c10-4139-92c3-c16d3759514a,988b37cb-437a-4f62-b1b8-962d67af70ba,e662ef45-6aed-4a2e-ab16-cead317ac5b0,500.0,ea,0.35,175.0,2026-04-13T02:12:21.651304+00:00,False,
e87cbf6a-c11f-430f-b65c-8585f9bd934a,988b37cb-437a-4f62-b1b8-962d67af70ba,2c6f9099-8630-4310-9a1c-b81f5170e839,1.0,lg,12.0,12.0,2026-04-13T02:12:21.651304+00:00,False,
6f898c92-d440-4822-8190-bb77b4d957c1,988b37cb-437a-4f62-b1b8-962d67af70ba,09dd43ee-5456-4692-9016-433d77d3b6cb,1.0,sm,15.0,15.0,2026-04-13T02:12:21.651304+00:00,False,
f0e1c3f0-4b94-419c-a100-72517466ae48,988b37cb-437a-4f62-b1b8-962d67af70ba,19a5d381-d434-4482-aee6-9b44308ff7d3,1.0,lg,15.0,15.0,2026-04-13T02:12:21.651304+00:00,False,
5076ca0b-5e73-43f0-9f4e-362e04381d99,988b37cb-437a-4f62-b1b8-962d67af70ba,b7693f65-7b87-4620-a292-f9e60fd3cfa9,1.0,lg,15.0,15.0,2026-04-13T02:12:21.651304+00:00,False,
de9a310d-21b4-4fad-b7f8-bd490d8857d9,28774989-ec75-44fb-9216-daa7f31faae0,f0c608fc-95ab-4c48-a3ba-877a7937f660,1.0,lg,12.0,12.0,2026-04-13T02:12:22.214896+00:00,False,
8d2df30f-377e-4617-9e9d-71474a3614f7,28774989-ec75-44fb-9216-daa7f31faae0,5920adcc-3687-45b2-a0ad-50b17f24faef,1.0,lg,15.0,15.0,2026-04-13T02:12:22.214896+00:00,False,
fe12b11f-28de-4e35-a95e-660d78c34e7c,28774989-ec75-44fb-9216-daa7f31faae0,62ef1b1f-0f0c-4ea8-ae97-8262c836aca4,1.0,lg,15.0,15.0,2026-04-13T02:12:22.214896+00:00,False,
af08790e-b29d-470e-8a43-eb359c8c0dff,28774989-ec75-44fb-9216-daa7f31faae0,ad510ff3-14e5-40fa-b454-26ebc4bf299c,2.0,lg,15.0,30.0,2026-04-13T02:12:22.214896+00:00,False,
5877227d-d93f-4c47-9a40-53526d0aaaaa,28774989-ec75-44fb-9216-daa7f31faae0,03ac3e2a-cd94-4a27-a5eb-b34640786fae,1.0,bx,20.0,20.0,2026-04-13T02:12:22.214896+00:00,False,
ad45cfa7-a3c7-4d8a-a3bf-02ab17f3ad61,28774989-ec75-44fb-9216-daa7f31faae0,c3573a8c-ee80-4e96-90b2-faedf186756a,1.0,bx,20.0,20.0,2026-04-13T02:12:22.214896+00:00,False,
2dad1d1e-ceef-40b2-aa43-cb133a429751,28774989-ec75-44fb-9216-daa7f31faae0,d00c8ebc-9fbe-4581-9e90-068368dde389,50.0,lbs,5.0,250.0,2026-04-13T02:12:22.214896+00:00,False,
29b424fc-fc29-421c-baed-9cc953364829,28774989-ec75-44fb-9216-daa7f31faae0,b90584d8-fc78-420b-91e1-490117cd30cd,1.0,sm,6.0,6.0,2026-04-13T02:12:22.214896+00:00,False,
e638d2cc-27c7-4ea8-a9e7-e5f70f321cd2,28774989-ec75-44fb-9216-daa7f31faae0,ff117f7e-e829-4c9b-94be-583211e2b8eb,1.0,sm,15.0,15.0,2026-04-13T02:12:22.214896+00:00,False,
02cb3231-b3e0-46e4-a431-2510c3d3c85c,28774989-ec75-44fb-9216-daa7f31faae0,2ec9bf07-c28b-4a11-809e-a7be42c4db76,1.0,lg,20.0,20.0,2026-04-13T02:12:22.214896+00:00,False,
6523aa67-c4e3-49b8-9c9a-d76695200299,28774989-ec75-44fb-9216-daa7f31faae0,cb8885fa-21df-4a06-9dcc-911e9c6c474d,1.0,sm,15.0,15.0,2026-04-13T02:12:22.214896+00:00,False,
ee90c511-888d-4179-93f0-6c2492d2a686,28774989-ec75-44fb-9216-daa7f31faae0,1cd8cacb-9218-4990-9bbf-a2e7ce216f54,1.0,sm,12.0,12.0,2026-04-13T02:12:22.214896+00:00,False,
78c936c7-7ccc-4b92-8eab-e58128e50b30,28774989-ec75-44fb-9216-daa7f31faae0,e662ef45-6aed-4a2e-ab16-cead317ac5b0,50.0,ea,0.35,17.5,2026-04-13T02:12:22.214896+00:00,False,
e2866dfb-279c-4c6e-bccb-ffc398f9fa0a,28774989-ec75-44fb-9216-daa7f31faae0,e662ef45-6aed-4a2e-ab16-cead317ac5b0,50.0,ea,0.35,17.5,2026-04-13T02:12:22.214896+00:00,False,
3b3b9a57-1f13-410d-8549-85e49b493be6,28774989-ec75-44fb-9216-daa7f31faae0,cbf76c50-2ebd-4fee-a8a3-0eab9d8366ee,1.0,lg,12.0,12.0,2026-04-13T02:12:22.214896+00:00,False,
c7b0d563-c0f3-42dd-8ef8-f7747af5bd1a,28774989-ec75-44fb-9216-daa7f31faae0,0abbd494-b25b-4f13-a55e-dcf6db986965,1.0,lg,15.0,15.0,2026-04-13T02:12:22.214896+00:00,False,
cd25fc42-283b-422f-90b0-1eedf6d86547,28774989-ec75-44fb-9216-daa7f31faae0,40b5c780-6569-4806-8e95-e2c92eaa87c9,1.0,lg,15.0,15.0,2026-04-13T02:12:22.214896+00:00,False,
622547b3-c7cb-4dbe-b733-5e4edf7811aa,28774989-ec75-44fb-9216-daa7f31faae0,3c8b8fbc-4f9e-4953-a4bd-37799b337807,1.0,lg,10.0,10.0,2026-04-13T02:12:22.214896+00:00,False,
1bd84287-f76a-49a5-94c8-cffb0df930ce,28774989-ec75-44fb-9216-daa7f31faae0,8ee929fd-00ee-4ed8-9cc5-1bac874eb3d3,1.0,lg,10.0,10.0,2026-04-13T02:12:22.214896+00:00,False,
33027295-2b9e-4c67-8dd2-3fbcd436c870,28774989-ec75-44fb-9216-daa7f31faae0,28a2c4c0-22bf-4592-a7e7-88fd299fd33c,1.0,lg,15.0,15.0,2026-04-13T02:12:22.214896+00:00,False,
ab78f1fe-7da6-44e3-a8c1-22318b56e3dd,28774989-ec75-44fb-9216-daa7f31faae0,0b56583d-f70a-49bd-a226-d86b7983ad6c,1.0,lg,15.0,15.0,2026-04-13T02:12:22.214896+00:00,False,
a00f8bba-798e-4919-9ad4-a957838a5082,28774989-ec75-44fb-9216-daa7f31faae0,b66e80d0-7f23-44ac-a6d3-5db4212284e6,1.0,lg,15.0,15.0,2026-04-13T02:12:22.214896+00:00,False,
6f029756-3f14-434e-9b3b-a35fd6686928,28774989-ec75-44fb-9216-daa7f31faae0,1b5e7f69-0650-4d5d-a6bf-e6d54d03f21e,1.0,lg,25.0,25.0,2026-04-13T02:12:22.214896+00:00,False,
63498535-db62-46a7-bb1b-ee31fd589418,28774989-ec75-44fb-9216-daa7f31faae0,949a9839-c640-4bf7-a7b6-59e93d5e927e,5.0,lbs,4.5,22.5,2026-04-13T02:12:22.214896+00:00,False,
924f04f2-7f5e-4466-bc35-1d7ac2cb2fd8,28774989-ec75-44fb-9216-daa7f31faae0,fd5f8362-52f1-410c-97dc-bbe084c2c8e4,1.0,lg,10.0,10.0,2026-04-13T02:12:22.214896+00:00,False,
7fbf151c-60d2-476b-87d6-04b13ae5241b,28774989-ec75-44fb-9216-daa7f31faae0,0516781f-0290-44a1-9f8f-adbf8db38425,5.0,lbs,4.5,22.5,2026-04-13T02:12:22.214896+00:00,False,
8432e13a-b98c-44ee-ab07-aa69c9e36bf9,28774989-ec75-44fb-9216-daa7f31faae0,f0c608fc-95ab-4c48-a3ba-877a7937f660,1.0,lg,12.0,12.0,2026-04-13T02:12:22.214896+00:00,False,
56df2054-5e5e-439f-b406-6176ce6edcd2,28774989-ec75-44fb-9216-daa7f31faae0,5920adcc-3687-45b2-a0ad-50b17f24faef,1.0,lg,15.0,15.0,2026-04-13T02:12:22.214896+00:00,False,
f27a3fb1-26cd-4f9f-b6e7-781b3e3ad1bc,28774989-ec75-44fb-9216-daa7f31faae0,0a36520c-f191-437c-9745-c85a53861102,1.0,lg,10.0,10.0,2026-04-13T02:12:22.214896+00:00,False,
6e90e9fa-6af6-4b59-9b95-fb994403a5c4,28774989-ec75-44fb-9216-daa7f31faae0,e662ef45-6aed-4a2e-ab16-cead317ac5b0,100.0,ea,0.35,35.0,2026-04-13T02:12:22.214896+00:00,False,
636d23e7-746f-48bd-9ef0-065da493a8d9,28774989-ec75-44fb-9216-daa7f31faae0,6f6dcd58-46f9-4796-8b12-f65aeb26ab1e,1.0,sm,6.0,6.0,2026-04-13T02:12:22.214896+00:00,False,
0330eefb-fa2b-4827-9bef-b64ab4a76e42,28774989-ec75-44fb-9216-daa7f31faae0,0abbd494-b25b-4f13-a55e-dcf6db986965,1.0,lg,15.0,15.0,2026-04-13T02:12:22.214896+00:00,False,
39f88146-97d6-4bc9-9874-1e68de4eb197,28774989-ec75-44fb-9216-daa7f31faae0,2c6f9099-8630-4310-9a1c-b81f5170e839,2.0,lg,12.0,24.0,2026-04-13T02:12:22.214896+00:00,False,
3a8ecac4-ef31-4185-90f2-eff21e4457df,28774989-ec75-44fb-9216-daa7f31faae0,9f56c78e-827c-4cbe-bb50-b014f03485d7,1.0,lg,15.0,15.0,2026-04-13T02:12:22.214896+00:00,False,
016c72fe-b10e-4b27-90c8-59c2eb15f248,28774989-ec75-44fb-9216-daa7f31faae0,949a9839-c640-4bf7-a7b6-59e93d5e927e,10.0,lbs,4.5,45.0,2026-04-13T02:12:22.214896+00:00,False,
77c1635a-ca08-4728-b7c5-6462c87694fa,28774989-ec75-44fb-9216-daa7f31faae0,fd5f8362-52f1-410c-97dc-bbe084c2c8e4,1.0,lg,10.0,10.0,2026-04-13T02:12:22.214896+00:00,False,
978a40b1-6d1e-48d8-a73d-77711a5bc710,28774989-ec75-44fb-9216-daa7f31faae0,19508c8b-5f9f-4cda-bffa-d36ef4c07bc2,1.0,lg,10.0,10.0,2026-04-13T02:12:22.214896+00:00,False,
7346844a-24d3-4aac-9968-89b66a9b8362,28774989-ec75-44fb-9216-daa7f31faae0,b7693f65-7b87-4620-a292-f9e60fd3cfa9,1.0,lg,15.0,15.0,2026-04-13T02:12:22.214896+00:00,False,
fafeb840-b06c-486e-88ac-fb42f34985f6,28774989-ec75-44fb-9216-daa7f31faae0,c34f7e2a-f610-4e56-847b-495bf4739360,1.0,sm,12.0,12.0,2026-04-13T02:12:22.214896+00:00,False,
594254b1-082f-4d74-bbfc-0759dd0d7443,28774989-ec75-44fb-9216-daa7f31faae0,fd5f8362-52f1-410c-97dc-bbe084c2c8e4,1.0,lg,10.0,10.0,2026-04-13T02:12:22.214896+00:00,False,
33798489-40a3-4564-a115-958ca3eff274,28774989-ec75-44fb-9216-daa7f31faae0,ad8151cf-0a93-4205-9f92-19b1bc595a8f,2.0,lbs,6.0,12.0,2026-04-13T02:12:22.214896+00:00,False,
ab03b6cf-95f6-446a-9cab-cfa7dbf9de3c,e70c9845-bdfa-4447-b140-d69ddae1e10b,1fba7f38-e8ac-4d0a-a165-40681248749a,2.0,lg,25.0,50.0,2026-04-13T02:12:22.729464+00:00,False,
4eb8e462-d173-4cec-aac3-1952509314a7,e70c9845-bdfa-4447-b140-d69ddae1e10b,0abbd494-b25b-4f13-a55e-dcf6db986965,1.0,lg,15.0,15.0,2026-04-13T02:12:22.729464+00:00,False,
61b042d5-2c1f-432a-b28b-ea1c82f46908,e70c9845-bdfa-4447-b140-d69ddae1e10b,f0c608fc-95ab-4c48-a3ba-877a7937f660,1.0,lg,12.0,12.0,2026-04-13T02:12:22.729464+00:00,False,
5778a710-aecf-4a0c-976a-2859bb53d7a9,e70c9845-bdfa-4447-b140-d69ddae1e10b,f95b7a6f-37f8-4de1-9fdc-7ac2ef7d7af4,1.0,lg,12.0,12.0,2026-04-13T02:12:22.729464+00:00,False,
9c4bbb15-2abb-47bb-ab87-998ee7e961bd,e70c9845-bdfa-4447-b140-d69ddae1e10b,e0ac9138-c667-4899-b1a7-25684d83684c,1.0,sm,12.0,12.0,2026-04-13T02:12:22.729464+00:00,False,
b8911188-fd5e-4fe0-9df4-e357a8a38ad6,e70c9845-bdfa-4447-b140-d69ddae1e10b,1cd8cacb-9218-4990-9bbf-a2e7ce216f54,1.0,sm,12.0,12.0,2026-04-13T02:12:22.729464+00:00,False,
240988af-a697-41d1-82c6-3b2cd826d5b4,e70c9845-bdfa-4447-b140-d69ddae1e10b,942cbf39-99e6-40cd-8034-2eacf88611f2,1.0,sm,12.0,12.0,2026-04-13T02:12:22.729464+00:00,False,
33dd9a3d-9142-4fe3-89d1-ca6273f9acd3,e70c9845-bdfa-4447-b140-d69ddae1e10b,e662ef45-6aed-4a2e-ab16-cead317ac5b0,100.0,ea,0.35,35.0,2026-04-13T02:12:22.729464+00:00,False,
35795537-7bfa-451d-81b6-829ed80c1110,e70c9845-bdfa-4447-b140-d69ddae1e10b,e662ef45-6aed-4a2e-ab16-cead317ac5b0,100.0,ea,0.35,35.0,2026-04-13T02:12:22.729464+00:00,False,
4067efbd-f7f3-4056-b19a-f82bddd33bfd,e70c9845-bdfa-4447-b140-d69ddae1e10b,0abbd494-b25b-4f13-a55e-dcf6db986965,2.0,lg,15.0,30.0,2026-04-13T02:12:22.729464+00:00,False,
89eb5c7a-be69-46a7-9959-bd0182da33d0,e70c9845-bdfa-4447-b140-d69ddae1e10b,2c6f9099-8630-4310-9a1c-b81f5170e839,2.0,lg,12.0,24.0,2026-04-13T02:12:22.729464+00:00,False,
5a209bd8-ade1-41fd-9ebd-f18e7bd3be02,e70c9845-bdfa-4447-b140-d69ddae1e10b,c34f7e2a-f610-4e56-847b-495bf4739360,2.0,sm,12.0,24.0,2026-04-13T02:12:22.729464+00:00,False,
75eef55b-8c5d-4d5d-8a78-dfdccf5ecc0c,e70c9845-bdfa-4447-b140-d69ddae1e10b,9f56c78e-827c-4cbe-bb50-b014f03485d7,1.5,lg,15.0,22.5,2026-04-13T02:12:22.729464+00:00,False,
3d16e77a-c1a2-40c6-8772-8e4c54ac9cd7,e70c9845-bdfa-4447-b140-d69ddae1e10b,949a9839-c640-4bf7-a7b6-59e93d5e927e,30.0,lbs,4.5,135.0,2026-04-13T02:12:22.729464+00:00,False,
c64100cd-fab4-4074-8bf3-072e4f8377a6,bfd217b3-ad49-42d7-ab61-3f2f99dd78e8,ff117f7e-e829-4c9b-94be-583211e2b8eb,3.0,sm,15.0,45.0,2026-04-13T02:12:21.383664+00:00,False,
5d4aef84-35a0-4bd8-b280-e360157526af,bfd217b3-ad49-42d7-ab61-3f2f99dd78e8,c3573a8c-ee80-4e96-90b2-faedf186756a,0.5,bx,20.0,10.0,2026-04-13T02:12:21.383664+00:00,False,
f2ebed33-f13f-4685-9037-e7ca6ed6b05b,bfd217b3-ad49-42d7-ab61-3f2f99dd78e8,2ec9bf07-c28b-4a11-809e-a7be42c4db76,1.0,lg,20.0,20.0,2026-04-13T02:12:21.383664+00:00,False,
7890cf08-9ad8-455c-991a-f11c0d9f9f9f,bfd217b3-ad49-42d7-ab61-3f2f99dd78e8,772df8d5-6962-487a-99d2-78d6ef150e85,2.0,lg,24.0,48.0,2026-04-13T02:12:21.383664+00:00,False,
6e25d90e-1eb2-4307-b094-b5acc3aac85f,bfd217b3-ad49-42d7-ab61-3f2f99dd78e8,c34f7e2a-f610-4e56-847b-495bf4739360,1.0,sm,12.0,12.0,2026-04-13T02:12:21.383664+00:00,False,
6b610899-255a-4dbc-bab9-9f9a3ff4c6e5,bfd217b3-ad49-42d7-ab61-3f2f99dd78e8,e662ef45-6aed-4a2e-ab16-cead317ac5b0,400.0,ea,0.35,140.0,2026-04-13T02:12:21.383664+00:00,False,
99242dc6-27f0-46a6-a523-adc58d3e84f2,bfd217b3-ad49-42d7-ab61-3f2f99dd78e8,0abbd494-b25b-4f13-a55e-dcf6db986965,1.0,lg,15.0,15.0,2026-04-13T02:12:21.383664+00:00,False,
60943998-2747-4fc3-abfb-4e00e7c07de7,bfd217b3-ad49-42d7-ab61-3f2f99dd78e8,2c6f9099-8630-4310-9a1c-b81f5170e839,1.0,lg,12.0,12.0,2026-04-13T02:12:21.383664+00:00,False,
95df01b1-2827-452b-804e-62ca0b30d24b,bfd217b3-ad49-42d7-ab61-3f2f99dd78e8,1312210e-9cd8-4bac-96a8-11da91414ca2,1.0,lbs,25.0,25.0,2026-04-13T02:12:21.383664+00:00,False,
5761b5b2-fa4d-47f7-8bcb-68c8a4b1a5fd,bfd217b3-ad49-42d7-ab61-3f2f99dd78e8,9f56c78e-827c-4cbe-bb50-b014f03485d7,1.0,lg,15.0,15.0,2026-04-13T02:12:21.383664+00:00,False,
866fbf70-e701-473a-8071-2f37f782f505,bfd217b3-ad49-42d7-ab61-3f2f99dd78e8,b7693f65-7b87-4620-a292-f9e60fd3cfa9,1.0,lg,15.0,15.0,2026-04-13T02:12:21.383664+00:00,False,
5f93ea50-1450-491f-a934-f1b940515e10,bfd217b3-ad49-42d7-ab61-3f2f99dd78e8,fd5f8362-52f1-410c-97dc-bbe084c2c8e4,2.0,lg,10.0,20.0,2026-04-13T02:12:21.383664+00:00,False,
d24b6fbe-bc54-4f06-a513-3b6872984501,bfd217b3-ad49-42d7-ab61-3f2f99dd78e8,3c2f77cd-57af-4557-93a8-25f866c7ef0a,2.0,lg,20.0,40.0,2026-04-13T02:12:21.383664+00:00,False,
f8732b88-7e7b-4be6-bc38-3cedf93bd7a2,bfd217b3-ad49-42d7-ab61-3f2f99dd78e8,f0fe9b25-dd6c-40ca-b3a2-5ad353a1c66e,15.0,ea,3.0,45.0,2026-04-13T02:12:21.383664+00:00,False,
9edb0464-cf7c-40c2-9760-bf39e43b8a11,4e8211f4-92ca-4fb3-ae48-e2152da17c5b,b90584d8-fc78-420b-91e1-490117cd30cd,1.0,sm,6.0,6.0,2026-04-13T02:12:21.901164+00:00,False,
8209dbd7-20fc-4ed0-bc0a-23ef52221087,4e8211f4-92ca-4fb3-ae48-e2152da17c5b,2ec9bf07-c28b-4a11-809e-a7be42c4db76,2.0,lg,20.0,40.0,2026-04-13T02:12:21.901164+00:00,False,
e5b854a3-93da-45f3-8f52-db5060caf25f,4e8211f4-92ca-4fb3-ae48-e2152da17c5b,309781c4-ed69-40dc-860a-712d7414d66e,1.0,lg,16.0,16.0,2026-04-13T02:12:21.901164+00:00,False,
0b83e500-daca-42ec-ada3-d2e984fa3198,4e8211f4-92ca-4fb3-ae48-e2152da17c5b,e0ac9138-c667-4899-b1a7-25684d83684c,2.0,sm,12.0,24.0,2026-04-13T02:12:21.901164+00:00,False,
0b4c5e21-8da7-4790-9f33-fcd66126bd6b,4e8211f4-92ca-4fb3-ae48-e2152da17c5b,1cd8cacb-9218-4990-9bbf-a2e7ce216f54,3.0,sm,12.0,36.0,2026-04-13T02:12:21.901164+00:00,False,
c0efef36-d396-40d8-a45a-610cb959b5f6,4e8211f4-92ca-4fb3-ae48-e2152da17c5b,5920adcc-3687-45b2-a0ad-50b17f24faef,1.0,lg,15.0,15.0,2026-04-13T02:12:21.901164+00:00,False,
22ccd64e-b9ba-4358-966e-5d26a4feaa31,4e8211f4-92ca-4fb3-ae48-e2152da17c5b,e662ef45-6aed-4a2e-ab16-cead317ac5b0,300.0,ea,0.35,105.0,2026-04-13T02:12:21.901164+00:00,False,
5041eaae-0288-4a76-8bc2-d53986e45cab,4e8211f4-92ca-4fb3-ae48-e2152da17c5b,6f6dcd58-46f9-4796-8b12-f65aeb26ab1e,1.0,sm,6.0,6.0,2026-04-13T02:12:21.901164+00:00,False,
0058b444-4538-4fcc-887d-0f76e7d481e7,4e8211f4-92ca-4fb3-ae48-e2152da17c5b,0abbd494-b25b-4f13-a55e-dcf6db986965,2.0,lg,15.0,30.0,2026-04-13T02:12:21.901164+00:00,False,
912dd280-d2da-465a-a356-bbeef169e8de,4e8211f4-92ca-4fb3-ae48-e2152da17c5b,2c6f9099-8630-4310-9a1c-b81f5170e839,2.0,lg,12.0,24.0,2026-04-13T02:12:21.901164+00:00,False,
986db198-f25d-4b67-a444-853963363b1e,4e8211f4-92ca-4fb3-ae48-e2152da17c5b,09dd43ee-5456-4692-9016-433d77d3b6cb,1.0,sm,15.0,15.0,2026-04-13T02:12:21.901164+00:00,False,
4558ee8d-69e2-4730-a003-bbed76cfc028,4e8211f4-92ca-4fb3-ae48-e2152da17c5b,b7693f65-7b87-4620-a292-f9e60fd3cfa9,2.0,lg,15.0,30.0,2026-04-13T02:12:21.901164+00:00,False,
322d2fb3-2e67-4788-bace-201a9d1638bc,4e8211f4-92ca-4fb3-ae48-e2152da17c5b,949a9839-c640-4bf7-a7b6-59e93d5e927e,10.0,lbs,4.5,45.0,2026-04-13T02:12:21.901164+00:00,False,
044e5f6d-1c67-4a1b-abe6-935f3c39238f,4e8211f4-92ca-4fb3-ae48-e2152da17c5b,b90584d8-fc78-420b-91e1-490117cd30cd,1.0,sm,6.0,6.0,2026-04-13T02:12:21.901164+00:00,False,
a8f66587-7b32-4252-9d06-56918f1b592e,4e8211f4-92ca-4fb3-ae48-e2152da17c5b,ff117f7e-e829-4c9b-94be-583211e2b8eb,1.0,sm,15.0,15.0,2026-04-13T02:12:21.901164+00:00,False,
cf921991-a4b4-422b-9884-26f5bfad6bed,4e8211f4-92ca-4fb3-ae48-e2152da17c5b,2ec9bf07-c28b-4a11-809e-a7be42c4db76,1.0,lg,20.0,20.0,2026-04-13T02:12:21.901164+00:00,False,
76f17c49-f3ab-4ee8-bb78-b6aec9f9d1b2,4e8211f4-92ca-4fb3-ae48-e2152da17c5b,1cd8cacb-9218-4990-9bbf-a2e7ce216f54,1.0,sm,12.0,12.0,2026-04-13T02:12:21.901164+00:00,False,
5d1d9423-7e51-4ec4-8ea2-3d50fa7131e0,4e8211f4-92ca-4fb3-ae48-e2152da17c5b,e662ef45-6aed-4a2e-ab16-cead317ac5b0,50.0,ea,0.35,17.5,2026-04-13T02:12:21.901164+00:00,False,
50c48147-9a2f-43c7-b455-66c01c631472,4e8211f4-92ca-4fb3-ae48-e2152da17c5b,e662ef45-6aed-4a2e-ab16-cead317ac5b0,50.0,ea,0.35,17.5,2026-04-13T02:12:21.901164+00:00,False,
bd2fcd1b-4d0d-4ccc-9778-c943d003a05c,4e8211f4-92ca-4fb3-ae48-e2152da17c5b,40b5c780-6569-4806-8e95-e2c92eaa87c9,1.0,lg,15.0,15.0,2026-04-13T02:12:21.901164+00:00,False,
777a6f96-f830-4330-bdfd-3c6a6ac3c773,4e8211f4-92ca-4fb3-ae48-e2152da17c5b,6058be35-369e-435d-8373-442cac7b65f8,1.0,lg,15.0,15.0,2026-04-13T02:12:21.901164+00:00,False,
38636217-36fa-4a00-bd04-1d4f59cc5195,4e8211f4-92ca-4fb3-ae48-e2152da17c5b,8ee929fd-00ee-4ed8-9cc5-1bac874eb3d3,1.0,lg,10.0,10.0,2026-04-13T02:12:21.901164+00:00,False,
314c2284-0a05-4658-86cf-b9505160937f,4e8211f4-92ca-4fb3-ae48-e2152da17c5b,0b56583d-f70a-49bd-a226-d86b7983ad6c,1.0,lg,15.0,15.0,2026-04-13T02:12:21.901164+00:00,False,
29d6ead7-ac90-4bd3-94d5-e97c97f168b8,4e8211f4-92ca-4fb3-ae48-e2152da17c5b,949a9839-c640-4bf7-a7b6-59e93d5e927e,20.0,lbs,4.5,90.0,2026-04-13T02:12:21.901164+00:00,False,
e9c2910f-b7fa-406c-97b1-e886657c2c47,4e8211f4-92ca-4fb3-ae48-e2152da17c5b,fd5f8362-52f1-410c-97dc-bbe084c2c8e4,1.0,lg,10.0,10.0,2026-04-13T02:12:21.901164+00:00,False,
8ee9383d-8163-490b-be8c-9c7e630d9cfc,4e8211f4-92ca-4fb3-ae48-e2152da17c5b,0516781f-0290-44a1-9f8f-adbf8db38425,5.0,lbs,4.5,22.5,2026-04-13T02:12:21.901164+00:00,False,
b8e6a240-631a-48a5-9dc5-fdd86a707f75,4e8211f4-92ca-4fb3-ae48-e2152da17c5b,19508c8b-5f9f-4cda-bffa-d36ef4c07bc2,1.0,lg,10.0,10.0,2026-04-13T02:12:21.901164+00:00,False,
6b2f2ab4-6934-46bb-9313-d40bb8231cae,4e8211f4-92ca-4fb3-ae48-e2152da17c5b,5920adcc-3687-45b2-a0ad-50b17f24faef,1.0,lg,15.0,15.0,2026-04-13T02:12:21.901164+00:00,False,
4eebda77-d179-425f-95af-402f5aeb65f4,4e8211f4-92ca-4fb3-ae48-e2152da17c5b,f0c608fc-95ab-4c48-a3ba-877a7937f660,1.0,lg,12.0,12.0,2026-04-13T02:12:21.901164+00:00,False,
b0c03b2a-dec3-450b-a335-8be2fe459bce,4e8211f4-92ca-4fb3-ae48-e2152da17c5b,3c8b8fbc-4f9e-4953-a4bd-37799b337807,1.0,lg,10.0,10.0,2026-04-13T02:12:21.901164+00:00,False,
56591b42-3b47-4200-86e9-e9777cbf9356,4e8211f4-92ca-4fb3-ae48-e2152da17c5b,0a960158-e3fa-4ee6-aabd-55578dfe8faa,1.0,lg,15.0,15.0,2026-04-13T02:12:21.901164+00:00,False,
8c9c27d8-f770-403a-8ee5-6d0ca4b70b92,4e8211f4-92ca-4fb3-ae48-e2152da17c5b,ad510ff3-14e5-40fa-b454-26ebc4bf299c,1.0,lg,15.0,15.0,2026-04-13T02:12:21.901164+00:00,False,
1f9e40a3-101f-48ae-8017-f2cfd0ccb035,db268bfb-8bdf-4b1d-8488-cff9ae694e20,f14e1eaa-9677-4120-b8b5-37209f399915,1.0,lg,30.0,30.0,2026-04-13T02:12:22.500531+00:00,False,
99034bf1-8aee-474c-af3c-9f314ba79a83,e4e9a3e2-fe32-4910-8560-587addf7ba04,d00c8ebc-9fbe-4581-9e90-068368dde389,100.0,lbs,5.0,500.0,2026-04-13T02:12:22.929886+00:00,False,
781a649f-2827-45ef-9206-5bad8e1430cb,e4e9a3e2-fe32-4910-8560-587addf7ba04,e0ac9138-c667-4899-b1a7-25684d83684c,1.0,sm,12.0,12.0,2026-04-13T02:12:22.929886+00:00,False,
b6165396-eeb1-4589-ba57-e4e1e7cf5d9a,e4e9a3e2-fe32-4910-8560-587addf7ba04,e662ef45-6aed-4a2e-ab16-cead317ac5b0,200.0,ea,0.35,70.0,2026-04-13T02:12:22.929886+00:00,False,
9cfdb1e1-7bb0-4bd8-9334-9d655ddbabf9,e4e9a3e2-fe32-4910-8560-587addf7ba04,c34f7e2a-f610-4e56-847b-495bf4739360,2.0,sm,12.0,24.0,2026-04-13T02:12:22.929886+00:00,False,
52c82bf4-7e57-407e-9cec-644d8c2ef760,e4e9a3e2-fe32-4910-8560-587addf7ba04,1b5e7f69-0650-4d5d-a6bf-e6d54d03f21e,1.0,lg,25.0,25.0,2026-04-13T02:12:22.929886+00:00,False,
e8efd38b-140f-4eb5-96d0-7a118b3d3b10,c05699cc-c973-41aa-84ea-68cd49ba7ef7,f0c608fc-95ab-4c48-a3ba-877a7937f660,1.0,lg,12.0,12.0,2026-04-13T02:12:23.38234+00:00,False,
2504fb10-2623-4459-a858-c74e33ce48b7,c05699cc-c973-41aa-84ea-68cd49ba7ef7,62ef1b1f-0f0c-4ea8-ae97-8262c836aca4,1.0,lg,15.0,15.0,2026-04-13T02:12:23.38234+00:00,False,
ebfe9f1e-961c-4d41-b9ad-3e4d6621bb29,c05699cc-c973-41aa-84ea-68cd49ba7ef7,ad510ff3-14e5-40fa-b454-26ebc4bf299c,2.0,lg,15.0,30.0,2026-04-13T02:12:23.38234+00:00,False,
7ae6f967-d55d-41dd-8402-e3720c249faf,c05699cc-c973-41aa-84ea-68cd49ba7ef7,ad510ff3-14e5-40fa-b454-26ebc4bf299c,2.0,lg,15.0,30.0,2026-04-13T02:12:23.38234+00:00,False,
62bed6c9-7bee-4a4d-8ea5-6d80870905df,c05699cc-c973-41aa-84ea-68cd49ba7ef7,7070a97e-2956-4082-b31e-c16321071149,25.0,lbs,4.0,100.0,2026-04-13T02:12:23.38234+00:00,False,
41999e72-2489-4a0f-bb50-0989f329b359,c05699cc-c973-41aa-84ea-68cd49ba7ef7,1ef573f5-82a5-437f-b478-f09a7c3a3b06,4.0,lg,25.0,100.0,2026-04-13T02:12:23.38234+00:00,False,
2f6d3765-6b8a-436d-89e0-418529776f0a,c05699cc-c973-41aa-84ea-68cd49ba7ef7,f95b7a6f-37f8-4de1-9fdc-7ac2ef7d7af4,1.0,lg,12.0,12.0,2026-04-13T02:12:23.38234+00:00,False,
2d3c9539-f81f-4564-a68f-9969c47223d5,c05699cc-c973-41aa-84ea-68cd49ba7ef7,f74886a6-2688-4903-92e2-b277ac3871b9,1.0,bx,48.0,48.0,2026-04-13T02:12:23.38234+00:00,False,
43b17cd3-7d9f-43a5-9b9c-7448be95834d,c05699cc-c973-41aa-84ea-68cd49ba7ef7,1cd8cacb-9218-4990-9bbf-a2e7ce216f54,1.0,sm,12.0,12.0,2026-04-13T02:12:23.38234+00:00,False,
401bb2bc-c3c6-4bb8-b350-65e8fcb9e5a1,c05699cc-c973-41aa-84ea-68cd49ba7ef7,6058be35-369e-435d-8373-442cac7b65f8,1.0,lg,15.0,15.0,2026-04-13T02:12:23.38234+00:00,False,
b3d61f27-cabb-4bf6-8ead-894404b228c8,c05699cc-c973-41aa-84ea-68cd49ba7ef7,19508c8b-5f9f-4cda-bffa-d36ef4c07bc2,1.0,lg,10.0,10.0,2026-04-13T02:12:23.38234+00:00,False,
3a37b1e7-7d80-4ed1-b9a6-71cbbc5514d3,c05699cc-c973-41aa-84ea-68cd49ba7ef7,8ee929fd-00ee-4ed8-9cc5-1bac874eb3d3,1.0,lg,10.0,10.0,2026-04-13T02:12:23.38234+00:00,False,
264edd1d-3e12-4808-8bfc-edc6dddaa108,c05699cc-c973-41aa-84ea-68cd49ba7ef7,3c8b8fbc-4f9e-4953-a4bd-37799b337807,1.0,lg,10.0,10.0,2026-04-13T02:12:23.38234+00:00,False,
15de581c-9cf3-4213-955e-92a615757844,e70c9845-bdfa-4447-b140-d69ddae1e10b,b7693f65-7b87-4620-a292-f9e60fd3cfa9,1.5,lg,15.0,22.5,2026-04-13T02:12:22.729464+00:00,False,
a6776e7d-9d71-4fb8-af62-2e3ae45c6a9d,e70c9845-bdfa-4447-b140-d69ddae1e10b,f74886a6-2688-4903-92e2-b277ac3871b9,1.0,bx,48.0,48.0,2026-04-13T02:12:22.729464+00:00,False,
3ac53572-7081-4416-bfbf-a17450c3e76e,e70c9845-bdfa-4447-b140-d69ddae1e10b,1b5e7f69-0650-4d5d-a6bf-e6d54d03f21e,3.0,lg,25.0,75.0,2026-04-13T02:12:22.729464+00:00,False,
f68ffa20-2026-4b8a-b621-fb329f9b64fb,e2310a91-146a-4175-aace-8051f49ae2f7,fd5f8362-52f1-410c-97dc-bbe084c2c8e4,2.0,lg,10.0,20.0,2026-04-13T02:12:23.151914+00:00,False,
29b93204-7be8-4195-8946-b84d1b62e485,e2310a91-146a-4175-aace-8051f49ae2f7,e0ac9138-c667-4899-b1a7-25684d83684c,3.0,sm,12.0,36.0,2026-04-13T02:12:23.151914+00:00,False,
0729ce4a-7c4b-46b4-87c8-6e1d944c59e7,e2310a91-146a-4175-aace-8051f49ae2f7,e662ef45-6aed-4a2e-ab16-cead317ac5b0,200.0,ea,0.35,70.0,2026-04-13T02:12:23.151914+00:00,False,
c6b52d02-5b8d-4244-93a5-15d1c65ae2e9,e2310a91-146a-4175-aace-8051f49ae2f7,2c6f9099-8630-4310-9a1c-b81f5170e839,2.0,lg,12.0,24.0,2026-04-13T02:12:23.151914+00:00,False,
af96b040-68b5-4c39-9bc5-511b8bef23da,e2310a91-146a-4175-aace-8051f49ae2f7,c34f7e2a-f610-4e56-847b-495bf4739360,2.0,sm,12.0,24.0,2026-04-13T02:12:23.151914+00:00,False,
81cce795-e0e2-439c-a41b-fd9a541a6566,e2310a91-146a-4175-aace-8051f49ae2f7,1cd8cacb-9218-4990-9bbf-a2e7ce216f54,1.0,sm,12.0,12.0,2026-04-13T02:12:23.151914+00:00,False,
d1b8a67a-a6a1-404c-ab18-0d79cf9d940f,e2310a91-146a-4175-aace-8051f49ae2f7,5920adcc-3687-45b2-a0ad-50b17f24faef,1.0,lg,15.0,15.0,2026-04-13T02:12:23.151914+00:00,False,
4e352ca2-e7b2-4013-93bd-4f95d96ec840,e2310a91-146a-4175-aace-8051f49ae2f7,b90584d8-fc78-420b-91e1-490117cd30cd,1.0,sm,6.0,6.0,2026-04-13T02:12:23.151914+00:00,False,
801c0980-77b8-4375-930f-4337a319ae35,e2310a91-146a-4175-aace-8051f49ae2f7,ff117f7e-e829-4c9b-94be-583211e2b8eb,1.0,sm,15.0,15.0,2026-04-13T02:12:23.151914+00:00,False,
5642d9d1-2a78-44c4-9bb0-c6fed257d041,e2310a91-146a-4175-aace-8051f49ae2f7,1cd8cacb-9218-4990-9bbf-a2e7ce216f54,1.0,sm,12.0,12.0,2026-04-13T02:12:23.151914+00:00,False,
9acba320-2d9e-4825-b9da-a14fc1985198,e2310a91-146a-4175-aace-8051f49ae2f7,e662ef45-6aed-4a2e-ab16-cead317ac5b0,100.0,ea,0.35,35.0,2026-04-13T02:12:23.151914+00:00,False,
6c0d8997-75f2-405a-8f8a-11f32ca845ca,e2310a91-146a-4175-aace-8051f49ae2f7,19508c8b-5f9f-4cda-bffa-d36ef4c07bc2,1.0,lg,10.0,10.0,2026-04-13T02:12:23.151914+00:00,False,
71d5c9a3-f2d5-49be-b4a2-f1961a8f0527,e2310a91-146a-4175-aace-8051f49ae2f7,3c8b8fbc-4f9e-4953-a4bd-37799b337807,1.0,lg,10.0,10.0,2026-04-13T02:12:23.151914+00:00,False,
903f6e04-fe8f-49fd-9fea-c9cf6e74b955,e2310a91-146a-4175-aace-8051f49ae2f7,8ee929fd-00ee-4ed8-9cc5-1bac874eb3d3,1.0,lg,10.0,10.0,2026-04-13T02:12:23.151914+00:00,False,
ca55eed1-9d29-4b9a-bc05-9b81f4da16b6,e2310a91-146a-4175-aace-8051f49ae2f7,b0017451-3a96-49f3-9e48-ea4ef19383bf,100.0,ea,0.2,20.0,2026-04-13T02:12:23.151914+00:00,False,
44de31d3-88b5-4fae-aae7-8db507213ca3,e2310a91-146a-4175-aace-8051f49ae2f7,949a9839-c640-4bf7-a7b6-59e93d5e927e,10.0,lbs,4.5,45.0,2026-04-13T02:12:23.151914+00:00,False,
7ba4bc7e-1254-47ce-a109-eba71c4ba5cf,e2310a91-146a-4175-aace-8051f49ae2f7,0516781f-0290-44a1-9f8f-adbf8db38425,10.0,lbs,4.5,45.0,2026-04-13T02:12:23.151914+00:00,False,
5a7a130a-88ed-48be-bd31-f285953e4b3b,e2310a91-146a-4175-aace-8051f49ae2f7,1ef573f5-82a5-437f-b478-f09a7c3a3b06,1.0,lg,25.0,25.0,2026-04-13T02:12:23.151914+00:00,False,
ac261ce1-b54f-4324-a560-f638cb08ca96,e2310a91-146a-4175-aace-8051f49ae2f7,f0c608fc-95ab-4c48-a3ba-877a7937f660,1.0,lg,12.0,12.0,2026-04-13T02:12:23.151914+00:00,False,
b1f3e07c-0a82-4085-9588-c8c160ae63c1,e2310a91-146a-4175-aace-8051f49ae2f7,62ef1b1f-0f0c-4ea8-ae97-8262c836aca4,1.0,lg,15.0,15.0,2026-04-13T02:12:23.151914+00:00,False,
49dfd8b3-55ee-4230-b034-e98d3652005d,e2310a91-146a-4175-aace-8051f49ae2f7,ad510ff3-14e5-40fa-b454-26ebc4bf299c,1.0,lg,15.0,15.0,2026-04-13T02:12:23.151914+00:00,False,
83789355-2b7c-4df7-a17c-533fd0c226a7,e2310a91-146a-4175-aace-8051f49ae2f7,ad510ff3-14e5-40fa-b454-26ebc4bf299c,1.0,lg,15.0,15.0,2026-04-13T02:12:23.151914+00:00,False,
8d854028-732d-466c-9c25-666b345dff83,e2310a91-146a-4175-aace-8051f49ae2f7,5920adcc-3687-45b2-a0ad-50b17f24faef,1.0,lg,15.0,15.0,2026-04-13T02:12:23.151914+00:00,False,
843dcf11-2609-4ba3-a467-1565ebeb1c8d,e2310a91-146a-4175-aace-8051f49ae2f7,b66e80d0-7f23-44ac-a6d3-5db4212284e6,1.0,lg,15.0,15.0,2026-04-13T02:12:23.151914+00:00,False,
a0502ccd-fd5c-4416-bdaf-bb890774fb8f,7aa60c38-a03e-4b04-950a-f0b14ee8a920,f43cda55-dd93-4947-ae92-1129a86c1d82,5.0,lbs,5.0,25.0,2026-04-13T02:12:23.770572+00:00,False,
de994397-661f-4c37-bf02-ed83b957878d,7aa60c38-a03e-4b04-950a-f0b14ee8a920,0abbd494-b25b-4f13-a55e-dcf6db986965,1.0,lg,15.0,15.0,2026-04-13T02:12:23.770572+00:00,False,
6896e502-b054-4bb0-94e6-3cb8eb21068d,7aa60c38-a03e-4b04-950a-f0b14ee8a920,2c6f9099-8630-4310-9a1c-b81f5170e839,1.0,lg,12.0,12.0,2026-04-13T02:12:23.770572+00:00,False,
1377200c-fc1b-4241-9deb-7fd486ef7ffb,7aa60c38-a03e-4b04-950a-f0b14ee8a920,ff117f7e-e829-4c9b-94be-583211e2b8eb,1.0,sm,15.0,15.0,2026-04-13T02:12:23.770572+00:00,False,
62497a37-3e1a-4a3e-a159-2dc25d621602,7aa60c38-a03e-4b04-950a-f0b14ee8a920,1cd8cacb-9218-4990-9bbf-a2e7ce216f54,3.0,sm,12.0,36.0,2026-04-13T02:12:23.770572+00:00,False,
a0d55d44-39e0-4c9f-aaef-993b6c8abb8b,7aa60c38-a03e-4b04-950a-f0b14ee8a920,942cbf39-99e6-40cd-8034-2eacf88611f2,3.0,sm,12.0,36.0,2026-04-13T02:12:23.770572+00:00,False,
29bb6b9a-7944-42d3-ae10-843b5e34703f,7aa60c38-a03e-4b04-950a-f0b14ee8a920,2c6f9099-8630-4310-9a1c-b81f5170e839,1.0,lg,12.0,12.0,2026-04-13T02:12:23.770572+00:00,False,
de0ef2db-80dc-46df-9ad3-6357f7d43280,7aa60c38-a03e-4b04-950a-f0b14ee8a920,0abbd494-b25b-4f13-a55e-dcf6db986965,1.0,lg,15.0,15.0,2026-04-13T02:12:23.770572+00:00,False,
5eec70ff-3f5f-419c-8cac-94d07f27bca6,8223bd69-6a34-4553-a99f-e15eb70f3151,ad8151cf-0a93-4205-9f92-19b1bc595a8f,50.0,lbs,6.0,300.0,2026-04-13T02:12:24.235192+00:00,False,
a1cfb495-a900-4372-843b-2a524bfa9c70,8223bd69-6a34-4553-a99f-e15eb70f3151,ff117f7e-e829-4c9b-94be-583211e2b8eb,1.0,sm,15.0,15.0,2026-04-13T02:12:24.235192+00:00,False,
87c26447-7766-40ca-993b-21fe2091192f,8223bd69-6a34-4553-a99f-e15eb70f3151,e662ef45-6aed-4a2e-ab16-cead317ac5b0,200.0,ea,0.35,70.0,2026-04-13T02:12:24.235192+00:00,False,
ab3bad20-6597-4274-8a34-7c30074e6503,8223bd69-6a34-4553-a99f-e15eb70f3151,0abbd494-b25b-4f13-a55e-dcf6db986965,3.0,lg,15.0,45.0,2026-04-13T02:12:24.235192+00:00,False,
cabdd7a4-c7aa-4b98-a6f4-b5b3e0a72963,8223bd69-6a34-4553-a99f-e15eb70f3151,c34f7e2a-f610-4e56-847b-495bf4739360,3.0,sm,12.0,36.0,2026-04-13T02:12:24.235192+00:00,False,
c711af58-078e-4d63-ac91-a4649814bc4c,8223bd69-6a34-4553-a99f-e15eb70f3151,b66e80d0-7f23-44ac-a6d3-5db4212284e6,2.0,lg,15.0,30.0,2026-04-13T02:12:24.235192+00:00,False,
c9a76f2e-1ea7-4b24-bd2c-6d693602b9ed,8223bd69-6a34-4553-a99f-e15eb70f3151,9f56c78e-827c-4cbe-bb50-b014f03485d7,1.0,lg,15.0,15.0,2026-04-13T02:12:24.235192+00:00,False,
c9710b96-9b7a-463a-895e-c8b8199001a0,8223bd69-6a34-4553-a99f-e15eb70f3151,9adeb556-ece2-498f-abb0-869e7ea01aa8,1.0,ea,15.0,15.0,2026-04-13T02:12:24.235192+00:00,False,
d7460e6b-ec42-407b-8f13-9163977e60ed,8223bd69-6a34-4553-a99f-e15eb70f3151,f74886a6-2688-4903-92e2-b277ac3871b9,1.0,bx,48.0,48.0,2026-04-13T02:12:24.235192+00:00,False,
2f7e9cb4-ba57-4f82-9ac6-4f6fa88b64f0,c4b6909c-0ddc-4763-ad76-3c2ea8baa178,ff117f7e-e829-4c9b-94be-583211e2b8eb,3.0,sm,15.0,45.0,2026-04-13T02:12:24.755602+00:00,False,
6529b3e2-1037-438e-a1b0-4239804e7a16,c4b6909c-0ddc-4763-ad76-3c2ea8baa178,2ec9bf07-c28b-4a11-809e-a7be42c4db76,1.0,lg,20.0,20.0,2026-04-13T02:12:24.755602+00:00,False,
c2264a3e-bc85-45b7-a0b7-35c02afbdb86,c4b6909c-0ddc-4763-ad76-3c2ea8baa178,e0ac9138-c667-4899-b1a7-25684d83684c,1.0,sm,12.0,12.0,2026-04-13T02:12:24.755602+00:00,False,
74f3b667-e282-437b-9140-0efc2934cdb8,c4b6909c-0ddc-4763-ad76-3c2ea8baa178,5920adcc-3687-45b2-a0ad-50b17f24faef,1.0,lg,15.0,15.0,2026-04-13T02:12:24.755602+00:00,False,
7828b3df-6179-472c-9a4e-294d7e849193,c4b6909c-0ddc-4763-ad76-3c2ea8baa178,1cd8cacb-9218-4990-9bbf-a2e7ce216f54,3.0,sm,12.0,36.0,2026-04-13T02:12:24.755602+00:00,False,
c8aeaf60-1a11-43cc-b46f-4ea48adb85d2,c4b6909c-0ddc-4763-ad76-3c2ea8baa178,942cbf39-99e6-40cd-8034-2eacf88611f2,3.0,sm,12.0,36.0,2026-04-13T02:12:24.755602+00:00,False,
7471f7f3-1c0b-493b-9d24-8089eef1798c,c4b6909c-0ddc-4763-ad76-3c2ea8baa178,e662ef45-6aed-4a2e-ab16-cead317ac5b0,400.0,ea,0.35,140.0,2026-04-13T02:12:24.755602+00:00,False,
4a0bf640-3dce-42c2-90d2-6a6595702063,c4b6909c-0ddc-4763-ad76-3c2ea8baa178,0abbd494-b25b-4f13-a55e-dcf6db986965,1.0,lg,15.0,15.0,2026-04-13T02:12:24.755602+00:00,False,
41d3dab4-82ca-456b-9305-d60da74f2174,c4b6909c-0ddc-4763-ad76-3c2ea8baa178,19508c8b-5f9f-4cda-bffa-d36ef4c07bc2,1.0,lg,10.0,10.0,2026-04-13T02:12:24.755602+00:00,False,
2eb2a63e-e100-4a06-99b0-58b344a5ae86,c4b6909c-0ddc-4763-ad76-3c2ea8baa178,d2d10fe8-69a3-4554-89d2-dedf9ea06203,1.0,lg,15.0,15.0,2026-04-13T02:12:24.755602+00:00,False,
86f28f8a-253c-4040-9ce2-087c9d07748a,c4b6909c-0ddc-4763-ad76-3c2ea8baa178,c34f7e2a-f610-4e56-847b-495bf4739360,3.0,sm,12.0,36.0,2026-04-13T02:12:24.755602+00:00,False,
c38a3bfe-c663-49a0-9138-ff6eb3af96a7,c4b6909c-0ddc-4763-ad76-3c2ea8baa178,3c8b8fbc-4f9e-4953-a4bd-37799b337807,1.0,lg,10.0,10.0,2026-04-13T02:12:24.755602+00:00,False,
06d629b6-1731-4a24-911c-23dbfcce46e5,c4b6909c-0ddc-4763-ad76-3c2ea8baa178,1b5e7f69-0650-4d5d-a6bf-e6d54d03f21e,1.0,lg,25.0,25.0,2026-04-13T02:12:24.755602+00:00,False,
078b304c-2be2-4f47-b83b-6262f3a7803d,c4b6909c-0ddc-4763-ad76-3c2ea8baa178,ff117f7e-e829-4c9b-94be-583211e2b8eb,1.0,sm,15.0,15.0,2026-04-13T02:12:24.755602+00:00,False,
68552e47-eb79-48d6-91cb-7c8116ac6b5b,c4b6909c-0ddc-4763-ad76-3c2ea8baa178,e662ef45-6aed-4a2e-ab16-cead317ac5b0,50.0,ea,0.35,17.5,2026-04-13T02:12:24.755602+00:00,False,
89027c31-24cb-428b-973c-febd61ae1f15,c4b6909c-0ddc-4763-ad76-3c2ea8baa178,e662ef45-6aed-4a2e-ab16-cead317ac5b0,50.0,ea,0.35,17.5,2026-04-13T02:12:24.755602+00:00,False,
7625742c-961d-43d7-86b4-35d862d878eb,c4b6909c-0ddc-4763-ad76-3c2ea8baa178,19508c8b-5f9f-4cda-bffa-d36ef4c07bc2,1.0,lg,10.0,10.0,2026-04-13T02:12:24.755602+00:00,False,
62146096-39ee-4763-ac25-dcb6e58d93f5,c4b6909c-0ddc-4763-ad76-3c2ea8baa178,1b5e7f69-0650-4d5d-a6bf-e6d54d03f21e,2.0,lg,25.0,50.0,2026-04-13T02:12:24.755602+00:00,False,
0f095c1b-48b8-4536-a7dd-e164df4fdc39,c4b6909c-0ddc-4763-ad76-3c2ea8baa178,0516781f-0290-44a1-9f8f-adbf8db38425,10.0,lbs,4.5,45.0,2026-04-13T02:12:24.755602+00:00,False,
2c8eff4a-7321-4a9d-ad7a-a07d9b39f82a,c4b6909c-0ddc-4763-ad76-3c2ea8baa178,f0fe9b25-dd6c-40ca-b3a2-5ad353a1c66e,4.0,ea,3.0,12.0,2026-04-13T02:12:24.755602+00:00,False,
ed20f0f2-8bcc-433c-8c65-407c279e7d16,c4b6909c-0ddc-4763-ad76-3c2ea8baa178,9c2ebb31-687b-428e-a2c5-a5e552f7b5cc,40.0,lbs,4.5,180.0,2026-04-13T02:12:24.755602+00:00,False,
afdc186a-da2a-4ff8-90ed-2cc3d9f8817b,c05699cc-c973-41aa-84ea-68cd49ba7ef7,0b56583d-f70a-49bd-a226-d86b7983ad6c,1.0,lg,15.0,15.0,2026-04-13T02:12:23.38234+00:00,False,
cea28254-3c7c-472e-af0b-2480ce412711,c05699cc-c973-41aa-84ea-68cd49ba7ef7,b66e80d0-7f23-44ac-a6d3-5db4212284e6,1.0,lg,15.0,15.0,2026-04-13T02:12:23.38234+00:00,False,
7c75b780-72fe-4ec0-afeb-2c3d0d040f49,c05699cc-c973-41aa-84ea-68cd49ba7ef7,9f56c78e-827c-4cbe-bb50-b014f03485d7,1.0,lg,15.0,15.0,2026-04-13T02:12:23.38234+00:00,False,
024a7896-309c-4f5c-be59-f166bd551805,c05699cc-c973-41aa-84ea-68cd49ba7ef7,1b5e7f69-0650-4d5d-a6bf-e6d54d03f21e,1.0,lg,25.0,25.0,2026-04-13T02:12:23.38234+00:00,False,
393f8f1b-5ec9-47b0-9bdd-bd974d1d887e,c05699cc-c973-41aa-84ea-68cd49ba7ef7,0516781f-0290-44a1-9f8f-adbf8db38425,10.0,lbs,4.5,45.0,2026-04-13T02:12:23.38234+00:00,False,
b8673733-836f-481b-9ea8-5aa4ec6d6397,c05699cc-c973-41aa-84ea-68cd49ba7ef7,949a9839-c640-4bf7-a7b6-59e93d5e927e,10.0,lbs,4.5,45.0,2026-04-13T02:12:23.38234+00:00,False,
7ebdb95f-87af-4732-b05d-0ec2c58c3f1d,c05699cc-c973-41aa-84ea-68cd49ba7ef7,ff117f7e-e829-4c9b-94be-583211e2b8eb,3.0,sm,15.0,45.0,2026-04-13T02:12:23.38234+00:00,False,
3747b4cd-c27b-4f4d-83ec-8f1c9ffd611e,c05699cc-c973-41aa-84ea-68cd49ba7ef7,e81c39b6-82fe-4505-b835-ed93e4220988,1.0,sm,12.0,12.0,2026-04-13T02:12:23.38234+00:00,False,
cf08bbf2-e3d1-40fe-b5f9-5f96634f2c35,c05699cc-c973-41aa-84ea-68cd49ba7ef7,09dd43ee-5456-4692-9016-433d77d3b6cb,1.0,sm,15.0,15.0,2026-04-13T02:12:23.38234+00:00,False,
fa4cc899-a24a-4bc2-8ef8-a98fe1ccff32,c05699cc-c973-41aa-84ea-68cd49ba7ef7,e0ac9138-c667-4899-b1a7-25684d83684c,1.0,sm,12.0,12.0,2026-04-13T02:12:23.38234+00:00,False,
8bf83f28-f340-429e-a4c5-e69661359286,c05699cc-c973-41aa-84ea-68cd49ba7ef7,5920adcc-3687-45b2-a0ad-50b17f24faef,1.0,lg,15.0,15.0,2026-04-13T02:12:23.38234+00:00,False,
b871b3eb-b5cf-4b39-93b5-a23d63373322,c05699cc-c973-41aa-84ea-68cd49ba7ef7,5920adcc-3687-45b2-a0ad-50b17f24faef,1.0,lg,15.0,15.0,2026-04-13T02:12:23.38234+00:00,False,
f221b430-a539-4597-abdb-bedb5264e99e,c05699cc-c973-41aa-84ea-68cd49ba7ef7,19508c8b-5f9f-4cda-bffa-d36ef4c07bc2,1.0,lg,10.0,10.0,2026-04-13T02:12:23.38234+00:00,False,
0e5abf24-5a2b-4e1c-afb2-0e79fad303f7,c05699cc-c973-41aa-84ea-68cd49ba7ef7,1cd8cacb-9218-4990-9bbf-a2e7ce216f54,1.0,sm,12.0,12.0,2026-04-13T02:12:23.38234+00:00,False,
bba23457-bc18-4b7f-bc47-830844d0ac3c,c05699cc-c973-41aa-84ea-68cd49ba7ef7,942cbf39-99e6-40cd-8034-2eacf88611f2,1.0,sm,12.0,12.0,2026-04-13T02:12:23.38234+00:00,False,
103745f9-cbb9-4d7b-9136-c9a60de799ba,c05699cc-c973-41aa-84ea-68cd49ba7ef7,e662ef45-6aed-4a2e-ab16-cead317ac5b0,100.0,ea,0.35,35.0,2026-04-13T02:12:23.38234+00:00,False,
6f08dd2b-b4c7-46e9-a17c-34617145d937,c05699cc-c973-41aa-84ea-68cd49ba7ef7,e662ef45-6aed-4a2e-ab16-cead317ac5b0,100.0,ea,0.35,35.0,2026-04-13T02:12:23.38234+00:00,False,
9171c46e-8624-4b7d-829c-b52d3ad6b042,c05699cc-c973-41aa-84ea-68cd49ba7ef7,e662ef45-6aed-4a2e-ab16-cead317ac5b0,150.0,ea,0.35,52.5,2026-04-13T02:12:23.38234+00:00,False,
9509b5ca-e621-4a28-8648-3e4c85d1f1f8,c05699cc-c973-41aa-84ea-68cd49ba7ef7,0abbd494-b25b-4f13-a55e-dcf6db986965,1.0,lg,15.0,15.0,2026-04-13T02:12:23.38234+00:00,False,
e526aabb-02c3-44fe-ad15-b14c1765e170,e2547046-ff8b-4862-9a35-4adbb588d02b,09dd43ee-5456-4692-9016-433d77d3b6cb,2.0,sm,15.0,30.0,2026-04-13T02:12:23.989813+00:00,False,
620059f4-b23a-431e-b3b0-7a60b062b5a5,e2547046-ff8b-4862-9a35-4adbb588d02b,e0ac9138-c667-4899-b1a7-25684d83684c,3.0,sm,12.0,36.0,2026-04-13T02:12:23.989813+00:00,False,
52e5aa27-135d-401c-81c6-aceab3b613e8,e2547046-ff8b-4862-9a35-4adbb588d02b,e662ef45-6aed-4a2e-ab16-cead317ac5b0,400.0,ea,0.35,140.0,2026-04-13T02:12:23.989813+00:00,False,
220fe84b-ead1-44ac-af33-0ec28f6c1bfa,e2547046-ff8b-4862-9a35-4adbb588d02b,0abbd494-b25b-4f13-a55e-dcf6db986965,1.0,lg,15.0,15.0,2026-04-13T02:12:23.989813+00:00,False,
b0e04ab1-299a-4acf-9f30-8b0de9656a8b,e2547046-ff8b-4862-9a35-4adbb588d02b,c34f7e2a-f610-4e56-847b-495bf4739360,2.0,sm,12.0,24.0,2026-04-13T02:12:23.989813+00:00,False,
0e82f9c0-8934-495c-b136-e1248fa8a32f,e2547046-ff8b-4862-9a35-4adbb588d02b,b0017451-3a96-49f3-9e48-ea4ef19383bf,100.0,ea,0.2,20.0,2026-04-13T02:12:23.989813+00:00,False,
ba232551-ca28-491a-b460-6b1fc067ce8e,e2547046-ff8b-4862-9a35-4adbb588d02b,f14e1eaa-9677-4120-b8b5-37209f399915,0.5,lg,30.0,15.0,2026-04-13T02:12:23.989813+00:00,False,
b1a9de73-5ad6-47b9-845e-9fe9ee478398,51d27e48-ea9d-4c7e-8d72-004f246ed3f0,ff117f7e-e829-4c9b-94be-583211e2b8eb,4.0,sm,15.0,60.0,2026-04-13T02:12:24.461608+00:00,False,
4beafa4d-cf9d-451d-9c1f-8fac5cdca98b,51d27e48-ea9d-4c7e-8d72-004f246ed3f0,e81c39b6-82fe-4505-b835-ed93e4220988,2.0,sm,12.0,24.0,2026-04-13T02:12:24.461608+00:00,False,
a3f3d1db-bb33-447c-ac8d-20c9374b10e7,51d27e48-ea9d-4c7e-8d72-004f246ed3f0,e0ac9138-c667-4899-b1a7-25684d83684c,2.0,sm,12.0,24.0,2026-04-13T02:12:24.461608+00:00,False,
88232418-57f1-45e5-92de-2def62d91780,51d27e48-ea9d-4c7e-8d72-004f246ed3f0,1cd8cacb-9218-4990-9bbf-a2e7ce216f54,3.0,sm,12.0,36.0,2026-04-13T02:12:24.461608+00:00,False,
1d8c984d-85e4-48d7-b652-611774b9c882,51d27e48-ea9d-4c7e-8d72-004f246ed3f0,942cbf39-99e6-40cd-8034-2eacf88611f2,3.0,sm,12.0,36.0,2026-04-13T02:12:24.461608+00:00,False,
2233214a-7084-44f9-a96b-89820e63902c,51d27e48-ea9d-4c7e-8d72-004f246ed3f0,0abbd494-b25b-4f13-a55e-dcf6db986965,2.0,lg,15.0,30.0,2026-04-13T02:12:24.461608+00:00,False,
b2be9a77-63e3-4b49-8708-4d63f30fe364,51d27e48-ea9d-4c7e-8d72-004f246ed3f0,6058be35-369e-435d-8373-442cac7b65f8,4.0,lg,15.0,60.0,2026-04-13T02:12:24.461608+00:00,False,
3c6d866b-d110-48dd-971b-c101018d6b37,51d27e48-ea9d-4c7e-8d72-004f246ed3f0,d2d10fe8-69a3-4554-89d2-dedf9ea06203,1.0,lg,15.0,15.0,2026-04-13T02:12:24.461608+00:00,False,
aa807909-b75e-40f9-8d3c-0caef2b8673f,51d27e48-ea9d-4c7e-8d72-004f246ed3f0,1b5e7f69-0650-4d5d-a6bf-e6d54d03f21e,10.0,lg,25.0,250.0,2026-04-13T02:12:24.461608+00:00,False,
12f98844-9e6a-45df-8838-295081b70cbe,51d27e48-ea9d-4c7e-8d72-004f246ed3f0,7070a97e-2956-4082-b31e-c16321071149,1.0,lbs,4.0,4.0,2026-04-13T02:12:24.461608+00:00,False,
0820e261-e1fa-45b8-8508-fb43acec9302,51d27e48-ea9d-4c7e-8d72-004f246ed3f0,f95b7a6f-37f8-4de1-9fdc-7ac2ef7d7af4,2.0,lg,12.0,24.0,2026-04-13T02:12:24.461608+00:00,False,
1215e4b9-300a-4d7d-9060-8bcaacc8a012,51d27e48-ea9d-4c7e-8d72-004f246ed3f0,e662ef45-6aed-4a2e-ab16-cead317ac5b0,50.0,ea,0.35,17.5,2026-04-13T02:12:24.461608+00:00,False,
44e14538-1da1-413a-9c9f-be907c47ff77,51d27e48-ea9d-4c7e-8d72-004f246ed3f0,3c8b8fbc-4f9e-4953-a4bd-37799b337807,1.0,lg,10.0,10.0,2026-04-13T02:12:24.461608+00:00,False,
73974f2d-e683-4bcf-8453-1d879579a7a3,51d27e48-ea9d-4c7e-8d72-004f246ed3f0,8ee929fd-00ee-4ed8-9cc5-1bac874eb3d3,1.0,lg,10.0,10.0,2026-04-13T02:12:24.461608+00:00,False,
090c29ac-c223-4354-8e8d-3088c0d8d563,51d27e48-ea9d-4c7e-8d72-004f246ed3f0,b0017451-3a96-49f3-9e48-ea4ef19383bf,100.0,ea,0.2,20.0,2026-04-13T02:12:24.461608+00:00,False,
42491fea-04a2-458d-bc4a-32f8bc131f3f,51d27e48-ea9d-4c7e-8d72-004f246ed3f0,b66e80d0-7f23-44ac-a6d3-5db4212284e6,1.0,lg,15.0,15.0,2026-04-13T02:12:24.461608+00:00,False,
9cefe421-774c-4157-a79b-cbacabe8ecae,51d27e48-ea9d-4c7e-8d72-004f246ed3f0,5920adcc-3687-45b2-a0ad-50b17f24faef,1.0,lg,15.0,15.0,2026-04-13T02:12:24.461608+00:00,False,
dc13d19d-0918-42c7-ae41-4bf0917aef02,51d27e48-ea9d-4c7e-8d72-004f246ed3f0,d399f7cb-cd56-4360-9e60-ccab8382fb61,2.0,lg,15.0,30.0,2026-04-13T02:12:24.461608+00:00,False,
b399b016-fba0-4334-809e-fc71f350cb50,51d27e48-ea9d-4c7e-8d72-004f246ed3f0,f0c608fc-95ab-4c48-a3ba-877a7937f660,1.0,lg,12.0,12.0,2026-04-13T02:12:24.461608+00:00,False,
fd203634-cc6d-4a66-9ee6-697d9ce6798d,51d27e48-ea9d-4c7e-8d72-004f246ed3f0,ad510ff3-14e5-40fa-b454-26ebc4bf299c,5.0,lg,15.0,75.0,2026-04-13T02:12:24.461608+00:00,False,
54c9635e-ab79-4ad2-843b-d1e9b202407b,8add320d-5040-460c-a6b7-ce5f2bd8b681,e81c39b6-82fe-4505-b835-ed93e4220988,1.0,sm,12.0,12.0,2026-04-13T02:12:25.094065+00:00,False,
030a3f05-2b5b-4946-9c79-c9a29c660c90,8add320d-5040-460c-a6b7-ce5f2bd8b681,09dd43ee-5456-4692-9016-433d77d3b6cb,1.0,sm,15.0,15.0,2026-04-13T02:12:25.094065+00:00,False,
69b0105f-7ffc-4925-8e0b-cd66ed8ebf41,8add320d-5040-460c-a6b7-ce5f2bd8b681,e0ac9138-c667-4899-b1a7-25684d83684c,3.0,sm,12.0,36.0,2026-04-13T02:12:25.094065+00:00,False,
1e192c0e-8cb4-4379-92eb-66c2638784f5,8add320d-5040-460c-a6b7-ce5f2bd8b681,2c6f9099-8630-4310-9a1c-b81f5170e839,1.0,lg,12.0,12.0,2026-04-13T02:12:25.094065+00:00,False,
fdef9d2f-f5ff-46fe-aa6c-e6010ec3f79e,8add320d-5040-460c-a6b7-ce5f2bd8b681,c34f7e2a-f610-4e56-847b-495bf4739360,6.0,sm,12.0,72.0,2026-04-13T02:12:25.094065+00:00,False,
b6309f95-9c15-4da3-b9fb-92cee70705df,8add320d-5040-460c-a6b7-ce5f2bd8b681,3c8b8fbc-4f9e-4953-a4bd-37799b337807,1.0,lg,10.0,10.0,2026-04-13T02:12:25.094065+00:00,False,
d96e1c1b-55f1-435a-b2a7-9d8c2bf19668,8add320d-5040-460c-a6b7-ce5f2bd8b681,ad8151cf-0a93-4205-9f92-19b1bc595a8f,25.0,lbs,6.0,150.0,2026-04-13T02:12:25.094065+00:00,False,
4a68179f-3d84-4505-932b-2cc7d6fbbd17,8add320d-5040-460c-a6b7-ce5f2bd8b681,d00c8ebc-9fbe-4581-9e90-068368dde389,10.0,lbs,5.0,50.0,2026-04-13T02:12:25.094065+00:00,False,
bb06ac33-0547-492b-94bc-8304c17165ab,8add320d-5040-460c-a6b7-ce5f2bd8b681,772df8d5-6962-487a-99d2-78d6ef150e85,1.0,lg,24.0,24.0,2026-04-13T02:12:25.094065+00:00,False,
26d931ca-f5a8-4693-9df7-61ef87f8a4fb,8add320d-5040-460c-a6b7-ce5f2bd8b681,a02772eb-54d3-4b3f-97a6-223043efe589,1.0,lg,24.0,24.0,2026-04-13T02:12:25.094065+00:00,False,
8a09c132-460f-4d09-a403-0fd5379a47c8,8add320d-5040-460c-a6b7-ce5f2bd8b681,0abbd494-b25b-4f13-a55e-dcf6db986965,1.0,lg,15.0,15.0,2026-04-13T02:12:25.094065+00:00,False,
a4fd41eb-5a3d-467e-b383-15265d193e0f,bfb569ae-9c47-47eb-92df-2228a2831ca1,c1a8700d-9fe7-4842-97e2-84acd9d975b3,1000.0,ea,0.1,100.0,2026-04-13T02:12:25.583639+00:00,False,
ec9ad8eb-213a-4d9f-ae3b-3cebe7cc4e44,bfb569ae-9c47-47eb-92df-2228a2831ca1,ad510ff3-14e5-40fa-b454-26ebc4bf299c,2.0,lg,15.0,30.0,2026-04-13T02:12:25.583639+00:00,False,
41b12888-730e-4403-8cc5-d07500d1c21a,bfb569ae-9c47-47eb-92df-2228a2831ca1,ad510ff3-14e5-40fa-b454-26ebc4bf299c,2.0,lg,15.0,30.0,2026-04-13T02:12:25.583639+00:00,False,
d96c50f1-93b9-48ae-a0ff-c63b7e20338d,bfb569ae-9c47-47eb-92df-2228a2831ca1,f0c608fc-95ab-4c48-a3ba-877a7937f660,2.0,lg,12.0,24.0,2026-04-13T02:12:25.583639+00:00,False,
acd640de-1d93-40a4-b82d-c0060eb66b31,bfb569ae-9c47-47eb-92df-2228a2831ca1,f95b7a6f-37f8-4de1-9fdc-7ac2ef7d7af4,1.0,lg,12.0,12.0,2026-04-13T02:12:25.583639+00:00,False,
4cace625-dba5-44de-beb3-91434e08ed46,bfb569ae-9c47-47eb-92df-2228a2831ca1,1cd8cacb-9218-4990-9bbf-a2e7ce216f54,3.0,sm,12.0,36.0,2026-04-13T02:12:25.583639+00:00,False,
510addb4-f6b5-484e-8d5f-110aac850c6e,bfb569ae-9c47-47eb-92df-2228a2831ca1,942cbf39-99e6-40cd-8034-2eacf88611f2,3.0,sm,12.0,36.0,2026-04-13T02:12:25.583639+00:00,False,
87482a19-3cc2-44f1-94dc-53ce197323ed,bfb569ae-9c47-47eb-92df-2228a2831ca1,e662ef45-6aed-4a2e-ab16-cead317ac5b0,500.0,ea,0.35,175.0,2026-04-13T02:12:25.583639+00:00,False,
94d5258f-1cd9-4c1a-b222-a63f6f45c6c1,c4b6909c-0ddc-4763-ad76-3c2ea8baa178,f0c608fc-95ab-4c48-a3ba-877a7937f660,1.0,lg,12.0,12.0,2026-04-13T02:12:24.755602+00:00,False,
5cdb61a0-068d-40b7-8fba-29c63c8f6cfd,c4b6909c-0ddc-4763-ad76-3c2ea8baa178,f95b7a6f-37f8-4de1-9fdc-7ac2ef7d7af4,4.0,lg,12.0,48.0,2026-04-13T02:12:24.755602+00:00,False,
47191253-bdaa-4f8b-ada5-4846c4300090,c4b6909c-0ddc-4763-ad76-3c2ea8baa178,5920adcc-3687-45b2-a0ad-50b17f24faef,4.0,lg,15.0,60.0,2026-04-13T02:12:24.755602+00:00,False,
42e56b10-5ddf-4f1d-aa14-7b6a2762c31c,c4b6909c-0ddc-4763-ad76-3c2ea8baa178,ad510ff3-14e5-40fa-b454-26ebc4bf299c,4.0,lg,15.0,60.0,2026-04-13T02:12:24.755602+00:00,False,
c557fdda-4a77-4120-910c-80b6f1ad6b92,c4b6909c-0ddc-4763-ad76-3c2ea8baa178,2ec9bf07-c28b-4a11-809e-a7be42c4db76,1.0,lg,20.0,20.0,2026-04-13T02:12:24.755602+00:00,False,
4a83b2f1-7d1c-4e6e-ad34-1a317c1d1d30,c4b6909c-0ddc-4763-ad76-3c2ea8baa178,f74886a6-2688-4903-92e2-b277ac3871b9,1.0,bx,48.0,48.0,2026-04-13T02:12:24.755602+00:00,False,
dd61673c-bc0d-4bc4-9df0-6a47d41725fc,de3788e8-28c4-4621-a0a3-0bb842949a5a,2ec9bf07-c28b-4a11-809e-a7be42c4db76,1.0,lg,20.0,20.0,2026-04-13T02:12:25.350277+00:00,False,
ea6aec5d-cd56-44f2-8702-c5b7b13f4e3a,de3788e8-28c4-4621-a0a3-0bb842949a5a,0a36520c-f191-437c-9745-c85a53861102,1.0,lg,10.0,10.0,2026-04-13T02:12:25.350277+00:00,False,
8072a534-fe97-4cfa-9a1f-d59e67e6f4c7,de3788e8-28c4-4621-a0a3-0bb842949a5a,e662ef45-6aed-4a2e-ab16-cead317ac5b0,100.0,ea,0.35,35.0,2026-04-13T02:12:25.350277+00:00,False,
323028ae-b906-4868-b01d-4f912cfdbcac,de3788e8-28c4-4621-a0a3-0bb842949a5a,e662ef45-6aed-4a2e-ab16-cead317ac5b0,50.0,ea,0.35,17.5,2026-04-13T02:12:25.350277+00:00,False,
e355a95f-f648-4969-b39b-6834706a6286,de3788e8-28c4-4621-a0a3-0bb842949a5a,c34f7e2a-f610-4e56-847b-495bf4739360,1.0,sm,12.0,12.0,2026-04-13T02:12:25.350277+00:00,False,
3fa26743-9738-47cd-bd58-f122e9552f5a,de3788e8-28c4-4621-a0a3-0bb842949a5a,b66e80d0-7f23-44ac-a6d3-5db4212284e6,2.0,lg,15.0,30.0,2026-04-13T02:12:25.350277+00:00,False,
9fc63ec4-1ac1-4e47-af8a-1ce0e0c2c96b,de3788e8-28c4-4621-a0a3-0bb842949a5a,2ec9bf07-c28b-4a11-809e-a7be42c4db76,1.0,lg,20.0,20.0,2026-04-13T02:12:25.350277+00:00,False,
8eef0b9f-e287-44f3-ab71-3c9d6ec32820,de3788e8-28c4-4621-a0a3-0bb842949a5a,40b5c780-6569-4806-8e95-e2c92eaa87c9,1.0,lg,15.0,15.0,2026-04-13T02:12:25.350277+00:00,False,
acdef4bd-a8d6-437b-b4e9-62902c6ddcfc,de3788e8-28c4-4621-a0a3-0bb842949a5a,e662ef45-6aed-4a2e-ab16-cead317ac5b0,50.0,ea,0.35,17.5,2026-04-13T02:12:25.350277+00:00,False,
a27ae11e-f651-412f-9e3d-201d4f1479c1,de3788e8-28c4-4621-a0a3-0bb842949a5a,5d2be0b1-c8e4-4de7-becc-b24c8655215d,1.0,lg,20.0,20.0,2026-04-13T02:12:25.350277+00:00,False,
d37c6c65-de04-4166-8a7c-710bf92282a3,de3788e8-28c4-4621-a0a3-0bb842949a5a,6058be35-369e-435d-8373-442cac7b65f8,1.0,lg,15.0,15.0,2026-04-13T02:12:25.350277+00:00,False,
4d3b3421-98b0-4606-950d-fb28761b0ed0,de3788e8-28c4-4621-a0a3-0bb842949a5a,19508c8b-5f9f-4cda-bffa-d36ef4c07bc2,1.0,lg,10.0,10.0,2026-04-13T02:12:25.350277+00:00,False,
53321f94-0c3d-463d-8bb5-1e6341c6df26,de3788e8-28c4-4621-a0a3-0bb842949a5a,0b56583d-f70a-49bd-a226-d86b7983ad6c,1.0,lg,15.0,15.0,2026-04-13T02:12:25.350277+00:00,False,
8283d290-7c54-4fc0-ae42-53fedeb3f9c9,de3788e8-28c4-4621-a0a3-0bb842949a5a,0516781f-0290-44a1-9f8f-adbf8db38425,20.0,lbs,4.5,90.0,2026-04-13T02:12:25.350277+00:00,False,
22030f2e-7e72-4efa-8061-d67c8e119464,332f3b48-0a79-4b84-98d5-500de57689d8,e81c39b6-82fe-4505-b835-ed93e4220988,1.0,sm,12.0,12.0,2026-04-13T02:12:25.822071+00:00,False,
e55dff89-a10d-40b0-afd4-36374423ff4f,332f3b48-0a79-4b84-98d5-500de57689d8,e0ac9138-c667-4899-b1a7-25684d83684c,3.0,sm,12.0,36.0,2026-04-13T02:12:25.822071+00:00,False,
83b69338-7e35-4937-b48c-9fa58c64722b,332f3b48-0a79-4b84-98d5-500de57689d8,0a36520c-f191-437c-9745-c85a53861102,1.0,lg,10.0,10.0,2026-04-13T02:12:25.822071+00:00,False,
8411b3f5-2d03-43eb-ad28-d700186d07e1,332f3b48-0a79-4b84-98d5-500de57689d8,1cd8cacb-9218-4990-9bbf-a2e7ce216f54,3.0,sm,12.0,36.0,2026-04-13T02:12:25.822071+00:00,False,
d9e571cb-2c89-4b28-a529-82cbba844fb2,332f3b48-0a79-4b84-98d5-500de57689d8,942cbf39-99e6-40cd-8034-2eacf88611f2,3.0,sm,12.0,36.0,2026-04-13T02:12:25.822071+00:00,False,
3ae010f5-58cb-4b23-8241-43b818fd5d7d,332f3b48-0a79-4b84-98d5-500de57689d8,e662ef45-6aed-4a2e-ab16-cead317ac5b0,300.0,ea,0.35,105.0,2026-04-13T02:12:25.822071+00:00,False,
1a223ba2-ed9f-45e5-99b1-0e407e9ce80f,332f3b48-0a79-4b84-98d5-500de57689d8,e662ef45-6aed-4a2e-ab16-cead317ac5b0,50.0,ea,0.35,17.5,2026-04-13T02:12:25.822071+00:00,False,
df0338a8-3415-4bff-9768-d592d120f237,332f3b48-0a79-4b84-98d5-500de57689d8,2c6f9099-8630-4310-9a1c-b81f5170e839,10.0,lg,12.0,120.0,2026-04-13T02:12:25.822071+00:00,False,
be7d6fef-1c77-46cb-8444-aff3d8d1db18,332f3b48-0a79-4b84-98d5-500de57689d8,1b5e7f69-0650-4d5d-a6bf-e6d54d03f21e,10.0,lg,25.0,250.0,2026-04-13T02:12:25.822071+00:00,False,
79d491ea-f719-44b8-b3c2-50fb381c3a03,332f3b48-0a79-4b84-98d5-500de57689d8,772df8d5-6962-487a-99d2-78d6ef150e85,10.0,lg,24.0,240.0,2026-04-13T02:12:25.822071+00:00,False,
a0d6eed4-b566-4537-b509-dde2276a4155,332f3b48-0a79-4b84-98d5-500de57689d8,b7693f65-7b87-4620-a292-f9e60fd3cfa9,2.0,lg,15.0,30.0,2026-04-13T02:12:25.822071+00:00,False,
1fc2838c-d0b7-49e8-ae2a-52d64f3ee010,332f3b48-0a79-4b84-98d5-500de57689d8,19508c8b-5f9f-4cda-bffa-d36ef4c07bc2,1.0,lg,10.0,10.0,2026-04-13T02:12:25.822071+00:00,False,
7e6f3473-2789-45a6-a3c2-f495acddd0ed,332f3b48-0a79-4b84-98d5-500de57689d8,1b5e7f69-0650-4d5d-a6bf-e6d54d03f21e,1.0,lg,25.0,25.0,2026-04-13T02:12:25.822071+00:00,False,
9db817ed-cb69-4614-8655-c715422df922,332f3b48-0a79-4b84-98d5-500de57689d8,f0fe9b25-dd6c-40ca-b3a2-5ad353a1c66e,5.0,ea,3.0,15.0,2026-04-13T02:12:25.822071+00:00,False,
3d3ca76d-6f92-47ad-bc4d-53b769929d03,332f3b48-0a79-4b84-98d5-500de57689d8,0516781f-0290-44a1-9f8f-adbf8db38425,25.0,lbs,4.5,112.5,2026-04-13T02:12:25.822071+00:00,False,
38f43c18-897e-448e-80f0-d08fae13f250,332f3b48-0a79-4b84-98d5-500de57689d8,ad8151cf-0a93-4205-9f92-19b1bc595a8f,25.0,lbs,6.0,150.0,2026-04-13T02:12:25.822071+00:00,False,
dc2ae922-6696-414a-8339-311fcba8441f,332f3b48-0a79-4b84-98d5-500de57689d8,fd5f8362-52f1-410c-97dc-bbe084c2c8e4,5.0,lg,10.0,50.0,2026-04-13T02:12:25.822071+00:00,False,
a225a3da-866f-4987-96ae-28b0213c051d,332f3b48-0a79-4b84-98d5-500de57689d8,949a9839-c640-4bf7-a7b6-59e93d5e927e,25.0,lbs,4.5,112.5,2026-04-13T02:12:25.822071+00:00,False,
94788089-9e6b-4596-a1be-23d712636bdf,332f3b48-0a79-4b84-98d5-500de57689d8,d04984bc-eb16-411e-8c99-ba6beb94db3c,10.0,lbs,8.0,80.0,2026-04-13T02:12:25.822071+00:00,False,
100eb883-3171-4bdd-89fb-91e14b4cb8d3,332f3b48-0a79-4b84-98d5-500de57689d8,ad510ff3-14e5-40fa-b454-26ebc4bf299c,2.0,lg,15.0,30.0,2026-04-13T02:12:25.822071+00:00,False,
3b42835a-ce3a-47d5-ab62-b2e44d3523a0,332f3b48-0a79-4b84-98d5-500de57689d8,ad510ff3-14e5-40fa-b454-26ebc4bf299c,2.0,lg,15.0,30.0,2026-04-13T02:12:25.822071+00:00,False,
546af95f-b8b9-4248-ad5e-566807343a7e,332f3b48-0a79-4b84-98d5-500de57689d8,f0c608fc-95ab-4c48-a3ba-877a7937f660,2.0,lg,12.0,24.0,2026-04-13T02:12:25.822071+00:00,False,
618d2eb8-deef-402b-9982-1fbfa5179a33,332f3b48-0a79-4b84-98d5-500de57689d8,5920adcc-3687-45b2-a0ad-50b17f24faef,1.0,lg,15.0,15.0,2026-04-13T02:12:25.822071+00:00,False,
bafd98ae-3260-4c73-843d-5e515322204d,332f3b48-0a79-4b84-98d5-500de57689d8,ff117f7e-e829-4c9b-94be-583211e2b8eb,2.0,sm,15.0,30.0,2026-04-13T02:12:25.822071+00:00,False,
9b6e8810-86c2-4bd4-8e29-31772e55c70f,332f3b48-0a79-4b84-98d5-500de57689d8,f74886a6-2688-4903-92e2-b277ac3871b9,1.0,bx,48.0,48.0,2026-04-13T02:12:25.822071+00:00,False,
7c4f2793-bc19-4f7a-8685-721081b51efc,f98dce71-831d-4240-86a0-67ecc8d9b92a,2ec9bf07-c28b-4a11-809e-a7be42c4db76,1.0,lg,20.0,20.0,2026-04-13T02:12:26.427687+00:00,False,
56b27d22-7cf4-4ce0-abc4-53eab1600679,f98dce71-831d-4240-86a0-67ecc8d9b92a,e662ef45-6aed-4a2e-ab16-cead317ac5b0,100.0,ea,0.35,35.0,2026-04-13T02:12:26.427687+00:00,False,
27eddbf2-1b65-4614-9e81-2740badd8ef1,f98dce71-831d-4240-86a0-67ecc8d9b92a,e662ef45-6aed-4a2e-ab16-cead317ac5b0,50.0,ea,0.35,17.5,2026-04-13T02:12:26.427687+00:00,False,
663a6eca-e001-4e09-b9cd-7be0e46d23f8,f98dce71-831d-4240-86a0-67ecc8d9b92a,0abbd494-b25b-4f13-a55e-dcf6db986965,2.0,lg,15.0,30.0,2026-04-13T02:12:26.427687+00:00,False,
b102b4ee-4220-4f99-a053-48897bb16edb,f98dce71-831d-4240-86a0-67ecc8d9b92a,2c6f9099-8630-4310-9a1c-b81f5170e839,1.0,lg,12.0,12.0,2026-04-13T02:12:26.427687+00:00,False,
356a5a12-da8e-40c1-a67a-ee0b0552297d,f98dce71-831d-4240-86a0-67ecc8d9b92a,9f56c78e-827c-4cbe-bb50-b014f03485d7,1.0,lg,15.0,15.0,2026-04-13T02:12:26.427687+00:00,False,
d05aa0db-7422-4528-b641-e56c4fc4aed5,f98dce71-831d-4240-86a0-67ecc8d9b92a,f74886a6-2688-4903-92e2-b277ac3871b9,1.0,bx,48.0,48.0,2026-04-13T02:12:26.427687+00:00,False,
00cf7fee-acb0-463b-b859-b3c706060517,55fe14aa-9cdc-4fef-b8e9-f4e523dc1d57,ad8151cf-0a93-4205-9f92-19b1bc595a8f,10.0,lbs,6.0,60.0,2026-04-13T02:12:26.910788+00:00,False,
ee301d5d-2dc0-4843-b3b1-c0defce31f31,55fe14aa-9cdc-4fef-b8e9-f4e523dc1d57,949a9839-c640-4bf7-a7b6-59e93d5e927e,25.0,lbs,4.5,112.5,2026-04-13T02:12:26.910788+00:00,False,
971068e9-74a8-487d-b80f-5eba29b5eb0e,55fe14aa-9cdc-4fef-b8e9-f4e523dc1d57,de38634a-5fba-4125-835d-f248ee29f830,50.0,lbs,10.0,500.0,2026-04-13T02:12:26.910788+00:00,False,
0841f55d-98f5-43f2-a366-060723878888,55fe14aa-9cdc-4fef-b8e9-f4e523dc1d57,e3ec98c5-fd0d-4087-ae6f-8b84410a0199,2.0,lbs,6.0,12.0,2026-04-13T02:12:26.910788+00:00,False,
07bea95c-a23c-46ef-9759-2df26fe57f4a,55fe14aa-9cdc-4fef-b8e9-f4e523dc1d57,ff117f7e-e829-4c9b-94be-583211e2b8eb,1.0,sm,15.0,15.0,2026-04-13T02:12:26.910788+00:00,False,
94b160c0-5d42-4b5b-9144-e947ffe8a9c0,55fe14aa-9cdc-4fef-b8e9-f4e523dc1d57,2ec9bf07-c28b-4a11-809e-a7be42c4db76,1.0,lg,20.0,20.0,2026-04-13T02:12:26.910788+00:00,False,
56df38d1-b482-427e-bb30-4c4800c3d925,55fe14aa-9cdc-4fef-b8e9-f4e523dc1d57,0a36520c-f191-437c-9745-c85a53861102,1.0,lg,10.0,10.0,2026-04-13T02:12:26.910788+00:00,False,
3afa5a4e-575f-45e6-826b-82c8c9a6b9e5,55fe14aa-9cdc-4fef-b8e9-f4e523dc1d57,e662ef45-6aed-4a2e-ab16-cead317ac5b0,50.0,ea,0.35,17.5,2026-04-13T02:12:26.910788+00:00,False,
01036723-7e3c-43a4-8ffc-19a2b3cda598,55fe14aa-9cdc-4fef-b8e9-f4e523dc1d57,6058be35-369e-435d-8373-442cac7b65f8,50.0,lg,15.0,750.0,2026-04-13T02:12:26.910788+00:00,False,
7bbfbe7f-156d-4aaf-8a91-4dea6f9d27fb,55fe14aa-9cdc-4fef-b8e9-f4e523dc1d57,19508c8b-5f9f-4cda-bffa-d36ef4c07bc2,1.0,lg,10.0,10.0,2026-04-13T02:12:26.910788+00:00,False,
cbd5e5da-c488-4e3b-baf5-e7412904a18b,55fe14aa-9cdc-4fef-b8e9-f4e523dc1d57,2ec9bf07-c28b-4a11-809e-a7be42c4db76,1.0,lg,20.0,20.0,2026-04-13T02:12:26.910788+00:00,False,
63b5b336-321a-4f3a-9543-26ff90cbb4f2,55fe14aa-9cdc-4fef-b8e9-f4e523dc1d57,e0ac9138-c667-4899-b1a7-25684d83684c,2.0,sm,12.0,24.0,2026-04-13T02:12:26.910788+00:00,False,
fd7aa039-104d-4898-a18d-c058dcade64a,55fe14aa-9cdc-4fef-b8e9-f4e523dc1d57,19508c8b-5f9f-4cda-bffa-d36ef4c07bc2,1.0,lg,10.0,10.0,2026-04-13T02:12:26.910788+00:00,False,
01542762-ae2d-415b-b48d-84ba38f7f9e4,bfb569ae-9c47-47eb-92df-2228a2831ca1,e662ef45-6aed-4a2e-ab16-cead317ac5b0,50.0,ea,0.35,17.5,2026-04-13T02:12:25.583639+00:00,False,
8f577444-9bd3-4918-abd4-cb2c05a3fd83,bfb569ae-9c47-47eb-92df-2228a2831ca1,0abbd494-b25b-4f13-a55e-dcf6db986965,6.0,lg,15.0,90.0,2026-04-13T02:12:25.583639+00:00,False,
43a8716b-8d15-4754-a9d4-1e1ca87a1d73,bfb569ae-9c47-47eb-92df-2228a2831ca1,9f56c78e-827c-4cbe-bb50-b014f03485d7,4.0,lg,15.0,60.0,2026-04-13T02:12:25.583639+00:00,False,
825bfab9-8af6-4cb0-835c-ae60929c4a79,bfb569ae-9c47-47eb-92df-2228a2831ca1,b7693f65-7b87-4620-a292-f9e60fd3cfa9,2.0,lg,15.0,30.0,2026-04-13T02:12:25.583639+00:00,False,
bc240ffd-5d17-4cdc-b2b2-9f8881620268,bfb569ae-9c47-47eb-92df-2228a2831ca1,f74886a6-2688-4903-92e2-b277ac3871b9,1.0,bx,48.0,48.0,2026-04-13T02:12:25.583639+00:00,False,
9442a5e8-93c4-4214-9b71-ffbe5b41fda0,3d5a047d-8d7e-45fa-a905-0c5a5c404213,90df21cf-925e-4fb0-85eb-9ee42c1a1449,1.0,sm,10.0,10.0,2026-04-13T02:12:26.066263+00:00,False,
c4b91b61-6445-463c-8288-2c7bb5e01992,3d5a047d-8d7e-45fa-a905-0c5a5c404213,e0ac9138-c667-4899-b1a7-25684d83684c,1.0,sm,12.0,12.0,2026-04-13T02:12:26.066263+00:00,False,
1ad49ffe-281c-49b0-9fcf-d382fc96b1e4,3d5a047d-8d7e-45fa-a905-0c5a5c404213,5920adcc-3687-45b2-a0ad-50b17f24faef,1.0,lg,15.0,15.0,2026-04-13T02:12:26.066263+00:00,False,
60f376e6-b76b-428e-aa65-ad505685ea6f,3d5a047d-8d7e-45fa-a905-0c5a5c404213,ff117f7e-e829-4c9b-94be-583211e2b8eb,3.0,sm,15.0,45.0,2026-04-13T02:12:26.066263+00:00,False,
9d539b98-8542-4ca1-8dfe-0d2e74ac34c2,3d5a047d-8d7e-45fa-a905-0c5a5c404213,e662ef45-6aed-4a2e-ab16-cead317ac5b0,100.0,ea,0.35,35.0,2026-04-13T02:12:26.066263+00:00,False,
be28661c-340f-4829-ba12-03461bbcee36,3d5a047d-8d7e-45fa-a905-0c5a5c404213,0abbd494-b25b-4f13-a55e-dcf6db986965,1.0,lg,15.0,15.0,2026-04-13T02:12:26.066263+00:00,False,
be2cf52f-565a-4bc3-874a-f57aaadb41af,3d5a047d-8d7e-45fa-a905-0c5a5c404213,09dd43ee-5456-4692-9016-433d77d3b6cb,3.0,sm,15.0,45.0,2026-04-13T02:12:26.066263+00:00,False,
34c107a0-bb40-49bd-ae0e-ecd4aae63985,846cb47b-1a45-4fe4-aa1e-ee52ee7cb57d,2ec9bf07-c28b-4a11-809e-a7be42c4db76,0.5,lg,20.0,10.0,2026-04-13T02:12:26.665907+00:00,False,
b264bfea-7fe9-48ab-8b26-8533615a2018,846cb47b-1a45-4fe4-aa1e-ee52ee7cb57d,0abbd494-b25b-4f13-a55e-dcf6db986965,1.0,lg,15.0,15.0,2026-04-13T02:12:26.665907+00:00,False,
a9e3b07e-95e3-4743-a2a7-9422cac5cc0f,846cb47b-1a45-4fe4-aa1e-ee52ee7cb57d,511d5694-6147-4322-960a-eb6e5cd1e291,10.0,lbs,4.0,40.0,2026-04-13T02:12:26.665907+00:00,False,
6761eb85-58f3-4bf0-8c3b-aacae71c2f1a,846cb47b-1a45-4fe4-aa1e-ee52ee7cb57d,f74886a6-2688-4903-92e2-b277ac3871b9,1.0,bx,48.0,48.0,2026-04-13T02:12:26.665907+00:00,False,
6e486696-fd86-4c9e-aceb-1821471f7c76,846cb47b-1a45-4fe4-aa1e-ee52ee7cb57d,e662ef45-6aed-4a2e-ab16-cead317ac5b0,100.0,ea,0.35,35.0,2026-04-13T02:12:26.665907+00:00,False,
663bd6eb-4d7e-4523-af08-4793a8907e78,846cb47b-1a45-4fe4-aa1e-ee52ee7cb57d,e662ef45-6aed-4a2e-ab16-cead317ac5b0,50.0,ea,0.35,17.5,2026-04-13T02:12:26.665907+00:00,False,
2c763d4b-1068-4259-b02a-e77649716a31,846cb47b-1a45-4fe4-aa1e-ee52ee7cb57d,2c6f9099-8630-4310-9a1c-b81f5170e839,1.0,lg,12.0,12.0,2026-04-13T02:12:26.665907+00:00,False,
82e9752f-5fee-4839-b685-0d153784bed2,846cb47b-1a45-4fe4-aa1e-ee52ee7cb57d,9f56c78e-827c-4cbe-bb50-b014f03485d7,1.0,lg,15.0,15.0,2026-04-13T02:12:26.665907+00:00,False,
04348ced-a69e-447b-86e2-bb0a5a1749c6,01c93f73-01ac-4006-9cdd-5679b550c210,511d5694-6147-4322-960a-eb6e5cd1e291,20.0,lbs,4.0,80.0,2026-04-13T02:12:27.172573+00:00,False,
d4b1114b-75a7-4413-8076-2120b5369384,01c93f73-01ac-4006-9cdd-5679b550c210,b90584d8-fc78-420b-91e1-490117cd30cd,1.0,sm,6.0,6.0,2026-04-13T02:12:27.172573+00:00,False,
d3eff719-5950-4ca4-aa47-95957aa2a5d3,01c93f73-01ac-4006-9cdd-5679b550c210,2ec9bf07-c28b-4a11-809e-a7be42c4db76,1.0,lg,20.0,20.0,2026-04-13T02:12:27.172573+00:00,False,
13a788b3-da38-4a98-9ea8-fa1953d7d835,01c93f73-01ac-4006-9cdd-5679b550c210,e0ac9138-c667-4899-b1a7-25684d83684c,3.0,sm,12.0,36.0,2026-04-13T02:12:27.172573+00:00,False,
4d213e5d-b901-4852-97b9-d697bf15a265,01c93f73-01ac-4006-9cdd-5679b550c210,28a2c4c0-22bf-4592-a7e7-88fd299fd33c,1.0,lg,15.0,15.0,2026-04-13T02:12:27.172573+00:00,False,
db2568a1-4a01-432b-bb9e-4bbff674c87a,01c93f73-01ac-4006-9cdd-5679b550c210,8ee929fd-00ee-4ed8-9cc5-1bac874eb3d3,1.0,lg,10.0,10.0,2026-04-13T02:12:27.172573+00:00,False,
bc8e8701-2178-4cea-87af-a7c1b7006a3c,01c93f73-01ac-4006-9cdd-5679b550c210,3c8b8fbc-4f9e-4953-a4bd-37799b337807,1.0,lg,10.0,10.0,2026-04-13T02:12:27.172573+00:00,False,
9e136661-f4c0-4449-8a7e-84a72f05834c,01c93f73-01ac-4006-9cdd-5679b550c210,b66e80d0-7f23-44ac-a6d3-5db4212284e6,1.0,lg,15.0,15.0,2026-04-13T02:12:27.172573+00:00,False,
19742eb8-d4f8-4581-b60e-5f5f7cbe07cb,01c93f73-01ac-4006-9cdd-5679b550c210,0516781f-0290-44a1-9f8f-adbf8db38425,30.0,lbs,4.5,135.0,2026-04-13T02:12:27.172573+00:00,False,
461eb43b-ff89-4f49-8bb8-57bf95e3a48d,01c93f73-01ac-4006-9cdd-5679b550c210,0516781f-0290-44a1-9f8f-adbf8db38425,10.0,lbs,4.5,45.0,2026-04-13T02:12:27.172573+00:00,False,
8d274448-5481-4c6e-a8de-bb1c62dbd65b,01c93f73-01ac-4006-9cdd-5679b550c210,0a36520c-f191-437c-9745-c85a53861102,1.0,lg,10.0,10.0,2026-04-13T02:12:27.172573+00:00,False,
249c5eb4-bfd6-497a-9f86-1f1c9782ca2f,01c93f73-01ac-4006-9cdd-5679b550c210,1b5e7f69-0650-4d5d-a6bf-e6d54d03f21e,1.0,lg,25.0,25.0,2026-04-13T02:12:27.172573+00:00,False,
35fc2f82-d5e3-4f4d-9f71-89c4d70446e0,01c93f73-01ac-4006-9cdd-5679b550c210,2ec9bf07-c28b-4a11-809e-a7be42c4db76,1.0,lg,20.0,20.0,2026-04-13T02:12:27.172573+00:00,False,
3597f981-9495-492e-af66-010fd092a76a,01c93f73-01ac-4006-9cdd-5679b550c210,e81c39b6-82fe-4505-b835-ed93e4220988,6.0,sm,12.0,72.0,2026-04-13T02:12:27.172573+00:00,False,
ddcf5072-aebf-4029-bbb6-71762ea11a1c,01c93f73-01ac-4006-9cdd-5679b550c210,5920adcc-3687-45b2-a0ad-50b17f24faef,1.0,lg,15.0,15.0,2026-04-13T02:12:27.172573+00:00,False,
e2753762-7f81-4d19-929f-77d8da3dc689,01c93f73-01ac-4006-9cdd-5679b550c210,0a36520c-f191-437c-9745-c85a53861102,1.0,lg,10.0,10.0,2026-04-13T02:12:27.172573+00:00,False,
73b37cdc-d3a7-486c-8d1b-7de8c7cd31f2,01c93f73-01ac-4006-9cdd-5679b550c210,942cbf39-99e6-40cd-8034-2eacf88611f2,3.0,sm,12.0,36.0,2026-04-13T02:12:27.172573+00:00,False,
a79b6253-aab7-4953-90c2-eb6c10ef7d7e,01c93f73-01ac-4006-9cdd-5679b550c210,19508c8b-5f9f-4cda-bffa-d36ef4c07bc2,1.0,lg,10.0,10.0,2026-04-13T02:12:27.172573+00:00,False,
3334b4e4-8638-4b1b-bc56-da5f724ce8fc,01c93f73-01ac-4006-9cdd-5679b550c210,c34f7e2a-f610-4e56-847b-495bf4739360,6.0,sm,12.0,72.0,2026-04-13T02:12:27.172573+00:00,False,
176a2bb4-5032-41c7-a035-0b18fc8680de,01c93f73-01ac-4006-9cdd-5679b550c210,3c8b8fbc-4f9e-4953-a4bd-37799b337807,1.0,lg,10.0,10.0,2026-04-13T02:12:27.172573+00:00,False,
e46cf3b9-df9e-493a-b0f6-bb0dabfd234e,01c93f73-01ac-4006-9cdd-5679b550c210,1b5e7f69-0650-4d5d-a6bf-e6d54d03f21e,1.0,lg,25.0,25.0,2026-04-13T02:12:27.172573+00:00,False,
0b7a1921-9522-460b-891c-31d94b7c9bb7,01c93f73-01ac-4006-9cdd-5679b550c210,f0fe9b25-dd6c-40ca-b3a2-5ad353a1c66e,4.0,ea,3.0,12.0,2026-04-13T02:12:27.172573+00:00,False,
cce7e8a9-fa98-439b-b711-ce912c7b9ab2,01c93f73-01ac-4006-9cdd-5679b550c210,e3ec98c5-fd0d-4087-ae6f-8b84410a0199,5.0,lbs,6.0,30.0,2026-04-13T02:12:27.172573+00:00,False,
74b9cc70-8071-431e-a4aa-66e819cddb4e,01c93f73-01ac-4006-9cdd-5679b550c210,772df8d5-6962-487a-99d2-78d6ef150e85,4.0,lg,24.0,96.0,2026-04-13T02:12:27.172573+00:00,False,
8db8f01f-914a-4933-b3e6-5799b458f9fb,01c93f73-01ac-4006-9cdd-5679b550c210,19508c8b-5f9f-4cda-bffa-d36ef4c07bc2,1.0,lg,10.0,10.0,2026-04-13T02:12:27.172573+00:00,False,
b8fd8041-b366-488b-a9ef-c472c95416d3,01c93f73-01ac-4006-9cdd-5679b550c210,90df21cf-925e-4fb0-85eb-9ee42c1a1449,6.0,sm,10.0,60.0,2026-04-13T02:12:27.172573+00:00,False,
63d98807-9fcd-4156-95da-7b0982fad84b,01c93f73-01ac-4006-9cdd-5679b550c210,ad510ff3-14e5-40fa-b454-26ebc4bf299c,1.0,lg,15.0,15.0,2026-04-13T02:12:27.172573+00:00,False,
1b8f2a40-5e65-4ec3-b1eb-9361844a261f,01c93f73-01ac-4006-9cdd-5679b550c210,5920adcc-3687-45b2-a0ad-50b17f24faef,1.0,lg,15.0,15.0,2026-04-13T02:12:27.172573+00:00,False,
b312cd28-c071-4978-a48b-f676dc7fb252,01c93f73-01ac-4006-9cdd-5679b550c210,d399f7cb-cd56-4360-9e60-ccab8382fb61,1.0,lg,15.0,15.0,2026-04-13T02:12:27.172573+00:00,False,
ecd584d7-a80d-4a58-b465-ca28a0e1cff0,01c93f73-01ac-4006-9cdd-5679b550c210,ad510ff3-14e5-40fa-b454-26ebc4bf299c,2.0,lg,15.0,30.0,2026-04-13T02:12:27.172573+00:00,False,
56bf6187-de25-474e-9233-b667d4d460d2,6890164a-f6c4-4843-b7d8-5f4a79a5ce09,b90584d8-fc78-420b-91e1-490117cd30cd,1.0,sm,6.0,6.0,2026-04-13T02:12:27.762159+00:00,False,
34b957ae-ada7-4864-897b-09fbb9f938f0,6890164a-f6c4-4843-b7d8-5f4a79a5ce09,ff117f7e-e829-4c9b-94be-583211e2b8eb,1.0,sm,15.0,15.0,2026-04-13T02:12:27.762159+00:00,False,
d2206861-95b6-47e0-bec6-e87bf8cb23d1,6890164a-f6c4-4843-b7d8-5f4a79a5ce09,1cd8cacb-9218-4990-9bbf-a2e7ce216f54,3.0,sm,12.0,36.0,2026-04-13T02:12:27.762159+00:00,False,
797bbe59-8cc5-4785-aa6b-bf016d9655ed,6890164a-f6c4-4843-b7d8-5f4a79a5ce09,942cbf39-99e6-40cd-8034-2eacf88611f2,3.0,sm,12.0,36.0,2026-04-13T02:12:27.762159+00:00,False,
dfb63e04-fcf4-4f05-9213-c5ba791d6a89,6890164a-f6c4-4843-b7d8-5f4a79a5ce09,e662ef45-6aed-4a2e-ab16-cead317ac5b0,200.0,ea,0.35,70.0,2026-04-13T02:12:27.762159+00:00,False,
16546b7c-ae75-44f4-9d5a-44314bb0fb2f,6890164a-f6c4-4843-b7d8-5f4a79a5ce09,0abbd494-b25b-4f13-a55e-dcf6db986965,4.0,lg,15.0,60.0,2026-04-13T02:12:27.762159+00:00,False,
cab85174-88c1-41d3-8c6e-9915d27abe43,6890164a-f6c4-4843-b7d8-5f4a79a5ce09,2c6f9099-8630-4310-9a1c-b81f5170e839,1.0,lg,12.0,12.0,2026-04-13T02:12:27.762159+00:00,False,
dc0ede47-787f-498e-95a0-ac1232a1397a,6890164a-f6c4-4843-b7d8-5f4a79a5ce09,e3ec98c5-fd0d-4087-ae6f-8b84410a0199,5.0,lbs,6.0,30.0,2026-04-13T02:12:27.762159+00:00,False,
c0d621b7-0079-4b22-84c8-46a395023f4b,6890164a-f6c4-4843-b7d8-5f4a79a5ce09,ffa03313-d46c-46fc-a98c-fc495db887c8,1.0,lbs,5.0,5.0,2026-04-13T02:12:27.762159+00:00,False,
5febb805-a4ac-4fc2-8546-6b498c1f68f9,6890164a-f6c4-4843-b7d8-5f4a79a5ce09,1b5e7f69-0650-4d5d-a6bf-e6d54d03f21e,1.0,lg,25.0,25.0,2026-04-13T02:12:27.762159+00:00,False,
4f5b0cbc-bca1-4d4a-a6fe-c8e21926f76d,6890164a-f6c4-4843-b7d8-5f4a79a5ce09,511d5694-6147-4322-960a-eb6e5cd1e291,20.0,lbs,4.0,80.0,2026-04-13T02:12:27.762159+00:00,False,
898e1679-2049-4473-ae2a-5e8a325b698b,6890164a-f6c4-4843-b7d8-5f4a79a5ce09,f74886a6-2688-4903-92e2-b277ac3871b9,1.0,bx,48.0,48.0,2026-04-13T02:12:27.762159+00:00,False,
9cd98fe3-0bd3-421e-b06f-de14c5796262,f87074c8-9ee5-4d56-8047-70755eed5dde,b90584d8-fc78-420b-91e1-490117cd30cd,1.0,sm,6.0,6.0,2026-04-13T02:12:28.237478+00:00,False,
1d568323-68fe-4326-8d81-cf25e18f2aa2,f87074c8-9ee5-4d56-8047-70755eed5dde,90df21cf-925e-4fb0-85eb-9ee42c1a1449,3.0,sm,10.0,30.0,2026-04-13T02:12:28.237478+00:00,False,
00694f75-1654-42a1-b4c3-40c1565a00ab,f87074c8-9ee5-4d56-8047-70755eed5dde,e0ac9138-c667-4899-b1a7-25684d83684c,1.0,sm,12.0,12.0,2026-04-13T02:12:28.237478+00:00,False,
baafe7c7-ffe7-4101-8ad1-62b6c3a422e8,55fe14aa-9cdc-4fef-b8e9-f4e523dc1d57,5920adcc-3687-45b2-a0ad-50b17f24faef,1.0,lg,15.0,15.0,2026-04-13T02:12:26.910788+00:00,False,
282ef54b-cf7a-45ea-9d89-9d24a647dcbc,55fe14aa-9cdc-4fef-b8e9-f4e523dc1d57,e662ef45-6aed-4a2e-ab16-cead317ac5b0,150.0,ea,0.35,52.5,2026-04-13T02:12:26.910788+00:00,False,
b740593e-2a28-412f-808e-583142c60397,55fe14aa-9cdc-4fef-b8e9-f4e523dc1d57,e662ef45-6aed-4a2e-ab16-cead317ac5b0,500.0,ea,0.35,175.0,2026-04-13T02:12:26.910788+00:00,False,
23a37293-2f82-4848-9c9c-2ab5d2ad526b,55fe14aa-9cdc-4fef-b8e9-f4e523dc1d57,2c6f9099-8630-4310-9a1c-b81f5170e839,1.0,lg,12.0,12.0,2026-04-13T02:12:26.910788+00:00,False,
40525253-9293-4387-a2da-1f2be3440478,55fe14aa-9cdc-4fef-b8e9-f4e523dc1d57,6058be35-369e-435d-8373-442cac7b65f8,3.0,lg,15.0,45.0,2026-04-13T02:12:26.910788+00:00,False,
bc048c4c-710b-4a84-b9b1-b5bb7260f3c4,55fe14aa-9cdc-4fef-b8e9-f4e523dc1d57,09dd43ee-5456-4692-9016-433d77d3b6cb,2.0,sm,15.0,30.0,2026-04-13T02:12:26.910788+00:00,False,
8faba1e6-d0ef-4598-8d0b-989678766033,55fe14aa-9cdc-4fef-b8e9-f4e523dc1d57,0b56583d-f70a-49bd-a226-d86b7983ad6c,1.0,lg,15.0,15.0,2026-04-13T02:12:26.910788+00:00,False,
5210fd68-0aa7-4b8d-95a1-c7b295331888,55fe14aa-9cdc-4fef-b8e9-f4e523dc1d57,4acd4dc2-eb69-48a4-8f0d-dc509f93beb4,2.0,sm,12.0,24.0,2026-04-13T02:12:26.910788+00:00,False,
d5c4bb6a-c478-4e86-9e31-0ccee924450b,55fe14aa-9cdc-4fef-b8e9-f4e523dc1d57,0abbd494-b25b-4f13-a55e-dcf6db986965,2.0,lg,15.0,30.0,2026-04-13T02:12:26.910788+00:00,False,
bea90ec5-8961-4fec-b266-f1e56510eb37,55fe14aa-9cdc-4fef-b8e9-f4e523dc1d57,1b643468-628a-4ec8-a769-b0ae8bc8af71,2.0,lg,24.0,48.0,2026-04-13T02:12:26.910788+00:00,False,
99bfaa8e-3599-4952-886c-cefaaa7a2e52,55fe14aa-9cdc-4fef-b8e9-f4e523dc1d57,1b5e7f69-0650-4d5d-a6bf-e6d54d03f21e,3.0,lg,25.0,75.0,2026-04-13T02:12:26.910788+00:00,False,
eabd30b4-ffce-435a-8a47-c223c23cbaa6,55fe14aa-9cdc-4fef-b8e9-f4e523dc1d57,f95b7a6f-37f8-4de1-9fdc-7ac2ef7d7af4,4.0,lg,12.0,48.0,2026-04-13T02:12:26.910788+00:00,False,
9b49ae3c-2457-40f4-a7fe-2ef3ac1f48dd,55fe14aa-9cdc-4fef-b8e9-f4e523dc1d57,ad510ff3-14e5-40fa-b454-26ebc4bf299c,4.0,lg,15.0,60.0,2026-04-13T02:12:26.910788+00:00,False,
ee4d8616-d4ca-45db-b9e1-03b06fe56f78,55fe14aa-9cdc-4fef-b8e9-f4e523dc1d57,d399f7cb-cd56-4360-9e60-ccab8382fb61,4.0,lg,15.0,60.0,2026-04-13T02:12:26.910788+00:00,False,
43c1bf2f-f316-49d0-a8a6-22d29d9314e8,55fe14aa-9cdc-4fef-b8e9-f4e523dc1d57,f74886a6-2688-4903-92e2-b277ac3871b9,1.0,bx,48.0,48.0,2026-04-13T02:12:26.910788+00:00,False,
7bb2609f-790b-4be3-a86c-e332f4a9135d,1a06d7ee-57bc-4c84-b919-3a5a2ad27e06,511d5694-6147-4322-960a-eb6e5cd1e291,20.0,lbs,4.0,80.0,2026-04-13T02:12:27.391447+00:00,False,
18eb3725-96e7-4eda-b47c-fdc150a8f3ce,36f62929-22a2-4c2c-9506-beb4c3333222,0abbd494-b25b-4f13-a55e-dcf6db986965,1.0,lg,15.0,15.0,2026-04-13T02:12:27.98667+00:00,False,
a45515fc-e6c7-4609-b2e5-ee515def5eb3,36f62929-22a2-4c2c-9506-beb4c3333222,e0ac9138-c667-4899-b1a7-25684d83684c,1.0,sm,12.0,12.0,2026-04-13T02:12:27.98667+00:00,False,
fb162754-9546-460b-b392-fb3934b563e5,36f62929-22a2-4c2c-9506-beb4c3333222,90df21cf-925e-4fb0-85eb-9ee42c1a1449,1.0,sm,10.0,10.0,2026-04-13T02:12:27.98667+00:00,False,
7dcb72c9-1175-4abb-8688-4b4921117230,479d8b9d-b48e-4623-91da-bbb43c6fa052,b90584d8-fc78-420b-91e1-490117cd30cd,1.0,sm,6.0,6.0,2026-04-13T02:12:28.483693+00:00,False,
a127a697-b3bf-48a4-bb03-088e6eec2008,479d8b9d-b48e-4623-91da-bbb43c6fa052,f95b7a6f-37f8-4de1-9fdc-7ac2ef7d7af4,1.0,lg,12.0,12.0,2026-04-13T02:12:28.483693+00:00,False,
55b995ae-54d4-45f2-95c9-661b8ad2acf4,479d8b9d-b48e-4623-91da-bbb43c6fa052,e0ac9138-c667-4899-b1a7-25684d83684c,1.0,sm,12.0,12.0,2026-04-13T02:12:28.483693+00:00,False,
9bde8ec8-dd84-470a-a76e-c07e89cb8345,479d8b9d-b48e-4623-91da-bbb43c6fa052,40b5c780-6569-4806-8e95-e2c92eaa87c9,1.0,lg,15.0,15.0,2026-04-13T02:12:28.483693+00:00,False,
6081e0ba-5e34-45a5-b63f-db6c10934097,479d8b9d-b48e-4623-91da-bbb43c6fa052,6058be35-369e-435d-8373-442cac7b65f8,1.0,lg,15.0,15.0,2026-04-13T02:12:28.483693+00:00,False,
6d3fd420-1dcd-401a-8285-91e9f99357e3,479d8b9d-b48e-4623-91da-bbb43c6fa052,0b56583d-f70a-49bd-a226-d86b7983ad6c,1.0,lg,15.0,15.0,2026-04-13T02:12:28.483693+00:00,False,
b275875e-f944-44a3-9d5f-01013cfc86aa,479d8b9d-b48e-4623-91da-bbb43c6fa052,a3d8e08f-8e02-46e5-af59-a2895bf61e63,25.0,lbs,4.5,112.5,2026-04-13T02:12:28.483693+00:00,False,
8b14de54-5c6c-4901-9a2f-bb8240068195,479d8b9d-b48e-4623-91da-bbb43c6fa052,924984fd-6cab-4b4a-8b62-1fc6860ad5a5,10.0,lg,10.0,100.0,2026-04-13T02:12:28.483693+00:00,False,
b7ef3cad-09b5-409b-ab99-d2b70032f7da,479d8b9d-b48e-4623-91da-bbb43c6fa052,e0ac9138-c667-4899-b1a7-25684d83684c,3.0,sm,12.0,36.0,2026-04-13T02:12:28.483693+00:00,False,
75c6527d-e1cc-4a83-a226-44ebeebb7cfd,479d8b9d-b48e-4623-91da-bbb43c6fa052,1cd8cacb-9218-4990-9bbf-a2e7ce216f54,3.0,sm,12.0,36.0,2026-04-13T02:12:28.483693+00:00,False,
658e984f-104f-4330-a767-150bea9c6558,479d8b9d-b48e-4623-91da-bbb43c6fa052,e662ef45-6aed-4a2e-ab16-cead317ac5b0,450.0,ea,0.35,157.5,2026-04-13T02:12:28.483693+00:00,False,
2b678cec-8b59-42a4-86cc-c18436f22733,479d8b9d-b48e-4623-91da-bbb43c6fa052,0abbd494-b25b-4f13-a55e-dcf6db986965,4.0,lg,15.0,60.0,2026-04-13T02:12:28.483693+00:00,False,
6d3a22f5-f479-461a-a3b7-acad887d8843,479d8b9d-b48e-4623-91da-bbb43c6fa052,2c6f9099-8630-4310-9a1c-b81f5170e839,1.0,lg,12.0,12.0,2026-04-13T02:12:28.483693+00:00,False,
4b397441-880f-4d40-a8d5-5d91428d9582,479d8b9d-b48e-4623-91da-bbb43c6fa052,6058be35-369e-435d-8373-442cac7b65f8,5.0,lg,15.0,75.0,2026-04-13T02:12:28.483693+00:00,False,
527f8082-0a2c-4dfa-8f50-fc9e864a7e6f,479d8b9d-b48e-4623-91da-bbb43c6fa052,b7693f65-7b87-4620-a292-f9e60fd3cfa9,3.0,lg,15.0,45.0,2026-04-13T02:12:28.483693+00:00,False,
f64a17fd-81a6-4765-b99d-a285850b6647,479d8b9d-b48e-4623-91da-bbb43c6fa052,f0fe9b25-dd6c-40ca-b3a2-5ad353a1c66e,10.0,ea,3.0,30.0,2026-04-13T02:12:28.483693+00:00,False,
8adb1b06-ac6f-4572-9ba5-fd6ab5a2e113,479d8b9d-b48e-4623-91da-bbb43c6fa052,dfcf3978-e149-42ff-90c3-5ee66fc11c77,5.0,lbs,8.0,40.0,2026-04-13T02:12:28.483693+00:00,False,
ae888052-6252-4168-adc3-f1ca2415bb8f,479d8b9d-b48e-4623-91da-bbb43c6fa052,772df8d5-6962-487a-99d2-78d6ef150e85,10.0,lg,24.0,240.0,2026-04-13T02:12:28.483693+00:00,False,
f047db21-963b-4424-a75d-65585d2715e8,479d8b9d-b48e-4623-91da-bbb43c6fa052,2c6f9099-8630-4310-9a1c-b81f5170e839,1.0,lg,12.0,12.0,2026-04-13T02:12:28.483693+00:00,False,
5e4a4dca-8c45-444d-8ab8-558b6335d926,479d8b9d-b48e-4623-91da-bbb43c6fa052,e662ef45-6aed-4a2e-ab16-cead317ac5b0,100.0,ea,0.35,35.0,2026-04-13T02:12:28.483693+00:00,False,
9fe16e9a-1e38-476a-bab9-8b697f1e5162,479d8b9d-b48e-4623-91da-bbb43c6fa052,0abbd494-b25b-4f13-a55e-dcf6db986965,1.0,lg,15.0,15.0,2026-04-13T02:12:28.483693+00:00,False,
0fcf54ad-4d73-4b46-9ac4-ac3aa3c47921,479d8b9d-b48e-4623-91da-bbb43c6fa052,ffa03313-d46c-46fc-a98c-fc495db887c8,25.0,lbs,5.0,125.0,2026-04-13T02:12:28.483693+00:00,False,
1bf502ff-66c6-4911-b4df-b6f2b1348b57,479d8b9d-b48e-4623-91da-bbb43c6fa052,bfdd8bbb-5373-4e16-9c52-492471349f90,10.0,lbs,5.0,50.0,2026-04-13T02:12:28.483693+00:00,False,
634cd269-0e7f-42fa-b57b-95a28691494c,479d8b9d-b48e-4623-91da-bbb43c6fa052,511d5694-6147-4322-960a-eb6e5cd1e291,20.0,lbs,4.0,80.0,2026-04-13T02:12:28.483693+00:00,False,
5f72f415-4c75-40ce-91ad-7db27f6c6550,479d8b9d-b48e-4623-91da-bbb43c6fa052,20a2301c-797c-4953-9efd-b28ccf27e775,4.0,ea,1.4,5.6,2026-04-13T02:12:28.483693+00:00,False,
cb4503e0-b979-467c-9075-a90080d3ab08,479d8b9d-b48e-4623-91da-bbb43c6fa052,f95b7a6f-37f8-4de1-9fdc-7ac2ef7d7af4,2.0,lg,12.0,24.0,2026-04-13T02:12:28.483693+00:00,False,
dd3302b3-c804-410f-8afb-5eaa2cb974ee,479d8b9d-b48e-4623-91da-bbb43c6fa052,ad510ff3-14e5-40fa-b454-26ebc4bf299c,2.0,lg,15.0,30.0,2026-04-13T02:12:28.483693+00:00,False,
30c941ee-1bd1-4b1b-a3dc-d36535c7cc56,479d8b9d-b48e-4623-91da-bbb43c6fa052,ff117f7e-e829-4c9b-94be-583211e2b8eb,6.0,sm,15.0,90.0,2026-04-13T02:12:28.483693+00:00,False,
ba281d8b-aa53-4e3d-acc9-2b00dc22036a,479d8b9d-b48e-4623-91da-bbb43c6fa052,f0c608fc-95ab-4c48-a3ba-877a7937f660,2.0,lg,12.0,24.0,2026-04-13T02:12:28.483693+00:00,False,
9246234e-5b80-4bad-b120-c8a8222f527e,479d8b9d-b48e-4623-91da-bbb43c6fa052,5920adcc-3687-45b2-a0ad-50b17f24faef,2.0,lg,15.0,30.0,2026-04-13T02:12:28.483693+00:00,False,
36f61b03-d95b-4115-a84e-4149b9b4fe08,479d8b9d-b48e-4623-91da-bbb43c6fa052,267a7ea2-953e-49dd-8b14-79e115a8efc7,2.0,lg,15.0,30.0,2026-04-13T02:12:28.483693+00:00,False,
beb9ba57-0327-4665-8c0a-8de07d7b450f,479d8b9d-b48e-4623-91da-bbb43c6fa052,e81c39b6-82fe-4505-b835-ed93e4220988,1.0,sm,12.0,12.0,2026-04-13T02:12:28.483693+00:00,False,
2e2a752d-630d-467a-b634-f93487151347,479d8b9d-b48e-4623-91da-bbb43c6fa052,09dd43ee-5456-4692-9016-433d77d3b6cb,1.0,sm,15.0,15.0,2026-04-13T02:12:28.483693+00:00,False,
0f7a38e5-96c8-4bbd-a9e2-43d69b82252b,479d8b9d-b48e-4623-91da-bbb43c6fa052,e662ef45-6aed-4a2e-ab16-cead317ac5b0,200.0,ea,0.35,70.0,2026-04-13T02:12:28.483693+00:00,False,
c0224fd1-0db6-46b0-b745-20a27f0c3134,479d8b9d-b48e-4623-91da-bbb43c6fa052,e662ef45-6aed-4a2e-ab16-cead317ac5b0,20.0,ea,0.35,7.0,2026-04-13T02:12:28.483693+00:00,False,
4ce6d7be-e7d1-4935-b40e-15e9c8a07010,479d8b9d-b48e-4623-91da-bbb43c6fa052,2c6f9099-8630-4310-9a1c-b81f5170e839,1.0,lg,12.0,12.0,2026-04-13T02:12:28.483693+00:00,False,
741ff00c-8f00-43bf-a52d-8ec4b7c9b570,479d8b9d-b48e-4623-91da-bbb43c6fa052,c34f7e2a-f610-4e56-847b-495bf4739360,1.0,sm,12.0,12.0,2026-04-13T02:12:28.483693+00:00,False,
5f5b9ea1-5b70-4cc6-ad90-081a3db5520c,479d8b9d-b48e-4623-91da-bbb43c6fa052,ff117f7e-e829-4c9b-94be-583211e2b8eb,1.0,sm,15.0,15.0,2026-04-13T02:12:28.483693+00:00,False,
887d8601-88f9-4f06-ac49-b08ce10c239e,479d8b9d-b48e-4623-91da-bbb43c6fa052,e0ac9138-c667-4899-b1a7-25684d83684c,1.0,sm,12.0,12.0,2026-04-13T02:12:28.483693+00:00,False,
30b16f4a-582f-426a-8313-554c754c6712,479d8b9d-b48e-4623-91da-bbb43c6fa052,6058be35-369e-435d-8373-442cac7b65f8,1.0,lg,15.0,15.0,2026-04-13T02:12:28.483693+00:00,False,
82c325da-052c-423a-90d1-d5941eb1f918,479d8b9d-b48e-4623-91da-bbb43c6fa052,e0ac9138-c667-4899-b1a7-25684d83684c,1.0,sm,12.0,12.0,2026-04-13T02:12:28.483693+00:00,False,
ab3e139b-ef1f-471f-b1ba-d8d07a5c375d,479d8b9d-b48e-4623-91da-bbb43c6fa052,6058be35-369e-435d-8373-442cac7b65f8,1.0,lg,15.0,15.0,2026-04-13T02:12:28.483693+00:00,False,
c819fd75-5941-4d6d-90d8-26a28732b145,479d8b9d-b48e-4623-91da-bbb43c6fa052,cbf76c50-2ebd-4fee-a8a3-0eab9d8366ee,1.0,lg,12.0,12.0,2026-04-13T02:12:28.483693+00:00,False,
6e85c855-3fc1-438e-8690-31556a9a9c21,479d8b9d-b48e-4623-91da-bbb43c6fa052,772df8d5-6962-487a-99d2-78d6ef150e85,10.0,lg,24.0,240.0,2026-04-13T02:12:28.483693+00:00,False,
28cbeac5-2a1e-4f4f-86e5-7b2449ace004,bc1acd72-4412-4fca-8129-81c07e9b1b95,cce17ece-976b-4312-8212-c63feb877194,1.0,lg,0.1,0.1,2026-04-13T09:00:59.208336+00:00,False,
7dc9b2d2-1f55-4644-bbb6-b19791eb8269,b8b4756e-bd81-4c1e-a762-a6ef643653e4,cce17ece-976b-4312-8212-c63feb877194,1.0,lg,0.1,0.1,2026-04-13T09:00:59.890676+00:00,False,
715ca14f-cdf0-4e46-98e6-4d539de93332,f87074c8-9ee5-4d56-8047-70755eed5dde,40b5c780-6569-4806-8e95-e2c92eaa87c9,2.0,lg,15.0,30.0,2026-04-13T02:12:28.237478+00:00,False,
bb4722b1-7dca-462e-933a-1b9e0271768c,f87074c8-9ee5-4d56-8047-70755eed5dde,6058be35-369e-435d-8373-442cac7b65f8,3.0,lg,15.0,45.0,2026-04-13T02:12:28.237478+00:00,False,
514da20a-1e01-4a76-a898-3e4b54483ee1,f87074c8-9ee5-4d56-8047-70755eed5dde,0b56583d-f70a-49bd-a226-d86b7983ad6c,2.0,lg,15.0,30.0,2026-04-13T02:12:28.237478+00:00,False,
efd94ad3-20e0-45f6-9842-9fc278bc8fc8,f87074c8-9ee5-4d56-8047-70755eed5dde,a3d8e08f-8e02-46e5-af59-a2895bf61e63,25.0,lbs,4.5,112.5,2026-04-13T02:12:28.237478+00:00,False,
5ccb5c17-ebd0-4d21-9bf6-93630a22d350,f87074c8-9ee5-4d56-8047-70755eed5dde,e0ac9138-c667-4899-b1a7-25684d83684c,3.0,sm,12.0,36.0,2026-04-13T02:12:28.237478+00:00,False,
61e07f5e-72d3-41c9-b5a7-e6745c14ac37,f87074c8-9ee5-4d56-8047-70755eed5dde,1cd8cacb-9218-4990-9bbf-a2e7ce216f54,3.0,sm,12.0,36.0,2026-04-13T02:12:28.237478+00:00,False,
4cd954b3-497a-42aa-bf70-6b4355f9e07e,f87074c8-9ee5-4d56-8047-70755eed5dde,0abbd494-b25b-4f13-a55e-dcf6db986965,4.0,lg,15.0,60.0,2026-04-13T02:12:28.237478+00:00,False,
4022a597-2fc7-4406-a51b-5633216d2bbf,f87074c8-9ee5-4d56-8047-70755eed5dde,2c6f9099-8630-4310-9a1c-b81f5170e839,2.0,lg,12.0,24.0,2026-04-13T02:12:28.237478+00:00,False,
18a848b6-72b4-476c-a426-661ee8446cde,f87074c8-9ee5-4d56-8047-70755eed5dde,6058be35-369e-435d-8373-442cac7b65f8,1.0,lg,15.0,15.0,2026-04-13T02:12:28.237478+00:00,False,
f36718d1-dc7f-42af-a5a6-8c09ebb5e9ca,f87074c8-9ee5-4d56-8047-70755eed5dde,b7693f65-7b87-4620-a292-f9e60fd3cfa9,3.0,lg,15.0,45.0,2026-04-13T02:12:28.237478+00:00,False,
524ed749-fee9-4bfc-ad86-950e79b1b45a,f87074c8-9ee5-4d56-8047-70755eed5dde,dfcf3978-e149-42ff-90c3-5ee66fc11c77,2.5,lbs,8.0,20.0,2026-04-13T02:12:28.237478+00:00,False,
2bf6dd8a-bcff-4fc1-957a-4874a152ead3,f87074c8-9ee5-4d56-8047-70755eed5dde,f0fe9b25-dd6c-40ca-b3a2-5ad353a1c66e,16.0,ea,3.0,48.0,2026-04-13T02:12:28.237478+00:00,False,
1726344d-c68f-4d95-8f7f-8dd25baf0b17,f87074c8-9ee5-4d56-8047-70755eed5dde,772df8d5-6962-487a-99d2-78d6ef150e85,10.0,lg,24.0,240.0,2026-04-13T02:12:28.237478+00:00,False,
a53562c0-9477-47ba-8bea-9239c9af393c,f87074c8-9ee5-4d56-8047-70755eed5dde,90df21cf-925e-4fb0-85eb-9ee42c1a1449,3.0,sm,10.0,30.0,2026-04-13T02:12:28.237478+00:00,False,
a9f95e87-2108-4af4-ab59-53de4c3164f2,f87074c8-9ee5-4d56-8047-70755eed5dde,ff117f7e-e829-4c9b-94be-583211e2b8eb,3.0,sm,15.0,45.0,2026-04-13T02:12:28.237478+00:00,False,
67fa2c7f-62b0-408e-ab45-434e27c0cac2,f87074c8-9ee5-4d56-8047-70755eed5dde,62ef1b1f-0f0c-4ea8-ae97-8262c836aca4,1.0,lg,15.0,15.0,2026-04-13T02:12:28.237478+00:00,False,
36c14ada-ec4f-4400-9bb2-cbd661a5cdc1,f87074c8-9ee5-4d56-8047-70755eed5dde,f0c608fc-95ab-4c48-a3ba-877a7937f660,2.0,lg,12.0,24.0,2026-04-13T02:12:28.237478+00:00,False,
870a461d-a578-4f81-84ff-0ee6b00fe6fb,f87074c8-9ee5-4d56-8047-70755eed5dde,8ee929fd-00ee-4ed8-9cc5-1bac874eb3d3,5.0,lg,10.0,50.0,2026-04-13T02:12:28.237478+00:00,False,
c752f189-98db-4ce0-882f-a7e3965994e4,f87074c8-9ee5-4d56-8047-70755eed5dde,932a215a-a3c9-4327-8839-53e7802676c2,5.0,lg,10.0,50.0,2026-04-13T02:12:28.237478+00:00,False,
fc74463b-5cd0-4707-a5be-2f768dbbe610,f87074c8-9ee5-4d56-8047-70755eed5dde,05bf9d69-e5d2-48cb-9592-6325e9b0cb39,10.0,lg,15.0,150.0,2026-04-13T02:12:28.237478+00:00,False,
006082ef-7930-49fd-91c6-98b2e882b21a,f87074c8-9ee5-4d56-8047-70755eed5dde,f74886a6-2688-4903-92e2-b277ac3871b9,1.0,bx,48.0,48.0,2026-04-13T02:12:28.237478+00:00,False,
224354a1-301c-4a63-8123-e6c1daa695fe,f87074c8-9ee5-4d56-8047-70755eed5dde,a3d8e08f-8e02-46e5-af59-a2895bf61e63,25.0,lbs,4.5,112.5,2026-04-13T02:12:28.237478+00:00,False,
e510fdf4-c92f-4ad1-ad89-7187fc99bfc7,bc1acd72-4412-4fca-8129-81c07e9b1b95,d45982d6-a597-419b-8f2e-7321660ab99a,1.0,lg,0.15,0.15,2026-04-13T09:00:59.380599+00:00,False,
0f371661-25a1-428d-89d8-069c1eb5fadc,57959dc5-3166-4f7f-8488-58689445e6b6,abbb81a1-4121-4a72-b684-74c6430b7051,2.0,lg,15.0,30.0,2026-04-13T09:01:01.016514+00:00,False,
